iso3,year,currency_type,wage,source
ALB,2022,CUR_TYPE_LCU,61898,ILOSTAT EAR_EMTA_SEX_CUR_NB_A
ALB,2022,CUR_TYPE_PPP,1266.603,ILOSTAT EAR_EMTA_SEX_CUR_NB_A
ALB,2022,CUR_TYPE_USD,547.568,ILOSTAT EAR_EMTA_SEX_CUR_NB_A
ALB,2021,CUR_TYPE_LCU,57191,ILOSTAT EAR_EMTA_SEX_CUR_NB_A
ALB,2021,CUR_TYPE_PPP,1094.764,ILOSTAT EAR_EMTA_SEX_CUR_NB_A
ALB,2021,CUR_TYPE_USD,552.463,ILOSTAT EAR_EMTA_SEX_CUR_NB_A
ALB,2020,CUR_TYPE_LCU,53662,ILOSTAT EAR_EMTA_SEX_CUR_NB_A
ALB,2020,CUR_TYPE_PPP,1039.43,ILOSTAT EAR_EMTA_SEX_CUR_NB_A
ALB,2020,CUR_TYPE_USD,493.898,ILOSTAT EAR_EMTA_SEX_CUR_NB_A
ALB,2019,CUR_TYPE_LCU,52380,ILOSTAT EAR_EMTA_SEX_CUR_NB_A
ALB,2019,CUR_TYPE_PPP,1026.796,ILOSTAT EAR_EMTA_SEX_CUR_NB_A
ALB,2019,CUR_TYPE_USD,476.828,ILOSTAT EAR_EMTA_SEX_CUR_NB_A
ALB,2018,CUR_TYPE_LCU,50589,ILOSTAT EAR_EMTA_SEX_CUR_NB_A
ALB,2018,CUR_TYPE_PPP,961.066,ILOSTAT EAR_EMTA_SEX_CUR_NB_A
ALB,2018,CUR_TYPE_USD,468.464,ILOSTAT EAR_EMTA_SEX_CUR_NB_A
ALB,2017,CUR_TYPE_LCU,48966.821,ILOSTAT EAR_EMTA_SEX_CUR_NB_A
ALB,2017,CUR_TYPE_PPP,928.009,ILOSTAT EAR_EMTA_SEX_CUR_NB_A
ALB,2017,CUR_TYPE_USD,411.14,ILOSTAT EAR_EMTA_SEX_CUR_NB_A
ALB,2016,CUR_TYPE_LCU,47522.434,ILOSTAT EAR_EMTA_SEX_CUR_NB_A
ALB,2016,CUR_TYPE_PPP,898.583,ILOSTAT EAR_EMTA_SEX_CUR_NB_A
ALB,2016,CUR_TYPE_USD,382.806,ILOSTAT EAR_EMTA_SEX_CUR_NB_A
ALB,2015,CUR_TYPE_LCU,46829,ILOSTAT EAR_EMTA_SEX_CUR_NB_A
ALB,2015,CUR_TYPE_PPP,891.557,ILOSTAT EAR_EMTA_SEX_CUR_NB_A
ALB,2015,CUR_TYPE_USD,371.772,ILOSTAT EAR_EMTA_SEX_CUR_NB_A
ALB,1991,CUR_TYPE_LCU,678,ILOSTAT EAR_EMTA_SEX_CUR_NB_A
ALB,1990,CUR_TYPE_LCU,579,ILOSTAT EAR_EMTA_SEX_CUR_NB_A
ALB,1989,CUR_TYPE_LCU,563,ILOSTAT EAR_EMTA_SEX_CUR_NB_A
AND,2008,CUR_TYPE_LCU,1946.74,ILOSTAT EAR_EMTA_SEX_CUR_NB_A
AND,2008,CUR_TYPE_USD,2863.265,ILOSTAT EAR_EMTA_SEX_CUR_NB_A
AND,2007,CUR_TYPE_LCU,1851.47,ILOSTAT EAR_EMTA_SEX_CUR_NB_A
AND,2007,CUR_TYPE_USD,2537.44,ILOSTAT EAR_EMTA_SEX_CUR_NB_A
AND,2006,CUR_TYPE_LCU,1762.52,ILOSTAT EAR_EMTA_SEX_CUR_NB_A
AND,2006,CUR_TYPE_USD,2213.02,ILOSTAT EAR_EMTA_SEX_CUR_NB_A
AND,2005,CUR_TYPE_LCU,1662.46,ILOSTAT EAR_EMTA_SEX_CUR_NB_A
AND,2005,CUR_TYPE_USD,2068.267,ILOSTAT EAR_EMTA_SEX_CUR_NB_A
AND,2004,CUR_TYPE_LCU,1575.55,ILOSTAT EAR_EMTA_SEX_CUR_NB_A
AND,2004,CUR_TYPE_USD,1959.827,ILOSTAT EAR_EMTA_SEX_CUR_NB_A
AND,2003,CUR_TYPE_LCU,1494.85,ILOSTAT EAR_EMTA_SEX_CUR_NB_A
AND,2003,CUR_TYPE_USD,1690.974,ILOSTAT EAR_EMTA_SEX_CUR_NB_A
AND,2002,CUR_TYPE_LCU,1412.68,ILOSTAT EAR_EMTA_SEX_CUR_NB_A
AND,2002,CUR_TYPE_USD,1335.83,ILOSTAT EAR_EMTA_SEX_CUR_NB_A
AND,2001,CUR_TYPE_LCU,1349.03,ILOSTAT EAR_EMTA_SEX_CUR_NB_A
AND,2001,CUR_TYPE_USD,1208.191,ILOSTAT EAR_EMTA_SEX_CUR_NB_A
AND,2000,CUR_TYPE_LCU,1249,ILOSTAT EAR_EMTA_SEX_CUR_NB_A
AND,2000,CUR_TYPE_USD,1153.576,ILOSTAT EAR_EMTA_SEX_CUR_NB_A
AND,1999,CUR_TYPE_LCU,1185.4,ILOSTAT EAR_EMTA_SEX_CUR_NB_A
AND,1999,CUR_TYPE_USD,1263.399,ILOSTAT EAR_EMTA_SEX_CUR_NB_A
AND,1998,CUR_TYPE_LCU,1145.8,ILOSTAT EAR_EMTA_SEX_CUR_NB_A
ARM,2023,CUR_TYPE_LCU,159067.084,ILOSTAT EAR_EMTA_SEX_CUR_NB_A
ARM,2023,CUR_TYPE_PPP,983.062,ILOSTAT EAR_EMTA_SEX_CUR_NB_A
ARM,2023,CUR_TYPE_USD,405.291,ILOSTAT EAR_EMTA_SEX_CUR_NB_A
ARM,2022,CUR_TYPE_LCU,142818.811,ILOSTAT EAR_EMTA_SEX_CUR_NB_A
ARM,2022,CUR_TYPE_PPP,864.538,ILOSTAT EAR_EMTA_SEX_CUR_NB_A
ARM,2022,CUR_TYPE_USD,327.817,ILOSTAT EAR_EMTA_SEX_CUR_NB_A
ARM,2021,CUR_TYPE_LCU,130559.108,ILOSTAT EAR_EMTA_SEX_CUR_NB_A
ARM,2021,CUR_TYPE_PPP,794.994,ILOSTAT EAR_EMTA_SEX_CUR_NB_A
ARM,2021,CUR_TYPE_USD,259.164,ILOSTAT EAR_EMTA_SEX_CUR_NB_A
ARM,2020,CUR_TYPE_LCU,125733.844,ILOSTAT EAR_EMTA_SEX_CUR_NB_A
ARM,2020,CUR_TYPE_PPP,793.885,ILOSTAT EAR_EMTA_SEX_CUR_NB_A
ARM,2020,CUR_TYPE_USD,257.12,ILOSTAT EAR_EMTA_SEX_CUR_NB_A
ARM,2019,CUR_TYPE_LCU,119804.028,ILOSTAT EAR_EMTA_SEX_CUR_NB_A
ARM,2019,CUR_TYPE_PPP,736.883,ILOSTAT EAR_EMTA_SEX_CUR_NB_A
ARM,2019,CUR_TYPE_USD,249.36,ILOSTAT EAR_EMTA_SEX_CUR_NB_A
ARM,2017,CUR_TYPE_LCU,103505.383,ILOSTAT EAR_EMTA_SEX_CUR_NB_A
ARM,2017,CUR_TYPE_PPP,621.732,ILOSTAT EAR_EMTA_SEX_CUR_NB_A
ARM,2017,CUR_TYPE_USD,214.423,ILOSTAT EAR_EMTA_SEX_CUR_NB_A
ARM,2016,CUR_TYPE_LCU,99931.079,ILOSTAT EAR_EMTA_SEX_CUR_NB_A
ARM,2016,CUR_TYPE_PPP,577.538,ILOSTAT EAR_EMTA_SEX_CUR_NB_A
ARM,2016,CUR_TYPE_USD,207.978,ILOSTAT EAR_EMTA_SEX_CUR_NB_A
ARM,2015,CUR_TYPE_LCU,100331.238,ILOSTAT EAR_EMTA_SEX_CUR_NB_A
ARM,2015,CUR_TYPE_PPP,541.718,ILOSTAT EAR_EMTA_SEX_CUR_NB_A
ARM,2015,CUR_TYPE_USD,209.934,ILOSTAT EAR_EMTA_SEX_CUR_NB_A
ARM,2014,CUR_TYPE_LCU,95690.029,ILOSTAT EAR_EMTA_SEX_CUR_NB_A
ARM,2014,CUR_TYPE_PPP,521.183,ILOSTAT EAR_EMTA_SEX_CUR_NB_A
ARM,2014,CUR_TYPE_USD,230.068,ILOSTAT EAR_EMTA_SEX_CUR_NB_A
ARM,2013,CUR_TYPE_LCU,93306.883,ILOSTAT EAR_EMTA_SEX_CUR_NB_A
ARM,2013,CUR_TYPE_PPP,522.03,ILOSTAT EAR_EMTA_SEX_CUR_NB_A
ARM,2013,CUR_TYPE_USD,227.786,ILOSTAT EAR_EMTA_SEX_CUR_NB_A
ARM,2012,CUR_TYPE_LCU,88760.389,ILOSTAT EAR_EMTA_SEX_CUR_NB_A
ARM,2012,CUR_TYPE_PPP,561.503,ILOSTAT EAR_EMTA_SEX_CUR_NB_A
ARM,2012,CUR_TYPE_USD,220.927,ILOSTAT EAR_EMTA_SEX_CUR_NB_A
ARM,2011,CUR_TYPE_LCU,82681.486,ILOSTAT EAR_EMTA_SEX_CUR_NB_A
ARM,2011,CUR_TYPE_PPP,499.197,ILOSTAT EAR_EMTA_SEX_CUR_NB_A
ARM,2011,CUR_TYPE_USD,221.963,ILOSTAT EAR_EMTA_SEX_CUR_NB_A
ARM,2010,CUR_TYPE_LCU,79081.411,ILOSTAT EAR_EMTA_SEX_CUR_NB_A
ARM,2010,CUR_TYPE_PPP,498.258,ILOSTAT EAR_EMTA_SEX_CUR_NB_A
ARM,2010,CUR_TYPE_USD,211.64,ILOSTAT EAR_EMTA_SEX_CUR_NB_A
ARM,2009,CUR_TYPE_LCU,101800,ILOSTAT EAR_EMTA_SEX_CUR_NB_A
ARM,2009,CUR_TYPE_PPP,682.645,ILOSTAT EAR_EMTA_SEX_CUR_NB_A
ARM,2009,CUR_TYPE_USD,280.222,ILOSTAT EAR_EMTA_SEX_CUR_NB_A
ARM,2008,CUR_TYPE_LCU,91539,ILOSTAT EAR_EMTA_SEX_CUR_NB_A
ARM,2008,CUR_TYPE_PPP,637.014,ILOSTAT EAR_EMTA_SEX_CUR_NB_A
ARM,2008,CUR_TYPE_USD,299.177,ILOSTAT EAR_EMTA_SEX_CUR_NB_A
ARM,2007,CUR_TYPE_LCU,57952.92,ILOSTAT EAR_EMTA_SEX_CUR_NB_A
ARM,2007,CUR_TYPE_PPP,423.14,ILOSTAT EAR_EMTA_SEX_CUR_NB_A
ARM,2007,CUR_TYPE_USD,169.414,ILOSTAT EAR_EMTA_SEX_CUR_NB_A
ARM,2006,CUR_TYPE_LCU,62293,ILOSTAT EAR_EMTA_SEX_CUR_NB_A
ARM,2006,CUR_TYPE_PPP,461.704,ILOSTAT EAR_EMTA_SEX_CUR_NB_A
ARM,2006,CUR_TYPE_USD,149.728,ILOSTAT EAR_EMTA_SEX_CUR_NB_A
ARM,2005,CUR_TYPE_LCU,52060,ILOSTAT EAR_EMTA_SEX_CUR_NB_A
ARM,2005,CUR_TYPE_PPP,384.612,ILOSTAT EAR_EMTA_SEX_CUR_NB_A
ARM,2005,CUR_TYPE_USD,113.746,ILOSTAT EAR_EMTA_SEX_CUR_NB_A
ARM,2004,CUR_TYPE_LCU,43445,ILOSTAT EAR_EMTA_SEX_CUR_NB_A
ARM,2004,CUR_TYPE_PPP,312.417,ILOSTAT EAR_EMTA_SEX_CUR_NB_A
ARM,2004,CUR_TYPE_USD,81.441,ILOSTAT EAR_EMTA_SEX_CUR_NB_A
ARM,2003,CUR_TYPE_LCU,34783,ILOSTAT EAR_EMTA_SEX_CUR_NB_A
ARM,2003,CUR_TYPE_PPP,260.564,ILOSTAT EAR_EMTA_SEX_CUR_NB_A
ARM,2003,CUR_TYPE_USD,60.099,ILOSTAT EAR_EMTA_SEX_CUR_NB_A
ARM,2002,CUR_TYPE_LCU,27324,ILOSTAT EAR_EMTA_SEX_CUR_NB_A
ARM,2002,CUR_TYPE_PPP,209.594,ILOSTAT EAR_EMTA_SEX_CUR_NB_A
ARM,2002,CUR_TYPE_USD,47.657,ILOSTAT EAR_EMTA_SEX_CUR_NB_A
ARM,2001,CUR_TYPE_LCU,24483,ILOSTAT EAR_EMTA_SEX_CUR_NB_A
ARM,2001,CUR_TYPE_PPP,186.829,ILOSTAT EAR_EMTA_SEX_CUR_NB_A
ARM,2001,CUR_TYPE_USD,44.107,ILOSTAT EAR_EMTA_SEX_CUR_NB_A
ARM,2000,CUR_TYPE_LCU,21667,ILOSTAT EAR_EMTA_SEX_CUR_NB_A
ARM,2000,CUR_TYPE_PPP,165.854,ILOSTAT EAR_EMTA_SEX_CUR_NB_A
ARM,2000,CUR_TYPE_USD,40.159,ILOSTAT EAR_EMTA_SEX_CUR_NB_A
ARM,1999,CUR_TYPE_LCU,18835,ILOSTAT EAR_EMTA_SEX_CUR_NB_A
ARM,1999,CUR_TYPE_PPP,138.364,ILOSTAT EAR_EMTA_SEX_CUR_NB_A
ARM,1999,CUR_TYPE_USD,35.202,ILOSTAT EAR_EMTA_SEX_CUR_NB_A
ARM,1998,CUR_TYPE_LCU,15466,ILOSTAT EAR_EMTA_SEX_CUR_NB_A
ARM,1998,CUR_TYPE_PPP,111.903,ILOSTAT EAR_EMTA_SEX_CUR_NB_A
ARM,1998,CUR_TYPE_USD,30.631,ILOSTAT EAR_EMTA_SEX_CUR_NB_A
ARM,1997,CUR_TYPE_LCU,13581,ILOSTAT EAR_EMTA_SEX_CUR_NB_A
ARM,1997,CUR_TYPE_PPP,105.154,ILOSTAT EAR_EMTA_SEX_CUR_NB_A
ARM,1997,CUR_TYPE_USD,27.669,ILOSTAT EAR_EMTA_SEX_CUR_NB_A
ARM,1996,CUR_TYPE_LCU,9469,ILOSTAT EAR_EMTA_SEX_CUR_NB_A
ARM,1996,CUR_TYPE_PPP,81.643,ILOSTAT EAR_EMTA_SEX_CUR_NB_A
ARM,1996,CUR_TYPE_USD,22.87,ILOSTAT EAR_EMTA_SEX_CUR_NB_A
ARM,1995,CUR_TYPE_LCU,7060,ILOSTAT EAR_EMTA_SEX_CUR_NB_A
ARM,1995,CUR_TYPE_PPP,70.186,ILOSTAT EAR_EMTA_SEX_CUR_NB_A
ARM,1995,CUR_TYPE_USD,17.393,ILOSTAT EAR_EMTA_SEX_CUR_NB_A
ARM,1994,CUR_TYPE_LCU,1748,ILOSTAT EAR_EMTA_SEX_CUR_NB_A
ARM,1994,CUR_TYPE_PPP,46.645,ILOSTAT EAR_EMTA_SEX_CUR_NB_A
ARM,1994,CUR_TYPE_USD,6.056,ILOSTAT EAR_EMTA_SEX_CUR_NB_A
ARM,1993,CUR_TYPE_LCU,12173,ILOSTAT EAR_EMTA_SEX_CUR_NB_A
ARM,1993,CUR_TYPE_PPP,10997.203,ILOSTAT EAR_EMTA_SEX_CUR_NB_A
ARM,1993,CUR_TYPE_USD,1336.958,ILOSTAT EAR_EMTA_SEX_CUR_NB_A
ARM,1992,CUR_TYPE_LCU,1395,ILOSTAT EAR_EMTA_SEX_CUR_NB_A
ARM,1991,CUR_TYPE_LCU,337,ILOSTAT EAR_EMTA_SEX_CUR_NB_A
ARM,1990,CUR_TYPE_LCU,241,ILOSTAT EAR_EMTA_SEX_CUR_NB_A
AUT,2025,CUR_TYPE_LCU,5446.933,ILOSTAT EAR_EMTA_SEX_CUR_NB_A
AUT,2025,CUR_TYPE_PPP,7259.17,ILOSTAT EAR_EMTA_SEX_CUR_NB_A
AUT,2025,CUR_TYPE_USD,6155.034,ILOSTAT EAR_EMTA_SEX_CUR_NB_A
AUT,2024,CUR_TYPE_LCU,4922.564,ILOSTAT EAR_EMTA_SEX_CUR_NB_A
AUT,2024,CUR_TYPE_PPP,6832.273,ILOSTAT EAR_EMTA_SEX_CUR_NB_A
AUT,2024,CUR_TYPE_USD,5328.183,ILOSTAT EAR_EMTA_SEX_CUR_NB_A
AUT,2023,CUR_TYPE_LCU,4490.404,ILOSTAT EAR_EMTA_SEX_CUR_NB_A
AUT,2023,CUR_TYPE_PPP,6251.973,ILOSTAT EAR_EMTA_SEX_CUR_NB_A
AUT,2023,CUR_TYPE_USD,4855.474,ILOSTAT EAR_EMTA_SEX_CUR_NB_A
AUT,2022,CUR_TYPE_LCU,4256.412,ILOSTAT EAR_EMTA_SEX_CUR_NB_A
AUT,2022,CUR_TYPE_PPP,5944.801,ILOSTAT EAR_EMTA_SEX_CUR_NB_A
AUT,2022,CUR_TYPE_USD,4482.002,ILOSTAT EAR_EMTA_SEX_CUR_NB_A
AUT,2021,CUR_TYPE_LCU,4275.853,ILOSTAT EAR_EMTA_SEX_CUR_NB_A
AUT,2021,CUR_TYPE_PPP,5688.123,ILOSTAT EAR_EMTA_SEX_CUR_NB_A
AUT,2021,CUR_TYPE_USD,5057.051,ILOSTAT EAR_EMTA_SEX_CUR_NB_A
AUT,2020,CUR_TYPE_LCU,4161.638,ILOSTAT EAR_EMTA_SEX_CUR_NB_A
AUT,2020,CUR_TYPE_PPP,5307.237,ILOSTAT EAR_EMTA_SEX_CUR_NB_A
AUT,2020,CUR_TYPE_USD,4753.423,ILOSTAT EAR_EMTA_SEX_CUR_NB_A
AUT,2019,CUR_TYPE_LCU,3977.213,ILOSTAT EAR_EMTA_SEX_CUR_NB_A
AUT,2019,CUR_TYPE_PPP,4935.059,ILOSTAT EAR_EMTA_SEX_CUR_NB_A
AUT,2019,CUR_TYPE_USD,4452.49,ILOSTAT EAR_EMTA_SEX_CUR_NB_A
AUT,2018,CUR_TYPE_LCU,3865.847,ILOSTAT EAR_EMTA_SEX_CUR_NB_A
AUT,2018,CUR_TYPE_PPP,4671.052,ILOSTAT EAR_EMTA_SEX_CUR_NB_A
AUT,2018,CUR_TYPE_USD,4565.565,ILOSTAT EAR_EMTA_SEX_CUR_NB_A
AUT,2017,CUR_TYPE_LCU,3796.298,ILOSTAT EAR_EMTA_SEX_CUR_NB_A
AUT,2017,CUR_TYPE_PPP,4532.996,ILOSTAT EAR_EMTA_SEX_CUR_NB_A
AUT,2017,CUR_TYPE_USD,4288.678,ILOSTAT EAR_EMTA_SEX_CUR_NB_A
AUT,2016,CUR_TYPE_LCU,3752.687,ILOSTAT EAR_EMTA_SEX_CUR_NB_A
AUT,2016,CUR_TYPE_PPP,4510.154,ILOSTAT EAR_EMTA_SEX_CUR_NB_A
AUT,2016,CUR_TYPE_USD,4153.849,ILOSTAT EAR_EMTA_SEX_CUR_NB_A
AUT,2015,CUR_TYPE_LCU,3667.316,ILOSTAT EAR_EMTA_SEX_CUR_NB_A
AUT,2015,CUR_TYPE_PPP,4312.151,ILOSTAT EAR_EMTA_SEX_CUR_NB_A
AUT,2015,CUR_TYPE_USD,4068.887,ILOSTAT EAR_EMTA_SEX_CUR_NB_A
AUT,2014,CUR_TYPE_LCU,3662.191,ILOSTAT EAR_EMTA_SEX_CUR_NB_A
AUT,2014,CUR_TYPE_PPP,4330.904,ILOSTAT EAR_EMTA_SEX_CUR_NB_A
AUT,2014,CUR_TYPE_USD,4865.221,ILOSTAT EAR_EMTA_SEX_CUR_NB_A
AUT,2013,CUR_TYPE_LCU,3581.594,ILOSTAT EAR_EMTA_SEX_CUR_NB_A
AUT,2013,CUR_TYPE_PPP,4236.532,ILOSTAT EAR_EMTA_SEX_CUR_NB_A
AUT,2013,CUR_TYPE_USD,4756.715,ILOSTAT EAR_EMTA_SEX_CUR_NB_A
AUT,2012,CUR_TYPE_LCU,3459.086,ILOSTAT EAR_EMTA_SEX_CUR_NB_A
AUT,2012,CUR_TYPE_PPP,4041.985,ILOSTAT EAR_EMTA_SEX_CUR_NB_A
AUT,2012,CUR_TYPE_USD,4444.234,ILOSTAT EAR_EMTA_SEX_CUR_NB_A
AUT,2011,CUR_TYPE_LCU,3335.132,ILOSTAT EAR_EMTA_SEX_CUR_NB_A
AUT,2011,CUR_TYPE_PPP,3919.802,ILOSTAT EAR_EMTA_SEX_CUR_NB_A
AUT,2011,CUR_TYPE_USD,4642.504,ILOSTAT EAR_EMTA_SEX_CUR_NB_A
AUT,2010,CUR_TYPE_LCU,3374.459,ILOSTAT EAR_EMTA_SEX_CUR_NB_A
AUT,2010,CUR_TYPE_PPP,3936.652,ILOSTAT EAR_EMTA_SEX_CUR_NB_A
AUT,2010,CUR_TYPE_USD,4473.52,ILOSTAT EAR_EMTA_SEX_CUR_NB_A
AUT,2009,CUR_TYPE_LCU,3296.399,ILOSTAT EAR_EMTA_SEX_CUR_NB_A
AUT,2009,CUR_TYPE_PPP,3820.202,ILOSTAT EAR_EMTA_SEX_CUR_NB_A
AUT,2009,CUR_TYPE_USD,4597.818,ILOSTAT EAR_EMTA_SEX_CUR_NB_A
AUT,2008,CUR_TYPE_LCU,3135.246,ILOSTAT EAR_EMTA_SEX_CUR_NB_A
AUT,2008,CUR_TYPE_PPP,3595.322,ILOSTAT EAR_EMTA_SEX_CUR_NB_A
AUT,2008,CUR_TYPE_USD,4611.32,ILOSTAT EAR_EMTA_SEX_CUR_NB_A
AUT,2007,CUR_TYPE_LCU,2812.792,ILOSTAT EAR_EMTA_SEX_CUR_NB_A
AUT,2007,CUR_TYPE_PPP,3203.117,ILOSTAT EAR_EMTA_SEX_CUR_NB_A
AUT,2007,CUR_TYPE_USD,3854.931,ILOSTAT EAR_EMTA_SEX_CUR_NB_A
AUT,2006,CUR_TYPE_LCU,2250.82,ILOSTAT EAR_EMTA_SEX_CUR_NB_A
AUT,2006,CUR_TYPE_PPP,2563.08,ILOSTAT EAR_EMTA_SEX_CUR_NB_A
AUT,2006,CUR_TYPE_USD,2826.129,ILOSTAT EAR_EMTA_SEX_CUR_NB_A
AUT,2005,CUR_TYPE_LCU,2247.152,ILOSTAT EAR_EMTA_SEX_CUR_NB_A
AUT,2005,CUR_TYPE_PPP,2531.714,ILOSTAT EAR_EMTA_SEX_CUR_NB_A
AUT,2005,CUR_TYPE_USD,2795.682,ILOSTAT EAR_EMTA_SEX_CUR_NB_A
AUT,2004,CUR_TYPE_LCU,2163.847,ILOSTAT EAR_EMTA_SEX_CUR_NB_A
AUT,2004,CUR_TYPE_PPP,2420.283,ILOSTAT EAR_EMTA_SEX_CUR_NB_A
AUT,2004,CUR_TYPE_USD,2691.609,ILOSTAT EAR_EMTA_SEX_CUR_NB_A
AUT,2003,CUR_TYPE_LCU,2305,ILOSTAT EAR_EMTA_SEX_CUR_NB_A
AUT,2003,CUR_TYPE_PPP,2561.45,ILOSTAT EAR_EMTA_SEX_CUR_NB_A
AUT,2003,CUR_TYPE_USD,2607.416,ILOSTAT EAR_EMTA_SEX_CUR_NB_A
AUT,2002,CUR_TYPE_LCU,2162.43,ILOSTAT EAR_EMTA_SEX_CUR_NB_A
AUT,2002,CUR_TYPE_PPP,2371.379,ILOSTAT EAR_EMTA_SEX_CUR_NB_A
AUT,2002,CUR_TYPE_USD,2044.794,ILOSTAT EAR_EMTA_SEX_CUR_NB_A
AUT,2001,CUR_TYPE_LCU,2254,ILOSTAT EAR_EMTA_SEX_CUR_NB_A
AUT,2001,CUR_TYPE_PPP,2435.877,ILOSTAT EAR_EMTA_SEX_CUR_NB_A
AUT,2001,CUR_TYPE_USD,2018.682,ILOSTAT EAR_EMTA_SEX_CUR_NB_A
AUT,2000,CUR_TYPE_LCU,2112,ILOSTAT EAR_EMTA_SEX_CUR_NB_A
AUT,2000,CUR_TYPE_PPP,2324.939,ILOSTAT EAR_EMTA_SEX_CUR_NB_A
AUT,2000,CUR_TYPE_USD,1950.643,ILOSTAT EAR_EMTA_SEX_CUR_NB_A
AZE,2022,CUR_TYPE_LCU,839.4,ILOSTAT EAR_EMTA_SEX_CUR_NB_A
AZE,2022,CUR_TYPE_PPP,1649.431,ILOSTAT EAR_EMTA_SEX_CUR_NB_A
AZE,2022,CUR_TYPE_USD,493.765,ILOSTAT EAR_EMTA_SEX_CUR_NB_A
AZE,2021,CUR_TYPE_LCU,732.1,ILOSTAT EAR_EMTA_SEX_CUR_NB_A
AZE,2021,CUR_TYPE_PPP,1516.499,ILOSTAT EAR_EMTA_SEX_CUR_NB_A
AZE,2021,CUR_TYPE_USD,430.647,ILOSTAT EAR_EMTA_SEX_CUR_NB_A
AZE,2020,CUR_TYPE_LCU,707.3,ILOSTAT EAR_EMTA_SEX_CUR_NB_A
AZE,2020,CUR_TYPE_PPP,1506.44,ILOSTAT EAR_EMTA_SEX_CUR_NB_A
AZE,2020,CUR_TYPE_USD,416.059,ILOSTAT EAR_EMTA_SEX_CUR_NB_A
AZE,2019,CUR_TYPE_LCU,634.8,ILOSTAT EAR_EMTA_SEX_CUR_NB_A
AZE,2019,CUR_TYPE_PPP,1337.855,ILOSTAT EAR_EMTA_SEX_CUR_NB_A
AZE,2019,CUR_TYPE_USD,373.412,ILOSTAT EAR_EMTA_SEX_CUR_NB_A
AZE,2018,CUR_TYPE_LCU,544.6,ILOSTAT EAR_EMTA_SEX_CUR_NB_A
AZE,2018,CUR_TYPE_PPP,1128.217,ILOSTAT EAR_EMTA_SEX_CUR_NB_A
AZE,2018,CUR_TYPE_USD,320.35,ILOSTAT EAR_EMTA_SEX_CUR_NB_A
AZE,2017,CUR_TYPE_LCU,528.5,ILOSTAT EAR_EMTA_SEX_CUR_NB_A
AZE,2017,CUR_TYPE_PPP,1097.127,ILOSTAT EAR_EMTA_SEX_CUR_NB_A
AZE,2017,CUR_TYPE_USD,307.061,ILOSTAT EAR_EMTA_SEX_CUR_NB_A
AZE,2016,CUR_TYPE_LCU,499.8,ILOSTAT EAR_EMTA_SEX_CUR_NB_A
AZE,2016,CUR_TYPE_PPP,1210.431,ILOSTAT EAR_EMTA_SEX_CUR_NB_A
AZE,2016,CUR_TYPE_USD,313.212,ILOSTAT EAR_EMTA_SEX_CUR_NB_A
AZE,2015,CUR_TYPE_LCU,466.9,ILOSTAT EAR_EMTA_SEX_CUR_NB_A
AZE,2015,CUR_TYPE_PPP,1309.073,ILOSTAT EAR_EMTA_SEX_CUR_NB_A
AZE,2015,CUR_TYPE_USD,455.706,ILOSTAT EAR_EMTA_SEX_CUR_NB_A
AZE,2014,CUR_TYPE_LCU,444.5,ILOSTAT EAR_EMTA_SEX_CUR_NB_A
AZE,2014,CUR_TYPE_PPP,1382.635,ILOSTAT EAR_EMTA_SEX_CUR_NB_A
AZE,2014,CUR_TYPE_USD,566.713,ILOSTAT EAR_EMTA_SEX_CUR_NB_A
AZE,2013,CUR_TYPE_LCU,425.1,ILOSTAT EAR_EMTA_SEX_CUR_NB_A
AZE,2013,CUR_TYPE_PPP,1311.328,ILOSTAT EAR_EMTA_SEX_CUR_NB_A
AZE,2013,CUR_TYPE_USD,541.845,ILOSTAT EAR_EMTA_SEX_CUR_NB_A
AZE,2012,CUR_TYPE_LCU,398.4,ILOSTAT EAR_EMTA_SEX_CUR_NB_A
AZE,2012,CUR_TYPE_PPP,1323.614,ILOSTAT EAR_EMTA_SEX_CUR_NB_A
AZE,2012,CUR_TYPE_USD,507.099,ILOSTAT EAR_EMTA_SEX_CUR_NB_A
AZE,2011,CUR_TYPE_LCU,364.2,ILOSTAT EAR_EMTA_SEX_CUR_NB_A
AZE,2011,CUR_TYPE_PPP,1126.02,ILOSTAT EAR_EMTA_SEX_CUR_NB_A
AZE,2011,CUR_TYPE_USD,461.196,ILOSTAT EAR_EMTA_SEX_CUR_NB_A
AZE,2010,CUR_TYPE_LCU,331.5,ILOSTAT EAR_EMTA_SEX_CUR_NB_A
AZE,2010,CUR_TYPE_PPP,1071.631,ILOSTAT EAR_EMTA_SEX_CUR_NB_A
AZE,2010,CUR_TYPE_USD,413.007,ILOSTAT EAR_EMTA_SEX_CUR_NB_A
AZE,2009,CUR_TYPE_LCU,298,ILOSTAT EAR_EMTA_SEX_CUR_NB_A
AZE,2009,CUR_TYPE_PPP,1002.072,ILOSTAT EAR_EMTA_SEX_CUR_NB_A
AZE,2009,CUR_TYPE_USD,370.747,ILOSTAT EAR_EMTA_SEX_CUR_NB_A
AZE,2008,CUR_TYPE_LCU,274.4,ILOSTAT EAR_EMTA_SEX_CUR_NB_A
AZE,2008,CUR_TYPE_PPP,939.498,ILOSTAT EAR_EMTA_SEX_CUR_NB_A
AZE,2008,CUR_TYPE_USD,333.974,ILOSTAT EAR_EMTA_SEX_CUR_NB_A
AZE,2007,CUR_TYPE_LCU,215.8,ILOSTAT EAR_EMTA_SEX_CUR_NB_A
AZE,2007,CUR_TYPE_PPP,859.895,ILOSTAT EAR_EMTA_SEX_CUR_NB_A
AZE,2007,CUR_TYPE_USD,251.479,ILOSTAT EAR_EMTA_SEX_CUR_NB_A
AZE,2006,CUR_TYPE_LCU,149,ILOSTAT EAR_EMTA_SEX_CUR_NB_A
AZE,2006,CUR_TYPE_PPP,673.65,ILOSTAT EAR_EMTA_SEX_CUR_NB_A
AZE,2006,CUR_TYPE_USD,166.77,ILOSTAT EAR_EMTA_SEX_CUR_NB_A
AZE,2005,CUR_TYPE_LCU,123.6,ILOSTAT EAR_EMTA_SEX_CUR_NB_A
AZE,2005,CUR_TYPE_PPP,586.438,ILOSTAT EAR_EMTA_SEX_CUR_NB_A
AZE,2005,CUR_TYPE_USD,130.735,ILOSTAT EAR_EMTA_SEX_CUR_NB_A
AZE,2004,CUR_TYPE_LCU,99.4,ILOSTAT EAR_EMTA_SEX_CUR_NB_A
AZE,2004,CUR_TYPE_PPP,500.295,ILOSTAT EAR_EMTA_SEX_CUR_NB_A
AZE,2004,CUR_TYPE_USD,101.15,ILOSTAT EAR_EMTA_SEX_CUR_NB_A
AZE,2003,CUR_TYPE_LCU,77.4,ILOSTAT EAR_EMTA_SEX_CUR_NB_A
AZE,2003,CUR_TYPE_PPP,404.862,ILOSTAT EAR_EMTA_SEX_CUR_NB_A
AZE,2003,CUR_TYPE_USD,78.807,ILOSTAT EAR_EMTA_SEX_CUR_NB_A
AZE,2002,CUR_TYPE_LCU,63.1,ILOSTAT EAR_EMTA_SEX_CUR_NB_A
AZE,2002,CUR_TYPE_PPP,329.945,ILOSTAT EAR_EMTA_SEX_CUR_NB_A
AZE,2002,CUR_TYPE_USD,64.907,ILOSTAT EAR_EMTA_SEX_CUR_NB_A
AZE,2001,CUR_TYPE_LCU,52,ILOSTAT EAR_EMTA_SEX_CUR_NB_A
AZE,2001,CUR_TYPE_PPP,275.076,ILOSTAT EAR_EMTA_SEX_CUR_NB_A
AZE,2001,CUR_TYPE_USD,55.835,ILOSTAT EAR_EMTA_SEX_CUR_NB_A
AZE,2000,CUR_TYPE_LCU,44.3,ILOSTAT EAR_EMTA_SEX_CUR_NB_A
AZE,2000,CUR_TYPE_PPP,231.429,ILOSTAT EAR_EMTA_SEX_CUR_NB_A
AZE,2000,CUR_TYPE_USD,49.507,ILOSTAT EAR_EMTA_SEX_CUR_NB_A
AZE,1999,CUR_TYPE_LCU,36.9,ILOSTAT EAR_EMTA_SEX_CUR_NB_A
AZE,1999,CUR_TYPE_PPP,189.839,ILOSTAT EAR_EMTA_SEX_CUR_NB_A
AZE,1999,CUR_TYPE_USD,44.78,ILOSTAT EAR_EMTA_SEX_CUR_NB_A
AZE,1998,CUR_TYPE_LCU,33.7,ILOSTAT EAR_EMTA_SEX_CUR_NB_A
AZE,1998,CUR_TYPE_PPP,155.2,ILOSTAT EAR_EMTA_SEX_CUR_NB_A
AZE,1998,CUR_TYPE_USD,43.551,ILOSTAT EAR_EMTA_SEX_CUR_NB_A
BEL,2025,CUR_TYPE_LCU,6233.682,ILOSTAT EAR_EMTA_SEX_CUR_NB_A
BEL,2025,CUR_TYPE_PPP,8077.25,ILOSTAT EAR_EMTA_SEX_CUR_NB_A
BEL,2025,CUR_TYPE_USD,7044.061,ILOSTAT EAR_EMTA_SEX_CUR_NB_A
BEL,2024,CUR_TYPE_LCU,6229.047,ILOSTAT EAR_EMTA_SEX_CUR_NB_A
BEL,2024,CUR_TYPE_PPP,8281.512,ILOSTAT EAR_EMTA_SEX_CUR_NB_A
BEL,2024,CUR_TYPE_USD,6742.32,ILOSTAT EAR_EMTA_SEX_CUR_NB_A
BEL,2023,CUR_TYPE_LCU,5825.694,ILOSTAT EAR_EMTA_SEX_CUR_NB_A
BEL,2023,CUR_TYPE_PPP,7734.56,ILOSTAT EAR_EMTA_SEX_CUR_NB_A
BEL,2023,CUR_TYPE_USD,6299.322,ILOSTAT EAR_EMTA_SEX_CUR_NB_A
BEL,2022,CUR_TYPE_LCU,5397.058,ILOSTAT EAR_EMTA_SEX_CUR_NB_A
BEL,2022,CUR_TYPE_PPP,6927.956,ILOSTAT EAR_EMTA_SEX_CUR_NB_A
BEL,2022,CUR_TYPE_USD,5683.102,ILOSTAT EAR_EMTA_SEX_CUR_NB_A
BEL,2021,CUR_TYPE_LCU,5180.976,ILOSTAT EAR_EMTA_SEX_CUR_NB_A
BEL,2021,CUR_TYPE_PPP,6476.731,ILOSTAT EAR_EMTA_SEX_CUR_NB_A
BEL,2021,CUR_TYPE_USD,6127.541,ILOSTAT EAR_EMTA_SEX_CUR_NB_A
BEL,2020,CUR_TYPE_LCU,5040.321,ILOSTAT EAR_EMTA_SEX_CUR_NB_A
BEL,2020,CUR_TYPE_PPP,6320.723,ILOSTAT EAR_EMTA_SEX_CUR_NB_A
BEL,2020,CUR_TYPE_USD,5757.055,ILOSTAT EAR_EMTA_SEX_CUR_NB_A
BEL,2019,CUR_TYPE_LCU,4941.387,ILOSTAT EAR_EMTA_SEX_CUR_NB_A
BEL,2019,CUR_TYPE_PPP,6041.642,ILOSTAT EAR_EMTA_SEX_CUR_NB_A
BEL,2019,CUR_TYPE_USD,5531.882,ILOSTAT EAR_EMTA_SEX_CUR_NB_A
BEL,2018,CUR_TYPE_LCU,4701.583,ILOSTAT EAR_EMTA_SEX_CUR_NB_A
BEL,2018,CUR_TYPE_PPP,5556.231,ILOSTAT EAR_EMTA_SEX_CUR_NB_A
BEL,2018,CUR_TYPE_USD,5552.569,ILOSTAT EAR_EMTA_SEX_CUR_NB_A
BEL,2017,CUR_TYPE_LCU,4655.451,ILOSTAT EAR_EMTA_SEX_CUR_NB_A
BEL,2017,CUR_TYPE_PPP,5431.27,ILOSTAT EAR_EMTA_SEX_CUR_NB_A
BEL,2017,CUR_TYPE_USD,5259.263,ILOSTAT EAR_EMTA_SEX_CUR_NB_A
BEL,2016,CUR_TYPE_LCU,4566.641,ILOSTAT EAR_EMTA_SEX_CUR_NB_A
BEL,2016,CUR_TYPE_PPP,5347.217,ILOSTAT EAR_EMTA_SEX_CUR_NB_A
BEL,2016,CUR_TYPE_USD,5054.815,ILOSTAT EAR_EMTA_SEX_CUR_NB_A
BEL,2015,CUR_TYPE_LCU,4517.856,ILOSTAT EAR_EMTA_SEX_CUR_NB_A
BEL,2015,CUR_TYPE_PPP,5220.884,ILOSTAT EAR_EMTA_SEX_CUR_NB_A
BEL,2015,CUR_TYPE_USD,5012.561,ILOSTAT EAR_EMTA_SEX_CUR_NB_A
BEL,2014,CUR_TYPE_LCU,4527.225,ILOSTAT EAR_EMTA_SEX_CUR_NB_A
BEL,2014,CUR_TYPE_PPP,5264.858,ILOSTAT EAR_EMTA_SEX_CUR_NB_A
BEL,2014,CUR_TYPE_USD,6014.418,ILOSTAT EAR_EMTA_SEX_CUR_NB_A
BEL,2013,CUR_TYPE_LCU,4422.129,ILOSTAT EAR_EMTA_SEX_CUR_NB_A
BEL,2013,CUR_TYPE_PPP,5075.731,ILOSTAT EAR_EMTA_SEX_CUR_NB_A
BEL,2013,CUR_TYPE_USD,5873.029,ILOSTAT EAR_EMTA_SEX_CUR_NB_A
BEL,2012,CUR_TYPE_LCU,4252.609,ILOSTAT EAR_EMTA_SEX_CUR_NB_A
BEL,2012,CUR_TYPE_PPP,4815.438,ILOSTAT EAR_EMTA_SEX_CUR_NB_A
BEL,2012,CUR_TYPE_USD,5463.753,ILOSTAT EAR_EMTA_SEX_CUR_NB_A
BEL,2011,CUR_TYPE_LCU,4118.507,ILOSTAT EAR_EMTA_SEX_CUR_NB_A
BEL,2011,CUR_TYPE_PPP,4676.322,ILOSTAT EAR_EMTA_SEX_CUR_NB_A
BEL,2011,CUR_TYPE_USD,5732.962,ILOSTAT EAR_EMTA_SEX_CUR_NB_A
BEL,2010,CUR_TYPE_LCU,4016.742,ILOSTAT EAR_EMTA_SEX_CUR_NB_A
BEL,2010,CUR_TYPE_PPP,4489.495,ILOSTAT EAR_EMTA_SEX_CUR_NB_A
BEL,2010,CUR_TYPE_USD,5324.996,ILOSTAT EAR_EMTA_SEX_CUR_NB_A
BEL,2009,CUR_TYPE_LCU,3922.081,ILOSTAT EAR_EMTA_SEX_CUR_NB_A
BEL,2009,CUR_TYPE_PPP,4345.912,ILOSTAT EAR_EMTA_SEX_CUR_NB_A
BEL,2009,CUR_TYPE_USD,5470.519,ILOSTAT EAR_EMTA_SEX_CUR_NB_A
BEL,2008,CUR_TYPE_LCU,3706.729,ILOSTAT EAR_EMTA_SEX_CUR_NB_A
BEL,2008,CUR_TYPE_PPP,4042.507,ILOSTAT EAR_EMTA_SEX_CUR_NB_A
BEL,2008,CUR_TYPE_USD,5451.856,ILOSTAT EAR_EMTA_SEX_CUR_NB_A
BEL,2007,CUR_TYPE_LCU,3722.836,ILOSTAT EAR_EMTA_SEX_CUR_NB_A
BEL,2007,CUR_TYPE_PPP,4021.792,ILOSTAT EAR_EMTA_SEX_CUR_NB_A
BEL,2007,CUR_TYPE_USD,5102.147,ILOSTAT EAR_EMTA_SEX_CUR_NB_A
BEL,2006,CUR_TYPE_LCU,2685.664,ILOSTAT EAR_EMTA_SEX_CUR_NB_A
BEL,2006,CUR_TYPE_PPP,2911.498,ILOSTAT EAR_EMTA_SEX_CUR_NB_A
BEL,2006,CUR_TYPE_USD,3372.12,ILOSTAT EAR_EMTA_SEX_CUR_NB_A
BEL,2005,CUR_TYPE_LCU,2603.602,ILOSTAT EAR_EMTA_SEX_CUR_NB_A
BEL,2005,CUR_TYPE_PPP,2818.788,ILOSTAT EAR_EMTA_SEX_CUR_NB_A
BEL,2005,CUR_TYPE_USD,3239.141,ILOSTAT EAR_EMTA_SEX_CUR_NB_A
BEL,2004,CUR_TYPE_LCU,2509.499,ILOSTAT EAR_EMTA_SEX_CUR_NB_A
BEL,2004,CUR_TYPE_PPP,2721.909,ILOSTAT EAR_EMTA_SEX_CUR_NB_A
BEL,2004,CUR_TYPE_USD,3121.566,ILOSTAT EAR_EMTA_SEX_CUR_NB_A
BEL,1994,CUR_TYPE_LCU,101050,ILOSTAT EAR_EMTA_SEX_CUR_NB_A
BEL,1993,CUR_TYPE_LCU,98362,ILOSTAT EAR_EMTA_SEX_CUR_NB_A
BEL,1992,CUR_TYPE_LCU,95127,ILOSTAT EAR_EMTA_SEX_CUR_NB_A
BEL,1991,CUR_TYPE_LCU,91357,ILOSTAT EAR_EMTA_SEX_CUR_NB_A
BEL,1990,CUR_TYPE_LCU,86162,ILOSTAT EAR_EMTA_SEX_CUR_NB_A
BEL,1989,CUR_TYPE_LCU,80822,ILOSTAT EAR_EMTA_SEX_CUR_NB_A
BGR,2025,CUR_TYPE_LCU,1392.171,ILOSTAT EAR_EMTA_SEX_CUR_NB_A
BGR,2025,CUR_TYPE_PPP,3357.729,ILOSTAT EAR_EMTA_SEX_CUR_NB_A
BGR,2025,CUR_TYPE_USD,1573.153,ILOSTAT EAR_EMTA_SEX_CUR_NB_A
BGR,2024,CUR_TYPE_LCU,1199.782,ILOSTAT EAR_EMTA_SEX_CUR_NB_A
BGR,2024,CUR_TYPE_PPP,3076.478,ILOSTAT EAR_EMTA_SEX_CUR_NB_A
BGR,2024,CUR_TYPE_USD,1298.643,ILOSTAT EAR_EMTA_SEX_CUR_NB_A
BGR,2023,CUR_TYPE_LCU,1010.359,ILOSTAT EAR_EMTA_SEX_CUR_NB_A
BGR,2023,CUR_TYPE_PPP,2651.282,ILOSTAT EAR_EMTA_SEX_CUR_NB_A
BGR,2023,CUR_TYPE_USD,1092.502,ILOSTAT EAR_EMTA_SEX_CUR_NB_A
BGR,2022,CUR_TYPE_LCU,917.982,ILOSTAT EAR_EMTA_SEX_CUR_NB_A
BGR,2022,CUR_TYPE_PPP,2376.71,ILOSTAT EAR_EMTA_SEX_CUR_NB_A
BGR,2022,CUR_TYPE_USD,966.635,ILOSTAT EAR_EMTA_SEX_CUR_NB_A
BGR,2021,CUR_TYPE_LCU,811.217,ILOSTAT EAR_EMTA_SEX_CUR_NB_A
BGR,2021,CUR_TYPE_PPP,2107.985,ILOSTAT EAR_EMTA_SEX_CUR_NB_A
BGR,2021,CUR_TYPE_USD,959.427,ILOSTAT EAR_EMTA_SEX_CUR_NB_A
BGR,2020,CUR_TYPE_LCU,748.931,ILOSTAT EAR_EMTA_SEX_CUR_NB_A
BGR,2020,CUR_TYPE_PPP,1933.819,ILOSTAT EAR_EMTA_SEX_CUR_NB_A
BGR,2020,CUR_TYPE_USD,855.429,ILOSTAT EAR_EMTA_SEX_CUR_NB_A
BGR,2019,CUR_TYPE_LCU,699.482,ILOSTAT EAR_EMTA_SEX_CUR_NB_A
BGR,2019,CUR_TYPE_PPP,1833.883,ILOSTAT EAR_EMTA_SEX_CUR_NB_A
BGR,2019,CUR_TYPE_USD,783.07,ILOSTAT EAR_EMTA_SEX_CUR_NB_A
BGR,2018,CUR_TYPE_LCU,561.327,ILOSTAT EAR_EMTA_SEX_CUR_NB_A
BGR,2018,CUR_TYPE_PPP,1466.642,ILOSTAT EAR_EMTA_SEX_CUR_NB_A
BGR,2018,CUR_TYPE_USD,662.928,ILOSTAT EAR_EMTA_SEX_CUR_NB_A
BGR,2017,CUR_TYPE_LCU,565.55,ILOSTAT EAR_EMTA_SEX_CUR_NB_A
BGR,2017,CUR_TYPE_PPP,1472.729,ILOSTAT EAR_EMTA_SEX_CUR_NB_A
BGR,2017,CUR_TYPE_USD,638.902,ILOSTAT EAR_EMTA_SEX_CUR_NB_A
BGR,2016,CUR_TYPE_LCU,548.124,ILOSTAT EAR_EMTA_SEX_CUR_NB_A
BGR,2016,CUR_TYPE_PPP,1464.482,ILOSTAT EAR_EMTA_SEX_CUR_NB_A
BGR,2016,CUR_TYPE_USD,606.719,ILOSTAT EAR_EMTA_SEX_CUR_NB_A
BGR,2015,CUR_TYPE_LCU,489.009,ILOSTAT EAR_EMTA_SEX_CUR_NB_A
BGR,2015,CUR_TYPE_PPP,1263.671,ILOSTAT EAR_EMTA_SEX_CUR_NB_A
BGR,2015,CUR_TYPE_USD,542.556,ILOSTAT EAR_EMTA_SEX_CUR_NB_A
BGR,2014,CUR_TYPE_LCU,433.866,ILOSTAT EAR_EMTA_SEX_CUR_NB_A
BGR,2014,CUR_TYPE_PPP,1137.162,ILOSTAT EAR_EMTA_SEX_CUR_NB_A
BGR,2014,CUR_TYPE_USD,576.391,ILOSTAT EAR_EMTA_SEX_CUR_NB_A
BGR,2013,CUR_TYPE_LCU,405.303,ILOSTAT EAR_EMTA_SEX_CUR_NB_A
BGR,2013,CUR_TYPE_PPP,1023.723,ILOSTAT EAR_EMTA_SEX_CUR_NB_A
BGR,2013,CUR_TYPE_USD,538.282,ILOSTAT EAR_EMTA_SEX_CUR_NB_A
BGR,2012,CUR_TYPE_LCU,447.262,ILOSTAT EAR_EMTA_SEX_CUR_NB_A
BGR,2012,CUR_TYPE_PPP,1089.782,ILOSTAT EAR_EMTA_SEX_CUR_NB_A
BGR,2012,CUR_TYPE_USD,574.643,ILOSTAT EAR_EMTA_SEX_CUR_NB_A
BGR,2011,CUR_TYPE_LCU,350.6,ILOSTAT EAR_EMTA_SEX_CUR_NB_A
BGR,2011,CUR_TYPE_PPP,850.674,ILOSTAT EAR_EMTA_SEX_CUR_NB_A
BGR,2011,CUR_TYPE_USD,488.035,ILOSTAT EAR_EMTA_SEX_CUR_NB_A
BGR,2010,CUR_TYPE_LCU,375.38,ILOSTAT EAR_EMTA_SEX_CUR_NB_A
BGR,2010,CUR_TYPE_PPP,880.945,ILOSTAT EAR_EMTA_SEX_CUR_NB_A
BGR,2010,CUR_TYPE_USD,497.641,ILOSTAT EAR_EMTA_SEX_CUR_NB_A
BGR,2009,CUR_TYPE_LCU,378.081,ILOSTAT EAR_EMTA_SEX_CUR_NB_A
BGR,2009,CUR_TYPE_PPP,870.757,ILOSTAT EAR_EMTA_SEX_CUR_NB_A
BGR,2009,CUR_TYPE_USD,527.347,ILOSTAT EAR_EMTA_SEX_CUR_NB_A
BGR,2008,CUR_TYPE_LCU,294.095,ILOSTAT EAR_EMTA_SEX_CUR_NB_A
BGR,2008,CUR_TYPE_PPP,692.123,ILOSTAT EAR_EMTA_SEX_CUR_NB_A
BGR,2008,CUR_TYPE_USD,432.555,ILOSTAT EAR_EMTA_SEX_CUR_NB_A
BGR,2007,CUR_TYPE_LCU,247.347,ILOSTAT EAR_EMTA_SEX_CUR_NB_A
BGR,2007,CUR_TYPE_PPP,613.115,ILOSTAT EAR_EMTA_SEX_CUR_NB_A
BGR,2007,CUR_TYPE_USD,338.988,ILOSTAT EAR_EMTA_SEX_CUR_NB_A
BGR,2006,CUR_TYPE_LCU,360.01,ILOSTAT EAR_EMTA_SEX_CUR_NB_A
BGR,2006,CUR_TYPE_PPP,476.871,ILOSTAT EAR_EMTA_SEX_CUR_NB_A
BGR,2006,CUR_TYPE_USD,230.884,ILOSTAT EAR_EMTA_SEX_CUR_NB_A
BGR,2005,CUR_TYPE_LCU,324,ILOSTAT EAR_EMTA_SEX_CUR_NB_A
BGR,2005,CUR_TYPE_PPP,456.735,ILOSTAT EAR_EMTA_SEX_CUR_NB_A
BGR,2005,CUR_TYPE_USD,205.827,ILOSTAT EAR_EMTA_SEX_CUR_NB_A
BGR,2004,CUR_TYPE_LCU,292,ILOSTAT EAR_EMTA_SEX_CUR_NB_A
BGR,2004,CUR_TYPE_PPP,423.539,ILOSTAT EAR_EMTA_SEX_CUR_NB_A
BGR,2004,CUR_TYPE_USD,185.384,ILOSTAT EAR_EMTA_SEX_CUR_NB_A
BGR,2003,CUR_TYPE_LCU,273,ILOSTAT EAR_EMTA_SEX_CUR_NB_A
BGR,2003,CUR_TYPE_PPP,411.12,ILOSTAT EAR_EMTA_SEX_CUR_NB_A
BGR,2003,CUR_TYPE_USD,157.557,ILOSTAT EAR_EMTA_SEX_CUR_NB_A
BGR,2002,CUR_TYPE_LCU,258,ILOSTAT EAR_EMTA_SEX_CUR_NB_A
BGR,2002,CUR_TYPE_PPP,385.756,ILOSTAT EAR_EMTA_SEX_CUR_NB_A
BGR,2002,CUR_TYPE_USD,124.219,ILOSTAT EAR_EMTA_SEX_CUR_NB_A
BGR,2001,CUR_TYPE_LCU,240,ILOSTAT EAR_EMTA_SEX_CUR_NB_A
BGR,2001,CUR_TYPE_PPP,359.75,ILOSTAT EAR_EMTA_SEX_CUR_NB_A
BGR,2001,CUR_TYPE_USD,109.854,ILOSTAT EAR_EMTA_SEX_CUR_NB_A
BGR,2000,CUR_TYPE_LCU,225.01,ILOSTAT EAR_EMTA_SEX_CUR_NB_A
BGR,2000,CUR_TYPE_PPP,353.215,ILOSTAT EAR_EMTA_SEX_CUR_NB_A
BGR,2000,CUR_TYPE_USD,105.973,ILOSTAT EAR_EMTA_SEX_CUR_NB_A
BGR,1999,CUR_TYPE_LCU,201,ILOSTAT EAR_EMTA_SEX_CUR_NB_A
BGR,1999,CUR_TYPE_PPP,320.638,ILOSTAT EAR_EMTA_SEX_CUR_NB_A
BGR,1999,CUR_TYPE_USD,109.454,ILOSTAT EAR_EMTA_SEX_CUR_NB_A
BGR,1998,CUR_TYPE_LCU,183250,ILOSTAT EAR_EMTA_SEX_CUR_NB_A
BGR,1997,CUR_TYPE_LCU,127909,ILOSTAT EAR_EMTA_SEX_CUR_NB_A
BGR,1996,CUR_TYPE_LCU,13247,ILOSTAT EAR_EMTA_SEX_CUR_NB_A
BGR,1995,CUR_TYPE_LCU,7755,ILOSTAT EAR_EMTA_SEX_CUR_NB_A
BGR,1994,CUR_TYPE_LCU,5090,ILOSTAT EAR_EMTA_SEX_CUR_NB_A
BGR,1993,CUR_TYPE_LCU,3340.1,ILOSTAT EAR_EMTA_SEX_CUR_NB_A
BGR,1992,CUR_TYPE_LCU,2131.8,ILOSTAT EAR_EMTA_SEX_CUR_NB_A
BGR,1991,CUR_TYPE_LCU,964.2,ILOSTAT EAR_EMTA_SEX_CUR_NB_A
BGR,1990,CUR_TYPE_LCU,352.3,ILOSTAT EAR_EMTA_SEX_CUR_NB_A
BGR,1989,CUR_TYPE_LCU,275.7,ILOSTAT EAR_EMTA_SEX_CUR_NB_A
BIH,2024,CUR_TYPE_LCU,1671.398,ILOSTAT EAR_EMTA_SEX_CUR_NB_A
BIH,2024,CUR_TYPE_PPP,2269.768,ILOSTAT EAR_EMTA_SEX_CUR_NB_A
BIH,2024,CUR_TYPE_USD,924.669,ILOSTAT EAR_EMTA_SEX_CUR_NB_A
BIH,2023,CUR_TYPE_LCU,1497.914,ILOSTAT EAR_EMTA_SEX_CUR_NB_A
BIH,2023,CUR_TYPE_PPP,2033.913,ILOSTAT EAR_EMTA_SEX_CUR_NB_A
BIH,2023,CUR_TYPE_USD,827.942,ILOSTAT EAR_EMTA_SEX_CUR_NB_A
BIH,2022,CUR_TYPE_LCU,1357.312,ILOSTAT EAR_EMTA_SEX_CUR_NB_A
BIH,2022,CUR_TYPE_PPP,1791.96,ILOSTAT EAR_EMTA_SEX_CUR_NB_A
BIH,2022,CUR_TYPE_USD,730.003,ILOSTAT EAR_EMTA_SEX_CUR_NB_A
BIH,2021,CUR_TYPE_LCU,1282.689,ILOSTAT EAR_EMTA_SEX_CUR_NB_A
BIH,2021,CUR_TYPE_PPP,1683.073,ILOSTAT EAR_EMTA_SEX_CUR_NB_A
BIH,2021,CUR_TYPE_USD,775.692,ILOSTAT EAR_EMTA_SEX_CUR_NB_A
BIH,2020,CUR_TYPE_LCU,1235.389,ILOSTAT EAR_EMTA_SEX_CUR_NB_A
BIH,2020,CUR_TYPE_PPP,1603.013,ILOSTAT EAR_EMTA_SEX_CUR_NB_A
BIH,2020,CUR_TYPE_USD,719.517,ILOSTAT EAR_EMTA_SEX_CUR_NB_A
BIH,2016,CUR_TYPE_LCU,742.69,ILOSTAT EAR_EMTA_SEX_CUR_NB_A
BIH,2016,CUR_TYPE_PPP,945.626,ILOSTAT EAR_EMTA_SEX_CUR_NB_A
BIH,2016,CUR_TYPE_USD,420.041,ILOSTAT EAR_EMTA_SEX_CUR_NB_A
BIH,2015,CUR_TYPE_LCU,737.467,ILOSTAT EAR_EMTA_SEX_CUR_NB_A
BIH,2015,CUR_TYPE_PPP,900.482,ILOSTAT EAR_EMTA_SEX_CUR_NB_A
BIH,2015,CUR_TYPE_USD,418.186,ILOSTAT EAR_EMTA_SEX_CUR_NB_A
BIH,2014,CUR_TYPE_LCU,747.474,ILOSTAT EAR_EMTA_SEX_CUR_NB_A
BIH,2014,CUR_TYPE_PPP,907.054,ILOSTAT EAR_EMTA_SEX_CUR_NB_A
BIH,2014,CUR_TYPE_USD,507.048,ILOSTAT EAR_EMTA_SEX_CUR_NB_A
BIH,2013,CUR_TYPE_LCU,726.055,ILOSTAT EAR_EMTA_SEX_CUR_NB_A
BIH,2013,CUR_TYPE_PPP,876.407,ILOSTAT EAR_EMTA_SEX_CUR_NB_A
BIH,2013,CUR_TYPE_USD,492.892,ILOSTAT EAR_EMTA_SEX_CUR_NB_A
BIH,2012,CUR_TYPE_LCU,698.302,ILOSTAT EAR_EMTA_SEX_CUR_NB_A
BIH,2012,CUR_TYPE_PPP,819.11,ILOSTAT EAR_EMTA_SEX_CUR_NB_A
BIH,2012,CUR_TYPE_USD,458.742,ILOSTAT EAR_EMTA_SEX_CUR_NB_A
BIH,2011,CUR_TYPE_LCU,704.899,ILOSTAT EAR_EMTA_SEX_CUR_NB_A
BIH,2011,CUR_TYPE_PPP,814.785,ILOSTAT EAR_EMTA_SEX_CUR_NB_A
BIH,2011,CUR_TYPE_USD,501.017,ILOSTAT EAR_EMTA_SEX_CUR_NB_A
BIH,2010,CUR_TYPE_LCU,695.575,ILOSTAT EAR_EMTA_SEX_CUR_NB_A
BIH,2010,CUR_TYPE_PPP,789.207,ILOSTAT EAR_EMTA_SEX_CUR_NB_A
BIH,2010,CUR_TYPE_USD,471.021,ILOSTAT EAR_EMTA_SEX_CUR_NB_A
BIH,2009,CUR_TYPE_LCU,670.678,ILOSTAT EAR_EMTA_SEX_CUR_NB_A
BIH,2009,CUR_TYPE_PPP,747.012,ILOSTAT EAR_EMTA_SEX_CUR_NB_A
BIH,2009,CUR_TYPE_USD,476.371,ILOSTAT EAR_EMTA_SEX_CUR_NB_A
BIH,2008,CUR_TYPE_LCU,611.119,ILOSTAT EAR_EMTA_SEX_CUR_NB_A
BIH,2008,CUR_TYPE_PPP,663.806,ILOSTAT EAR_EMTA_SEX_CUR_NB_A
BIH,2008,CUR_TYPE_USD,457.7,ILOSTAT EAR_EMTA_SEX_CUR_NB_A
BIH,2007,CUR_TYPE_LCU,527.87,ILOSTAT EAR_EMTA_SEX_CUR_NB_A
BIH,2007,CUR_TYPE_PPP,588.271,ILOSTAT EAR_EMTA_SEX_CUR_NB_A
BIH,2007,CUR_TYPE_USD,369.398,ILOSTAT EAR_EMTA_SEX_CUR_NB_A
BIH,2006,CUR_TYPE_LCU,484.594,ILOSTAT EAR_EMTA_SEX_CUR_NB_A
BIH,2006,CUR_TYPE_PPP,544.832,ILOSTAT EAR_EMTA_SEX_CUR_NB_A
BIH,2006,CUR_TYPE_USD,310.822,ILOSTAT EAR_EMTA_SEX_CUR_NB_A
BIH,2001,CUR_TYPE_LCU,454.336,ILOSTAT EAR_EMTA_SEX_CUR_NB_A
BIH,2001,CUR_TYPE_USD,207.872,ILOSTAT EAR_EMTA_SEX_CUR_NB_A
BIH,1999,CUR_TYPE_LCU,550.8,ILOSTAT EAR_EMTA_SEX_CUR_NB_A
CHE,2025,CUR_TYPE_LCU,6467.845,ILOSTAT EAR_EMTA_SEX_CUR_NB_A
CHE,2025,CUR_TYPE_PPP,6069.993,ILOSTAT EAR_EMTA_SEX_CUR_NB_A
CHE,2025,CUR_TYPE_USD,7779.875,ILOSTAT EAR_EMTA_SEX_CUR_NB_A
CHE,2024,CUR_TYPE_LCU,6374.793,ILOSTAT EAR_EMTA_SEX_CUR_NB_A
CHE,2024,CUR_TYPE_PPP,5757.534,ILOSTAT EAR_EMTA_SEX_CUR_NB_A
CHE,2024,CUR_TYPE_USD,7240.456,ILOSTAT EAR_EMTA_SEX_CUR_NB_A
CHE,2023,CUR_TYPE_LCU,6287.843,ILOSTAT EAR_EMTA_SEX_CUR_NB_A
CHE,2023,CUR_TYPE_PPP,5417.159,ILOSTAT EAR_EMTA_SEX_CUR_NB_A
CHE,2023,CUR_TYPE_USD,6998.233,ILOSTAT EAR_EMTA_SEX_CUR_NB_A
CHE,2022,CUR_TYPE_LCU,6137.599,ILOSTAT EAR_EMTA_SEX_CUR_NB_A
CHE,2022,CUR_TYPE_PPP,5239.564,ILOSTAT EAR_EMTA_SEX_CUR_NB_A
CHE,2022,CUR_TYPE_USD,6427.932,ILOSTAT EAR_EMTA_SEX_CUR_NB_A
CHE,2021,CUR_TYPE_LCU,6093.755,ILOSTAT EAR_EMTA_SEX_CUR_NB_A
CHE,2021,CUR_TYPE_PPP,4895.967,ILOSTAT EAR_EMTA_SEX_CUR_NB_A
CHE,2021,CUR_TYPE_USD,6668.253,ILOSTAT EAR_EMTA_SEX_CUR_NB_A
CHE,2020,CUR_TYPE_LCU,6009.231,ILOSTAT EAR_EMTA_SEX_CUR_NB_A
CHE,2020,CUR_TYPE_PPP,4663.618,ILOSTAT EAR_EMTA_SEX_CUR_NB_A
CHE,2020,CUR_TYPE_USD,6399.845,ILOSTAT EAR_EMTA_SEX_CUR_NB_A
CHE,2019,CUR_TYPE_LCU,5934.202,ILOSTAT EAR_EMTA_SEX_CUR_NB_A
CHE,2019,CUR_TYPE_PPP,4542.874,ILOSTAT EAR_EMTA_SEX_CUR_NB_A
CHE,2019,CUR_TYPE_USD,5971.77,ILOSTAT EAR_EMTA_SEX_CUR_NB_A
CHE,2018,CUR_TYPE_LCU,5876.908,ILOSTAT EAR_EMTA_SEX_CUR_NB_A
CHE,2018,CUR_TYPE_PPP,4338.204,ILOSTAT EAR_EMTA_SEX_CUR_NB_A
CHE,2018,CUR_TYPE_USD,6009.775,ILOSTAT EAR_EMTA_SEX_CUR_NB_A
CHE,2017,CUR_TYPE_LCU,5810.761,ILOSTAT EAR_EMTA_SEX_CUR_NB_A
CHE,2017,CUR_TYPE_PPP,4229.502,ILOSTAT EAR_EMTA_SEX_CUR_NB_A
CHE,2017,CUR_TYPE_USD,5901.097,ILOSTAT EAR_EMTA_SEX_CUR_NB_A
CHE,2016,CUR_TYPE_LCU,5782.768,ILOSTAT EAR_EMTA_SEX_CUR_NB_A
CHE,2016,CUR_TYPE_PPP,4184.877,ILOSTAT EAR_EMTA_SEX_CUR_NB_A
CHE,2016,CUR_TYPE_USD,5868.48,ILOSTAT EAR_EMTA_SEX_CUR_NB_A
CHE,2015,CUR_TYPE_LCU,5793.803,ILOSTAT EAR_EMTA_SEX_CUR_NB_A
CHE,2015,CUR_TYPE_PPP,4099.889,ILOSTAT EAR_EMTA_SEX_CUR_NB_A
CHE,2015,CUR_TYPE_USD,6020.278,ILOSTAT EAR_EMTA_SEX_CUR_NB_A
CHE,2014,CUR_TYPE_LCU,5735.635,ILOSTAT EAR_EMTA_SEX_CUR_NB_A
CHE,2014,CUR_TYPE_PPP,4003.193,ILOSTAT EAR_EMTA_SEX_CUR_NB_A
CHE,2014,CUR_TYPE_USD,6260.578,ILOSTAT EAR_EMTA_SEX_CUR_NB_A
CHE,2013,CUR_TYPE_LCU,5725.609,ILOSTAT EAR_EMTA_SEX_CUR_NB_A
CHE,2013,CUR_TYPE_PPP,3939.556,ILOSTAT EAR_EMTA_SEX_CUR_NB_A
CHE,2013,CUR_TYPE_USD,6177.136,ILOSTAT EAR_EMTA_SEX_CUR_NB_A
CHE,2012,CUR_TYPE_LCU,5667.628,ILOSTAT EAR_EMTA_SEX_CUR_NB_A
CHE,2012,CUR_TYPE_PPP,3762.614,ILOSTAT EAR_EMTA_SEX_CUR_NB_A
CHE,2012,CUR_TYPE_USD,6044.281,ILOSTAT EAR_EMTA_SEX_CUR_NB_A
CHE,2011,CUR_TYPE_LCU,5633.606,ILOSTAT EAR_EMTA_SEX_CUR_NB_A
CHE,2011,CUR_TYPE_PPP,3664.548,ILOSTAT EAR_EMTA_SEX_CUR_NB_A
CHE,2011,CUR_TYPE_USD,6343.85,ILOSTAT EAR_EMTA_SEX_CUR_NB_A
CHE,2010,CUR_TYPE_LCU,5574.661,ILOSTAT EAR_EMTA_SEX_CUR_NB_A
CHE,2010,CUR_TYPE_PPP,3523.178,ILOSTAT EAR_EMTA_SEX_CUR_NB_A
CHE,2010,CUR_TYPE_USD,5345.317,ILOSTAT EAR_EMTA_SEX_CUR_NB_A
CHE,2009,CUR_TYPE_LCU,5621.811,ILOSTAT EAR_EMTA_SEX_CUR_NB_A
CHE,2009,CUR_TYPE_PPP,3548.574,ILOSTAT EAR_EMTA_SEX_CUR_NB_A
CHE,2009,CUR_TYPE_USD,5166.433,ILOSTAT EAR_EMTA_SEX_CUR_NB_A
CHE,2008,CUR_TYPE_LCU,5601.425,ILOSTAT EAR_EMTA_SEX_CUR_NB_A
CHE,2008,CUR_TYPE_PPP,3469.509,ILOSTAT EAR_EMTA_SEX_CUR_NB_A
CHE,2008,CUR_TYPE_USD,5171.708,ILOSTAT EAR_EMTA_SEX_CUR_NB_A
CHE,2007,CUR_TYPE_LCU,5527.565,ILOSTAT EAR_EMTA_SEX_CUR_NB_A
CHE,2007,CUR_TYPE_PPP,3327.766,ILOSTAT EAR_EMTA_SEX_CUR_NB_A
CHE,2007,CUR_TYPE_USD,4604.9,ILOSTAT EAR_EMTA_SEX_CUR_NB_A
CHE,2006,CUR_TYPE_LCU,5362.411,ILOSTAT EAR_EMTA_SEX_CUR_NB_A
CHE,2006,CUR_TYPE_PPP,3102,ILOSTAT EAR_EMTA_SEX_CUR_NB_A
CHE,2006,CUR_TYPE_USD,4276.779,ILOSTAT EAR_EMTA_SEX_CUR_NB_A
CHE,2005,CUR_TYPE_LCU,5316.475,ILOSTAT EAR_EMTA_SEX_CUR_NB_A
CHE,2005,CUR_TYPE_PPP,2990.577,ILOSTAT EAR_EMTA_SEX_CUR_NB_A
CHE,2005,CUR_TYPE_USD,4269.655,ILOSTAT EAR_EMTA_SEX_CUR_NB_A
CHE,2004,CUR_TYPE_LCU,5271.404,ILOSTAT EAR_EMTA_SEX_CUR_NB_A
CHE,2004,CUR_TYPE_PPP,2954.434,ILOSTAT EAR_EMTA_SEX_CUR_NB_A
CHE,2004,CUR_TYPE_USD,4239.181,ILOSTAT EAR_EMTA_SEX_CUR_NB_A
CHE,2003,CUR_TYPE_LCU,5218.502,ILOSTAT EAR_EMTA_SEX_CUR_NB_A
CHE,2003,CUR_TYPE_PPP,2879.379,ILOSTAT EAR_EMTA_SEX_CUR_NB_A
CHE,2003,CUR_TYPE_USD,3875.171,ILOSTAT EAR_EMTA_SEX_CUR_NB_A
CHE,2002,CUR_TYPE_LCU,5128.202,ILOSTAT EAR_EMTA_SEX_CUR_NB_A
CHE,2002,CUR_TYPE_PPP,2832.3,ILOSTAT EAR_EMTA_SEX_CUR_NB_A
CHE,2002,CUR_TYPE_USD,3290.246,ILOSTAT EAR_EMTA_SEX_CUR_NB_A
CHE,2001,CUR_TYPE_LCU,5056.855,ILOSTAT EAR_EMTA_SEX_CUR_NB_A
CHE,2001,CUR_TYPE_PPP,2718.609,ILOSTAT EAR_EMTA_SEX_CUR_NB_A
CHE,2001,CUR_TYPE_USD,2996.45,ILOSTAT EAR_EMTA_SEX_CUR_NB_A
CHE,2000,CUR_TYPE_LCU,4909.632,ILOSTAT EAR_EMTA_SEX_CUR_NB_A
CHE,2000,CUR_TYPE_PPP,2600.238,ILOSTAT EAR_EMTA_SEX_CUR_NB_A
CHE,2000,CUR_TYPE_USD,2907.099,ILOSTAT EAR_EMTA_SEX_CUR_NB_A
CHE,1999,CUR_TYPE_LCU,4840.965,ILOSTAT EAR_EMTA_SEX_CUR_NB_A
CHE,1999,CUR_TYPE_PPP,2568.474,ILOSTAT EAR_EMTA_SEX_CUR_NB_A
CHE,1999,CUR_TYPE_USD,3222.68,ILOSTAT EAR_EMTA_SEX_CUR_NB_A
CHE,1998,CUR_TYPE_LCU,4782.406,ILOSTAT EAR_EMTA_SEX_CUR_NB_A
CHE,1998,CUR_TYPE_PPP,2541.542,ILOSTAT EAR_EMTA_SEX_CUR_NB_A
CHE,1998,CUR_TYPE_USD,3298.636,ILOSTAT EAR_EMTA_SEX_CUR_NB_A
CHE,1997,CUR_TYPE_LCU,4738.634,ILOSTAT EAR_EMTA_SEX_CUR_NB_A
CHE,1997,CUR_TYPE_PPP,2514.934,ILOSTAT EAR_EMTA_SEX_CUR_NB_A
CHE,1997,CUR_TYPE_USD,3265.068,ILOSTAT EAR_EMTA_SEX_CUR_NB_A
CHE,1996,CUR_TYPE_LCU,4838.095,ILOSTAT EAR_EMTA_SEX_CUR_NB_A
CHE,1996,CUR_TYPE_PPP,2518.246,ILOSTAT EAR_EMTA_SEX_CUR_NB_A
CHE,1996,CUR_TYPE_USD,3914.285,ILOSTAT EAR_EMTA_SEX_CUR_NB_A
CHE,1995,CUR_TYPE_LCU,4945.308,ILOSTAT EAR_EMTA_SEX_CUR_NB_A
CHE,1995,CUR_TYPE_PPP,2528.999,ILOSTAT EAR_EMTA_SEX_CUR_NB_A
CHE,1995,CUR_TYPE_USD,4182.188,ILOSTAT EAR_EMTA_SEX_CUR_NB_A
CHE,1994,CUR_TYPE_LCU,4826.612,ILOSTAT EAR_EMTA_SEX_CUR_NB_A
CHE,1994,CUR_TYPE_PPP,2446.83,ILOSTAT EAR_EMTA_SEX_CUR_NB_A
CHE,1994,CUR_TYPE_USD,3529.018,ILOSTAT EAR_EMTA_SEX_CUR_NB_A
CHE,1993,CUR_TYPE_LCU,4721.217,ILOSTAT EAR_EMTA_SEX_CUR_NB_A
CHE,1993,CUR_TYPE_PPP,2341.134,ILOSTAT EAR_EMTA_SEX_CUR_NB_A
CHE,1993,CUR_TYPE_USD,3195.157,ILOSTAT EAR_EMTA_SEX_CUR_NB_A
CHE,1992,CUR_TYPE_LCU,4554.008,ILOSTAT EAR_EMTA_SEX_CUR_NB_A
CHE,1992,CUR_TYPE_PPP,2259.896,ILOSTAT EAR_EMTA_SEX_CUR_NB_A
CHE,1992,CUR_TYPE_USD,3238.479,ILOSTAT EAR_EMTA_SEX_CUR_NB_A
CHE,1991,CUR_TYPE_LCU,4082.122,ILOSTAT EAR_EMTA_SEX_CUR_NB_A
CHE,1991,CUR_TYPE_PPP,2048.421,ILOSTAT EAR_EMTA_SEX_CUR_NB_A
CHE,1991,CUR_TYPE_USD,2846.685,ILOSTAT EAR_EMTA_SEX_CUR_NB_A
CYP,2025,CUR_TYPE_LCU,2908.82,ILOSTAT EAR_EMTA_SEX_CUR_NB_A
CYP,2025,CUR_TYPE_PPP,4911.465,ILOSTAT EAR_EMTA_SEX_CUR_NB_A
CYP,2025,CUR_TYPE_USD,3286.966,ILOSTAT EAR_EMTA_SEX_CUR_NB_A
CYP,2024,CUR_TYPE_LCU,2697.7,ILOSTAT EAR_EMTA_SEX_CUR_NB_A
CYP,2024,CUR_TYPE_PPP,4566.28,ILOSTAT EAR_EMTA_SEX_CUR_NB_A
CYP,2024,CUR_TYPE_USD,2919.99,ILOSTAT EAR_EMTA_SEX_CUR_NB_A
CYP,2023,CUR_TYPE_LCU,2525.936,ILOSTAT EAR_EMTA_SEX_CUR_NB_A
CYP,2023,CUR_TYPE_PPP,4257.523,ILOSTAT EAR_EMTA_SEX_CUR_NB_A
CYP,2023,CUR_TYPE_USD,2731.294,ILOSTAT EAR_EMTA_SEX_CUR_NB_A
CYP,2022,CUR_TYPE_LCU,2449.37,ILOSTAT EAR_EMTA_SEX_CUR_NB_A
CYP,2022,CUR_TYPE_PPP,3954.892,ILOSTAT EAR_EMTA_SEX_CUR_NB_A
CYP,2022,CUR_TYPE_USD,2579.186,ILOSTAT EAR_EMTA_SEX_CUR_NB_A
CYP,2021,CUR_TYPE_LCU,2289.298,ILOSTAT EAR_EMTA_SEX_CUR_NB_A
CYP,2021,CUR_TYPE_PPP,3568.332,ILOSTAT EAR_EMTA_SEX_CUR_NB_A
CYP,2021,CUR_TYPE_USD,2707.552,ILOSTAT EAR_EMTA_SEX_CUR_NB_A
CYP,2020,CUR_TYPE_LCU,2242.566,ILOSTAT EAR_EMTA_SEX_CUR_NB_A
CYP,2020,CUR_TYPE_PPP,3523.303,ILOSTAT EAR_EMTA_SEX_CUR_NB_A
CYP,2020,CUR_TYPE_USD,2561.459,ILOSTAT EAR_EMTA_SEX_CUR_NB_A
CYP,2019,CUR_TYPE_LCU,2098.31,ILOSTAT EAR_EMTA_SEX_CUR_NB_A
CYP,2019,CUR_TYPE_PPP,3227.365,ILOSTAT EAR_EMTA_SEX_CUR_NB_A
CYP,2019,CUR_TYPE_USD,2349.058,ILOSTAT EAR_EMTA_SEX_CUR_NB_A
CYP,2018,CUR_TYPE_LCU,2017.198,ILOSTAT EAR_EMTA_SEX_CUR_NB_A
CYP,2018,CUR_TYPE_PPP,3007.272,ILOSTAT EAR_EMTA_SEX_CUR_NB_A
CYP,2018,CUR_TYPE_USD,2382.31,ILOSTAT EAR_EMTA_SEX_CUR_NB_A
CYP,2017,CUR_TYPE_LCU,2037.965,ILOSTAT EAR_EMTA_SEX_CUR_NB_A
CYP,2017,CUR_TYPE_PPP,3024.665,ILOSTAT EAR_EMTA_SEX_CUR_NB_A
CYP,2017,CUR_TYPE_USD,2302.289,ILOSTAT EAR_EMTA_SEX_CUR_NB_A
CYP,2016,CUR_TYPE_LCU,2071.341,ILOSTAT EAR_EMTA_SEX_CUR_NB_A
CYP,2016,CUR_TYPE_PPP,3070.679,ILOSTAT EAR_EMTA_SEX_CUR_NB_A
CYP,2016,CUR_TYPE_USD,2292.767,ILOSTAT EAR_EMTA_SEX_CUR_NB_A
CYP,2015,CUR_TYPE_LCU,2085.565,ILOSTAT EAR_EMTA_SEX_CUR_NB_A
CYP,2015,CUR_TYPE_PPP,2905.325,ILOSTAT EAR_EMTA_SEX_CUR_NB_A
CYP,2015,CUR_TYPE_USD,2313.935,ILOSTAT EAR_EMTA_SEX_CUR_NB_A
CYP,2014,CUR_TYPE_LCU,2125.001,ILOSTAT EAR_EMTA_SEX_CUR_NB_A
CYP,2014,CUR_TYPE_PPP,2900.457,ILOSTAT EAR_EMTA_SEX_CUR_NB_A
CYP,2014,CUR_TYPE_USD,2823.064,ILOSTAT EAR_EMTA_SEX_CUR_NB_A
CYP,2013,CUR_TYPE_LCU,2281.072,ILOSTAT EAR_EMTA_SEX_CUR_NB_A
CYP,2013,CUR_TYPE_PPP,3050.177,ILOSTAT EAR_EMTA_SEX_CUR_NB_A
CYP,2013,CUR_TYPE_USD,3029.492,ILOSTAT EAR_EMTA_SEX_CUR_NB_A
CYP,2012,CUR_TYPE_LCU,2326.989,ILOSTAT EAR_EMTA_SEX_CUR_NB_A
CYP,2012,CUR_TYPE_PPP,3030.831,ILOSTAT EAR_EMTA_SEX_CUR_NB_A
CYP,2012,CUR_TYPE_USD,2989.716,ILOSTAT EAR_EMTA_SEX_CUR_NB_A
CYP,2011,CUR_TYPE_LCU,2227.478,ILOSTAT EAR_EMTA_SEX_CUR_NB_A
CYP,2011,CUR_TYPE_PPP,2921.167,ILOSTAT EAR_EMTA_SEX_CUR_NB_A
CYP,2011,CUR_TYPE_USD,3100.65,ILOSTAT EAR_EMTA_SEX_CUR_NB_A
CYP,2010,CUR_TYPE_LCU,2129.498,ILOSTAT EAR_EMTA_SEX_CUR_NB_A
CYP,2010,CUR_TYPE_PPP,2787.72,ILOSTAT EAR_EMTA_SEX_CUR_NB_A
CYP,2010,CUR_TYPE_USD,2823.075,ILOSTAT EAR_EMTA_SEX_CUR_NB_A
CYP,2009,CUR_TYPE_LCU,2067.263,ILOSTAT EAR_EMTA_SEX_CUR_NB_A
CYP,2009,CUR_TYPE_PPP,2751.632,ILOSTAT EAR_EMTA_SEX_CUR_NB_A
CYP,2009,CUR_TYPE_USD,2883.419,ILOSTAT EAR_EMTA_SEX_CUR_NB_A
CYP,2008,CUR_TYPE_LCU,1998.422,ILOSTAT EAR_EMTA_SEX_CUR_NB_A
CYP,2008,CUR_TYPE_PPP,2660.358,ILOSTAT EAR_EMTA_SEX_CUR_NB_A
CYP,2008,CUR_TYPE_USD,2939.28,ILOSTAT EAR_EMTA_SEX_CUR_NB_A
CYP,2007,CUR_TYPE_LCU,2041.872,ILOSTAT EAR_EMTA_SEX_CUR_NB_A
CYP,2007,CUR_TYPE_PPP,2690.444,ILOSTAT EAR_EMTA_SEX_CUR_NB_A
CYP,2007,CUR_TYPE_USD,2798.386,ILOSTAT EAR_EMTA_SEX_CUR_NB_A
CYP,2006,CUR_TYPE_LCU,1654.774,ILOSTAT EAR_EMTA_SEX_CUR_NB_A
CYP,2006,CUR_TYPE_PPP,2136.21,ILOSTAT EAR_EMTA_SEX_CUR_NB_A
CYP,2006,CUR_TYPE_USD,2077.734,ILOSTAT EAR_EMTA_SEX_CUR_NB_A
CYP,2005,CUR_TYPE_LCU,1539.471,ILOSTAT EAR_EMTA_SEX_CUR_NB_A
CYP,2005,CUR_TYPE_PPP,1989.12,ILOSTAT EAR_EMTA_SEX_CUR_NB_A
CYP,2005,CUR_TYPE_USD,1915.256,ILOSTAT EAR_EMTA_SEX_CUR_NB_A
CYP,2004,CUR_TYPE_LCU,1134.69,ILOSTAT EAR_EMTA_SEX_CUR_NB_A
CYP,2004,CUR_TYPE_PPP,2504.203,ILOSTAT EAR_EMTA_SEX_CUR_NB_A
CYP,2004,CUR_TYPE_USD,2421.444,ILOSTAT EAR_EMTA_SEX_CUR_NB_A
CYP,2003,CUR_TYPE_LCU,1108.29,ILOSTAT EAR_EMTA_SEX_CUR_NB_A
CYP,2003,CUR_TYPE_PPP,2442.767,ILOSTAT EAR_EMTA_SEX_CUR_NB_A
CYP,2003,CUR_TYPE_USD,2141.858,ILOSTAT EAR_EMTA_SEX_CUR_NB_A
CYP,2002,CUR_TYPE_LCU,1032.54,ILOSTAT EAR_EMTA_SEX_CUR_NB_A
CYP,2002,CUR_TYPE_PPP,2337.21,ILOSTAT EAR_EMTA_SEX_CUR_NB_A
CYP,2002,CUR_TYPE_USD,1690.859,ILOSTAT EAR_EMTA_SEX_CUR_NB_A
CYP,2001,CUR_TYPE_LCU,998.64,ILOSTAT EAR_EMTA_SEX_CUR_NB_A
CYP,2001,CUR_TYPE_PPP,2266.671,ILOSTAT EAR_EMTA_SEX_CUR_NB_A
CYP,2001,CUR_TYPE_USD,1552.836,ILOSTAT EAR_EMTA_SEX_CUR_NB_A
CYP,2000,CUR_TYPE_LCU,973.97,ILOSTAT EAR_EMTA_SEX_CUR_NB_A
CYP,2000,CUR_TYPE_PPP,2229.74,ILOSTAT EAR_EMTA_SEX_CUR_NB_A
CYP,2000,CUR_TYPE_USD,1564.839,ILOSTAT EAR_EMTA_SEX_CUR_NB_A
CYP,1999,CUR_TYPE_LCU,916.42,ILOSTAT EAR_EMTA_SEX_CUR_NB_A
CYP,1999,CUR_TYPE_PPP,2083.622,ILOSTAT EAR_EMTA_SEX_CUR_NB_A
CYP,1999,CUR_TYPE_USD,1687.86,ILOSTAT EAR_EMTA_SEX_CUR_NB_A
CYP,1998,CUR_TYPE_LCU,884.47,ILOSTAT EAR_EMTA_SEX_CUR_NB_A
CYP,1998,CUR_TYPE_PPP,2017.056,ILOSTAT EAR_EMTA_SEX_CUR_NB_A
CYP,1998,CUR_TYPE_USD,1708.046,ILOSTAT EAR_EMTA_SEX_CUR_NB_A
CYP,1997,CUR_TYPE_LCU,922,ILOSTAT EAR_EMTA_SEX_CUR_NB_A
CYP,1997,CUR_TYPE_PPP,2107.597,ILOSTAT EAR_EMTA_SEX_CUR_NB_A
CYP,1997,CUR_TYPE_USD,1794.133,ILOSTAT EAR_EMTA_SEX_CUR_NB_A
CYP,1996,CUR_TYPE_LCU,870,ILOSTAT EAR_EMTA_SEX_CUR_NB_A
CYP,1996,CUR_TYPE_PPP,1955.218,ILOSTAT EAR_EMTA_SEX_CUR_NB_A
CYP,1996,CUR_TYPE_USD,1865.707,ILOSTAT EAR_EMTA_SEX_CUR_NB_A
CYP,1995,CUR_TYPE_LCU,829,ILOSTAT EAR_EMTA_SEX_CUR_NB_A
CYP,1995,CUR_TYPE_PPP,1875.498,ILOSTAT EAR_EMTA_SEX_CUR_NB_A
CYP,1995,CUR_TYPE_USD,1832.368,ILOSTAT EAR_EMTA_SEX_CUR_NB_A
CYP,1994,CUR_TYPE_LCU,795,ILOSTAT EAR_EMTA_SEX_CUR_NB_A
CYP,1994,CUR_TYPE_PPP,1814.592,ILOSTAT EAR_EMTA_SEX_CUR_NB_A
CYP,1994,CUR_TYPE_USD,1615.227,ILOSTAT EAR_EMTA_SEX_CUR_NB_A
CYP,1993,CUR_TYPE_LCU,764,ILOSTAT EAR_EMTA_SEX_CUR_NB_A
CYP,1993,CUR_TYPE_PPP,1788.538,ILOSTAT EAR_EMTA_SEX_CUR_NB_A
CYP,1993,CUR_TYPE_USD,1535.971,ILOSTAT EAR_EMTA_SEX_CUR_NB_A
CYP,1992,CUR_TYPE_LCU,687,ILOSTAT EAR_EMTA_SEX_CUR_NB_A
CYP,1992,CUR_TYPE_PPP,1634.919,ILOSTAT EAR_EMTA_SEX_CUR_NB_A
CYP,1992,CUR_TYPE_USD,1528.2,ILOSTAT EAR_EMTA_SEX_CUR_NB_A
CYP,1991,CUR_TYPE_LCU,637,ILOSTAT EAR_EMTA_SEX_CUR_NB_A
CYP,1991,CUR_TYPE_PPP,1589.045,ILOSTAT EAR_EMTA_SEX_CUR_NB_A
CYP,1991,CUR_TYPE_USD,1371.578,ILOSTAT EAR_EMTA_SEX_CUR_NB_A
CYP,1990,CUR_TYPE_LCU,585,ILOSTAT EAR_EMTA_SEX_CUR_NB_A
CYP,1990,CUR_TYPE_PPP,1450.87,ILOSTAT EAR_EMTA_SEX_CUR_NB_A
CYP,1990,CUR_TYPE_USD,1277.07,ILOSTAT EAR_EMTA_SEX_CUR_NB_A
CYP,1989,CUR_TYPE_LCU,543,ILOSTAT EAR_EMTA_SEX_CUR_NB_A
CYP,1989,CUR_TYPE_USD,1097.802,ILOSTAT EAR_EMTA_SEX_CUR_NB_A
CZE,2025,CUR_TYPE_LCU,2403.911,ILOSTAT EAR_EMTA_SEX_CUR_NB_A
CZE,2025,CUR_TYPE_PPP,4055.251,ILOSTAT EAR_EMTA_SEX_CUR_NB_A
CZE,2025,CUR_TYPE_USD,2716.419,ILOSTAT EAR_EMTA_SEX_CUR_NB_A
CZE,2024,CUR_TYPE_LCU,2378.254,ILOSTAT EAR_EMTA_SEX_CUR_NB_A
CZE,2024,CUR_TYPE_PPP,4171.697,ILOSTAT EAR_EMTA_SEX_CUR_NB_A
CZE,2024,CUR_TYPE_USD,2574.222,ILOSTAT EAR_EMTA_SEX_CUR_NB_A
CZE,2023,CUR_TYPE_LCU,2193.188,ILOSTAT EAR_EMTA_SEX_CUR_NB_A
CZE,2023,CUR_TYPE_PPP,3710.578,ILOSTAT EAR_EMTA_SEX_CUR_NB_A
CZE,2023,CUR_TYPE_USD,2371.494,ILOSTAT EAR_EMTA_SEX_CUR_NB_A
CZE,2022,CUR_TYPE_LCU,1970.678,ILOSTAT EAR_EMTA_SEX_CUR_NB_A
CZE,2022,CUR_TYPE_PPP,3318.547,ILOSTAT EAR_EMTA_SEX_CUR_NB_A
CZE,2022,CUR_TYPE_USD,2075.124,ILOSTAT EAR_EMTA_SEX_CUR_NB_A
CZE,2021,CUR_TYPE_LCU,1838.401,ILOSTAT EAR_EMTA_SEX_CUR_NB_A
CZE,2021,CUR_TYPE_PPP,3184.299,ILOSTAT EAR_EMTA_SEX_CUR_NB_A
CZE,2021,CUR_TYPE_USD,2174.277,ILOSTAT EAR_EMTA_SEX_CUR_NB_A
CZE,2020,CUR_TYPE_LCU,1815.723,ILOSTAT EAR_EMTA_SEX_CUR_NB_A
CZE,2020,CUR_TYPE_PPP,3396.715,ILOSTAT EAR_EMTA_SEX_CUR_NB_A
CZE,2020,CUR_TYPE_USD,2073.919,ILOSTAT EAR_EMTA_SEX_CUR_NB_A
CZE,2019,CUR_TYPE_LCU,1664.638,ILOSTAT EAR_EMTA_SEX_CUR_NB_A
CZE,2019,CUR_TYPE_PPP,3115.226,ILOSTAT EAR_EMTA_SEX_CUR_NB_A
CZE,2019,CUR_TYPE_USD,1863.562,ILOSTAT EAR_EMTA_SEX_CUR_NB_A
CZE,2018,CUR_TYPE_LCU,1477.487,ILOSTAT EAR_EMTA_SEX_CUR_NB_A
CZE,2018,CUR_TYPE_PPP,2707.334,ILOSTAT EAR_EMTA_SEX_CUR_NB_A
CZE,2018,CUR_TYPE_USD,1744.912,ILOSTAT EAR_EMTA_SEX_CUR_NB_A
CZE,2017,CUR_TYPE_LCU,1339.2,ILOSTAT EAR_EMTA_SEX_CUR_NB_A
CZE,2017,CUR_TYPE_PPP,2539.67,ILOSTAT EAR_EMTA_SEX_CUR_NB_A
CZE,2017,CUR_TYPE_USD,1512.895,ILOSTAT EAR_EMTA_SEX_CUR_NB_A
CZE,2016,CUR_TYPE_LCU,1270.884,ILOSTAT EAR_EMTA_SEX_CUR_NB_A
CZE,2016,CUR_TYPE_PPP,2471.805,ILOSTAT EAR_EMTA_SEX_CUR_NB_A
CZE,2016,CUR_TYPE_USD,1406.742,ILOSTAT EAR_EMTA_SEX_CUR_NB_A
CZE,2015,CUR_TYPE_LCU,1210.369,ILOSTAT EAR_EMTA_SEX_CUR_NB_A
CZE,2015,CUR_TYPE_PPP,2328.178,ILOSTAT EAR_EMTA_SEX_CUR_NB_A
CZE,2015,CUR_TYPE_USD,1342.904,ILOSTAT EAR_EMTA_SEX_CUR_NB_A
CZE,2014,CUR_TYPE_LCU,1230.416,ILOSTAT EAR_EMTA_SEX_CUR_NB_A
CZE,2014,CUR_TYPE_PPP,2436.048,ILOSTAT EAR_EMTA_SEX_CUR_NB_A
CZE,2014,CUR_TYPE_USD,1634.608,ILOSTAT EAR_EMTA_SEX_CUR_NB_A
CZE,2013,CUR_TYPE_LCU,1247.865,ILOSTAT EAR_EMTA_SEX_CUR_NB_A
CZE,2013,CUR_TYPE_PPP,2284.098,ILOSTAT EAR_EMTA_SEX_CUR_NB_A
CZE,2013,CUR_TYPE_USD,1657.29,ILOSTAT EAR_EMTA_SEX_CUR_NB_A
CZE,2012,CUR_TYPE_LCU,1277.034,ILOSTAT EAR_EMTA_SEX_CUR_NB_A
CZE,2012,CUR_TYPE_PPP,2192.303,ILOSTAT EAR_EMTA_SEX_CUR_NB_A
CZE,2012,CUR_TYPE_USD,1640.733,ILOSTAT EAR_EMTA_SEX_CUR_NB_A
CZE,2011,CUR_TYPE_LCU,1206.371,ILOSTAT EAR_EMTA_SEX_CUR_NB_A
CZE,2011,CUR_TYPE_PPP,2036.149,ILOSTAT EAR_EMTA_SEX_CUR_NB_A
CZE,2011,CUR_TYPE_USD,1679.268,ILOSTAT EAR_EMTA_SEX_CUR_NB_A
CZE,2010,CUR_TYPE_LCU,1113.785,ILOSTAT EAR_EMTA_SEX_CUR_NB_A
CZE,2010,CUR_TYPE_PPP,1901.209,ILOSTAT EAR_EMTA_SEX_CUR_NB_A
CZE,2010,CUR_TYPE_USD,1476.544,ILOSTAT EAR_EMTA_SEX_CUR_NB_A
CZE,2009,CUR_TYPE_LCU,1185.811,ILOSTAT EAR_EMTA_SEX_CUR_NB_A
CZE,2009,CUR_TYPE_PPP,2116.555,ILOSTAT EAR_EMTA_SEX_CUR_NB_A
CZE,2009,CUR_TYPE_USD,1653.969,ILOSTAT EAR_EMTA_SEX_CUR_NB_A
CZE,2008,CUR_TYPE_LCU,999.148,ILOSTAT EAR_EMTA_SEX_CUR_NB_A
CZE,2008,CUR_TYPE_PPP,1641.198,ILOSTAT EAR_EMTA_SEX_CUR_NB_A
CZE,2008,CUR_TYPE_USD,1469.547,ILOSTAT EAR_EMTA_SEX_CUR_NB_A
CZE,2007,CUR_TYPE_LCU,906.835,ILOSTAT EAR_EMTA_SEX_CUR_NB_A
CZE,2007,CUR_TYPE_PPP,1637.331,ILOSTAT EAR_EMTA_SEX_CUR_NB_A
CZE,2007,CUR_TYPE_USD,1242.817,ILOSTAT EAR_EMTA_SEX_CUR_NB_A
CZE,2006,CUR_TYPE_LCU,592.435,ILOSTAT EAR_EMTA_SEX_CUR_NB_A
CZE,2006,CUR_TYPE_PPP,1078.64,ILOSTAT EAR_EMTA_SEX_CUR_NB_A
CZE,2006,CUR_TYPE_USD,743.862,ILOSTAT EAR_EMTA_SEX_CUR_NB_A
CZE,2005,CUR_TYPE_LCU,517.309,ILOSTAT EAR_EMTA_SEX_CUR_NB_A
CZE,2005,CUR_TYPE_PPP,999.316,ILOSTAT EAR_EMTA_SEX_CUR_NB_A
CZE,2005,CUR_TYPE_USD,643.585,ILOSTAT EAR_EMTA_SEX_CUR_NB_A
CZE,2004,CUR_TYPE_LCU,16930,ILOSTAT EAR_EMTA_SEX_CUR_NB_A
CZE,2004,CUR_TYPE_PPP,1094.368,ILOSTAT EAR_EMTA_SEX_CUR_NB_A
CZE,2004,CUR_TYPE_USD,658.761,ILOSTAT EAR_EMTA_SEX_CUR_NB_A
CZE,2003,CUR_TYPE_LCU,15906,ILOSTAT EAR_EMTA_SEX_CUR_NB_A
CZE,2003,CUR_TYPE_PPP,1034.792,ILOSTAT EAR_EMTA_SEX_CUR_NB_A
CZE,2003,CUR_TYPE_USD,563.863,ILOSTAT EAR_EMTA_SEX_CUR_NB_A
CZE,2002,CUR_TYPE_LCU,15000,ILOSTAT EAR_EMTA_SEX_CUR_NB_A
CZE,2002,CUR_TYPE_PPP,960.089,ILOSTAT EAR_EMTA_SEX_CUR_NB_A
CZE,2002,CUR_TYPE_USD,458.176,ILOSTAT EAR_EMTA_SEX_CUR_NB_A
CZE,2001,CUR_TYPE_LCU,13914,ILOSTAT EAR_EMTA_SEX_CUR_NB_A
CZE,2001,CUR_TYPE_PPP,917.874,ILOSTAT EAR_EMTA_SEX_CUR_NB_A
CZE,2001,CUR_TYPE_USD,365.818,ILOSTAT EAR_EMTA_SEX_CUR_NB_A
CZE,2000,CUR_TYPE_LCU,12831,ILOSTAT EAR_EMTA_SEX_CUR_NB_A
CZE,2000,CUR_TYPE_PPP,831.958,ILOSTAT EAR_EMTA_SEX_CUR_NB_A
CZE,2000,CUR_TYPE_USD,332.423,ILOSTAT EAR_EMTA_SEX_CUR_NB_A
CZE,1999,CUR_TYPE_LCU,12165,ILOSTAT EAR_EMTA_SEX_CUR_NB_A
CZE,1999,CUR_TYPE_PPP,792.316,ILOSTAT EAR_EMTA_SEX_CUR_NB_A
CZE,1999,CUR_TYPE_USD,351.902,ILOSTAT EAR_EMTA_SEX_CUR_NB_A
CZE,1998,CUR_TYPE_LCU,11371,ILOSTAT EAR_EMTA_SEX_CUR_NB_A
CZE,1998,CUR_TYPE_PPP,743.779,ILOSTAT EAR_EMTA_SEX_CUR_NB_A
CZE,1998,CUR_TYPE_USD,352.249,ILOSTAT EAR_EMTA_SEX_CUR_NB_A
CZE,1997,CUR_TYPE_LCU,10503,ILOSTAT EAR_EMTA_SEX_CUR_NB_A
CZE,1997,CUR_TYPE_PPP,734.582,ILOSTAT EAR_EMTA_SEX_CUR_NB_A
CZE,1997,CUR_TYPE_USD,331.342,ILOSTAT EAR_EMTA_SEX_CUR_NB_A
CZE,1996,CUR_TYPE_LCU,9473,ILOSTAT EAR_EMTA_SEX_CUR_NB_A
CZE,1996,CUR_TYPE_PPP,20.543,ILOSTAT EAR_EMTA_SEX_CUR_NB_A
CZE,1996,CUR_TYPE_USD,348.979,ILOSTAT EAR_EMTA_SEX_CUR_NB_A
CZE,1995,CUR_TYPE_LCU,8172,ILOSTAT EAR_EMTA_SEX_CUR_NB_A
CZE,1995,CUR_TYPE_PPP,645.673,ILOSTAT EAR_EMTA_SEX_CUR_NB_A
CZE,1995,CUR_TYPE_USD,307.905,ILOSTAT EAR_EMTA_SEX_CUR_NB_A
CZE,1994,CUR_TYPE_LCU,6896,ILOSTAT EAR_EMTA_SEX_CUR_NB_A
CZE,1994,CUR_TYPE_PPP,17.075,ILOSTAT EAR_EMTA_SEX_CUR_NB_A
CZE,1994,CUR_TYPE_USD,239.568,ILOSTAT EAR_EMTA_SEX_CUR_NB_A
CZE,1993,CUR_TYPE_LCU,5840,ILOSTAT EAR_EMTA_SEX_CUR_NB_A
CZE,1993,CUR_TYPE_PPP,530.748,ILOSTAT EAR_EMTA_SEX_CUR_NB_A
CZE,1993,CUR_TYPE_USD,200.324,ILOSTAT EAR_EMTA_SEX_CUR_NB_A
CZE,1992,CUR_TYPE_LCU,4644,ILOSTAT EAR_EMTA_SEX_CUR_NB_A
DEU,2022,CUR_TYPE_LCU,4412.67,ILOSTAT EAR_EMTA_SEX_CUR_NB_A
DEU,2022,CUR_TYPE_PPP,6134.911,ILOSTAT EAR_EMTA_SEX_CUR_NB_A
DEU,2022,CUR_TYPE_USD,4646.541,ILOSTAT EAR_EMTA_SEX_CUR_NB_A
DEU,2021,CUR_TYPE_LCU,4328.863,ILOSTAT EAR_EMTA_SEX_CUR_NB_A
DEU,2021,CUR_TYPE_PPP,5828.847,ILOSTAT EAR_EMTA_SEX_CUR_NB_A
DEU,2021,CUR_TYPE_USD,5119.746,ILOSTAT EAR_EMTA_SEX_CUR_NB_A
DEU,2020,CUR_TYPE_LCU,4526.288,ILOSTAT EAR_EMTA_SEX_CUR_NB_A
DEU,2020,CUR_TYPE_PPP,6032.461,ILOSTAT EAR_EMTA_SEX_CUR_NB_A
DEU,2020,CUR_TYPE_USD,5169.927,ILOSTAT EAR_EMTA_SEX_CUR_NB_A
DEU,2019,CUR_TYPE_LCU,3074.658,ILOSTAT EAR_EMTA_SEX_CUR_NB_A
DEU,2019,CUR_TYPE_PPP,4035.535,ILOSTAT EAR_EMTA_SEX_CUR_NB_A
DEU,2019,CUR_TYPE_USD,3442.079,ILOSTAT EAR_EMTA_SEX_CUR_NB_A
DEU,2018,CUR_TYPE_LCU,2941.702,ILOSTAT EAR_EMTA_SEX_CUR_NB_A
DEU,2018,CUR_TYPE_PPP,3768.336,ILOSTAT EAR_EMTA_SEX_CUR_NB_A
DEU,2018,CUR_TYPE_USD,3474.15,ILOSTAT EAR_EMTA_SEX_CUR_NB_A
DEU,2017,CUR_TYPE_LCU,2850.34,ILOSTAT EAR_EMTA_SEX_CUR_NB_A
DEU,2017,CUR_TYPE_PPP,3566.589,ILOSTAT EAR_EMTA_SEX_CUR_NB_A
DEU,2017,CUR_TYPE_USD,3220.028,ILOSTAT EAR_EMTA_SEX_CUR_NB_A
DEU,2016,CUR_TYPE_LCU,2809.846,ILOSTAT EAR_EMTA_SEX_CUR_NB_A
DEU,2016,CUR_TYPE_PPP,3481.898,ILOSTAT EAR_EMTA_SEX_CUR_NB_A
DEU,2016,CUR_TYPE_USD,3110.219,ILOSTAT EAR_EMTA_SEX_CUR_NB_A
DEU,2015,CUR_TYPE_LCU,2778.176,ILOSTAT EAR_EMTA_SEX_CUR_NB_A
DEU,2015,CUR_TYPE_PPP,3335.494,ILOSTAT EAR_EMTA_SEX_CUR_NB_A
DEU,2015,CUR_TYPE_USD,3082.386,ILOSTAT EAR_EMTA_SEX_CUR_NB_A
DEU,2014,CUR_TYPE_LCU,2675.679,ILOSTAT EAR_EMTA_SEX_CUR_NB_A
DEU,2014,CUR_TYPE_PPP,3264.623,ILOSTAT EAR_EMTA_SEX_CUR_NB_A
DEU,2014,CUR_TYPE_USD,3554.639,ILOSTAT EAR_EMTA_SEX_CUR_NB_A
DEU,2013,CUR_TYPE_LCU,2633.832,ILOSTAT EAR_EMTA_SEX_CUR_NB_A
DEU,2013,CUR_TYPE_PPP,3185.261,ILOSTAT EAR_EMTA_SEX_CUR_NB_A
DEU,2013,CUR_TYPE_USD,3497.992,ILOSTAT EAR_EMTA_SEX_CUR_NB_A
DEU,2012,CUR_TYPE_LCU,2557.461,ILOSTAT EAR_EMTA_SEX_CUR_NB_A
DEU,2012,CUR_TYPE_PPP,3077.812,ILOSTAT EAR_EMTA_SEX_CUR_NB_A
DEU,2012,CUR_TYPE_USD,3285.826,ILOSTAT EAR_EMTA_SEX_CUR_NB_A
DEU,2011,CUR_TYPE_LCU,2486.438,ILOSTAT EAR_EMTA_SEX_CUR_NB_A
DEU,2011,CUR_TYPE_PPP,2993.559,ILOSTAT EAR_EMTA_SEX_CUR_NB_A
DEU,2011,CUR_TYPE_USD,3461.122,ILOSTAT EAR_EMTA_SEX_CUR_NB_A
DEU,2010,CUR_TYPE_LCU,2450.176,ILOSTAT EAR_EMTA_SEX_CUR_NB_A
DEU,2010,CUR_TYPE_PPP,2872.833,ILOSTAT EAR_EMTA_SEX_CUR_NB_A
DEU,2010,CUR_TYPE_USD,3248.198,ILOSTAT EAR_EMTA_SEX_CUR_NB_A
DEU,2009,CUR_TYPE_LCU,2466.733,ILOSTAT EAR_EMTA_SEX_CUR_NB_A
DEU,2009,CUR_TYPE_PPP,2854.793,ILOSTAT EAR_EMTA_SEX_CUR_NB_A
DEU,2009,CUR_TYPE_USD,3440.599,ILOSTAT EAR_EMTA_SEX_CUR_NB_A
DEU,2008,CUR_TYPE_LCU,2405.914,ILOSTAT EAR_EMTA_SEX_CUR_NB_A
DEU,2008,CUR_TYPE_PPP,2745.123,ILOSTAT EAR_EMTA_SEX_CUR_NB_A
DEU,2008,CUR_TYPE_USD,3538.618,ILOSTAT EAR_EMTA_SEX_CUR_NB_A
DEU,2007,CUR_TYPE_LCU,2363.375,ILOSTAT EAR_EMTA_SEX_CUR_NB_A
DEU,2007,CUR_TYPE_PPP,2654.073,ILOSTAT EAR_EMTA_SEX_CUR_NB_A
DEU,2007,CUR_TYPE_USD,3239.005,ILOSTAT EAR_EMTA_SEX_CUR_NB_A
DEU,2006,CUR_TYPE_LCU,2084.674,ILOSTAT EAR_EMTA_SEX_CUR_NB_A
DEU,2006,CUR_TYPE_PPP,2321.292,ILOSTAT EAR_EMTA_SEX_CUR_NB_A
DEU,2006,CUR_TYPE_USD,2617.516,ILOSTAT EAR_EMTA_SEX_CUR_NB_A
DEU,2005,CUR_TYPE_LCU,2563.163,ILOSTAT EAR_EMTA_SEX_CUR_NB_A
DEU,2005,CUR_TYPE_PPP,2822.966,ILOSTAT EAR_EMTA_SEX_CUR_NB_A
DEU,2005,CUR_TYPE_USD,3188.831,ILOSTAT EAR_EMTA_SEX_CUR_NB_A
DEU,2002,CUR_TYPE_LCU,2616.02,ILOSTAT EAR_EMTA_SEX_CUR_NB_A
DEU,2002,CUR_TYPE_PPP,2809.436,ILOSTAT EAR_EMTA_SEX_CUR_NB_A
DEU,2002,CUR_TYPE_USD,2473.709,ILOSTAT EAR_EMTA_SEX_CUR_NB_A
DNK,2025,CUR_TYPE_LCU,6187.68,ILOSTAT EAR_EMTA_SEX_CUR_NB_A
DNK,2025,CUR_TYPE_PPP,6689.19,ILOSTAT EAR_EMTA_SEX_CUR_NB_A
DNK,2025,CUR_TYPE_USD,6992.079,ILOSTAT EAR_EMTA_SEX_CUR_NB_A
DNK,2024,CUR_TYPE_LCU,5853.421,ILOSTAT EAR_EMTA_SEX_CUR_NB_A
DNK,2024,CUR_TYPE_PPP,6457.571,ILOSTAT EAR_EMTA_SEX_CUR_NB_A
DNK,2024,CUR_TYPE_USD,6335.743,ILOSTAT EAR_EMTA_SEX_CUR_NB_A
DNK,2023,CUR_TYPE_LCU,5643.147,ILOSTAT EAR_EMTA_SEX_CUR_NB_A
DNK,2023,CUR_TYPE_PPP,6185.205,ILOSTAT EAR_EMTA_SEX_CUR_NB_A
DNK,2023,CUR_TYPE_USD,6101.935,ILOSTAT EAR_EMTA_SEX_CUR_NB_A
DNK,2022,CUR_TYPE_LCU,5591.617,ILOSTAT EAR_EMTA_SEX_CUR_NB_A
DNK,2022,CUR_TYPE_PPP,5768.695,ILOSTAT EAR_EMTA_SEX_CUR_NB_A
DNK,2022,CUR_TYPE_USD,5887.973,ILOSTAT EAR_EMTA_SEX_CUR_NB_A
DNK,2021,CUR_TYPE_LCU,5503.67,ILOSTAT EAR_EMTA_SEX_CUR_NB_A
DNK,2021,CUR_TYPE_PPP,5640.212,ILOSTAT EAR_EMTA_SEX_CUR_NB_A
DNK,2021,CUR_TYPE_USD,6509.19,ILOSTAT EAR_EMTA_SEX_CUR_NB_A
DNK,2020,CUR_TYPE_LCU,5144.75,ILOSTAT EAR_EMTA_SEX_CUR_NB_A
DNK,2020,CUR_TYPE_PPP,5152.6,ILOSTAT EAR_EMTA_SEX_CUR_NB_A
DNK,2020,CUR_TYPE_USD,5876.333,ILOSTAT EAR_EMTA_SEX_CUR_NB_A
DNK,2019,CUR_TYPE_LCU,4703.634,ILOSTAT EAR_EMTA_SEX_CUR_NB_A
DNK,2019,CUR_TYPE_PPP,4607.475,ILOSTAT EAR_EMTA_SEX_CUR_NB_A
DNK,2019,CUR_TYPE_USD,5265.719,ILOSTAT EAR_EMTA_SEX_CUR_NB_A
DNK,2018,CUR_TYPE_LCU,4577.822,ILOSTAT EAR_EMTA_SEX_CUR_NB_A
DNK,2018,CUR_TYPE_PPP,4389.634,ILOSTAT EAR_EMTA_SEX_CUR_NB_A
DNK,2018,CUR_TYPE_USD,5406.408,ILOSTAT EAR_EMTA_SEX_CUR_NB_A
DNK,2017,CUR_TYPE_LCU,4501.776,ILOSTAT EAR_EMTA_SEX_CUR_NB_A
DNK,2017,CUR_TYPE_PPP,4205.354,ILOSTAT EAR_EMTA_SEX_CUR_NB_A
DNK,2017,CUR_TYPE_USD,5085.657,ILOSTAT EAR_EMTA_SEX_CUR_NB_A
DNK,2016,CUR_TYPE_LCU,4431.506,ILOSTAT EAR_EMTA_SEX_CUR_NB_A
DNK,2016,CUR_TYPE_PPP,4027.754,ILOSTAT EAR_EMTA_SEX_CUR_NB_A
DNK,2016,CUR_TYPE_USD,4905.234,ILOSTAT EAR_EMTA_SEX_CUR_NB_A
DNK,2015,CUR_TYPE_LCU,4444.607,ILOSTAT EAR_EMTA_SEX_CUR_NB_A
DNK,2015,CUR_TYPE_PPP,4001.792,ILOSTAT EAR_EMTA_SEX_CUR_NB_A
DNK,2015,CUR_TYPE_USD,4931.292,ILOSTAT EAR_EMTA_SEX_CUR_NB_A
DNK,2014,CUR_TYPE_LCU,4349.565,ILOSTAT EAR_EMTA_SEX_CUR_NB_A
DNK,2014,CUR_TYPE_PPP,3915.687,ILOSTAT EAR_EMTA_SEX_CUR_NB_A
DNK,2014,CUR_TYPE_USD,5778.398,ILOSTAT EAR_EMTA_SEX_CUR_NB_A
DNK,2013,CUR_TYPE_LCU,4228.354,ILOSTAT EAR_EMTA_SEX_CUR_NB_A
DNK,2013,CUR_TYPE_PPP,3817.596,ILOSTAT EAR_EMTA_SEX_CUR_NB_A
DNK,2013,CUR_TYPE_USD,5615.677,ILOSTAT EAR_EMTA_SEX_CUR_NB_A
DNK,2012,CUR_TYPE_LCU,4147.471,ILOSTAT EAR_EMTA_SEX_CUR_NB_A
DNK,2012,CUR_TYPE_PPP,3670.945,ILOSTAT EAR_EMTA_SEX_CUR_NB_A
DNK,2012,CUR_TYPE_USD,5328.671,ILOSTAT EAR_EMTA_SEX_CUR_NB_A
DNK,2011,CUR_TYPE_LCU,4028.668,ILOSTAT EAR_EMTA_SEX_CUR_NB_A
DNK,2011,CUR_TYPE_PPP,3601.206,ILOSTAT EAR_EMTA_SEX_CUR_NB_A
DNK,2011,CUR_TYPE_USD,5607.906,ILOSTAT EAR_EMTA_SEX_CUR_NB_A
DNK,2010,CUR_TYPE_LCU,3878.93,ILOSTAT EAR_EMTA_SEX_CUR_NB_A
DNK,2010,CUR_TYPE_PPP,3447.694,ILOSTAT EAR_EMTA_SEX_CUR_NB_A
DNK,2010,CUR_TYPE_USD,5142.298,ILOSTAT EAR_EMTA_SEX_CUR_NB_A
DNK,2009,CUR_TYPE_LCU,4136.57,ILOSTAT EAR_EMTA_SEX_CUR_NB_A
DNK,2009,CUR_TYPE_PPP,3662.04,ILOSTAT EAR_EMTA_SEX_CUR_NB_A
DNK,2009,CUR_TYPE_USD,5769.687,ILOSTAT EAR_EMTA_SEX_CUR_NB_A
DNK,2008,CUR_TYPE_LCU,3999.197,ILOSTAT EAR_EMTA_SEX_CUR_NB_A
DNK,2008,CUR_TYPE_PPP,3509.084,ILOSTAT EAR_EMTA_SEX_CUR_NB_A
DNK,2008,CUR_TYPE_USD,5882.019,ILOSTAT EAR_EMTA_SEX_CUR_NB_A
DNK,2007,CUR_TYPE_LCU,3837.598,ILOSTAT EAR_EMTA_SEX_CUR_NB_A
DNK,2007,CUR_TYPE_PPP,3306.904,ILOSTAT EAR_EMTA_SEX_CUR_NB_A
DNK,2007,CUR_TYPE_USD,5259.428,ILOSTAT EAR_EMTA_SEX_CUR_NB_A
DNK,2006,CUR_TYPE_LCU,3243.664,ILOSTAT EAR_EMTA_SEX_CUR_NB_A
DNK,2006,CUR_TYPE_PPP,2733.382,ILOSTAT EAR_EMTA_SEX_CUR_NB_A
DNK,2006,CUR_TYPE_USD,4072.744,ILOSTAT EAR_EMTA_SEX_CUR_NB_A
DNK,2005,CUR_TYPE_LCU,3141.032,ILOSTAT EAR_EMTA_SEX_CUR_NB_A
DNK,2005,CUR_TYPE_PPP,2584.858,ILOSTAT EAR_EMTA_SEX_CUR_NB_A
DNK,2005,CUR_TYPE_USD,3907.757,ILOSTAT EAR_EMTA_SEX_CUR_NB_A
DNK,2004,CUR_TYPE_LCU,3081.485,ILOSTAT EAR_EMTA_SEX_CUR_NB_A
DNK,2004,CUR_TYPE_PPP,2556.459,ILOSTAT EAR_EMTA_SEX_CUR_NB_A
DNK,2004,CUR_TYPE_USD,3833.059,ILOSTAT EAR_EMTA_SEX_CUR_NB_A
DNK,2002,CUR_TYPE_LCU,3249.98,ILOSTAT EAR_EMTA_SEX_CUR_NB_A
DNK,2002,CUR_TYPE_PPP,2671.493,ILOSTAT EAR_EMTA_SEX_CUR_NB_A
DNK,2002,CUR_TYPE_USD,3073.181,ILOSTAT EAR_EMTA_SEX_CUR_NB_A
DNK,1991,CUR_TYPE_LCU,16507.295,ILOSTAT EAR_EMTA_SEX_CUR_NB_A
DNK,1991,CUR_TYPE_PPP,1784.713,ILOSTAT EAR_EMTA_SEX_CUR_NB_A
DNK,1991,CUR_TYPE_USD,2580.693,ILOSTAT EAR_EMTA_SEX_CUR_NB_A
DNK,1990,CUR_TYPE_LCU,16312.69,ILOSTAT EAR_EMTA_SEX_CUR_NB_A
DNK,1990,CUR_TYPE_PPP,1754.483,ILOSTAT EAR_EMTA_SEX_CUR_NB_A
DNK,1990,CUR_TYPE_USD,2635.943,ILOSTAT EAR_EMTA_SEX_CUR_NB_A
DNK,1989,CUR_TYPE_LCU,15406.553,ILOSTAT EAR_EMTA_SEX_CUR_NB_A
DNK,1989,CUR_TYPE_USD,2107.549,ILOSTAT EAR_EMTA_SEX_CUR_NB_A
ESP,2025,CUR_TYPE_LCU,3162.954,ILOSTAT EAR_EMTA_SEX_CUR_NB_A
ESP,2025,CUR_TYPE_PPP,5203.46,ILOSTAT EAR_EMTA_SEX_CUR_NB_A
ESP,2025,CUR_TYPE_USD,3574.138,ILOSTAT EAR_EMTA_SEX_CUR_NB_A
ESP,2024,CUR_TYPE_LCU,3039.886,ILOSTAT EAR_EMTA_SEX_CUR_NB_A
ESP,2024,CUR_TYPE_PPP,5165.648,ILOSTAT EAR_EMTA_SEX_CUR_NB_A
ESP,2024,CUR_TYPE_USD,3290.372,ILOSTAT EAR_EMTA_SEX_CUR_NB_A
ESP,2023,CUR_TYPE_LCU,2944.256,ILOSTAT EAR_EMTA_SEX_CUR_NB_A
ESP,2023,CUR_TYPE_PPP,5062.922,ILOSTAT EAR_EMTA_SEX_CUR_NB_A
ESP,2023,CUR_TYPE_USD,3183.624,ILOSTAT EAR_EMTA_SEX_CUR_NB_A
ESP,2022,CUR_TYPE_LCU,2708.726,ILOSTAT EAR_EMTA_SEX_CUR_NB_A
ESP,2022,CUR_TYPE_PPP,4351.122,ILOSTAT EAR_EMTA_SEX_CUR_NB_A
ESP,2022,CUR_TYPE_USD,2852.288,ILOSTAT EAR_EMTA_SEX_CUR_NB_A
ESP,2021,CUR_TYPE_LCU,2593.517,ILOSTAT EAR_EMTA_SEX_CUR_NB_A
ESP,2021,CUR_TYPE_PPP,3962.453,ILOSTAT EAR_EMTA_SEX_CUR_NB_A
ESP,2021,CUR_TYPE_USD,3067.352,ILOSTAT EAR_EMTA_SEX_CUR_NB_A
ESP,2020,CUR_TYPE_LCU,2626.703,ILOSTAT EAR_EMTA_SEX_CUR_NB_A
ESP,2020,CUR_TYPE_PPP,3826.18,ILOSTAT EAR_EMTA_SEX_CUR_NB_A
ESP,2020,CUR_TYPE_USD,3000.22,ILOSTAT EAR_EMTA_SEX_CUR_NB_A
ESP,2019,CUR_TYPE_LCU,2435.666,ILOSTAT EAR_EMTA_SEX_CUR_NB_A
ESP,2019,CUR_TYPE_PPP,3566.301,ILOSTAT EAR_EMTA_SEX_CUR_NB_A
ESP,2019,CUR_TYPE_USD,2726.728,ILOSTAT EAR_EMTA_SEX_CUR_NB_A
ESP,2018,CUR_TYPE_LCU,1944.42,ILOSTAT EAR_EMTA_SEX_CUR_NB_A
ESP,2018,CUR_TYPE_PPP,2734.072,ILOSTAT EAR_EMTA_SEX_CUR_NB_A
ESP,2018,CUR_TYPE_USD,2296.36,ILOSTAT EAR_EMTA_SEX_CUR_NB_A
ESP,2017,CUR_TYPE_LCU,1888.95,ILOSTAT EAR_EMTA_SEX_CUR_NB_A
ESP,2017,CUR_TYPE_PPP,2658.138,ILOSTAT EAR_EMTA_SEX_CUR_NB_A
ESP,2017,CUR_TYPE_USD,2133.947,ILOSTAT EAR_EMTA_SEX_CUR_NB_A
ESP,2016,CUR_TYPE_LCU,1878.09,ILOSTAT EAR_EMTA_SEX_CUR_NB_A
ESP,2016,CUR_TYPE_PPP,2614.304,ILOSTAT EAR_EMTA_SEX_CUR_NB_A
ESP,2016,CUR_TYPE_USD,2078.858,ILOSTAT EAR_EMTA_SEX_CUR_NB_A
ESP,2015,CUR_TYPE_LCU,1893.7,ILOSTAT EAR_EMTA_SEX_CUR_NB_A
ESP,2015,CUR_TYPE_PPP,2565.374,ILOSTAT EAR_EMTA_SEX_CUR_NB_A
ESP,2015,CUR_TYPE_USD,2101.06,ILOSTAT EAR_EMTA_SEX_CUR_NB_A
ESP,2014,CUR_TYPE_LCU,1881.32,ILOSTAT EAR_EMTA_SEX_CUR_NB_A
ESP,2014,CUR_TYPE_PPP,2527.881,ILOSTAT EAR_EMTA_SEX_CUR_NB_A
ESP,2014,CUR_TYPE_USD,2499.334,ILOSTAT EAR_EMTA_SEX_CUR_NB_A
ESP,2013,CUR_TYPE_LCU,1869.11,ILOSTAT EAR_EMTA_SEX_CUR_NB_A
ESP,2013,CUR_TYPE_PPP,2464.359,ILOSTAT EAR_EMTA_SEX_CUR_NB_A
ESP,2013,CUR_TYPE_USD,2482.365,ILOSTAT EAR_EMTA_SEX_CUR_NB_A
ESP,2012,CUR_TYPE_LCU,1850.26,ILOSTAT EAR_EMTA_SEX_CUR_NB_A
ESP,2012,CUR_TYPE_PPP,2354.56,ILOSTAT EAR_EMTA_SEX_CUR_NB_A
ESP,2012,CUR_TYPE_USD,2377.214,ILOSTAT EAR_EMTA_SEX_CUR_NB_A
ESP,2011,CUR_TYPE_LCU,1841.75,ILOSTAT EAR_EMTA_SEX_CUR_NB_A
ESP,2011,CUR_TYPE_PPP,2326.485,ILOSTAT EAR_EMTA_SEX_CUR_NB_A
ESP,2011,CUR_TYPE_USD,2563.716,ILOSTAT EAR_EMTA_SEX_CUR_NB_A
ESP,2010,CUR_TYPE_LCU,1838.82,ILOSTAT EAR_EMTA_SEX_CUR_NB_A
ESP,2010,CUR_TYPE_PPP,2294.988,ILOSTAT EAR_EMTA_SEX_CUR_NB_A
ESP,2010,CUR_TYPE_USD,2437.724,ILOSTAT EAR_EMTA_SEX_CUR_NB_A
ESP,2009,CUR_TYPE_LCU,1815.18,ILOSTAT EAR_EMTA_SEX_CUR_NB_A
ESP,2009,CUR_TYPE_PPP,2267.674,ILOSTAT EAR_EMTA_SEX_CUR_NB_A
ESP,2009,CUR_TYPE_USD,2531.813,ILOSTAT EAR_EMTA_SEX_CUR_NB_A
ESP,2008,CUR_TYPE_LCU,2191.667,ILOSTAT EAR_EMTA_SEX_CUR_NB_A
ESP,2008,CUR_TYPE_PPP,2732.19,ILOSTAT EAR_EMTA_SEX_CUR_NB_A
ESP,2008,CUR_TYPE_USD,3223.504,ILOSTAT EAR_EMTA_SEX_CUR_NB_A
ESP,2007,CUR_TYPE_LCU,1975.852,ILOSTAT EAR_EMTA_SEX_CUR_NB_A
ESP,2007,CUR_TYPE_PPP,2444.862,ILOSTAT EAR_EMTA_SEX_CUR_NB_A
ESP,2007,CUR_TYPE_USD,2707.905,ILOSTAT EAR_EMTA_SEX_CUR_NB_A
ESP,2006,CUR_TYPE_LCU,1570.339,ILOSTAT EAR_EMTA_SEX_CUR_NB_A
ESP,2006,CUR_TYPE_PPP,1985.597,ILOSTAT EAR_EMTA_SEX_CUR_NB_A
ESP,2006,CUR_TYPE_USD,1971.717,ILOSTAT EAR_EMTA_SEX_CUR_NB_A
ESP,1995,CUR_TYPE_LCU,193721.761,ILOSTAT EAR_EMTA_SEX_CUR_NB_A
ESP,1994,CUR_TYPE_LCU,187714.04,ILOSTAT EAR_EMTA_SEX_CUR_NB_A
ESP,1993,CUR_TYPE_LCU,181495.738,ILOSTAT EAR_EMTA_SEX_CUR_NB_A
ESP,1992,CUR_TYPE_LCU,166527.978,ILOSTAT EAR_EMTA_SEX_CUR_NB_A
ESP,1991,CUR_TYPE_LCU,152493.476,ILOSTAT EAR_EMTA_SEX_CUR_NB_A
ESP,1990,CUR_TYPE_LCU,141852.847,ILOSTAT EAR_EMTA_SEX_CUR_NB_A
ESP,1989,CUR_TYPE_LCU,129836.159,ILOSTAT EAR_EMTA_SEX_CUR_NB_A
EST,2025,CUR_TYPE_LCU,2847.39,ILOSTAT EAR_EMTA_SEX_CUR_NB_A
EST,2025,CUR_TYPE_PPP,4238.821,ILOSTAT EAR_EMTA_SEX_CUR_NB_A
EST,2025,CUR_TYPE_USD,3217.551,ILOSTAT EAR_EMTA_SEX_CUR_NB_A
EST,2024,CUR_TYPE_LCU,2626.26,ILOSTAT EAR_EMTA_SEX_CUR_NB_A
EST,2024,CUR_TYPE_PPP,4064.927,ILOSTAT EAR_EMTA_SEX_CUR_NB_A
EST,2024,CUR_TYPE_USD,2842.664,ILOSTAT EAR_EMTA_SEX_CUR_NB_A
EST,2023,CUR_TYPE_LCU,2418.598,ILOSTAT EAR_EMTA_SEX_CUR_NB_A
EST,2023,CUR_TYPE_PPP,3762.487,ILOSTAT EAR_EMTA_SEX_CUR_NB_A
EST,2023,CUR_TYPE_USD,2615.23,ILOSTAT EAR_EMTA_SEX_CUR_NB_A
EST,2022,CUR_TYPE_LCU,2132.681,ILOSTAT EAR_EMTA_SEX_CUR_NB_A
EST,2022,CUR_TYPE_PPP,3226.939,ILOSTAT EAR_EMTA_SEX_CUR_NB_A
EST,2022,CUR_TYPE_USD,2245.713,ILOSTAT EAR_EMTA_SEX_CUR_NB_A
EST,2021,CUR_TYPE_LCU,2044.313,ILOSTAT EAR_EMTA_SEX_CUR_NB_A
EST,2021,CUR_TYPE_PPP,3240.687,ILOSTAT EAR_EMTA_SEX_CUR_NB_A
EST,2021,CUR_TYPE_USD,2417.809,ILOSTAT EAR_EMTA_SEX_CUR_NB_A
EST,2020,CUR_TYPE_LCU,1920.384,ILOSTAT EAR_EMTA_SEX_CUR_NB_A
EST,2020,CUR_TYPE_PPP,3183.385,ILOSTAT EAR_EMTA_SEX_CUR_NB_A
EST,2020,CUR_TYPE_USD,2193.462,ILOSTAT EAR_EMTA_SEX_CUR_NB_A
EST,2019,CUR_TYPE_LCU,1693.642,ILOSTAT EAR_EMTA_SEX_CUR_NB_A
EST,2019,CUR_TYPE_PPP,2802.994,ILOSTAT EAR_EMTA_SEX_CUR_NB_A
EST,2019,CUR_TYPE_USD,1896.032,ILOSTAT EAR_EMTA_SEX_CUR_NB_A
EST,2018,CUR_TYPE_LCU,1637.51,ILOSTAT EAR_EMTA_SEX_CUR_NB_A
EST,2018,CUR_TYPE_PPP,2673.813,ILOSTAT EAR_EMTA_SEX_CUR_NB_A
EST,2018,CUR_TYPE_USD,1933.899,ILOSTAT EAR_EMTA_SEX_CUR_NB_A
EST,2017,CUR_TYPE_LCU,1482.831,ILOSTAT EAR_EMTA_SEX_CUR_NB_A
EST,2017,CUR_TYPE_PPP,2444.802,ILOSTAT EAR_EMTA_SEX_CUR_NB_A
EST,2017,CUR_TYPE_USD,1675.155,ILOSTAT EAR_EMTA_SEX_CUR_NB_A
EST,2016,CUR_TYPE_LCU,1471.64,ILOSTAT EAR_EMTA_SEX_CUR_NB_A
EST,2016,CUR_TYPE_PPP,2478.915,ILOSTAT EAR_EMTA_SEX_CUR_NB_A
EST,2016,CUR_TYPE_USD,1628.959,ILOSTAT EAR_EMTA_SEX_CUR_NB_A
EST,2015,CUR_TYPE_LCU,1429.967,ILOSTAT EAR_EMTA_SEX_CUR_NB_A
EST,2015,CUR_TYPE_PPP,2370.607,ILOSTAT EAR_EMTA_SEX_CUR_NB_A
EST,2015,CUR_TYPE_USD,1586.548,ILOSTAT EAR_EMTA_SEX_CUR_NB_A
EST,2014,CUR_TYPE_LCU,1400.517,ILOSTAT EAR_EMTA_SEX_CUR_NB_A
EST,2014,CUR_TYPE_PPP,2338.174,ILOSTAT EAR_EMTA_SEX_CUR_NB_A
EST,2014,CUR_TYPE_USD,1860.587,ILOSTAT EAR_EMTA_SEX_CUR_NB_A
EST,2013,CUR_TYPE_LCU,1218.527,ILOSTAT EAR_EMTA_SEX_CUR_NB_A
EST,2013,CUR_TYPE_PPP,2037.092,ILOSTAT EAR_EMTA_SEX_CUR_NB_A
EST,2013,CUR_TYPE_USD,1618.326,ILOSTAT EAR_EMTA_SEX_CUR_NB_A
EST,2012,CUR_TYPE_LCU,1129.093,ILOSTAT EAR_EMTA_SEX_CUR_NB_A
EST,2012,CUR_TYPE_PPP,1887.927,ILOSTAT EAR_EMTA_SEX_CUR_NB_A
EST,2012,CUR_TYPE_USD,1450.659,ILOSTAT EAR_EMTA_SEX_CUR_NB_A
EST,2011,CUR_TYPE_LCU,1042.875,ILOSTAT EAR_EMTA_SEX_CUR_NB_A
EST,2011,CUR_TYPE_PPP,1774.11,ILOSTAT EAR_EMTA_SEX_CUR_NB_A
EST,2011,CUR_TYPE_USD,1451.682,ILOSTAT EAR_EMTA_SEX_CUR_NB_A
EST,2010,CUR_TYPE_LCU,1040.712,ILOSTAT EAR_EMTA_SEX_CUR_NB_A
EST,2010,CUR_TYPE_PPP,1772.882,ILOSTAT EAR_EMTA_SEX_CUR_NB_A
EST,2010,CUR_TYPE_USD,1379.672,ILOSTAT EAR_EMTA_SEX_CUR_NB_A
EST,2009,CUR_TYPE_LCU,1017.959,ILOSTAT EAR_EMTA_SEX_CUR_NB_A
EST,2009,CUR_TYPE_PPP,1700.564,ILOSTAT EAR_EMTA_SEX_CUR_NB_A
EST,2009,CUR_TYPE_USD,1419.849,ILOSTAT EAR_EMTA_SEX_CUR_NB_A
EST,2008,CUR_TYPE_LCU,948.293,ILOSTAT EAR_EMTA_SEX_CUR_NB_A
EST,2008,CUR_TYPE_PPP,1516.985,ILOSTAT EAR_EMTA_SEX_CUR_NB_A
EST,2008,CUR_TYPE_USD,1394.749,ILOSTAT EAR_EMTA_SEX_CUR_NB_A
EST,2007,CUR_TYPE_LCU,804.916,ILOSTAT EAR_EMTA_SEX_CUR_NB_A
EST,2007,CUR_TYPE_PPP,1309.813,ILOSTAT EAR_EMTA_SEX_CUR_NB_A
EST,2007,CUR_TYPE_USD,1103.137,ILOSTAT EAR_EMTA_SEX_CUR_NB_A
EST,2006,CUR_TYPE_LCU,512.271,ILOSTAT EAR_EMTA_SEX_CUR_NB_A
EST,2006,CUR_TYPE_PPP,875.849,ILOSTAT EAR_EMTA_SEX_CUR_NB_A
EST,2006,CUR_TYPE_USD,643.208,ILOSTAT EAR_EMTA_SEX_CUR_NB_A
EST,2005,CUR_TYPE_LCU,445.478,ILOSTAT EAR_EMTA_SEX_CUR_NB_A
EST,2005,CUR_TYPE_PPP,803.959,ILOSTAT EAR_EMTA_SEX_CUR_NB_A
EST,2005,CUR_TYPE_USD,554.219,ILOSTAT EAR_EMTA_SEX_CUR_NB_A
EST,2004,CUR_TYPE_LCU,414.163,ILOSTAT EAR_EMTA_SEX_CUR_NB_A
EST,2004,CUR_TYPE_PPP,768.711,ILOSTAT EAR_EMTA_SEX_CUR_NB_A
EST,2004,CUR_TYPE_USD,515.177,ILOSTAT EAR_EMTA_SEX_CUR_NB_A
EST,2003,CUR_TYPE_LCU,6723,ILOSTAT EAR_EMTA_SEX_CUR_NB_A
EST,2003,CUR_TYPE_PPP,809.171,ILOSTAT EAR_EMTA_SEX_CUR_NB_A
EST,2003,CUR_TYPE_USD,485.191,ILOSTAT EAR_EMTA_SEX_CUR_NB_A
EST,2002,CUR_TYPE_LCU,395.33,ILOSTAT EAR_EMTA_SEX_CUR_NB_A
EST,2002,CUR_TYPE_PPP,750.197,ILOSTAT EAR_EMTA_SEX_CUR_NB_A
EST,2002,CUR_TYPE_USD,373.824,ILOSTAT EAR_EMTA_SEX_CUR_NB_A
EST,2001,CUR_TYPE_LCU,5510,ILOSTAT EAR_EMTA_SEX_CUR_NB_A
EST,2001,CUR_TYPE_PPP,659.847,ILOSTAT EAR_EMTA_SEX_CUR_NB_A
EST,2001,CUR_TYPE_USD,315.252,ILOSTAT EAR_EMTA_SEX_CUR_NB_A
EST,2000,CUR_TYPE_LCU,4907,ILOSTAT EAR_EMTA_SEX_CUR_NB_A
EST,2000,CUR_TYPE_PPP,614.901,ILOSTAT EAR_EMTA_SEX_CUR_NB_A
EST,2000,CUR_TYPE_USD,289.181,ILOSTAT EAR_EMTA_SEX_CUR_NB_A
EST,1999,CUR_TYPE_LCU,4440,ILOSTAT EAR_EMTA_SEX_CUR_NB_A
EST,1999,CUR_TYPE_PPP,554.972,ILOSTAT EAR_EMTA_SEX_CUR_NB_A
EST,1999,CUR_TYPE_USD,302.502,ILOSTAT EAR_EMTA_SEX_CUR_NB_A
EST,1998,CUR_TYPE_LCU,4125,ILOSTAT EAR_EMTA_SEX_CUR_NB_A
EST,1998,CUR_TYPE_PPP,521.886,ILOSTAT EAR_EMTA_SEX_CUR_NB_A
EST,1998,CUR_TYPE_USD,293.08,ILOSTAT EAR_EMTA_SEX_CUR_NB_A
EST,1997,CUR_TYPE_LCU,3573,ILOSTAT EAR_EMTA_SEX_CUR_NB_A
EST,1997,CUR_TYPE_PPP,478.693,ILOSTAT EAR_EMTA_SEX_CUR_NB_A
EST,1997,CUR_TYPE_USD,257.388,ILOSTAT EAR_EMTA_SEX_CUR_NB_A
EST,1996,CUR_TYPE_LCU,2985,ILOSTAT EAR_EMTA_SEX_CUR_NB_A
EST,1996,CUR_TYPE_PPP,444.623,ILOSTAT EAR_EMTA_SEX_CUR_NB_A
EST,1996,CUR_TYPE_USD,247.965,ILOSTAT EAR_EMTA_SEX_CUR_NB_A
EST,1995,CUR_TYPE_LCU,2375,ILOSTAT EAR_EMTA_SEX_CUR_NB_A
EST,1995,CUR_TYPE_PPP,439.088,ILOSTAT EAR_EMTA_SEX_CUR_NB_A
EST,1995,CUR_TYPE_USD,207.157,ILOSTAT EAR_EMTA_SEX_CUR_NB_A
EST,1994,CUR_TYPE_LCU,1734,ILOSTAT EAR_EMTA_SEX_CUR_NB_A
EST,1994,CUR_TYPE_PPP,379.734,ILOSTAT EAR_EMTA_SEX_CUR_NB_A
EST,1994,CUR_TYPE_USD,133.475,ILOSTAT EAR_EMTA_SEX_CUR_NB_A
EST,1993,CUR_TYPE_LCU,1066,ILOSTAT EAR_EMTA_SEX_CUR_NB_A
EST,1993,CUR_TYPE_PPP,335.268,ILOSTAT EAR_EMTA_SEX_CUR_NB_A
EST,1993,CUR_TYPE_USD,80.619,ILOSTAT EAR_EMTA_SEX_CUR_NB_A
EST,1992,CUR_TYPE_LCU,549,ILOSTAT EAR_EMTA_SEX_CUR_NB_A
FIN,2025,CUR_TYPE_LCU,5097.386,ILOSTAT EAR_EMTA_SEX_CUR_NB_A
FIN,2025,CUR_TYPE_PPP,6355.763,ILOSTAT EAR_EMTA_SEX_CUR_NB_A
FIN,2025,CUR_TYPE_USD,5760.046,ILOSTAT EAR_EMTA_SEX_CUR_NB_A
FIN,2024,CUR_TYPE_LCU,4928.678,ILOSTAT EAR_EMTA_SEX_CUR_NB_A
FIN,2024,CUR_TYPE_PPP,6252.794,ILOSTAT EAR_EMTA_SEX_CUR_NB_A
FIN,2024,CUR_TYPE_USD,5334.801,ILOSTAT EAR_EMTA_SEX_CUR_NB_A
FIN,2023,CUR_TYPE_LCU,4759.639,ILOSTAT EAR_EMTA_SEX_CUR_NB_A
FIN,2023,CUR_TYPE_PPP,5969.292,ILOSTAT EAR_EMTA_SEX_CUR_NB_A
FIN,2023,CUR_TYPE_USD,5146.598,ILOSTAT EAR_EMTA_SEX_CUR_NB_A
FIN,2022,CUR_TYPE_LCU,4620.305,ILOSTAT EAR_EMTA_SEX_CUR_NB_A
FIN,2022,CUR_TYPE_PPP,5566.994,ILOSTAT EAR_EMTA_SEX_CUR_NB_A
FIN,2022,CUR_TYPE_USD,4865.181,ILOSTAT EAR_EMTA_SEX_CUR_NB_A
FIN,2021,CUR_TYPE_LCU,4308.58,ILOSTAT EAR_EMTA_SEX_CUR_NB_A
FIN,2021,CUR_TYPE_PPP,4941.724,ILOSTAT EAR_EMTA_SEX_CUR_NB_A
FIN,2021,CUR_TYPE_USD,5095.758,ILOSTAT EAR_EMTA_SEX_CUR_NB_A
FIN,2020,CUR_TYPE_LCU,4230.347,ILOSTAT EAR_EMTA_SEX_CUR_NB_A
FIN,2020,CUR_TYPE_PPP,4769.636,ILOSTAT EAR_EMTA_SEX_CUR_NB_A
FIN,2020,CUR_TYPE_USD,4831.903,ILOSTAT EAR_EMTA_SEX_CUR_NB_A
FIN,2019,CUR_TYPE_LCU,4130.428,ILOSTAT EAR_EMTA_SEX_CUR_NB_A
FIN,2019,CUR_TYPE_PPP,4595.042,ILOSTAT EAR_EMTA_SEX_CUR_NB_A
FIN,2019,CUR_TYPE_USD,4624.014,ILOSTAT EAR_EMTA_SEX_CUR_NB_A
FIN,2018,CUR_TYPE_LCU,4097.623,ILOSTAT EAR_EMTA_SEX_CUR_NB_A
FIN,2018,CUR_TYPE_PPP,4416.97,ILOSTAT EAR_EMTA_SEX_CUR_NB_A
FIN,2018,CUR_TYPE_USD,4839.292,ILOSTAT EAR_EMTA_SEX_CUR_NB_A
FIN,2017,CUR_TYPE_LCU,4088.035,ILOSTAT EAR_EMTA_SEX_CUR_NB_A
FIN,2017,CUR_TYPE_PPP,4356.226,ILOSTAT EAR_EMTA_SEX_CUR_NB_A
FIN,2017,CUR_TYPE_USD,4618.253,ILOSTAT EAR_EMTA_SEX_CUR_NB_A
FIN,2016,CUR_TYPE_LCU,4081.181,ILOSTAT EAR_EMTA_SEX_CUR_NB_A
FIN,2016,CUR_TYPE_PPP,4295.772,ILOSTAT EAR_EMTA_SEX_CUR_NB_A
FIN,2016,CUR_TYPE_USD,4517.459,ILOSTAT EAR_EMTA_SEX_CUR_NB_A
FIN,2015,CUR_TYPE_LCU,4010.117,ILOSTAT EAR_EMTA_SEX_CUR_NB_A
FIN,2015,CUR_TYPE_PPP,4094.714,ILOSTAT EAR_EMTA_SEX_CUR_NB_A
FIN,2015,CUR_TYPE_USD,4449.225,ILOSTAT EAR_EMTA_SEX_CUR_NB_A
FIN,2014,CUR_TYPE_LCU,3918.729,ILOSTAT EAR_EMTA_SEX_CUR_NB_A
FIN,2014,CUR_TYPE_PPP,4005.017,ILOSTAT EAR_EMTA_SEX_CUR_NB_A
FIN,2014,CUR_TYPE_USD,5206.032,ILOSTAT EAR_EMTA_SEX_CUR_NB_A
FIN,2013,CUR_TYPE_LCU,3809.484,ILOSTAT EAR_EMTA_SEX_CUR_NB_A
FIN,2013,CUR_TYPE_PPP,3876.438,ILOSTAT EAR_EMTA_SEX_CUR_NB_A
FIN,2013,CUR_TYPE_USD,5059.376,ILOSTAT EAR_EMTA_SEX_CUR_NB_A
FIN,2012,CUR_TYPE_LCU,3691.604,ILOSTAT EAR_EMTA_SEX_CUR_NB_A
FIN,2012,CUR_TYPE_PPP,3727.462,ILOSTAT EAR_EMTA_SEX_CUR_NB_A
FIN,2012,CUR_TYPE_USD,4742.973,ILOSTAT EAR_EMTA_SEX_CUR_NB_A
FIN,2011,CUR_TYPE_LCU,3541.288,ILOSTAT EAR_EMTA_SEX_CUR_NB_A
FIN,2011,CUR_TYPE_PPP,3636.192,ILOSTAT EAR_EMTA_SEX_CUR_NB_A
FIN,2011,CUR_TYPE_USD,4929.472,ILOSTAT EAR_EMTA_SEX_CUR_NB_A
FIN,2010,CUR_TYPE_LCU,3452.691,ILOSTAT EAR_EMTA_SEX_CUR_NB_A
FIN,2010,CUR_TYPE_PPP,3525.359,ILOSTAT EAR_EMTA_SEX_CUR_NB_A
FIN,2010,CUR_TYPE_USD,4577.232,ILOSTAT EAR_EMTA_SEX_CUR_NB_A
FIN,2009,CUR_TYPE_LCU,3396.454,ILOSTAT EAR_EMTA_SEX_CUR_NB_A
FIN,2009,CUR_TYPE_PPP,3451.081,ILOSTAT EAR_EMTA_SEX_CUR_NB_A
FIN,2009,CUR_TYPE_USD,4737.373,ILOSTAT EAR_EMTA_SEX_CUR_NB_A
FIN,2008,CUR_TYPE_LCU,3156.464,ILOSTAT EAR_EMTA_SEX_CUR_NB_A
FIN,2008,CUR_TYPE_PPP,3181.108,ILOSTAT EAR_EMTA_SEX_CUR_NB_A
FIN,2008,CUR_TYPE_USD,4642.528,ILOSTAT EAR_EMTA_SEX_CUR_NB_A
FIN,2007,CUR_TYPE_LCU,3052.066,ILOSTAT EAR_EMTA_SEX_CUR_NB_A
FIN,2007,CUR_TYPE_PPP,3018.835,ILOSTAT EAR_EMTA_SEX_CUR_NB_A
FIN,2007,CUR_TYPE_USD,4182.857,ILOSTAT EAR_EMTA_SEX_CUR_NB_A
FIN,2006,CUR_TYPE_LCU,2336.174,ILOSTAT EAR_EMTA_SEX_CUR_NB_A
FIN,2006,CUR_TYPE_PPP,2236.414,ILOSTAT EAR_EMTA_SEX_CUR_NB_A
FIN,2006,CUR_TYPE_USD,2933.299,ILOSTAT EAR_EMTA_SEX_CUR_NB_A
FIN,2005,CUR_TYPE_LCU,2265.635,ILOSTAT EAR_EMTA_SEX_CUR_NB_A
FIN,2005,CUR_TYPE_PPP,2121.361,ILOSTAT EAR_EMTA_SEX_CUR_NB_A
FIN,2005,CUR_TYPE_USD,2818.677,ILOSTAT EAR_EMTA_SEX_CUR_NB_A
FIN,2004,CUR_TYPE_LCU,2227.584,ILOSTAT EAR_EMTA_SEX_CUR_NB_A
FIN,2004,CUR_TYPE_PPP,2093.82,ILOSTAT EAR_EMTA_SEX_CUR_NB_A
FIN,2004,CUR_TYPE_USD,2770.891,ILOSTAT EAR_EMTA_SEX_CUR_NB_A
FRA,2025,CUR_TYPE_LCU,4445.62,ILOSTAT EAR_EMTA_SEX_CUR_NB_A
FRA,2025,CUR_TYPE_PPP,6069.098,ILOSTAT EAR_EMTA_SEX_CUR_NB_A
FRA,2025,CUR_TYPE_USD,5023.551,ILOSTAT EAR_EMTA_SEX_CUR_NB_A
FRA,2024,CUR_TYPE_LCU,2196.954,ILOSTAT EAR_EMTA_SEX_CUR_NB_A
FRA,2024,CUR_TYPE_PPP,3064.374,ILOSTAT EAR_EMTA_SEX_CUR_NB_A
FRA,2024,CUR_TYPE_USD,2377.983,ILOSTAT EAR_EMTA_SEX_CUR_NB_A
FRA,2023,CUR_TYPE_LCU,2114.854,ILOSTAT EAR_EMTA_SEX_CUR_NB_A
FRA,2023,CUR_TYPE_PPP,2939.576,ILOSTAT EAR_EMTA_SEX_CUR_NB_A
FRA,2023,CUR_TYPE_USD,2286.792,ILOSTAT EAR_EMTA_SEX_CUR_NB_A
FRA,2022,CUR_TYPE_LCU,2027.804,ILOSTAT EAR_EMTA_SEX_CUR_NB_A
FRA,2022,CUR_TYPE_PPP,2724.419,ILOSTAT EAR_EMTA_SEX_CUR_NB_A
FRA,2022,CUR_TYPE_USD,2135.278,ILOSTAT EAR_EMTA_SEX_CUR_NB_A
FRA,2021,CUR_TYPE_LCU,1985.781,ILOSTAT EAR_EMTA_SEX_CUR_NB_A
FRA,2021,CUR_TYPE_PPP,2506.688,ILOSTAT EAR_EMTA_SEX_CUR_NB_A
FRA,2021,CUR_TYPE_USD,2348.583,ILOSTAT EAR_EMTA_SEX_CUR_NB_A
FRA,2020,CUR_TYPE_LCU,2015.55,ILOSTAT EAR_EMTA_SEX_CUR_NB_A
FRA,2020,CUR_TYPE_PPP,2542.694,ILOSTAT EAR_EMTA_SEX_CUR_NB_A
FRA,2020,CUR_TYPE_USD,2302.161,ILOSTAT EAR_EMTA_SEX_CUR_NB_A
FRA,2019,CUR_TYPE_LCU,1986.284,ILOSTAT EAR_EMTA_SEX_CUR_NB_A
FRA,2019,CUR_TYPE_PPP,2460.105,ILOSTAT EAR_EMTA_SEX_CUR_NB_A
FRA,2019,CUR_TYPE_USD,2223.645,ILOSTAT EAR_EMTA_SEX_CUR_NB_A
FRA,2018,CUR_TYPE_LCU,1931.652,ILOSTAT EAR_EMTA_SEX_CUR_NB_A
FRA,2018,CUR_TYPE_PPP,2297.633,ILOSTAT EAR_EMTA_SEX_CUR_NB_A
FRA,2018,CUR_TYPE_USD,2281.281,ILOSTAT EAR_EMTA_SEX_CUR_NB_A
FRA,2017,CUR_TYPE_LCU,1889.213,ILOSTAT EAR_EMTA_SEX_CUR_NB_A
FRA,2017,CUR_TYPE_PPP,2228.277,ILOSTAT EAR_EMTA_SEX_CUR_NB_A
FRA,2017,CUR_TYPE_USD,2134.244,ILOSTAT EAR_EMTA_SEX_CUR_NB_A
FRA,2016,CUR_TYPE_LCU,1866.954,ILOSTAT EAR_EMTA_SEX_CUR_NB_A
FRA,2016,CUR_TYPE_PPP,2203.814,ILOSTAT EAR_EMTA_SEX_CUR_NB_A
FRA,2016,CUR_TYPE_USD,2066.532,ILOSTAT EAR_EMTA_SEX_CUR_NB_A
FRA,2015,CUR_TYPE_LCU,1851.132,ILOSTAT EAR_EMTA_SEX_CUR_NB_A
FRA,2015,CUR_TYPE_PPP,2123.006,ILOSTAT EAR_EMTA_SEX_CUR_NB_A
FRA,2015,CUR_TYPE_USD,2053.831,ILOSTAT EAR_EMTA_SEX_CUR_NB_A
FRA,2014,CUR_TYPE_LCU,1843.536,ILOSTAT EAR_EMTA_SEX_CUR_NB_A
FRA,2014,CUR_TYPE_PPP,2144.964,ILOSTAT EAR_EMTA_SEX_CUR_NB_A
FRA,2014,CUR_TYPE_USD,2449.138,ILOSTAT EAR_EMTA_SEX_CUR_NB_A
FRA,2013,CUR_TYPE_LCU,1826.341,ILOSTAT EAR_EMTA_SEX_CUR_NB_A
FRA,2013,CUR_TYPE_PPP,2120.959,ILOSTAT EAR_EMTA_SEX_CUR_NB_A
FRA,2013,CUR_TYPE_USD,2425.563,ILOSTAT EAR_EMTA_SEX_CUR_NB_A
FRA,2012,CUR_TYPE_LCU,1819.133,ILOSTAT EAR_EMTA_SEX_CUR_NB_A
FRA,2012,CUR_TYPE_PPP,2052.076,ILOSTAT EAR_EMTA_SEX_CUR_NB_A
FRA,2012,CUR_TYPE_USD,2337.222,ILOSTAT EAR_EMTA_SEX_CUR_NB_A
FRA,2011,CUR_TYPE_LCU,1784.44,ILOSTAT EAR_EMTA_SEX_CUR_NB_A
FRA,2011,CUR_TYPE_PPP,2021.646,ILOSTAT EAR_EMTA_SEX_CUR_NB_A
FRA,2011,CUR_TYPE_USD,2483.941,ILOSTAT EAR_EMTA_SEX_CUR_NB_A
FRA,2010,CUR_TYPE_LCU,1738.951,ILOSTAT EAR_EMTA_SEX_CUR_NB_A
FRA,2010,CUR_TYPE_PPP,1936.685,ILOSTAT EAR_EMTA_SEX_CUR_NB_A
FRA,2010,CUR_TYPE_USD,2305.328,ILOSTAT EAR_EMTA_SEX_CUR_NB_A
FRA,2009,CUR_TYPE_LCU,1717.239,ILOSTAT EAR_EMTA_SEX_CUR_NB_A
FRA,2009,CUR_TYPE_PPP,1891.724,ILOSTAT EAR_EMTA_SEX_CUR_NB_A
FRA,2009,CUR_TYPE_USD,2395.205,ILOSTAT EAR_EMTA_SEX_CUR_NB_A
FRA,2008,CUR_TYPE_LCU,1676.993,ILOSTAT EAR_EMTA_SEX_CUR_NB_A
FRA,2008,CUR_TYPE_PPP,1812.578,ILOSTAT EAR_EMTA_SEX_CUR_NB_A
FRA,2008,CUR_TYPE_USD,2466.522,ILOSTAT EAR_EMTA_SEX_CUR_NB_A
FRA,2007,CUR_TYPE_LCU,1633.953,ILOSTAT EAR_EMTA_SEX_CUR_NB_A
FRA,2007,CUR_TYPE_PPP,1764.252,ILOSTAT EAR_EMTA_SEX_CUR_NB_A
FRA,2007,CUR_TYPE_USD,2239.333,ILOSTAT EAR_EMTA_SEX_CUR_NB_A
FRA,2006,CUR_TYPE_LCU,1592.678,ILOSTAT EAR_EMTA_SEX_CUR_NB_A
FRA,2006,CUR_TYPE_PPP,1716.581,ILOSTAT EAR_EMTA_SEX_CUR_NB_A
FRA,2006,CUR_TYPE_USD,1999.766,ILOSTAT EAR_EMTA_SEX_CUR_NB_A
FRA,2005,CUR_TYPE_LCU,1557.414,ILOSTAT EAR_EMTA_SEX_CUR_NB_A
FRA,2005,CUR_TYPE_PPP,1676.206,ILOSTAT EAR_EMTA_SEX_CUR_NB_A
FRA,2005,CUR_TYPE_USD,1937.578,ILOSTAT EAR_EMTA_SEX_CUR_NB_A
FRA,2004,CUR_TYPE_LCU,1992.726,ILOSTAT EAR_EMTA_SEX_CUR_NB_A
FRA,2004,CUR_TYPE_PPP,2112.042,ILOSTAT EAR_EMTA_SEX_CUR_NB_A
FRA,2004,CUR_TYPE_USD,2478.752,ILOSTAT EAR_EMTA_SEX_CUR_NB_A
FRA,2002,CUR_TYPE_LCU,2203.8,ILOSTAT EAR_EMTA_SEX_CUR_NB_A
FRA,2002,CUR_TYPE_PPP,2433.667,ILOSTAT EAR_EMTA_SEX_CUR_NB_A
FRA,2002,CUR_TYPE_USD,2083.913,ILOSTAT EAR_EMTA_SEX_CUR_NB_A
FRA,2001,CUR_TYPE_LCU,1434.7,ILOSTAT EAR_EMTA_SEX_CUR_NB_A
FRA,2001,CUR_TYPE_PPP,1574.488,ILOSTAT EAR_EMTA_SEX_CUR_NB_A
FRA,2001,CUR_TYPE_USD,1284.917,ILOSTAT EAR_EMTA_SEX_CUR_NB_A
FRA,2000,CUR_TYPE_LCU,1396.3,ILOSTAT EAR_EMTA_SEX_CUR_NB_A
FRA,2000,CUR_TYPE_PPP,1492.917,ILOSTAT EAR_EMTA_SEX_CUR_NB_A
FRA,2000,CUR_TYPE_USD,1289.623,ILOSTAT EAR_EMTA_SEX_CUR_NB_A
FRA,1999,CUR_TYPE_LCU,1366.9,ILOSTAT EAR_EMTA_SEX_CUR_NB_A
FRA,1999,CUR_TYPE_PPP,1414.88,ILOSTAT EAR_EMTA_SEX_CUR_NB_A
FRA,1999,CUR_TYPE_USD,1456.842,ILOSTAT EAR_EMTA_SEX_CUR_NB_A
GBR,2025,CUR_TYPE_LCU,3156.794,ILOSTAT EAR_EMTA_SEX_CUR_NB_A
GBR,2025,CUR_TYPE_PPP,3861.819,ILOSTAT EAR_EMTA_SEX_CUR_NB_A
GBR,2025,CUR_TYPE_USD,3567.177,ILOSTAT EAR_EMTA_SEX_CUR_NB_A
GBR,2024,CUR_TYPE_LCU,3036.588,ILOSTAT EAR_EMTA_SEX_CUR_NB_A
GBR,2024,CUR_TYPE_PPP,3766.656,ILOSTAT EAR_EMTA_SEX_CUR_NB_A
GBR,2024,CUR_TYPE_USD,3286.803,ILOSTAT EAR_EMTA_SEX_CUR_NB_A
GBR,2023,CUR_TYPE_LCU,2913.212,ILOSTAT EAR_EMTA_SEX_CUR_NB_A
GBR,2023,CUR_TYPE_PPP,3762.111,ILOSTAT EAR_EMTA_SEX_CUR_NB_A
GBR,2023,CUR_TYPE_USD,3150.056,ILOSTAT EAR_EMTA_SEX_CUR_NB_A
GBR,2022,CUR_TYPE_LCU,2744.647,ILOSTAT EAR_EMTA_SEX_CUR_NB_A
GBR,2022,CUR_TYPE_PPP,3371.404,ILOSTAT EAR_EMTA_SEX_CUR_NB_A
GBR,2022,CUR_TYPE_USD,2890.114,ILOSTAT EAR_EMTA_SEX_CUR_NB_A
GBR,2021,CUR_TYPE_LCU,2553.992,ILOSTAT EAR_EMTA_SEX_CUR_NB_A
GBR,2021,CUR_TYPE_PPP,2985.814,ILOSTAT EAR_EMTA_SEX_CUR_NB_A
GBR,2021,CUR_TYPE_USD,3020.606,ILOSTAT EAR_EMTA_SEX_CUR_NB_A
GBR,2020,CUR_TYPE_LCU,2543.343,ILOSTAT EAR_EMTA_SEX_CUR_NB_A
GBR,2020,CUR_TYPE_PPP,3016.07,ILOSTAT EAR_EMTA_SEX_CUR_NB_A
GBR,2020,CUR_TYPE_USD,2905.006,ILOSTAT EAR_EMTA_SEX_CUR_NB_A
GBR,2019,CUR_TYPE_LCU,2482,ILOSTAT EAR_EMTA_SEX_CUR_NB_A
GBR,2019,CUR_TYPE_PPP,3285.181,ILOSTAT EAR_EMTA_SEX_CUR_NB_A
GBR,2019,CUR_TYPE_USD,3168.059,ILOSTAT EAR_EMTA_SEX_CUR_NB_A
GBR,2018,CUR_TYPE_LCU,2315.906,ILOSTAT EAR_EMTA_SEX_CUR_NB_A
GBR,2018,CUR_TYPE_PPP,2624.721,ILOSTAT EAR_EMTA_SEX_CUR_NB_A
GBR,2018,CUR_TYPE_USD,2735.085,ILOSTAT EAR_EMTA_SEX_CUR_NB_A
GBR,2017,CUR_TYPE_LCU,2243.247,ILOSTAT EAR_EMTA_SEX_CUR_NB_A
GBR,2017,CUR_TYPE_PPP,2502.69,ILOSTAT EAR_EMTA_SEX_CUR_NB_A
GBR,2017,CUR_TYPE_USD,2534.196,ILOSTAT EAR_EMTA_SEX_CUR_NB_A
GBR,2016,CUR_TYPE_LCU,2173.03,ILOSTAT EAR_EMTA_SEX_CUR_NB_A
GBR,2016,CUR_TYPE_PPP,2259.023,ILOSTAT EAR_EMTA_SEX_CUR_NB_A
GBR,2016,CUR_TYPE_USD,2405.326,ILOSTAT EAR_EMTA_SEX_CUR_NB_A
GBR,2015,CUR_TYPE_LCU,2131.64,ILOSTAT EAR_EMTA_SEX_CUR_NB_A
GBR,2015,CUR_TYPE_PPP,1921.119,ILOSTAT EAR_EMTA_SEX_CUR_NB_A
GBR,2015,CUR_TYPE_USD,2365.055,ILOSTAT EAR_EMTA_SEX_CUR_NB_A
GBR,2014,CUR_TYPE_LCU,2086.503,ILOSTAT EAR_EMTA_SEX_CUR_NB_A
GBR,2014,CUR_TYPE_PPP,2109.632,ILOSTAT EAR_EMTA_SEX_CUR_NB_A
GBR,2014,CUR_TYPE_USD,2771.919,ILOSTAT EAR_EMTA_SEX_CUR_NB_A
GBR,2013,CUR_TYPE_LCU,2057.561,ILOSTAT EAR_EMTA_SEX_CUR_NB_A
GBR,2013,CUR_TYPE_PPP,2204.565,ILOSTAT EAR_EMTA_SEX_CUR_NB_A
GBR,2013,CUR_TYPE_USD,2732.647,ILOSTAT EAR_EMTA_SEX_CUR_NB_A
GBR,2012,CUR_TYPE_LCU,2014.78,ILOSTAT EAR_EMTA_SEX_CUR_NB_A
GBR,2012,CUR_TYPE_PPP,2081.662,ILOSTAT EAR_EMTA_SEX_CUR_NB_A
GBR,2012,CUR_TYPE_USD,2588.59,ILOSTAT EAR_EMTA_SEX_CUR_NB_A
GBR,2011,CUR_TYPE_LCU,1973.769,ILOSTAT EAR_EMTA_SEX_CUR_NB_A
GBR,2011,CUR_TYPE_PPP,2205.052,ILOSTAT EAR_EMTA_SEX_CUR_NB_A
GBR,2011,CUR_TYPE_USD,2747.487,ILOSTAT EAR_EMTA_SEX_CUR_NB_A
GBR,2010,CUR_TYPE_LCU,1944.876,ILOSTAT EAR_EMTA_SEX_CUR_NB_A
GBR,2010,CUR_TYPE_PPP,2143.86,ILOSTAT EAR_EMTA_SEX_CUR_NB_A
GBR,2010,CUR_TYPE_USD,2578.322,ILOSTAT EAR_EMTA_SEX_CUR_NB_A
GBR,2009,CUR_TYPE_LCU,1912.966,ILOSTAT EAR_EMTA_SEX_CUR_NB_A
GBR,2009,CUR_TYPE_PPP,2189.578,ILOSTAT EAR_EMTA_SEX_CUR_NB_A
GBR,2009,CUR_TYPE_USD,2668.205,ILOSTAT EAR_EMTA_SEX_CUR_NB_A
GBR,2008,CUR_TYPE_LCU,1890.482,ILOSTAT EAR_EMTA_SEX_CUR_NB_A
GBR,2008,CUR_TYPE_PPP,1981.276,ILOSTAT EAR_EMTA_SEX_CUR_NB_A
GBR,2008,CUR_TYPE_USD,2780.521,ILOSTAT EAR_EMTA_SEX_CUR_NB_A
GBR,2007,CUR_TYPE_LCU,1819.758,ILOSTAT EAR_EMTA_SEX_CUR_NB_A
GBR,2007,CUR_TYPE_PPP,1642.684,ILOSTAT EAR_EMTA_SEX_CUR_NB_A
GBR,2007,CUR_TYPE_USD,2493.978,ILOSTAT EAR_EMTA_SEX_CUR_NB_A
GBR,2006,CUR_TYPE_LCU,1750.45,ILOSTAT EAR_EMTA_SEX_CUR_NB_A
GBR,2006,CUR_TYPE_PPP,1593.296,ILOSTAT EAR_EMTA_SEX_CUR_NB_A
GBR,2006,CUR_TYPE_USD,2197.866,ILOSTAT EAR_EMTA_SEX_CUR_NB_A
GBR,2005,CUR_TYPE_LCU,1680.222,ILOSTAT EAR_EMTA_SEX_CUR_NB_A
GBR,2005,CUR_TYPE_PPP,1507.005,ILOSTAT EAR_EMTA_SEX_CUR_NB_A
GBR,2005,CUR_TYPE_USD,2090.364,ILOSTAT EAR_EMTA_SEX_CUR_NB_A
GBR,2004,CUR_TYPE_LCU,2193.1,ILOSTAT EAR_EMTA_SEX_CUR_NB_A
GBR,2004,CUR_TYPE_PPP,2952.127,ILOSTAT EAR_EMTA_SEX_CUR_NB_A
GBR,2004,CUR_TYPE_USD,4015.343,ILOSTAT EAR_EMTA_SEX_CUR_NB_A
GBR,2003,CUR_TYPE_LCU,2112.933,ILOSTAT EAR_EMTA_SEX_CUR_NB_A
GBR,2003,CUR_TYPE_PPP,2779.276,ILOSTAT EAR_EMTA_SEX_CUR_NB_A
GBR,2003,CUR_TYPE_USD,3449.842,ILOSTAT EAR_EMTA_SEX_CUR_NB_A
GBR,2002,CUR_TYPE_LCU,2046.2,ILOSTAT EAR_EMTA_SEX_CUR_NB_A
GBR,2002,CUR_TYPE_PPP,2678.349,ILOSTAT EAR_EMTA_SEX_CUR_NB_A
GBR,2002,CUR_TYPE_USD,3066.739,ILOSTAT EAR_EMTA_SEX_CUR_NB_A
GBR,2001,CUR_TYPE_LCU,1949.133,ILOSTAT EAR_EMTA_SEX_CUR_NB_A
GBR,2001,CUR_TYPE_PPP,2578.42,ILOSTAT EAR_EMTA_SEX_CUR_NB_A
GBR,2001,CUR_TYPE_USD,2805.901,ILOSTAT EAR_EMTA_SEX_CUR_NB_A
GBR,2000,CUR_TYPE_LCU,1959.533,ILOSTAT EAR_EMTA_SEX_CUR_NB_A
GBR,2000,CUR_TYPE_PPP,2520.446,ILOSTAT EAR_EMTA_SEX_CUR_NB_A
GBR,2000,CUR_TYPE_USD,2964.808,ILOSTAT EAR_EMTA_SEX_CUR_NB_A
GBR,1999,CUR_TYPE_LCU,1767.567,ILOSTAT EAR_EMTA_SEX_CUR_NB_A
GBR,1999,CUR_TYPE_PPP,2186.955,ILOSTAT EAR_EMTA_SEX_CUR_NB_A
GBR,1999,CUR_TYPE_USD,2859.877,ILOSTAT EAR_EMTA_SEX_CUR_NB_A
GBR,1991,CUR_TYPE_LCU,1057.126,ILOSTAT EAR_EMTA_SEX_CUR_NB_A
GBR,1991,CUR_TYPE_PPP,1346.822,ILOSTAT EAR_EMTA_SEX_CUR_NB_A
GBR,1991,CUR_TYPE_USD,1864.37,ILOSTAT EAR_EMTA_SEX_CUR_NB_A
GBR,1990,CUR_TYPE_LCU,1003.91,ILOSTAT EAR_EMTA_SEX_CUR_NB_A
GBR,1990,CUR_TYPE_PPP,1342.805,ILOSTAT EAR_EMTA_SEX_CUR_NB_A
GBR,1990,CUR_TYPE_USD,1782.584,ILOSTAT EAR_EMTA_SEX_CUR_NB_A
GBR,1989,CUR_TYPE_LCU,928.655,ILOSTAT EAR_EMTA_SEX_CUR_NB_A
GBR,1989,CUR_TYPE_USD,1519.464,ILOSTAT EAR_EMTA_SEX_CUR_NB_A
GEO,2023,CUR_TYPE_LCU,866.97,ILOSTAT EAR_EMTA_SEX_CUR_NB_A
GEO,2023,CUR_TYPE_PPP,791.899,ILOSTAT EAR_EMTA_SEX_CUR_NB_A
GEO,2023,CUR_TYPE_USD,329.902,ILOSTAT EAR_EMTA_SEX_CUR_NB_A
GEO,2022,CUR_TYPE_LCU,745.602,ILOSTAT EAR_EMTA_SEX_CUR_NB_A
GEO,2022,CUR_TYPE_PPP,670.388,ILOSTAT EAR_EMTA_SEX_CUR_NB_A
GEO,2022,CUR_TYPE_USD,255.676,ILOSTAT EAR_EMTA_SEX_CUR_NB_A
GEO,2021,CUR_TYPE_LCU,663.756,ILOSTAT EAR_EMTA_SEX_CUR_NB_A
GEO,2021,CUR_TYPE_PPP,618.324,ILOSTAT EAR_EMTA_SEX_CUR_NB_A
GEO,2021,CUR_TYPE_USD,206.036,ILOSTAT EAR_EMTA_SEX_CUR_NB_A
GEO,2020,CUR_TYPE_LCU,613.599,ILOSTAT EAR_EMTA_SEX_CUR_NB_A
GEO,2020,CUR_TYPE_PPP,610.776,ILOSTAT EAR_EMTA_SEX_CUR_NB_A
GEO,2020,CUR_TYPE_USD,197.361,ILOSTAT EAR_EMTA_SEX_CUR_NB_A
GEO,2019,CUR_TYPE_LCU,599.346,ILOSTAT EAR_EMTA_SEX_CUR_NB_A
GEO,2019,CUR_TYPE_PPP,625.664,ILOSTAT EAR_EMTA_SEX_CUR_NB_A
GEO,2019,CUR_TYPE_USD,212.674,ILOSTAT EAR_EMTA_SEX_CUR_NB_A
GEO,2018,CUR_TYPE_LCU,556.574,ILOSTAT EAR_EMTA_SEX_CUR_NB_A
GEO,2018,CUR_TYPE_PPP,593.154,ILOSTAT EAR_EMTA_SEX_CUR_NB_A
GEO,2018,CUR_TYPE_USD,219.633,ILOSTAT EAR_EMTA_SEX_CUR_NB_A
GEO,2017,CUR_TYPE_LCU,546.466,ILOSTAT EAR_EMTA_SEX_CUR_NB_A
GEO,2017,CUR_TYPE_PPP,582.791,ILOSTAT EAR_EMTA_SEX_CUR_NB_A
GEO,2017,CUR_TYPE_USD,217.755,ILOSTAT EAR_EMTA_SEX_CUR_NB_A
GEO,2016,CUR_TYPE_LCU,940.01,ILOSTAT EAR_EMTA_SEX_CUR_NB_A
GEO,2016,CUR_TYPE_PPP,1080.752,ILOSTAT EAR_EMTA_SEX_CUR_NB_A
GEO,2016,CUR_TYPE_USD,397.178,ILOSTAT EAR_EMTA_SEX_CUR_NB_A
GEO,2015,CUR_TYPE_LCU,900.416,ILOSTAT EAR_EMTA_SEX_CUR_NB_A
GEO,2015,CUR_TYPE_PPP,1056.055,ILOSTAT EAR_EMTA_SEX_CUR_NB_A
GEO,2015,CUR_TYPE_USD,396.774,ILOSTAT EAR_EMTA_SEX_CUR_NB_A
GEO,2014,CUR_TYPE_LCU,818.021,ILOSTAT EAR_EMTA_SEX_CUR_NB_A
GEO,2014,CUR_TYPE_PPP,1010.117,ILOSTAT EAR_EMTA_SEX_CUR_NB_A
GEO,2014,CUR_TYPE_USD,463.293,ILOSTAT EAR_EMTA_SEX_CUR_NB_A
GEO,2013,CUR_TYPE_LCU,773.1,ILOSTAT EAR_EMTA_SEX_CUR_NB_A
GEO,2013,CUR_TYPE_PPP,985.743,ILOSTAT EAR_EMTA_SEX_CUR_NB_A
GEO,2013,CUR_TYPE_USD,464.785,ILOSTAT EAR_EMTA_SEX_CUR_NB_A
GEO,2012,CUR_TYPE_LCU,712.5,ILOSTAT EAR_EMTA_SEX_CUR_NB_A
GEO,2012,CUR_TYPE_PPP,929.672,ILOSTAT EAR_EMTA_SEX_CUR_NB_A
GEO,2012,CUR_TYPE_USD,431.489,ILOSTAT EAR_EMTA_SEX_CUR_NB_A
GEO,2011,CUR_TYPE_LCU,635.967,ILOSTAT EAR_EMTA_SEX_CUR_NB_A
GEO,2011,CUR_TYPE_PPP,761.424,ILOSTAT EAR_EMTA_SEX_CUR_NB_A
GEO,2011,CUR_TYPE_USD,377.094,ILOSTAT EAR_EMTA_SEX_CUR_NB_A
GEO,2010,CUR_TYPE_LCU,597.6,ILOSTAT EAR_EMTA_SEX_CUR_NB_A
GEO,2010,CUR_TYPE_PPP,752.846,ILOSTAT EAR_EMTA_SEX_CUR_NB_A
GEO,2010,CUR_TYPE_USD,335.289,ILOSTAT EAR_EMTA_SEX_CUR_NB_A
GEO,2009,CUR_TYPE_LCU,556.8,ILOSTAT EAR_EMTA_SEX_CUR_NB_A
GEO,2009,CUR_TYPE_PPP,739.198,ILOSTAT EAR_EMTA_SEX_CUR_NB_A
GEO,2009,CUR_TYPE_USD,333.316,ILOSTAT EAR_EMTA_SEX_CUR_NB_A
GEO,2008,CUR_TYPE_LCU,534.9,ILOSTAT EAR_EMTA_SEX_CUR_NB_A
GEO,2008,CUR_TYPE_PPP,724.968,ILOSTAT EAR_EMTA_SEX_CUR_NB_A
GEO,2008,CUR_TYPE_USD,358.803,ILOSTAT EAR_EMTA_SEX_CUR_NB_A
GEO,2007,CUR_TYPE_LCU,368.1,ILOSTAT EAR_EMTA_SEX_CUR_NB_A
GEO,2007,CUR_TYPE_PPP,528.496,ILOSTAT EAR_EMTA_SEX_CUR_NB_A
GEO,2007,CUR_TYPE_USD,220.354,ILOSTAT EAR_EMTA_SEX_CUR_NB_A
GEO,2006,CUR_TYPE_LCU,277.9,ILOSTAT EAR_EMTA_SEX_CUR_NB_A
GEO,2006,CUR_TYPE_PPP,423.79,ILOSTAT EAR_EMTA_SEX_CUR_NB_A
GEO,2006,CUR_TYPE_USD,156.086,ILOSTAT EAR_EMTA_SEX_CUR_NB_A
GEO,2005,CUR_TYPE_LCU,204.2,ILOSTAT EAR_EMTA_SEX_CUR_NB_A
GEO,2005,CUR_TYPE_PPP,329.303,ILOSTAT EAR_EMTA_SEX_CUR_NB_A
GEO,2005,CUR_TYPE_USD,112.651,ILOSTAT EAR_EMTA_SEX_CUR_NB_A
GEO,2004,CUR_TYPE_LCU,156.6,ILOSTAT EAR_EMTA_SEX_CUR_NB_A
GEO,2004,CUR_TYPE_PPP,264.398,ILOSTAT EAR_EMTA_SEX_CUR_NB_A
GEO,2004,CUR_TYPE_USD,81.705,ILOSTAT EAR_EMTA_SEX_CUR_NB_A
GEO,2003,CUR_TYPE_LCU,125.9,ILOSTAT EAR_EMTA_SEX_CUR_NB_A
GEO,2003,CUR_TYPE_PPP,218.733,ILOSTAT EAR_EMTA_SEX_CUR_NB_A
GEO,2003,CUR_TYPE_USD,58.677,ILOSTAT EAR_EMTA_SEX_CUR_NB_A
GEO,2002,CUR_TYPE_LCU,113.5,ILOSTAT EAR_EMTA_SEX_CUR_NB_A
GEO,2002,CUR_TYPE_PPP,194.428,ILOSTAT EAR_EMTA_SEX_CUR_NB_A
GEO,2002,CUR_TYPE_USD,51.693,ILOSTAT EAR_EMTA_SEX_CUR_NB_A
GEO,2001,CUR_TYPE_LCU,94.6,ILOSTAT EAR_EMTA_SEX_CUR_NB_A
GEO,2001,CUR_TYPE_PPP,168.435,ILOSTAT EAR_EMTA_SEX_CUR_NB_A
GEO,2001,CUR_TYPE_USD,45.634,ILOSTAT EAR_EMTA_SEX_CUR_NB_A
GEO,2000,CUR_TYPE_LCU,72.3,ILOSTAT EAR_EMTA_SEX_CUR_NB_A
GEO,2000,CUR_TYPE_PPP,131.009,ILOSTAT EAR_EMTA_SEX_CUR_NB_A
GEO,2000,CUR_TYPE_USD,36.586,ILOSTAT EAR_EMTA_SEX_CUR_NB_A
GEO,1999,CUR_TYPE_LCU,67.5,ILOSTAT EAR_EMTA_SEX_CUR_NB_A
GEO,1999,CUR_TYPE_PPP,123.124,ILOSTAT EAR_EMTA_SEX_CUR_NB_A
GEO,1999,CUR_TYPE_USD,33.341,ILOSTAT EAR_EMTA_SEX_CUR_NB_A
GEO,1998,CUR_TYPE_LCU,55.4,ILOSTAT EAR_EMTA_SEX_CUR_NB_A
GEO,1998,CUR_TYPE_PPP,117.868,ILOSTAT EAR_EMTA_SEX_CUR_NB_A
GEO,1998,CUR_TYPE_USD,39.861,ILOSTAT EAR_EMTA_SEX_CUR_NB_A
GEO,1997,CUR_TYPE_LCU,43.4,ILOSTAT EAR_EMTA_SEX_CUR_NB_A
GEO,1997,CUR_TYPE_PPP,94.169,ILOSTAT EAR_EMTA_SEX_CUR_NB_A
GEO,1997,CUR_TYPE_USD,33.449,ILOSTAT EAR_EMTA_SEX_CUR_NB_A
GRC,2025,CUR_TYPE_LCU,1933.671,ILOSTAT EAR_EMTA_SEX_CUR_NB_A
GRC,2025,CUR_TYPE_PPP,3333.599,ILOSTAT EAR_EMTA_SEX_CUR_NB_A
GRC,2025,CUR_TYPE_USD,2185.048,ILOSTAT EAR_EMTA_SEX_CUR_NB_A
GRC,2024,CUR_TYPE_LCU,1977.876,ILOSTAT EAR_EMTA_SEX_CUR_NB_A
GRC,2024,CUR_TYPE_PPP,3545.884,ILOSTAT EAR_EMTA_SEX_CUR_NB_A
GRC,2024,CUR_TYPE_USD,2140.853,ILOSTAT EAR_EMTA_SEX_CUR_NB_A
GRC,2023,CUR_TYPE_LCU,1893.231,ILOSTAT EAR_EMTA_SEX_CUR_NB_A
GRC,2023,CUR_TYPE_PPP,3424.276,ILOSTAT EAR_EMTA_SEX_CUR_NB_A
GRC,2023,CUR_TYPE_USD,2047.151,ILOSTAT EAR_EMTA_SEX_CUR_NB_A
GRC,2022,CUR_TYPE_LCU,1863.911,ILOSTAT EAR_EMTA_SEX_CUR_NB_A
GRC,2022,CUR_TYPE_PPP,3214.721,ILOSTAT EAR_EMTA_SEX_CUR_NB_A
GRC,2022,CUR_TYPE_USD,1962.699,ILOSTAT EAR_EMTA_SEX_CUR_NB_A
GRC,2021,CUR_TYPE_LCU,1933.513,ILOSTAT EAR_EMTA_SEX_CUR_NB_A
GRC,2021,CUR_TYPE_PPP,3198.167,ILOSTAT EAR_EMTA_SEX_CUR_NB_A
GRC,2021,CUR_TYPE_USD,2286.766,ILOSTAT EAR_EMTA_SEX_CUR_NB_A
GRC,2020,CUR_TYPE_LCU,905.562,ILOSTAT EAR_EMTA_SEX_CUR_NB_A
GRC,2020,CUR_TYPE_PPP,1459.996,ILOSTAT EAR_EMTA_SEX_CUR_NB_A
GRC,2020,CUR_TYPE_USD,1034.333,ILOSTAT EAR_EMTA_SEX_CUR_NB_A
GRC,2019,CUR_TYPE_LCU,885.524,ILOSTAT EAR_EMTA_SEX_CUR_NB_A
GRC,2019,CUR_TYPE_PPP,1431.766,ILOSTAT EAR_EMTA_SEX_CUR_NB_A
GRC,2019,CUR_TYPE_USD,991.344,ILOSTAT EAR_EMTA_SEX_CUR_NB_A
GRC,2018,CUR_TYPE_LCU,886.053,ILOSTAT EAR_EMTA_SEX_CUR_NB_A
GRC,2018,CUR_TYPE_PPP,1382.812,ILOSTAT EAR_EMTA_SEX_CUR_NB_A
GRC,2018,CUR_TYPE_USD,1046.429,ILOSTAT EAR_EMTA_SEX_CUR_NB_A
GRC,2017,CUR_TYPE_LCU,877.024,ILOSTAT EAR_EMTA_SEX_CUR_NB_A
GRC,2017,CUR_TYPE_PPP,1345.308,ILOSTAT EAR_EMTA_SEX_CUR_NB_A
GRC,2017,CUR_TYPE_USD,990.774,ILOSTAT EAR_EMTA_SEX_CUR_NB_A
GRC,2016,CUR_TYPE_LCU,873.344,ILOSTAT EAR_EMTA_SEX_CUR_NB_A
GRC,2016,CUR_TYPE_PPP,1322.081,ILOSTAT EAR_EMTA_SEX_CUR_NB_A
GRC,2016,CUR_TYPE_USD,966.705,ILOSTAT EAR_EMTA_SEX_CUR_NB_A
GRC,2015,CUR_TYPE_LCU,864.998,ILOSTAT EAR_EMTA_SEX_CUR_NB_A
GRC,2015,CUR_TYPE_PPP,1260.169,ILOSTAT EAR_EMTA_SEX_CUR_NB_A
GRC,2015,CUR_TYPE_USD,959.715,ILOSTAT EAR_EMTA_SEX_CUR_NB_A
GRC,2014,CUR_TYPE_LCU,880.729,ILOSTAT EAR_EMTA_SEX_CUR_NB_A
GRC,2014,CUR_TYPE_PPP,1283.951,ILOSTAT EAR_EMTA_SEX_CUR_NB_A
GRC,2014,CUR_TYPE_USD,1170.048,ILOSTAT EAR_EMTA_SEX_CUR_NB_A
GRC,2013,CUR_TYPE_LCU,903.227,ILOSTAT EAR_EMTA_SEX_CUR_NB_A
GRC,2013,CUR_TYPE_PPP,1254.724,ILOSTAT EAR_EMTA_SEX_CUR_NB_A
GRC,2013,CUR_TYPE_USD,1199.575,ILOSTAT EAR_EMTA_SEX_CUR_NB_A
GRC,2012,CUR_TYPE_LCU,954.143,ILOSTAT EAR_EMTA_SEX_CUR_NB_A
GRC,2012,CUR_TYPE_PPP,1252,ILOSTAT EAR_EMTA_SEX_CUR_NB_A
GRC,2012,CUR_TYPE_USD,1225.882,ILOSTAT EAR_EMTA_SEX_CUR_NB_A
GRC,2011,CUR_TYPE_LCU,1051.049,ILOSTAT EAR_EMTA_SEX_CUR_NB_A
GRC,2011,CUR_TYPE_PPP,1359.998,ILOSTAT EAR_EMTA_SEX_CUR_NB_A
GRC,2011,CUR_TYPE_USD,1463.06,ILOSTAT EAR_EMTA_SEX_CUR_NB_A
GRC,2010,CUR_TYPE_LCU,1065.925,ILOSTAT EAR_EMTA_SEX_CUR_NB_A
GRC,2010,CUR_TYPE_PPP,1359.088,ILOSTAT EAR_EMTA_SEX_CUR_NB_A
GRC,2010,CUR_TYPE_USD,1413.096,ILOSTAT EAR_EMTA_SEX_CUR_NB_A
GRC,2009,CUR_TYPE_LCU,1054.278,ILOSTAT EAR_EMTA_SEX_CUR_NB_A
GRC,2009,CUR_TYPE_PPP,1368.941,ILOSTAT EAR_EMTA_SEX_CUR_NB_A
GRC,2009,CUR_TYPE_USD,1470.506,ILOSTAT EAR_EMTA_SEX_CUR_NB_A
GRC,2008,CUR_TYPE_LCU,1010.075,ILOSTAT EAR_EMTA_SEX_CUR_NB_A
GRC,2008,CUR_TYPE_PPP,1315.291,ILOSTAT EAR_EMTA_SEX_CUR_NB_A
GRC,2008,CUR_TYPE_USD,1485.619,ILOSTAT EAR_EMTA_SEX_CUR_NB_A
GRC,2007,CUR_TYPE_LCU,973.424,ILOSTAT EAR_EMTA_SEX_CUR_NB_A
GRC,2007,CUR_TYPE_PPP,1248.572,ILOSTAT EAR_EMTA_SEX_CUR_NB_A
GRC,2007,CUR_TYPE_USD,1334.056,ILOSTAT EAR_EMTA_SEX_CUR_NB_A
GRC,2006,CUR_TYPE_LCU,1651,ILOSTAT EAR_EMTA_SEX_CUR_NB_A
GRC,2006,CUR_TYPE_PPP,2181.45,ILOSTAT EAR_EMTA_SEX_CUR_NB_A
GRC,2006,CUR_TYPE_USD,2072.996,ILOSTAT EAR_EMTA_SEX_CUR_NB_A
GRC,2002,CUR_TYPE_LCU,1263.72,ILOSTAT EAR_EMTA_SEX_CUR_NB_A
GRC,2002,CUR_TYPE_PPP,1775.506,ILOSTAT EAR_EMTA_SEX_CUR_NB_A
GRC,2002,CUR_TYPE_USD,1194.974,ILOSTAT EAR_EMTA_SEX_CUR_NB_A
HRV,2025,CUR_TYPE_LCU,2206.746,ILOSTAT EAR_EMTA_SEX_CUR_NB_A
HRV,2025,CUR_TYPE_PPP,4237.475,ILOSTAT EAR_EMTA_SEX_CUR_NB_A
HRV,2025,CUR_TYPE_USD,2493.623,ILOSTAT EAR_EMTA_SEX_CUR_NB_A
HRV,2024,CUR_TYPE_LCU,2283.342,ILOSTAT EAR_EMTA_SEX_CUR_NB_A
HRV,2024,CUR_TYPE_PPP,4621.819,ILOSTAT EAR_EMTA_SEX_CUR_NB_A
HRV,2024,CUR_TYPE_USD,2471.49,ILOSTAT EAR_EMTA_SEX_CUR_NB_A
HRV,2023,CUR_TYPE_LCU,1430.873,ILOSTAT EAR_EMTA_SEX_CUR_NB_A
HRV,2023,CUR_TYPE_PPP,2965.276,ILOSTAT EAR_EMTA_SEX_CUR_NB_A
HRV,2023,CUR_TYPE_USD,1547.203,ILOSTAT EAR_EMTA_SEX_CUR_NB_A
HRV,2022,CUR_TYPE_LCU,1682.082,ILOSTAT EAR_EMTA_SEX_CUR_NB_A
HRV,2022,CUR_TYPE_PPP,3465.7,ILOSTAT EAR_EMTA_SEX_CUR_NB_A
HRV,2022,CUR_TYPE_USD,1771.233,ILOSTAT EAR_EMTA_SEX_CUR_NB_A
HRV,2021,CUR_TYPE_LCU,1619.726,ILOSTAT EAR_EMTA_SEX_CUR_NB_A
HRV,2021,CUR_TYPE_PPP,3370.316,ILOSTAT EAR_EMTA_SEX_CUR_NB_A
HRV,2021,CUR_TYPE_USD,1915.65,ILOSTAT EAR_EMTA_SEX_CUR_NB_A
HRV,2020,CUR_TYPE_LCU,1517.3,ILOSTAT EAR_EMTA_SEX_CUR_NB_A
HRV,2020,CUR_TYPE_PPP,3057.13,ILOSTAT EAR_EMTA_SEX_CUR_NB_A
HRV,2020,CUR_TYPE_USD,1733.06,ILOSTAT EAR_EMTA_SEX_CUR_NB_A
HRV,2019,CUR_TYPE_LCU,1433.857,ILOSTAT EAR_EMTA_SEX_CUR_NB_A
HRV,2019,CUR_TYPE_PPP,2871.214,ILOSTAT EAR_EMTA_SEX_CUR_NB_A
HRV,2019,CUR_TYPE_USD,1605.203,ILOSTAT EAR_EMTA_SEX_CUR_NB_A
HRV,2018,CUR_TYPE_LCU,1346.86,ILOSTAT EAR_EMTA_SEX_CUR_NB_A
HRV,2018,CUR_TYPE_PPP,2624.653,ILOSTAT EAR_EMTA_SEX_CUR_NB_A
HRV,2018,CUR_TYPE_USD,1590.641,ILOSTAT EAR_EMTA_SEX_CUR_NB_A
HRV,2017,CUR_TYPE_LCU,1339.385,ILOSTAT EAR_EMTA_SEX_CUR_NB_A
HRV,2017,CUR_TYPE_PPP,2603.577,ILOSTAT EAR_EMTA_SEX_CUR_NB_A
HRV,2017,CUR_TYPE_USD,1513.103,ILOSTAT EAR_EMTA_SEX_CUR_NB_A
HRV,2016,CUR_TYPE_LCU,1269.084,ILOSTAT EAR_EMTA_SEX_CUR_NB_A
HRV,2016,CUR_TYPE_PPP,2457.879,ILOSTAT EAR_EMTA_SEX_CUR_NB_A
HRV,2016,CUR_TYPE_USD,1404.749,ILOSTAT EAR_EMTA_SEX_CUR_NB_A
HRV,2015,CUR_TYPE_LCU,1291.229,ILOSTAT EAR_EMTA_SEX_CUR_NB_A
HRV,2015,CUR_TYPE_PPP,2421.493,ILOSTAT EAR_EMTA_SEX_CUR_NB_A
HRV,2015,CUR_TYPE_USD,1432.618,ILOSTAT EAR_EMTA_SEX_CUR_NB_A
HRV,2014,CUR_TYPE_LCU,1173.669,ILOSTAT EAR_EMTA_SEX_CUR_NB_A
HRV,2014,CUR_TYPE_PPP,2188.167,ILOSTAT EAR_EMTA_SEX_CUR_NB_A
HRV,2014,CUR_TYPE_USD,1559.22,ILOSTAT EAR_EMTA_SEX_CUR_NB_A
HRV,2013,CUR_TYPE_LCU,1190.134,ILOSTAT EAR_EMTA_SEX_CUR_NB_A
HRV,2013,CUR_TYPE_PPP,2169.481,ILOSTAT EAR_EMTA_SEX_CUR_NB_A
HRV,2013,CUR_TYPE_USD,1580.618,ILOSTAT EAR_EMTA_SEX_CUR_NB_A
HRV,2012,CUR_TYPE_LCU,1239.342,ILOSTAT EAR_EMTA_SEX_CUR_NB_A
HRV,2012,CUR_TYPE_PPP,2205.312,ILOSTAT EAR_EMTA_SEX_CUR_NB_A
HRV,2012,CUR_TYPE_USD,1592.307,ILOSTAT EAR_EMTA_SEX_CUR_NB_A
HRV,2011,CUR_TYPE_LCU,1248.726,ILOSTAT EAR_EMTA_SEX_CUR_NB_A
HRV,2011,CUR_TYPE_PPP,2192.706,ILOSTAT EAR_EMTA_SEX_CUR_NB_A
HRV,2011,CUR_TYPE_USD,1738.227,ILOSTAT EAR_EMTA_SEX_CUR_NB_A
HRV,2010,CUR_TYPE_LCU,1262.145,ILOSTAT EAR_EMTA_SEX_CUR_NB_A
HRV,2010,CUR_TYPE_PPP,2170.476,ILOSTAT EAR_EMTA_SEX_CUR_NB_A
HRV,2010,CUR_TYPE_USD,1673.226,ILOSTAT EAR_EMTA_SEX_CUR_NB_A
HRV,2009,CUR_TYPE_LCU,7655,ILOSTAT EAR_EMTA_SEX_CUR_NB_A
HRV,2009,CUR_TYPE_PPP,1761.475,ILOSTAT EAR_EMTA_SEX_CUR_NB_A
HRV,2009,CUR_TYPE_USD,1448.728,ILOSTAT EAR_EMTA_SEX_CUR_NB_A
HRV,2008,CUR_TYPE_LCU,7507,ILOSTAT EAR_EMTA_SEX_CUR_NB_A
HRV,2008,CUR_TYPE_PPP,1739.338,ILOSTAT EAR_EMTA_SEX_CUR_NB_A
HRV,2008,CUR_TYPE_USD,1521.163,ILOSTAT EAR_EMTA_SEX_CUR_NB_A
HRV,2007,CUR_TYPE_LCU,6995,ILOSTAT EAR_EMTA_SEX_CUR_NB_A
HRV,2007,CUR_TYPE_PPP,1573.437,ILOSTAT EAR_EMTA_SEX_CUR_NB_A
HRV,2007,CUR_TYPE_USD,1303.934,ILOSTAT EAR_EMTA_SEX_CUR_NB_A
HRV,2006,CUR_TYPE_LCU,6575,ILOSTAT EAR_EMTA_SEX_CUR_NB_A
HRV,2006,CUR_TYPE_PPP,1477.627,ILOSTAT EAR_EMTA_SEX_CUR_NB_A
HRV,2006,CUR_TYPE_USD,1126.282,ILOSTAT EAR_EMTA_SEX_CUR_NB_A
HRV,2005,CUR_TYPE_LCU,6191.67,ILOSTAT EAR_EMTA_SEX_CUR_NB_A
HRV,2005,CUR_TYPE_PPP,1359.788,ILOSTAT EAR_EMTA_SEX_CUR_NB_A
HRV,2005,CUR_TYPE_USD,1040.75,ILOSTAT EAR_EMTA_SEX_CUR_NB_A
HRV,2004,CUR_TYPE_LCU,5916,ILOSTAT EAR_EMTA_SEX_CUR_NB_A
HRV,2004,CUR_TYPE_PPP,1326.168,ILOSTAT EAR_EMTA_SEX_CUR_NB_A
HRV,2004,CUR_TYPE_USD,980.389,ILOSTAT EAR_EMTA_SEX_CUR_NB_A
HRV,2003,CUR_TYPE_LCU,5599,ILOSTAT EAR_EMTA_SEX_CUR_NB_A
HRV,2003,CUR_TYPE_PPP,1257.014,ILOSTAT EAR_EMTA_SEX_CUR_NB_A
HRV,2003,CUR_TYPE_USD,835.052,ILOSTAT EAR_EMTA_SEX_CUR_NB_A
HRV,2002,CUR_TYPE_LCU,5366,ILOSTAT EAR_EMTA_SEX_CUR_NB_A
HRV,2002,CUR_TYPE_PPP,1238.802,ILOSTAT EAR_EMTA_SEX_CUR_NB_A
HRV,2002,CUR_TYPE_USD,681.684,ILOSTAT EAR_EMTA_SEX_CUR_NB_A
HRV,2001,CUR_TYPE_LCU,5061,ILOSTAT EAR_EMTA_SEX_CUR_NB_A
HRV,2001,CUR_TYPE_PPP,1160.535,ILOSTAT EAR_EMTA_SEX_CUR_NB_A
HRV,2001,CUR_TYPE_USD,606.722,ILOSTAT EAR_EMTA_SEX_CUR_NB_A
HRV,2000,CUR_TYPE_LCU,4869,ILOSTAT EAR_EMTA_SEX_CUR_NB_A
HRV,2000,CUR_TYPE_PPP,1120.233,ILOSTAT EAR_EMTA_SEX_CUR_NB_A
HRV,2000,CUR_TYPE_USD,588.209,ILOSTAT EAR_EMTA_SEX_CUR_NB_A
HRV,1999,CUR_TYPE_LCU,4551,ILOSTAT EAR_EMTA_SEX_CUR_NB_A
HRV,1999,CUR_TYPE_PPP,1072.639,ILOSTAT EAR_EMTA_SEX_CUR_NB_A
HRV,1999,CUR_TYPE_USD,639.928,ILOSTAT EAR_EMTA_SEX_CUR_NB_A
HRV,1998,CUR_TYPE_LCU,4131,ILOSTAT EAR_EMTA_SEX_CUR_NB_A
HRV,1998,CUR_TYPE_PPP,1053.143,ILOSTAT EAR_EMTA_SEX_CUR_NB_A
HRV,1998,CUR_TYPE_USD,649.193,ILOSTAT EAR_EMTA_SEX_CUR_NB_A
HRV,1997,CUR_TYPE_LCU,3668,ILOSTAT EAR_EMTA_SEX_CUR_NB_A
HRV,1997,CUR_TYPE_PPP,999.389,ILOSTAT EAR_EMTA_SEX_CUR_NB_A
HRV,1997,CUR_TYPE_USD,595.398,ILOSTAT EAR_EMTA_SEX_CUR_NB_A
HRV,1996,CUR_TYPE_LCU,3243,ILOSTAT EAR_EMTA_SEX_CUR_NB_A
HRV,1996,CUR_TYPE_PPP,920.022,ILOSTAT EAR_EMTA_SEX_CUR_NB_A
HRV,1996,CUR_TYPE_USD,596.78,ILOSTAT EAR_EMTA_SEX_CUR_NB_A
HRV,1995,CUR_TYPE_LCU,1818,ILOSTAT EAR_EMTA_SEX_CUR_NB_A
HRV,1995,CUR_TYPE_PPP,528.413,ILOSTAT EAR_EMTA_SEX_CUR_NB_A
HRV,1995,CUR_TYPE_USD,347.56,ILOSTAT EAR_EMTA_SEX_CUR_NB_A
HRV,1994,CUR_TYPE_LCU,1247,ILOSTAT EAR_EMTA_SEX_CUR_NB_A
HRV,1994,CUR_TYPE_PPP,351.443,ILOSTAT EAR_EMTA_SEX_CUR_NB_A
HRV,1994,CUR_TYPE_USD,207.902,ILOSTAT EAR_EMTA_SEX_CUR_NB_A
HRV,1993,CUR_TYPE_LCU,526,ILOSTAT EAR_EMTA_SEX_CUR_NB_A
HRV,1993,CUR_TYPE_PPP,509.903,ILOSTAT EAR_EMTA_SEX_CUR_NB_A
HRV,1993,CUR_TYPE_USD,146.962,ILOSTAT EAR_EMTA_SEX_CUR_NB_A
HRV,1992,CUR_TYPE_LCU,33340,ILOSTAT EAR_EMTA_SEX_CUR_NB_A
HRV,1991,CUR_TYPE_LCU,8045,ILOSTAT EAR_EMTA_SEX_CUR_NB_A
HRV,1990,CUR_TYPE_LCU,4786,ILOSTAT EAR_EMTA_SEX_CUR_NB_A
HRV,1989,CUR_TYPE_LCU,823,ILOSTAT EAR_EMTA_SEX_CUR_NB_A
HUN,2025,CUR_TYPE_LCU,1141.872,ILOSTAT EAR_EMTA_SEX_CUR_NB_A
HUN,2025,CUR_TYPE_PPP,2227.732,ILOSTAT EAR_EMTA_SEX_CUR_NB_A
HUN,2025,CUR_TYPE_USD,1290.315,ILOSTAT EAR_EMTA_SEX_CUR_NB_A
HUN,2024,CUR_TYPE_LCU,1105.324,ILOSTAT EAR_EMTA_SEX_CUR_NB_A
HUN,2024,CUR_TYPE_PPP,2311.045,ILOSTAT EAR_EMTA_SEX_CUR_NB_A
HUN,2024,CUR_TYPE_USD,1196.403,ILOSTAT EAR_EMTA_SEX_CUR_NB_A
HUN,2023,CUR_TYPE_LCU,947.315,ILOSTAT EAR_EMTA_SEX_CUR_NB_A
HUN,2023,CUR_TYPE_PPP,1981.448,ILOSTAT EAR_EMTA_SEX_CUR_NB_A
HUN,2023,CUR_TYPE_USD,1024.331,ILOSTAT EAR_EMTA_SEX_CUR_NB_A
HUN,2022,CUR_TYPE_LCU,960.032,ILOSTAT EAR_EMTA_SEX_CUR_NB_A
HUN,2022,CUR_TYPE_PPP,2141.19,ILOSTAT EAR_EMTA_SEX_CUR_NB_A
HUN,2022,CUR_TYPE_USD,1010.914,ILOSTAT EAR_EMTA_SEX_CUR_NB_A
HUN,2021,CUR_TYPE_LCU,884.572,ILOSTAT EAR_EMTA_SEX_CUR_NB_A
HUN,2021,CUR_TYPE_PPP,1872.756,ILOSTAT EAR_EMTA_SEX_CUR_NB_A
HUN,2021,CUR_TYPE_USD,1046.184,ILOSTAT EAR_EMTA_SEX_CUR_NB_A
HUN,2020,CUR_TYPE_LCU,978.668,ILOSTAT EAR_EMTA_SEX_CUR_NB_A
HUN,2020,CUR_TYPE_PPP,2107.972,ILOSTAT EAR_EMTA_SEX_CUR_NB_A
HUN,2020,CUR_TYPE_USD,1117.834,ILOSTAT EAR_EMTA_SEX_CUR_NB_A
HUN,2019,CUR_TYPE_LCU,1127.874,ILOSTAT EAR_EMTA_SEX_CUR_NB_A
HUN,2019,CUR_TYPE_PPP,2352.268,ILOSTAT EAR_EMTA_SEX_CUR_NB_A
HUN,2019,CUR_TYPE_USD,1262.655,ILOSTAT EAR_EMTA_SEX_CUR_NB_A
HUN,2018,CUR_TYPE_LCU,847.867,ILOSTAT EAR_EMTA_SEX_CUR_NB_A
HUN,2018,CUR_TYPE_PPP,1743.328,ILOSTAT EAR_EMTA_SEX_CUR_NB_A
HUN,2018,CUR_TYPE_USD,1001.331,ILOSTAT EAR_EMTA_SEX_CUR_NB_A
HUN,2017,CUR_TYPE_LCU,837.408,ILOSTAT EAR_EMTA_SEX_CUR_NB_A
HUN,2017,CUR_TYPE_PPP,1698.227,ILOSTAT EAR_EMTA_SEX_CUR_NB_A
HUN,2017,CUR_TYPE_USD,946.02,ILOSTAT EAR_EMTA_SEX_CUR_NB_A
HUN,2016,CUR_TYPE_LCU,779.873,ILOSTAT EAR_EMTA_SEX_CUR_NB_A
HUN,2016,CUR_TYPE_PPP,1659.59,ILOSTAT EAR_EMTA_SEX_CUR_NB_A
HUN,2016,CUR_TYPE_USD,863.242,ILOSTAT EAR_EMTA_SEX_CUR_NB_A
HUN,2015,CUR_TYPE_LCU,753.44,ILOSTAT EAR_EMTA_SEX_CUR_NB_A
HUN,2015,CUR_TYPE_PPP,1577.274,ILOSTAT EAR_EMTA_SEX_CUR_NB_A
HUN,2015,CUR_TYPE_USD,835.942,ILOSTAT EAR_EMTA_SEX_CUR_NB_A
HUN,2014,CUR_TYPE_LCU,782.144,ILOSTAT EAR_EMTA_SEX_CUR_NB_A
HUN,2014,CUR_TYPE_PPP,1680.204,ILOSTAT EAR_EMTA_SEX_CUR_NB_A
HUN,2014,CUR_TYPE_USD,1039.079,ILOSTAT EAR_EMTA_SEX_CUR_NB_A
HUN,2013,CUR_TYPE_LCU,760.44,ILOSTAT EAR_EMTA_SEX_CUR_NB_A
HUN,2013,CUR_TYPE_PPP,1599.649,ILOSTAT EAR_EMTA_SEX_CUR_NB_A
HUN,2013,CUR_TYPE_USD,1009.941,ILOSTAT EAR_EMTA_SEX_CUR_NB_A
HUN,2012,CUR_TYPE_LCU,774.353,ILOSTAT EAR_EMTA_SEX_CUR_NB_A
HUN,2012,CUR_TYPE_PPP,1561.246,ILOSTAT EAR_EMTA_SEX_CUR_NB_A
HUN,2012,CUR_TYPE_USD,994.888,ILOSTAT EAR_EMTA_SEX_CUR_NB_A
HUN,2011,CUR_TYPE_LCU,760.199,ILOSTAT EAR_EMTA_SEX_CUR_NB_A
HUN,2011,CUR_TYPE_PPP,1524.367,ILOSTAT EAR_EMTA_SEX_CUR_NB_A
HUN,2011,CUR_TYPE_USD,1058.197,ILOSTAT EAR_EMTA_SEX_CUR_NB_A
HUN,2010,CUR_TYPE_LCU,720.388,ILOSTAT EAR_EMTA_SEX_CUR_NB_A
HUN,2010,CUR_TYPE_PPP,1387.784,ILOSTAT EAR_EMTA_SEX_CUR_NB_A
HUN,2010,CUR_TYPE_USD,955.018,ILOSTAT EAR_EMTA_SEX_CUR_NB_A
HUN,2009,CUR_TYPE_LCU,798.765,ILOSTAT EAR_EMTA_SEX_CUR_NB_A
HUN,2009,CUR_TYPE_PPP,1564.207,ILOSTAT EAR_EMTA_SEX_CUR_NB_A
HUN,2009,CUR_TYPE_USD,1114.117,ILOSTAT EAR_EMTA_SEX_CUR_NB_A
HUN,2008,CUR_TYPE_LCU,743.632,ILOSTAT EAR_EMTA_SEX_CUR_NB_A
HUN,2008,CUR_TYPE_PPP,1288.362,ILOSTAT EAR_EMTA_SEX_CUR_NB_A
HUN,2008,CUR_TYPE_USD,1093.734,ILOSTAT EAR_EMTA_SEX_CUR_NB_A
HUN,2007,CUR_TYPE_LCU,633.315,ILOSTAT EAR_EMTA_SEX_CUR_NB_A
HUN,2007,CUR_TYPE_PPP,1083.993,ILOSTAT EAR_EMTA_SEX_CUR_NB_A
HUN,2007,CUR_TYPE_USD,867.958,ILOSTAT EAR_EMTA_SEX_CUR_NB_A
HUN,2006,CUR_TYPE_LCU,506.616,ILOSTAT EAR_EMTA_SEX_CUR_NB_A
HUN,2006,CUR_TYPE_PPP,957.404,ILOSTAT EAR_EMTA_SEX_CUR_NB_A
HUN,2006,CUR_TYPE_USD,636.107,ILOSTAT EAR_EMTA_SEX_CUR_NB_A
HUN,2005,CUR_TYPE_LCU,459.119,ILOSTAT EAR_EMTA_SEX_CUR_NB_A
HUN,2005,CUR_TYPE_PPP,828.692,ILOSTAT EAR_EMTA_SEX_CUR_NB_A
HUN,2005,CUR_TYPE_USD,571.19,ILOSTAT EAR_EMTA_SEX_CUR_NB_A
HUN,2004,CUR_TYPE_LCU,145187,ILOSTAT EAR_EMTA_SEX_CUR_NB_A
HUN,2004,CUR_TYPE_PPP,1075.433,ILOSTAT EAR_EMTA_SEX_CUR_NB_A
HUN,2004,CUR_TYPE_USD,716.104,ILOSTAT EAR_EMTA_SEX_CUR_NB_A
HUN,2003,CUR_TYPE_LCU,138003,ILOSTAT EAR_EMTA_SEX_CUR_NB_A
HUN,2003,CUR_TYPE_PPP,1070.729,ILOSTAT EAR_EMTA_SEX_CUR_NB_A
HUN,2003,CUR_TYPE_USD,615.242,ILOSTAT EAR_EMTA_SEX_CUR_NB_A
HUN,2002,CUR_TYPE_LCU,122266,ILOSTAT EAR_EMTA_SEX_CUR_NB_A
HUN,2002,CUR_TYPE_PPP,4.019,ILOSTAT EAR_EMTA_SEX_CUR_NB_A
HUN,2002,CUR_TYPE_USD,474.108,ILOSTAT EAR_EMTA_SEX_CUR_NB_A
HUN,2001,CUR_TYPE_LCU,103280,ILOSTAT EAR_EMTA_SEX_CUR_NB_A
HUN,2001,CUR_TYPE_PPP,854.247,ILOSTAT EAR_EMTA_SEX_CUR_NB_A
HUN,2001,CUR_TYPE_USD,360.501,ILOSTAT EAR_EMTA_SEX_CUR_NB_A
HUN,2000,CUR_TYPE_LCU,87566,ILOSTAT EAR_EMTA_SEX_CUR_NB_A
HUN,2000,CUR_TYPE_PPP,764.679,ILOSTAT EAR_EMTA_SEX_CUR_NB_A
HUN,2000,CUR_TYPE_USD,310.321,ILOSTAT EAR_EMTA_SEX_CUR_NB_A
HUN,1999,CUR_TYPE_LCU,76973,ILOSTAT EAR_EMTA_SEX_CUR_NB_A
HUN,1999,CUR_TYPE_PPP,708.498,ILOSTAT EAR_EMTA_SEX_CUR_NB_A
HUN,1999,CUR_TYPE_USD,324.581,ILOSTAT EAR_EMTA_SEX_CUR_NB_A
HUN,1998,CUR_TYPE_LCU,68718,ILOSTAT EAR_EMTA_SEX_CUR_NB_A
HUN,1998,CUR_TYPE_PPP,678.074,ILOSTAT EAR_EMTA_SEX_CUR_NB_A
HUN,1998,CUR_TYPE_USD,320.511,ILOSTAT EAR_EMTA_SEX_CUR_NB_A
HUN,1997,CUR_TYPE_LCU,58259,ILOSTAT EAR_EMTA_SEX_CUR_NB_A
HUN,1997,CUR_TYPE_PPP,644.142,ILOSTAT EAR_EMTA_SEX_CUR_NB_A
HUN,1997,CUR_TYPE_USD,311.897,ILOSTAT EAR_EMTA_SEX_CUR_NB_A
HUN,1996,CUR_TYPE_LCU,47491,ILOSTAT EAR_EMTA_SEX_CUR_NB_A
HUN,1996,CUR_TYPE_PPP,608.643,ILOSTAT EAR_EMTA_SEX_CUR_NB_A
HUN,1996,CUR_TYPE_USD,311.117,ILOSTAT EAR_EMTA_SEX_CUR_NB_A
HUN,1995,CUR_TYPE_LCU,39854,ILOSTAT EAR_EMTA_SEX_CUR_NB_A
HUN,1995,CUR_TYPE_PPP,3.744,ILOSTAT EAR_EMTA_SEX_CUR_NB_A
HUN,1995,CUR_TYPE_USD,317.103,ILOSTAT EAR_EMTA_SEX_CUR_NB_A
HUN,1994,CUR_TYPE_LCU,33939,ILOSTAT EAR_EMTA_SEX_CUR_NB_A
HUN,1994,CUR_TYPE_PPP,5.286,ILOSTAT EAR_EMTA_SEX_CUR_NB_A
HUN,1994,CUR_TYPE_USD,322.735,ILOSTAT EAR_EMTA_SEX_CUR_NB_A
HUN,1993,CUR_TYPE_LCU,27173,ILOSTAT EAR_EMTA_SEX_CUR_NB_A
HUN,1993,CUR_TYPE_PPP,617.512,ILOSTAT EAR_EMTA_SEX_CUR_NB_A
HUN,1993,CUR_TYPE_USD,295.573,ILOSTAT EAR_EMTA_SEX_CUR_NB_A
HUN,1992,CUR_TYPE_LCU,22294,ILOSTAT EAR_EMTA_SEX_CUR_NB_A
HUN,1992,CUR_TYPE_PPP,591.066,ILOSTAT EAR_EMTA_SEX_CUR_NB_A
HUN,1992,CUR_TYPE_USD,282.244,ILOSTAT EAR_EMTA_SEX_CUR_NB_A
HUN,1991,CUR_TYPE_LCU,16752,ILOSTAT EAR_EMTA_SEX_CUR_NB_A
HUN,1991,CUR_TYPE_PPP,526.418,ILOSTAT EAR_EMTA_SEX_CUR_NB_A
HUN,1991,CUR_TYPE_USD,224.151,ILOSTAT EAR_EMTA_SEX_CUR_NB_A
HUN,1990,CUR_TYPE_LCU,13107,ILOSTAT EAR_EMTA_SEX_CUR_NB_A
HUN,1990,CUR_TYPE_PPP,532.722,ILOSTAT EAR_EMTA_SEX_CUR_NB_A
HUN,1990,CUR_TYPE_USD,207.37,ILOSTAT EAR_EMTA_SEX_CUR_NB_A
HUN,1989,CUR_TYPE_LCU,10461,ILOSTAT EAR_EMTA_SEX_CUR_NB_A
IRL,2025,CUR_TYPE_LCU,5041.263,ILOSTAT EAR_EMTA_SEX_CUR_NB_A
IRL,2025,CUR_TYPE_PPP,5576.847,ILOSTAT EAR_EMTA_SEX_CUR_NB_A
IRL,2025,CUR_TYPE_USD,5696.627,ILOSTAT EAR_EMTA_SEX_CUR_NB_A
IRL,2024,CUR_TYPE_LCU,4799.091,ILOSTAT EAR_EMTA_SEX_CUR_NB_A
IRL,2024,CUR_TYPE_PPP,5441.454,ILOSTAT EAR_EMTA_SEX_CUR_NB_A
IRL,2024,CUR_TYPE_USD,5194.536,ILOSTAT EAR_EMTA_SEX_CUR_NB_A
IRL,2023,CUR_TYPE_LCU,4494.462,ILOSTAT EAR_EMTA_SEX_CUR_NB_A
IRL,2023,CUR_TYPE_PPP,5071.091,ILOSTAT EAR_EMTA_SEX_CUR_NB_A
IRL,2023,CUR_TYPE_USD,4859.862,ILOSTAT EAR_EMTA_SEX_CUR_NB_A
IRL,2022,CUR_TYPE_LCU,4393.891,ILOSTAT EAR_EMTA_SEX_CUR_NB_A
IRL,2022,CUR_TYPE_PPP,4836.519,ILOSTAT EAR_EMTA_SEX_CUR_NB_A
IRL,2022,CUR_TYPE_USD,4626.767,ILOSTAT EAR_EMTA_SEX_CUR_NB_A
IRL,2021,CUR_TYPE_LCU,4242.997,ILOSTAT EAR_EMTA_SEX_CUR_NB_A
IRL,2021,CUR_TYPE_PPP,4426.909,ILOSTAT EAR_EMTA_SEX_CUR_NB_A
IRL,2021,CUR_TYPE_USD,5018.193,ILOSTAT EAR_EMTA_SEX_CUR_NB_A
IRL,2020,CUR_TYPE_LCU,3974.495,ILOSTAT EAR_EMTA_SEX_CUR_NB_A
IRL,2020,CUR_TYPE_PPP,3996.685,ILOSTAT EAR_EMTA_SEX_CUR_NB_A
IRL,2020,CUR_TYPE_USD,4539.668,ILOSTAT EAR_EMTA_SEX_CUR_NB_A
IRL,2019,CUR_TYPE_LCU,3546.263,ILOSTAT EAR_EMTA_SEX_CUR_NB_A
IRL,2019,CUR_TYPE_PPP,3654.028,ILOSTAT EAR_EMTA_SEX_CUR_NB_A
IRL,2019,CUR_TYPE_USD,3970.041,ILOSTAT EAR_EMTA_SEX_CUR_NB_A
IRL,2018,CUR_TYPE_LCU,3887.973,ILOSTAT EAR_EMTA_SEX_CUR_NB_A
IRL,2018,CUR_TYPE_PPP,3927.737,ILOSTAT EAR_EMTA_SEX_CUR_NB_A
IRL,2018,CUR_TYPE_USD,4591.696,ILOSTAT EAR_EMTA_SEX_CUR_NB_A
IRL,2017,CUR_TYPE_LCU,3721.719,ILOSTAT EAR_EMTA_SEX_CUR_NB_A
IRL,2017,CUR_TYPE_PPP,3771.873,ILOSTAT EAR_EMTA_SEX_CUR_NB_A
IRL,2017,CUR_TYPE_USD,4204.426,ILOSTAT EAR_EMTA_SEX_CUR_NB_A
IRL,2016,CUR_TYPE_LCU,3678.744,ILOSTAT EAR_EMTA_SEX_CUR_NB_A
IRL,2016,CUR_TYPE_PPP,3774.604,ILOSTAT EAR_EMTA_SEX_CUR_NB_A
IRL,2016,CUR_TYPE_USD,4072.002,ILOSTAT EAR_EMTA_SEX_CUR_NB_A
IRL,2015,CUR_TYPE_LCU,3560.568,ILOSTAT EAR_EMTA_SEX_CUR_NB_A
IRL,2015,CUR_TYPE_PPP,3564.014,ILOSTAT EAR_EMTA_SEX_CUR_NB_A
IRL,2015,CUR_TYPE_USD,3950.45,ILOSTAT EAR_EMTA_SEX_CUR_NB_A
IRL,2014,CUR_TYPE_LCU,3595.739,ILOSTAT EAR_EMTA_SEX_CUR_NB_A
IRL,2014,CUR_TYPE_PPP,3633.855,ILOSTAT EAR_EMTA_SEX_CUR_NB_A
IRL,2014,CUR_TYPE_USD,4776.94,ILOSTAT EAR_EMTA_SEX_CUR_NB_A
IRL,2013,CUR_TYPE_LCU,3626.69,ILOSTAT EAR_EMTA_SEX_CUR_NB_A
IRL,2013,CUR_TYPE_PPP,3753.168,ILOSTAT EAR_EMTA_SEX_CUR_NB_A
IRL,2013,CUR_TYPE_USD,4816.607,ILOSTAT EAR_EMTA_SEX_CUR_NB_A
IRL,2012,CUR_TYPE_LCU,3417.691,ILOSTAT EAR_EMTA_SEX_CUR_NB_A
IRL,2012,CUR_TYPE_PPP,3540.584,ILOSTAT EAR_EMTA_SEX_CUR_NB_A
IRL,2012,CUR_TYPE_USD,4391.049,ILOSTAT EAR_EMTA_SEX_CUR_NB_A
IRL,2011,CUR_TYPE_LCU,3423.298,ILOSTAT EAR_EMTA_SEX_CUR_NB_A
IRL,2011,CUR_TYPE_PPP,3568.072,ILOSTAT EAR_EMTA_SEX_CUR_NB_A
IRL,2011,CUR_TYPE_USD,4765.23,ILOSTAT EAR_EMTA_SEX_CUR_NB_A
IRL,2010,CUR_TYPE_LCU,3350.99,ILOSTAT EAR_EMTA_SEX_CUR_NB_A
IRL,2010,CUR_TYPE_PPP,3467.684,ILOSTAT EAR_EMTA_SEX_CUR_NB_A
IRL,2010,CUR_TYPE_USD,4442.407,ILOSTAT EAR_EMTA_SEX_CUR_NB_A
IRL,2009,CUR_TYPE_LCU,3227.006,ILOSTAT EAR_EMTA_SEX_CUR_NB_A
IRL,2009,CUR_TYPE_PPP,3173.707,ILOSTAT EAR_EMTA_SEX_CUR_NB_A
IRL,2009,CUR_TYPE_USD,4501.028,ILOSTAT EAR_EMTA_SEX_CUR_NB_A
IRL,2008,CUR_TYPE_LCU,3361.255,ILOSTAT EAR_EMTA_SEX_CUR_NB_A
IRL,2008,CUR_TYPE_PPP,3134.464,ILOSTAT EAR_EMTA_SEX_CUR_NB_A
IRL,2008,CUR_TYPE_USD,4943.734,ILOSTAT EAR_EMTA_SEX_CUR_NB_A
IRL,2007,CUR_TYPE_LCU,3224.751,ILOSTAT EAR_EMTA_SEX_CUR_NB_A
IRL,2007,CUR_TYPE_PPP,3025.268,ILOSTAT EAR_EMTA_SEX_CUR_NB_A
IRL,2007,CUR_TYPE_USD,4419.522,ILOSTAT EAR_EMTA_SEX_CUR_NB_A
IRL,2006,CUR_TYPE_LCU,2521.797,ILOSTAT EAR_EMTA_SEX_CUR_NB_A
IRL,2006,CUR_TYPE_PPP,2371.51,ILOSTAT EAR_EMTA_SEX_CUR_NB_A
IRL,2006,CUR_TYPE_USD,3166.369,ILOSTAT EAR_EMTA_SEX_CUR_NB_A
IRL,2005,CUR_TYPE_LCU,2372.294,ILOSTAT EAR_EMTA_SEX_CUR_NB_A
IRL,2005,CUR_TYPE_PPP,2221.43,ILOSTAT EAR_EMTA_SEX_CUR_NB_A
IRL,2005,CUR_TYPE_USD,2951.37,ILOSTAT EAR_EMTA_SEX_CUR_NB_A
IRL,2004,CUR_TYPE_LCU,2336.965,ILOSTAT EAR_EMTA_SEX_CUR_NB_A
IRL,2004,CUR_TYPE_PPP,2189.57,ILOSTAT EAR_EMTA_SEX_CUR_NB_A
IRL,2004,CUR_TYPE_USD,2906.951,ILOSTAT EAR_EMTA_SEX_CUR_NB_A
IRL,2002,CUR_TYPE_LCU,2641.09,ILOSTAT EAR_EMTA_SEX_CUR_NB_A
IRL,2002,CUR_TYPE_PPP,2461.061,ILOSTAT EAR_EMTA_SEX_CUR_NB_A
IRL,2002,CUR_TYPE_USD,2497.415,ILOSTAT EAR_EMTA_SEX_CUR_NB_A
ISL,2020,CUR_TYPE_LCU,5558.226,ILOSTAT EAR_EMTA_SEX_CUR_NB_A
ISL,2020,CUR_TYPE_PPP,5551.63,ILOSTAT EAR_EMTA_SEX_CUR_NB_A
ISL,2020,CUR_TYPE_USD,6348.606,ILOSTAT EAR_EMTA_SEX_CUR_NB_A
ISL,2019,CUR_TYPE_LCU,5716.377,ILOSTAT EAR_EMTA_SEX_CUR_NB_A
ISL,2019,CUR_TYPE_PPP,4962.25,ILOSTAT EAR_EMTA_SEX_CUR_NB_A
ISL,2019,CUR_TYPE_USD,6399.484,ILOSTAT EAR_EMTA_SEX_CUR_NB_A
ISL,2018,CUR_TYPE_LCU,6034.88,ILOSTAT EAR_EMTA_SEX_CUR_NB_A
ISL,2018,CUR_TYPE_PPP,4855.264,ILOSTAT EAR_EMTA_SEX_CUR_NB_A
ISL,2018,CUR_TYPE_USD,7127.194,ILOSTAT EAR_EMTA_SEX_CUR_NB_A
ISL,2017,CUR_TYPE_LCU,5180.819,ILOSTAT EAR_EMTA_SEX_CUR_NB_A
ISL,2017,CUR_TYPE_PPP,3970.058,ILOSTAT EAR_EMTA_SEX_CUR_NB_A
ISL,2017,CUR_TYPE_USD,5852.771,ILOSTAT EAR_EMTA_SEX_CUR_NB_A
ISL,2016,CUR_TYPE_LCU,4129.583,ILOSTAT EAR_EMTA_SEX_CUR_NB_A
ISL,2016,CUR_TYPE_PPP,3454.525,ILOSTAT EAR_EMTA_SEX_CUR_NB_A
ISL,2016,CUR_TYPE_USD,4571.036,ILOSTAT EAR_EMTA_SEX_CUR_NB_A
ISL,2015,CUR_TYPE_LCU,3345.323,ILOSTAT EAR_EMTA_SEX_CUR_NB_A
ISL,2015,CUR_TYPE_PPP,3159.003,ILOSTAT EAR_EMTA_SEX_CUR_NB_A
ISL,2015,CUR_TYPE_USD,3711.635,ILOSTAT EAR_EMTA_SEX_CUR_NB_A
ISL,2014,CUR_TYPE_LCU,3360.81,ILOSTAT EAR_EMTA_SEX_CUR_NB_A
ISL,2014,CUR_TYPE_PPP,3473.362,ILOSTAT EAR_EMTA_SEX_CUR_NB_A
ISL,2014,CUR_TYPE_USD,4464.836,ILOSTAT EAR_EMTA_SEX_CUR_NB_A
ISL,2013,CUR_TYPE_LCU,2746.691,ILOSTAT EAR_EMTA_SEX_CUR_NB_A
ISL,2013,CUR_TYPE_PPP,3008.046,ILOSTAT EAR_EMTA_SEX_CUR_NB_A
ISL,2013,CUR_TYPE_USD,3647.881,ILOSTAT EAR_EMTA_SEX_CUR_NB_A
ISL,2012,CUR_TYPE_LCU,2921.164,ILOSTAT EAR_EMTA_SEX_CUR_NB_A
ISL,2012,CUR_TYPE_PPP,3234.159,ILOSTAT EAR_EMTA_SEX_CUR_NB_A
ISL,2012,CUR_TYPE_USD,3753.112,ILOSTAT EAR_EMTA_SEX_CUR_NB_A
ISL,2011,CUR_TYPE_LCU,2730.881,ILOSTAT EAR_EMTA_SEX_CUR_NB_A
ISL,2011,CUR_TYPE_PPP,3117.941,ILOSTAT EAR_EMTA_SEX_CUR_NB_A
ISL,2011,CUR_TYPE_USD,3801.387,ILOSTAT EAR_EMTA_SEX_CUR_NB_A
ISL,2010,CUR_TYPE_LCU,2541.736,ILOSTAT EAR_EMTA_SEX_CUR_NB_A
ISL,2010,CUR_TYPE_PPP,2912.744,ILOSTAT EAR_EMTA_SEX_CUR_NB_A
ISL,2010,CUR_TYPE_USD,3369.579,ILOSTAT EAR_EMTA_SEX_CUR_NB_A
ISL,2009,CUR_TYPE_LCU,3104.274,ILOSTAT EAR_EMTA_SEX_CUR_NB_A
ISL,2009,CUR_TYPE_PPP,3951.082,ILOSTAT EAR_EMTA_SEX_CUR_NB_A
ISL,2009,CUR_TYPE_USD,4329.842,ILOSTAT EAR_EMTA_SEX_CUR_NB_A
ISL,2008,CUR_TYPE_LCU,4611.25,ILOSTAT EAR_EMTA_SEX_CUR_NB_A
ISL,2008,CUR_TYPE_PPP,5005.466,ILOSTAT EAR_EMTA_SEX_CUR_NB_A
ISL,2008,CUR_TYPE_USD,6782.227,ILOSTAT EAR_EMTA_SEX_CUR_NB_A
ISL,2007,CUR_TYPE_LCU,4219.754,ILOSTAT EAR_EMTA_SEX_CUR_NB_A
ISL,2007,CUR_TYPE_PPP,3446.667,ILOSTAT EAR_EMTA_SEX_CUR_NB_A
ISL,2007,CUR_TYPE_USD,5783.173,ILOSTAT EAR_EMTA_SEX_CUR_NB_A
ISL,2006,CUR_TYPE_LCU,3738.59,ILOSTAT EAR_EMTA_SEX_CUR_NB_A
ISL,2006,CUR_TYPE_PPP,3152.446,ILOSTAT EAR_EMTA_SEX_CUR_NB_A
ISL,2006,CUR_TYPE_USD,4694.173,ILOSTAT EAR_EMTA_SEX_CUR_NB_A
ISL,2005,CUR_TYPE_LCU,2849.297,ILOSTAT EAR_EMTA_SEX_CUR_NB_A
ISL,2005,CUR_TYPE_PPP,2202.995,ILOSTAT EAR_EMTA_SEX_CUR_NB_A
ISL,2005,CUR_TYPE_USD,3544.81,ILOSTAT EAR_EMTA_SEX_CUR_NB_A
ISL,2004,CUR_TYPE_LCU,2673.212,ILOSTAT EAR_EMTA_SEX_CUR_NB_A
ISL,2004,CUR_TYPE_PPP,2303.134,ILOSTAT EAR_EMTA_SEX_CUR_NB_A
ISL,2004,CUR_TYPE_USD,3325.208,ILOSTAT EAR_EMTA_SEX_CUR_NB_A
ITA,2025,CUR_TYPE_LCU,3534.346,ILOSTAT EAR_EMTA_SEX_CUR_NB_A
ITA,2025,CUR_TYPE_PPP,5481.102,ILOSTAT EAR_EMTA_SEX_CUR_NB_A
ITA,2025,CUR_TYPE_USD,3993.811,ILOSTAT EAR_EMTA_SEX_CUR_NB_A
ITA,2024,CUR_TYPE_LCU,3329.878,ILOSTAT EAR_EMTA_SEX_CUR_NB_A
ITA,2024,CUR_TYPE_PPP,5326.467,ILOSTAT EAR_EMTA_SEX_CUR_NB_A
ITA,2024,CUR_TYPE_USD,3604.26,ILOSTAT EAR_EMTA_SEX_CUR_NB_A
ITA,2023,CUR_TYPE_LCU,3203.698,ILOSTAT EAR_EMTA_SEX_CUR_NB_A
ITA,2023,CUR_TYPE_PPP,5072.786,ILOSTAT EAR_EMTA_SEX_CUR_NB_A
ITA,2023,CUR_TYPE_USD,3464.158,ILOSTAT EAR_EMTA_SEX_CUR_NB_A
ITA,2022,CUR_TYPE_LCU,3116.198,ILOSTAT EAR_EMTA_SEX_CUR_NB_A
ITA,2022,CUR_TYPE_PPP,4718.674,ILOSTAT EAR_EMTA_SEX_CUR_NB_A
ITA,2022,CUR_TYPE_USD,3281.357,ILOSTAT EAR_EMTA_SEX_CUR_NB_A
ITA,2021,CUR_TYPE_LCU,3077.83,ILOSTAT EAR_EMTA_SEX_CUR_NB_A
ITA,2021,CUR_TYPE_PPP,4397.403,ILOSTAT EAR_EMTA_SEX_CUR_NB_A
ITA,2021,CUR_TYPE_USD,3640.15,ILOSTAT EAR_EMTA_SEX_CUR_NB_A
ITA,2020,CUR_TYPE_LCU,1365.486,ILOSTAT EAR_EMTA_SEX_CUR_NB_A
ITA,2020,CUR_TYPE_PPP,1912.95,ILOSTAT EAR_EMTA_SEX_CUR_NB_A
ITA,2020,CUR_TYPE_USD,1559.659,ILOSTAT EAR_EMTA_SEX_CUR_NB_A
ITA,2019,CUR_TYPE_LCU,1354.972,ILOSTAT EAR_EMTA_SEX_CUR_NB_A
ITA,2019,CUR_TYPE_PPP,1873.179,ILOSTAT EAR_EMTA_SEX_CUR_NB_A
ITA,2019,CUR_TYPE_USD,1516.891,ILOSTAT EAR_EMTA_SEX_CUR_NB_A
ITA,2018,CUR_TYPE_LCU,1338.435,ILOSTAT EAR_EMTA_SEX_CUR_NB_A
ITA,2018,CUR_TYPE_PPP,1755.819,ILOSTAT EAR_EMTA_SEX_CUR_NB_A
ITA,2018,CUR_TYPE_USD,1580.691,ILOSTAT EAR_EMTA_SEX_CUR_NB_A
ITA,2017,CUR_TYPE_LCU,1325.863,ILOSTAT EAR_EMTA_SEX_CUR_NB_A
ITA,2017,CUR_TYPE_PPP,1704.964,ILOSTAT EAR_EMTA_SEX_CUR_NB_A
ITA,2017,CUR_TYPE_USD,1497.828,ILOSTAT EAR_EMTA_SEX_CUR_NB_A
ITA,2016,CUR_TYPE_LCU,1319.238,ILOSTAT EAR_EMTA_SEX_CUR_NB_A
ITA,2016,CUR_TYPE_PPP,1677.874,ILOSTAT EAR_EMTA_SEX_CUR_NB_A
ITA,2016,CUR_TYPE_USD,1460.265,ILOSTAT EAR_EMTA_SEX_CUR_NB_A
ITA,2015,CUR_TYPE_LCU,1307.589,ILOSTAT EAR_EMTA_SEX_CUR_NB_A
ITA,2015,CUR_TYPE_PPP,1578.12,ILOSTAT EAR_EMTA_SEX_CUR_NB_A
ITA,2015,CUR_TYPE_USD,1450.77,ILOSTAT EAR_EMTA_SEX_CUR_NB_A
ITA,2014,CUR_TYPE_LCU,1286.271,ILOSTAT EAR_EMTA_SEX_CUR_NB_A
ITA,2014,CUR_TYPE_PPP,1558.455,ILOSTAT EAR_EMTA_SEX_CUR_NB_A
ITA,2014,CUR_TYPE_USD,1708.811,ILOSTAT EAR_EMTA_SEX_CUR_NB_A
ITA,2013,CUR_TYPE_LCU,1264.564,ILOSTAT EAR_EMTA_SEX_CUR_NB_A
ITA,2013,CUR_TYPE_PPP,1542.981,ILOSTAT EAR_EMTA_SEX_CUR_NB_A
ITA,2013,CUR_TYPE_USD,1679.468,ILOSTAT EAR_EMTA_SEX_CUR_NB_A
ITA,2012,CUR_TYPE_LCU,1258.506,ILOSTAT EAR_EMTA_SEX_CUR_NB_A
ITA,2012,CUR_TYPE_PPP,1517.819,ILOSTAT EAR_EMTA_SEX_CUR_NB_A
ITA,2012,CUR_TYPE_USD,1616.928,ILOSTAT EAR_EMTA_SEX_CUR_NB_A
ITA,2011,CUR_TYPE_LCU,1258.837,ILOSTAT EAR_EMTA_SEX_CUR_NB_A
ITA,2011,CUR_TYPE_PPP,1536.097,ILOSTAT EAR_EMTA_SEX_CUR_NB_A
ITA,2011,CUR_TYPE_USD,1752.302,ILOSTAT EAR_EMTA_SEX_CUR_NB_A
ITA,2010,CUR_TYPE_LCU,1247.144,ILOSTAT EAR_EMTA_SEX_CUR_NB_A
ITA,2010,CUR_TYPE_PPP,1522.528,ILOSTAT EAR_EMTA_SEX_CUR_NB_A
ITA,2010,CUR_TYPE_USD,1653.339,ILOSTAT EAR_EMTA_SEX_CUR_NB_A
ITA,2009,CUR_TYPE_LCU,1226.329,ILOSTAT EAR_EMTA_SEX_CUR_NB_A
ITA,2009,CUR_TYPE_PPP,1468.766,ILOSTAT EAR_EMTA_SEX_CUR_NB_A
ITA,2009,CUR_TYPE_USD,1710.484,ILOSTAT EAR_EMTA_SEX_CUR_NB_A
ITA,2008,CUR_TYPE_LCU,1210.181,ILOSTAT EAR_EMTA_SEX_CUR_NB_A
ITA,2008,CUR_TYPE_PPP,1428.724,ILOSTAT EAR_EMTA_SEX_CUR_NB_A
ITA,2008,CUR_TYPE_USD,1779.934,ILOSTAT EAR_EMTA_SEX_CUR_NB_A
ITA,2007,CUR_TYPE_LCU,2725.037,ILOSTAT EAR_EMTA_SEX_CUR_NB_A
ITA,2007,CUR_TYPE_PPP,3110.62,ILOSTAT EAR_EMTA_SEX_CUR_NB_A
ITA,2007,CUR_TYPE_USD,3734.664,ILOSTAT EAR_EMTA_SEX_CUR_NB_A
ITA,2006,CUR_TYPE_LCU,2099,ILOSTAT EAR_EMTA_SEX_CUR_NB_A
ITA,2006,CUR_TYPE_PPP,2383.429,ILOSTAT EAR_EMTA_SEX_CUR_NB_A
ITA,2006,CUR_TYPE_USD,2635.504,ILOSTAT EAR_EMTA_SEX_CUR_NB_A
ITA,2002,CUR_TYPE_LCU,1880.12,ILOSTAT EAR_EMTA_SEX_CUR_NB_A
ITA,2002,CUR_TYPE_PPP,2141.899,ILOSTAT EAR_EMTA_SEX_CUR_NB_A
ITA,2002,CUR_TYPE_USD,1777.842,ILOSTAT EAR_EMTA_SEX_CUR_NB_A
LIE,2018,CUR_TYPE_LCU,6675,ILOSTAT EAR_EMTA_SEX_CUR_NB_A
LIE,2018,CUR_TYPE_USD,6825.91,ILOSTAT EAR_EMTA_SEX_CUR_NB_A
LIE,2016,CUR_TYPE_LCU,6603,ILOSTAT EAR_EMTA_SEX_CUR_NB_A
LIE,2016,CUR_TYPE_USD,6700.87,ILOSTAT EAR_EMTA_SEX_CUR_NB_A
LIE,2014,CUR_TYPE_LCU,6522,ILOSTAT EAR_EMTA_SEX_CUR_NB_A
LIE,2014,CUR_TYPE_USD,7118.913,ILOSTAT EAR_EMTA_SEX_CUR_NB_A
LIE,2012,CUR_TYPE_LCU,6380,ILOSTAT EAR_EMTA_SEX_CUR_NB_A
LIE,2012,CUR_TYPE_USD,6803.994,ILOSTAT EAR_EMTA_SEX_CUR_NB_A
LIE,2006,CUR_TYPE_LCU,5885,ILOSTAT EAR_EMTA_SEX_CUR_NB_A
LIE,2006,CUR_TYPE_USD,4693.569,ILOSTAT EAR_EMTA_SEX_CUR_NB_A
LIE,2005,CUR_TYPE_LCU,5819,ILOSTAT EAR_EMTA_SEX_CUR_NB_A
LIE,2005,CUR_TYPE_USD,4673.232,ILOSTAT EAR_EMTA_SEX_CUR_NB_A
LTU,2025,CUR_TYPE_LCU,2331.024,ILOSTAT EAR_EMTA_SEX_CUR_NB_A
LTU,2025,CUR_TYPE_PPP,4241.14,ILOSTAT EAR_EMTA_SEX_CUR_NB_A
LTU,2025,CUR_TYPE_USD,2634.057,ILOSTAT EAR_EMTA_SEX_CUR_NB_A
LTU,2024,CUR_TYPE_LCU,2106.441,ILOSTAT EAR_EMTA_SEX_CUR_NB_A
LTU,2024,CUR_TYPE_PPP,4001.18,ILOSTAT EAR_EMTA_SEX_CUR_NB_A
LTU,2024,CUR_TYPE_USD,2280.012,ILOSTAT EAR_EMTA_SEX_CUR_NB_A
LTU,2023,CUR_TYPE_LCU,1801.227,ILOSTAT EAR_EMTA_SEX_CUR_NB_A
LTU,2023,CUR_TYPE_PPP,3372.163,ILOSTAT EAR_EMTA_SEX_CUR_NB_A
LTU,2023,CUR_TYPE_USD,1947.667,ILOSTAT EAR_EMTA_SEX_CUR_NB_A
LTU,2022,CUR_TYPE_LCU,1577.109,ILOSTAT EAR_EMTA_SEX_CUR_NB_A
LTU,2022,CUR_TYPE_PPP,2995.441,ILOSTAT EAR_EMTA_SEX_CUR_NB_A
LTU,2022,CUR_TYPE_USD,1660.695,ILOSTAT EAR_EMTA_SEX_CUR_NB_A
LTU,2021,CUR_TYPE_LCU,1477.096,ILOSTAT EAR_EMTA_SEX_CUR_NB_A
LTU,2021,CUR_TYPE_PPP,2977.921,ILOSTAT EAR_EMTA_SEX_CUR_NB_A
LTU,2021,CUR_TYPE_USD,1746.962,ILOSTAT EAR_EMTA_SEX_CUR_NB_A
LTU,2020,CUR_TYPE_LCU,1308.616,ILOSTAT EAR_EMTA_SEX_CUR_NB_A
LTU,2020,CUR_TYPE_PPP,2665.896,ILOSTAT EAR_EMTA_SEX_CUR_NB_A
LTU,2020,CUR_TYPE_USD,1494.701,ILOSTAT EAR_EMTA_SEX_CUR_NB_A
LTU,2019,CUR_TYPE_LCU,1184.715,ILOSTAT EAR_EMTA_SEX_CUR_NB_A
LTU,2019,CUR_TYPE_PPP,2448.037,ILOSTAT EAR_EMTA_SEX_CUR_NB_A
LTU,2019,CUR_TYPE_USD,1326.289,ILOSTAT EAR_EMTA_SEX_CUR_NB_A
LTU,2018,CUR_TYPE_LCU,1096.164,ILOSTAT EAR_EMTA_SEX_CUR_NB_A
LTU,2018,CUR_TYPE_PPP,2200.46,ILOSTAT EAR_EMTA_SEX_CUR_NB_A
LTU,2018,CUR_TYPE_USD,1294.569,ILOSTAT EAR_EMTA_SEX_CUR_NB_A
LTU,2017,CUR_TYPE_LCU,1016.515,ILOSTAT EAR_EMTA_SEX_CUR_NB_A
LTU,2017,CUR_TYPE_PPP,2051.606,ILOSTAT EAR_EMTA_SEX_CUR_NB_A
LTU,2017,CUR_TYPE_USD,1148.357,ILOSTAT EAR_EMTA_SEX_CUR_NB_A
LTU,2016,CUR_TYPE_LCU,953.298,ILOSTAT EAR_EMTA_SEX_CUR_NB_A
LTU,2016,CUR_TYPE_PPP,1943.007,ILOSTAT EAR_EMTA_SEX_CUR_NB_A
LTU,2016,CUR_TYPE_USD,1055.205,ILOSTAT EAR_EMTA_SEX_CUR_NB_A
LTU,2015,CUR_TYPE_LCU,856.993,ILOSTAT EAR_EMTA_SEX_CUR_NB_A
LTU,2015,CUR_TYPE_PPP,1716.757,ILOSTAT EAR_EMTA_SEX_CUR_NB_A
LTU,2015,CUR_TYPE_USD,950.834,ILOSTAT EAR_EMTA_SEX_CUR_NB_A
LTU,2014,CUR_TYPE_LCU,819.99,ILOSTAT EAR_EMTA_SEX_CUR_NB_A
LTU,2014,CUR_TYPE_PPP,1640.357,ILOSTAT EAR_EMTA_SEX_CUR_NB_A
LTU,2014,CUR_TYPE_USD,1089.356,ILOSTAT EAR_EMTA_SEX_CUR_NB_A
LTU,2013,CUR_TYPE_LCU,735.697,ILOSTAT EAR_EMTA_SEX_CUR_NB_A
LTU,2013,CUR_TYPE_PPP,1458.912,ILOSTAT EAR_EMTA_SEX_CUR_NB_A
LTU,2013,CUR_TYPE_USD,977.079,ILOSTAT EAR_EMTA_SEX_CUR_NB_A
LTU,2012,CUR_TYPE_LCU,717.823,ILOSTAT EAR_EMTA_SEX_CUR_NB_A
LTU,2012,CUR_TYPE_PPP,1383.27,ILOSTAT EAR_EMTA_SEX_CUR_NB_A
LTU,2012,CUR_TYPE_USD,922.259,ILOSTAT EAR_EMTA_SEX_CUR_NB_A
LTU,2011,CUR_TYPE_LCU,659.276,ILOSTAT EAR_EMTA_SEX_CUR_NB_A
LTU,2011,CUR_TYPE_PPP,1274.038,ILOSTAT EAR_EMTA_SEX_CUR_NB_A
LTU,2011,CUR_TYPE_USD,917.713,ILOSTAT EAR_EMTA_SEX_CUR_NB_A
LTU,2010,CUR_TYPE_LCU,720.787,ILOSTAT EAR_EMTA_SEX_CUR_NB_A
LTU,2010,CUR_TYPE_PPP,1395.101,ILOSTAT EAR_EMTA_SEX_CUR_NB_A
LTU,2010,CUR_TYPE_USD,955.548,ILOSTAT EAR_EMTA_SEX_CUR_NB_A
LTU,2009,CUR_TYPE_LCU,650.861,ILOSTAT EAR_EMTA_SEX_CUR_NB_A
LTU,2009,CUR_TYPE_PPP,1217.487,ILOSTAT EAR_EMTA_SEX_CUR_NB_A
LTU,2009,CUR_TYPE_USD,907.821,ILOSTAT EAR_EMTA_SEX_CUR_NB_A
LTU,2008,CUR_TYPE_LCU,567.789,ILOSTAT EAR_EMTA_SEX_CUR_NB_A
LTU,2008,CUR_TYPE_PPP,1041.054,ILOSTAT EAR_EMTA_SEX_CUR_NB_A
LTU,2008,CUR_TYPE_USD,835.104,ILOSTAT EAR_EMTA_SEX_CUR_NB_A
LTU,2007,CUR_TYPE_LCU,491.214,ILOSTAT EAR_EMTA_SEX_CUR_NB_A
LTU,2007,CUR_TYPE_PPP,949.728,ILOSTAT EAR_EMTA_SEX_CUR_NB_A
LTU,2007,CUR_TYPE_USD,673.209,ILOSTAT EAR_EMTA_SEX_CUR_NB_A
LTU,2006,CUR_TYPE_LCU,390.874,ILOSTAT EAR_EMTA_SEX_CUR_NB_A
LTU,2006,CUR_TYPE_PPP,788.491,ILOSTAT EAR_EMTA_SEX_CUR_NB_A
LTU,2006,CUR_TYPE_USD,490.781,ILOSTAT EAR_EMTA_SEX_CUR_NB_A
LTU,2005,CUR_TYPE_LCU,341.947,ILOSTAT EAR_EMTA_SEX_CUR_NB_A
LTU,2005,CUR_TYPE_PPP,723.248,ILOSTAT EAR_EMTA_SEX_CUR_NB_A
LTU,2005,CUR_TYPE_USD,425.416,ILOSTAT EAR_EMTA_SEX_CUR_NB_A
LTU,2004,CUR_TYPE_LCU,1149,ILOSTAT EAR_EMTA_SEX_CUR_NB_A
LTU,2003,CUR_TYPE_LCU,1073,ILOSTAT EAR_EMTA_SEX_CUR_NB_A
LTU,2002,CUR_TYPE_LCU,1014,ILOSTAT EAR_EMTA_SEX_CUR_NB_A
LTU,2001,CUR_TYPE_LCU,982,ILOSTAT EAR_EMTA_SEX_CUR_NB_A
LTU,2000,CUR_TYPE_LCU,971,ILOSTAT EAR_EMTA_SEX_CUR_NB_A
LTU,1999,CUR_TYPE_LCU,987,ILOSTAT EAR_EMTA_SEX_CUR_NB_A
LTU,1998,CUR_TYPE_LCU,930,ILOSTAT EAR_EMTA_SEX_CUR_NB_A
LTU,1997,CUR_TYPE_LCU,778,ILOSTAT EAR_EMTA_SEX_CUR_NB_A
LTU,1996,CUR_TYPE_LCU,612,ILOSTAT EAR_EMTA_SEX_CUR_NB_A
LTU,1995,CUR_TYPE_LCU,518,ILOSTAT EAR_EMTA_SEX_CUR_NB_A
LTU,1994,CUR_TYPE_LCU,374,ILOSTAT EAR_EMTA_SEX_CUR_NB_A
LTU,1993,CUR_TYPE_LCU,166,ILOSTAT EAR_EMTA_SEX_CUR_NB_A
LTU,1992,CUR_TYPE_LCU,6327,ILOSTAT EAR_EMTA_SEX_CUR_NB_A
LTU,1991,CUR_TYPE_LCU,751,ILOSTAT EAR_EMTA_SEX_CUR_NB_A
LTU,1991,CUR_TYPE_PPP,225539.378,ILOSTAT EAR_EMTA_SEX_CUR_NB_A
LTU,1990,CUR_TYPE_LCU,283,ILOSTAT EAR_EMTA_SEX_CUR_NB_A
LTU,1989,CUR_TYPE_LCU,243,ILOSTAT EAR_EMTA_SEX_CUR_NB_A
LUX,2025,CUR_TYPE_LCU,8097.042,ILOSTAT EAR_EMTA_SEX_CUR_NB_A
LUX,2025,CUR_TYPE_PPP,9274.942,ILOSTAT EAR_EMTA_SEX_CUR_NB_A
LUX,2025,CUR_TYPE_USD,9149.658,ILOSTAT EAR_EMTA_SEX_CUR_NB_A
LUX,2024,CUR_TYPE_LCU,7864.731,ILOSTAT EAR_EMTA_SEX_CUR_NB_A
LUX,2024,CUR_TYPE_PPP,9306.956,ILOSTAT EAR_EMTA_SEX_CUR_NB_A
LUX,2024,CUR_TYPE_USD,8512.785,ILOSTAT EAR_EMTA_SEX_CUR_NB_A
LUX,2023,CUR_TYPE_LCU,7522.332,ILOSTAT EAR_EMTA_SEX_CUR_NB_A
LUX,2023,CUR_TYPE_PPP,8855.772,ILOSTAT EAR_EMTA_SEX_CUR_NB_A
LUX,2023,CUR_TYPE_USD,8133.898,ILOSTAT EAR_EMTA_SEX_CUR_NB_A
LUX,2022,CUR_TYPE_LCU,7043.999,ILOSTAT EAR_EMTA_SEX_CUR_NB_A
LUX,2022,CUR_TYPE_PPP,7881.794,ILOSTAT EAR_EMTA_SEX_CUR_NB_A
LUX,2022,CUR_TYPE_USD,7417.33,ILOSTAT EAR_EMTA_SEX_CUR_NB_A
LUX,2021,CUR_TYPE_LCU,6645.866,ILOSTAT EAR_EMTA_SEX_CUR_NB_A
LUX,2021,CUR_TYPE_PPP,6917.473,ILOSTAT EAR_EMTA_SEX_CUR_NB_A
LUX,2021,CUR_TYPE_USD,7860.065,ILOSTAT EAR_EMTA_SEX_CUR_NB_A
LUX,2020,CUR_TYPE_LCU,6305.456,ILOSTAT EAR_EMTA_SEX_CUR_NB_A
LUX,2020,CUR_TYPE_PPP,6541.289,ILOSTAT EAR_EMTA_SEX_CUR_NB_A
LUX,2020,CUR_TYPE_USD,7202.091,ILOSTAT EAR_EMTA_SEX_CUR_NB_A
LUX,2019,CUR_TYPE_LCU,6190.664,ILOSTAT EAR_EMTA_SEX_CUR_NB_A
LUX,2019,CUR_TYPE_PPP,6588.14,ILOSTAT EAR_EMTA_SEX_CUR_NB_A
LUX,2019,CUR_TYPE_USD,6930.449,ILOSTAT EAR_EMTA_SEX_CUR_NB_A
LUX,2018,CUR_TYPE_LCU,3596.301,ILOSTAT EAR_EMTA_SEX_CUR_NB_A
LUX,2018,CUR_TYPE_PPP,3839.507,ILOSTAT EAR_EMTA_SEX_CUR_NB_A
LUX,2018,CUR_TYPE_USD,4247.232,ILOSTAT EAR_EMTA_SEX_CUR_NB_A
LUX,2017,CUR_TYPE_LCU,5526.18,ILOSTAT EAR_EMTA_SEX_CUR_NB_A
LUX,2017,CUR_TYPE_PPP,5720.736,ILOSTAT EAR_EMTA_SEX_CUR_NB_A
LUX,2017,CUR_TYPE_USD,6242.925,ILOSTAT EAR_EMTA_SEX_CUR_NB_A
LUX,2016,CUR_TYPE_LCU,5195.178,ILOSTAT EAR_EMTA_SEX_CUR_NB_A
LUX,2016,CUR_TYPE_PPP,5391.443,ILOSTAT EAR_EMTA_SEX_CUR_NB_A
LUX,2016,CUR_TYPE_USD,5750.543,ILOSTAT EAR_EMTA_SEX_CUR_NB_A
LUX,2015,CUR_TYPE_LCU,4736.131,ILOSTAT EAR_EMTA_SEX_CUR_NB_A
LUX,2015,CUR_TYPE_PPP,4847.547,ILOSTAT EAR_EMTA_SEX_CUR_NB_A
LUX,2015,CUR_TYPE_USD,5254.737,ILOSTAT EAR_EMTA_SEX_CUR_NB_A
LUX,2014,CUR_TYPE_LCU,4821.604,ILOSTAT EAR_EMTA_SEX_CUR_NB_A
LUX,2014,CUR_TYPE_PPP,4954.58,ILOSTAT EAR_EMTA_SEX_CUR_NB_A
LUX,2014,CUR_TYPE_USD,6405.5,ILOSTAT EAR_EMTA_SEX_CUR_NB_A
LUX,2013,CUR_TYPE_LCU,4771.52,ILOSTAT EAR_EMTA_SEX_CUR_NB_A
LUX,2013,CUR_TYPE_PPP,4946.062,ILOSTAT EAR_EMTA_SEX_CUR_NB_A
LUX,2013,CUR_TYPE_USD,6337.056,ILOSTAT EAR_EMTA_SEX_CUR_NB_A
LUX,2012,CUR_TYPE_LCU,4573.975,ILOSTAT EAR_EMTA_SEX_CUR_NB_A
LUX,2012,CUR_TYPE_PPP,4693.505,ILOSTAT EAR_EMTA_SEX_CUR_NB_A
LUX,2012,CUR_TYPE_USD,5876.643,ILOSTAT EAR_EMTA_SEX_CUR_NB_A
LUX,2011,CUR_TYPE_LCU,4547.447,ILOSTAT EAR_EMTA_SEX_CUR_NB_A
LUX,2011,CUR_TYPE_PPP,4692.207,ILOSTAT EAR_EMTA_SEX_CUR_NB_A
LUX,2011,CUR_TYPE_USD,6330.047,ILOSTAT EAR_EMTA_SEX_CUR_NB_A
LUX,2010,CUR_TYPE_LCU,4508.324,ILOSTAT EAR_EMTA_SEX_CUR_NB_A
LUX,2010,CUR_TYPE_PPP,4608.353,ILOSTAT EAR_EMTA_SEX_CUR_NB_A
LUX,2010,CUR_TYPE_USD,5976.685,ILOSTAT EAR_EMTA_SEX_CUR_NB_A
LUX,2009,CUR_TYPE_LCU,4656.283,ILOSTAT EAR_EMTA_SEX_CUR_NB_A
LUX,2009,CUR_TYPE_PPP,4817.76,ILOSTAT EAR_EMTA_SEX_CUR_NB_A
LUX,2009,CUR_TYPE_USD,6494.584,ILOSTAT EAR_EMTA_SEX_CUR_NB_A
LUX,2008,CUR_TYPE_LCU,4525.925,ILOSTAT EAR_EMTA_SEX_CUR_NB_A
LUX,2008,CUR_TYPE_PPP,4723.372,ILOSTAT EAR_EMTA_SEX_CUR_NB_A
LUX,2008,CUR_TYPE_USD,6656.731,ILOSTAT EAR_EMTA_SEX_CUR_NB_A
LUX,2007,CUR_TYPE_LCU,4434.411,ILOSTAT EAR_EMTA_SEX_CUR_NB_A
LUX,2007,CUR_TYPE_PPP,4573.542,ILOSTAT EAR_EMTA_SEX_CUR_NB_A
LUX,2007,CUR_TYPE_USD,6077.36,ILOSTAT EAR_EMTA_SEX_CUR_NB_A
LUX,2006,CUR_TYPE_LCU,3708.261,ILOSTAT EAR_EMTA_SEX_CUR_NB_A
LUX,2006,CUR_TYPE_PPP,3914.186,ILOSTAT EAR_EMTA_SEX_CUR_NB_A
LUX,2006,CUR_TYPE_USD,4656.092,ILOSTAT EAR_EMTA_SEX_CUR_NB_A
LUX,2005,CUR_TYPE_LCU,3589.323,ILOSTAT EAR_EMTA_SEX_CUR_NB_A
LUX,2005,CUR_TYPE_PPP,3726.677,ILOSTAT EAR_EMTA_SEX_CUR_NB_A
LUX,2005,CUR_TYPE_USD,4465.477,ILOSTAT EAR_EMTA_SEX_CUR_NB_A
LUX,2004,CUR_TYPE_LCU,3534.375,ILOSTAT EAR_EMTA_SEX_CUR_NB_A
LUX,2004,CUR_TYPE_PPP,3658.278,ILOSTAT EAR_EMTA_SEX_CUR_NB_A
LUX,2004,CUR_TYPE_USD,4396.41,ILOSTAT EAR_EMTA_SEX_CUR_NB_A
LUX,2002,CUR_TYPE_LCU,2808.82,ILOSTAT EAR_EMTA_SEX_CUR_NB_A
LUX,2002,CUR_TYPE_PPP,2972.095,ILOSTAT EAR_EMTA_SEX_CUR_NB_A
LUX,2002,CUR_TYPE_USD,2656.02,ILOSTAT EAR_EMTA_SEX_CUR_NB_A
LUX,1994,CUR_TYPE_LCU,131397,ILOSTAT EAR_EMTA_SEX_CUR_NB_A
LUX,1993,CUR_TYPE_LCU,130097,ILOSTAT EAR_EMTA_SEX_CUR_NB_A
LUX,1992,CUR_TYPE_LCU,127442,ILOSTAT EAR_EMTA_SEX_CUR_NB_A
LUX,1991,CUR_TYPE_LCU,119300,ILOSTAT EAR_EMTA_SEX_CUR_NB_A
LUX,1990,CUR_TYPE_LCU,113595,ILOSTAT EAR_EMTA_SEX_CUR_NB_A
LUX,1989,CUR_TYPE_LCU,107996,ILOSTAT EAR_EMTA_SEX_CUR_NB_A
LVA,2025,CUR_TYPE_LCU,2322.449,ILOSTAT EAR_EMTA_SEX_CUR_NB_A
LVA,2025,CUR_TYPE_PPP,4206.382,ILOSTAT EAR_EMTA_SEX_CUR_NB_A
LVA,2025,CUR_TYPE_USD,2624.367,ILOSTAT EAR_EMTA_SEX_CUR_NB_A
LVA,2024,CUR_TYPE_LCU,2138.123,ILOSTAT EAR_EMTA_SEX_CUR_NB_A
LVA,2024,CUR_TYPE_PPP,4010.517,ILOSTAT EAR_EMTA_SEX_CUR_NB_A
LVA,2024,CUR_TYPE_USD,2314.304,ILOSTAT EAR_EMTA_SEX_CUR_NB_A
LVA,2023,CUR_TYPE_LCU,1815.548,ILOSTAT EAR_EMTA_SEX_CUR_NB_A
LVA,2023,CUR_TYPE_PPP,3409.614,ILOSTAT EAR_EMTA_SEX_CUR_NB_A
LVA,2023,CUR_TYPE_USD,1963.152,ILOSTAT EAR_EMTA_SEX_CUR_NB_A
LVA,2022,CUR_TYPE_LCU,1619.13,ILOSTAT EAR_EMTA_SEX_CUR_NB_A
LVA,2022,CUR_TYPE_PPP,3021.041,ILOSTAT EAR_EMTA_SEX_CUR_NB_A
LVA,2022,CUR_TYPE_USD,1704.944,ILOSTAT EAR_EMTA_SEX_CUR_NB_A
LVA,2021,CUR_TYPE_LCU,1573.225,ILOSTAT EAR_EMTA_SEX_CUR_NB_A
LVA,2021,CUR_TYPE_PPP,3021.214,ILOSTAT EAR_EMTA_SEX_CUR_NB_A
LVA,2021,CUR_TYPE_USD,1860.653,ILOSTAT EAR_EMTA_SEX_CUR_NB_A
LVA,2020,CUR_TYPE_LCU,1463.113,ILOSTAT EAR_EMTA_SEX_CUR_NB_A
LVA,2020,CUR_TYPE_PPP,2656.058,ILOSTAT EAR_EMTA_SEX_CUR_NB_A
LVA,2020,CUR_TYPE_USD,1671.168,ILOSTAT EAR_EMTA_SEX_CUR_NB_A
LVA,2019,CUR_TYPE_LCU,1378.653,ILOSTAT EAR_EMTA_SEX_CUR_NB_A
LVA,2019,CUR_TYPE_PPP,2486.313,ILOSTAT EAR_EMTA_SEX_CUR_NB_A
LVA,2019,CUR_TYPE_USD,1543.402,ILOSTAT EAR_EMTA_SEX_CUR_NB_A
LVA,2018,CUR_TYPE_LCU,1247.526,ILOSTAT EAR_EMTA_SEX_CUR_NB_A
LVA,2018,CUR_TYPE_PPP,2204.405,ILOSTAT EAR_EMTA_SEX_CUR_NB_A
LVA,2018,CUR_TYPE_USD,1473.328,ILOSTAT EAR_EMTA_SEX_CUR_NB_A
LVA,2017,CUR_TYPE_LCU,1111.082,ILOSTAT EAR_EMTA_SEX_CUR_NB_A
LVA,2017,CUR_TYPE_PPP,1976.884,ILOSTAT EAR_EMTA_SEX_CUR_NB_A
LVA,2017,CUR_TYPE_USD,1255.189,ILOSTAT EAR_EMTA_SEX_CUR_NB_A
LVA,2016,CUR_TYPE_LCU,1060.314,ILOSTAT EAR_EMTA_SEX_CUR_NB_A
LVA,2016,CUR_TYPE_PPP,1889.803,ILOSTAT EAR_EMTA_SEX_CUR_NB_A
LVA,2016,CUR_TYPE_USD,1173.661,ILOSTAT EAR_EMTA_SEX_CUR_NB_A
LVA,2015,CUR_TYPE_LCU,1012.796,ILOSTAT EAR_EMTA_SEX_CUR_NB_A
LVA,2015,CUR_TYPE_PPP,1778.97,ILOSTAT EAR_EMTA_SEX_CUR_NB_A
LVA,2015,CUR_TYPE_USD,1123.697,ILOSTAT EAR_EMTA_SEX_CUR_NB_A
LVA,2014,CUR_TYPE_LCU,922.808,ILOSTAT EAR_EMTA_SEX_CUR_NB_A
LVA,2014,CUR_TYPE_PPP,1619.803,ILOSTAT EAR_EMTA_SEX_CUR_NB_A
LVA,2014,CUR_TYPE_USD,1225.95,ILOSTAT EAR_EMTA_SEX_CUR_NB_A
LVA,2013,CUR_TYPE_LCU,852.819,ILOSTAT EAR_EMTA_SEX_CUR_NB_A
LVA,2013,CUR_TYPE_PPP,1511.427,ILOSTAT EAR_EMTA_SEX_CUR_NB_A
LVA,2013,CUR_TYPE_USD,1132.63,ILOSTAT EAR_EMTA_SEX_CUR_NB_A
LVA,2012,CUR_TYPE_LCU,829.881,ILOSTAT EAR_EMTA_SEX_CUR_NB_A
LVA,2012,CUR_TYPE_PPP,1429.597,ILOSTAT EAR_EMTA_SEX_CUR_NB_A
LVA,2012,CUR_TYPE_USD,1066.231,ILOSTAT EAR_EMTA_SEX_CUR_NB_A
LVA,2011,CUR_TYPE_LCU,774.536,ILOSTAT EAR_EMTA_SEX_CUR_NB_A
LVA,2011,CUR_TYPE_PPP,1340.402,ILOSTAT EAR_EMTA_SEX_CUR_NB_A
LVA,2011,CUR_TYPE_USD,1078.155,ILOSTAT EAR_EMTA_SEX_CUR_NB_A
LVA,2010,CUR_TYPE_LCU,833.628,ILOSTAT EAR_EMTA_SEX_CUR_NB_A
LVA,2010,CUR_TYPE_PPP,1471.921,ILOSTAT EAR_EMTA_SEX_CUR_NB_A
LVA,2010,CUR_TYPE_USD,1105.141,ILOSTAT EAR_EMTA_SEX_CUR_NB_A
LVA,2009,CUR_TYPE_LCU,947.843,ILOSTAT EAR_EMTA_SEX_CUR_NB_A
LVA,2009,CUR_TYPE_PPP,1553.958,ILOSTAT EAR_EMTA_SEX_CUR_NB_A
LVA,2009,CUR_TYPE_USD,1322.051,ILOSTAT EAR_EMTA_SEX_CUR_NB_A
LVA,2008,CUR_TYPE_LCU,799.756,ILOSTAT EAR_EMTA_SEX_CUR_NB_A
LVA,2008,CUR_TYPE_PPP,1247.678,ILOSTAT EAR_EMTA_SEX_CUR_NB_A
LVA,2008,CUR_TYPE_USD,1176.282,ILOSTAT EAR_EMTA_SEX_CUR_NB_A
LVA,2007,CUR_TYPE_LCU,556.238,ILOSTAT EAR_EMTA_SEX_CUR_NB_A
LVA,2007,CUR_TYPE_PPP,927.477,ILOSTAT EAR_EMTA_SEX_CUR_NB_A
LVA,2007,CUR_TYPE_USD,762.325,ILOSTAT EAR_EMTA_SEX_CUR_NB_A
LVA,2006,CUR_TYPE_LCU,465,ILOSTAT EAR_EMTA_SEX_CUR_NB_A
LVA,2006,CUR_TYPE_PPP,854.236,ILOSTAT EAR_EMTA_SEX_CUR_NB_A
LVA,2006,CUR_TYPE_USD,583.854,ILOSTAT EAR_EMTA_SEX_CUR_NB_A
LVA,2005,CUR_TYPE_LCU,225.64,ILOSTAT EAR_EMTA_SEX_CUR_NB_A
LVA,2005,CUR_TYPE_PPP,652.161,ILOSTAT EAR_EMTA_SEX_CUR_NB_A
LVA,2005,CUR_TYPE_USD,399.563,ILOSTAT EAR_EMTA_SEX_CUR_NB_A
LVA,2004,CUR_TYPE_LCU,194.89,ILOSTAT EAR_EMTA_SEX_CUR_NB_A
LVA,2004,CUR_TYPE_PPP,636.446,ILOSTAT EAR_EMTA_SEX_CUR_NB_A
LVA,2004,CUR_TYPE_USD,360.752,ILOSTAT EAR_EMTA_SEX_CUR_NB_A
LVA,2003,CUR_TYPE_LCU,177.21,ILOSTAT EAR_EMTA_SEX_CUR_NB_A
LVA,2003,CUR_TYPE_PPP,633.786,ILOSTAT EAR_EMTA_SEX_CUR_NB_A
LVA,2003,CUR_TYPE_USD,310.092,ILOSTAT EAR_EMTA_SEX_CUR_NB_A
LVA,2002,CUR_TYPE_LCU,281.43,ILOSTAT EAR_EMTA_SEX_CUR_NB_A
LVA,2002,CUR_TYPE_PPP,682.602,ILOSTAT EAR_EMTA_SEX_CUR_NB_A
LVA,2002,CUR_TYPE_USD,266.12,ILOSTAT EAR_EMTA_SEX_CUR_NB_A
LVA,2001,CUR_TYPE_LCU,149.14,ILOSTAT EAR_EMTA_SEX_CUR_NB_A
LVA,2001,CUR_TYPE_PPP,658.342,ILOSTAT EAR_EMTA_SEX_CUR_NB_A
LVA,2001,CUR_TYPE_USD,237.516,ILOSTAT EAR_EMTA_SEX_CUR_NB_A
LVA,2000,CUR_TYPE_LCU,141.75,ILOSTAT EAR_EMTA_SEX_CUR_NB_A
LVA,2000,CUR_TYPE_PPP,613.211,ILOSTAT EAR_EMTA_SEX_CUR_NB_A
LVA,2000,CUR_TYPE_USD,233.718,ILOSTAT EAR_EMTA_SEX_CUR_NB_A
LVA,1999,CUR_TYPE_LCU,132.61,ILOSTAT EAR_EMTA_SEX_CUR_NB_A
LVA,1999,CUR_TYPE_PPP,509.339,ILOSTAT EAR_EMTA_SEX_CUR_NB_A
LVA,1999,CUR_TYPE_USD,226.619,ILOSTAT EAR_EMTA_SEX_CUR_NB_A
LVA,1998,CUR_TYPE_LCU,123.07,ILOSTAT EAR_EMTA_SEX_CUR_NB_A
LVA,1998,CUR_TYPE_PPP,451.237,ILOSTAT EAR_EMTA_SEX_CUR_NB_A
LVA,1998,CUR_TYPE_USD,208.652,ILOSTAT EAR_EMTA_SEX_CUR_NB_A
LVA,1997,CUR_TYPE_LCU,109.81,ILOSTAT EAR_EMTA_SEX_CUR_NB_A
LVA,1997,CUR_TYPE_PPP,418.597,ILOSTAT EAR_EMTA_SEX_CUR_NB_A
LVA,1997,CUR_TYPE_USD,189.029,ILOSTAT EAR_EMTA_SEX_CUR_NB_A
LVA,1996,CUR_TYPE_LCU,89.41,ILOSTAT EAR_EMTA_SEX_CUR_NB_A
LVA,1996,CUR_TYPE_PPP,339.659,ILOSTAT EAR_EMTA_SEX_CUR_NB_A
LVA,1996,CUR_TYPE_USD,162.342,ILOSTAT EAR_EMTA_SEX_CUR_NB_A
LVA,1995,CUR_TYPE_LCU,82.35,ILOSTAT EAR_EMTA_SEX_CUR_NB_A
LVA,1995,CUR_TYPE_PPP,354.051,ILOSTAT EAR_EMTA_SEX_CUR_NB_A
LVA,1995,CUR_TYPE_USD,156.089,ILOSTAT EAR_EMTA_SEX_CUR_NB_A
LVA,1994,CUR_TYPE_LCU,61.37,ILOSTAT EAR_EMTA_SEX_CUR_NB_A
LVA,1994,CUR_TYPE_PPP,210.893,ILOSTAT EAR_EMTA_SEX_CUR_NB_A
LVA,1994,CUR_TYPE_USD,109.638,ILOSTAT EAR_EMTA_SEX_CUR_NB_A
LVA,1993,CUR_TYPE_LCU,47.23,ILOSTAT EAR_EMTA_SEX_CUR_NB_A
LVA,1993,CUR_TYPE_PPP,215.003,ILOSTAT EAR_EMTA_SEX_CUR_NB_A
LVA,1993,CUR_TYPE_USD,69.936,ILOSTAT EAR_EMTA_SEX_CUR_NB_A
LVA,1992,CUR_TYPE_LCU,21.5,ILOSTAT EAR_EMTA_SEX_CUR_NB_A
LVA,1992,CUR_TYPE_PPP,198.681,ILOSTAT EAR_EMTA_SEX_CUR_NB_A
LVA,1992,CUR_TYPE_USD,29.193,ILOSTAT EAR_EMTA_SEX_CUR_NB_A
LVA,1991,CUR_TYPE_LCU,2.81,ILOSTAT EAR_EMTA_SEX_CUR_NB_A
LVA,1991,CUR_TYPE_PPP,265.067,ILOSTAT EAR_EMTA_SEX_CUR_NB_A
LVA,1990,CUR_TYPE_LCU,1.46,ILOSTAT EAR_EMTA_SEX_CUR_NB_A
MDA,2025,CUR_TYPE_LCU,8708.951,ILOSTAT EAR_EMTA_SEX_CUR_NB_A
MDA,2025,CUR_TYPE_PPP,992.705,ILOSTAT EAR_EMTA_SEX_CUR_NB_A
MDA,2025,CUR_TYPE_USD,501.152,ILOSTAT EAR_EMTA_SEX_CUR_NB_A
MDA,2024,CUR_TYPE_LCU,7221.346,ILOSTAT EAR_EMTA_SEX_CUR_NB_A
MDA,2024,CUR_TYPE_PPP,863.701,ILOSTAT EAR_EMTA_SEX_CUR_NB_A
MDA,2024,CUR_TYPE_USD,405.878,ILOSTAT EAR_EMTA_SEX_CUR_NB_A
MDA,2023,CUR_TYPE_LCU,6284.122,ILOSTAT EAR_EMTA_SEX_CUR_NB_A
MDA,2023,CUR_TYPE_PPP,764.222,ILOSTAT EAR_EMTA_SEX_CUR_NB_A
MDA,2023,CUR_TYPE_USD,345.967,ILOSTAT EAR_EMTA_SEX_CUR_NB_A
MDA,2022,CUR_TYPE_LCU,5460.064,ILOSTAT EAR_EMTA_SEX_CUR_NB_A
MDA,2022,CUR_TYPE_PPP,723.323,ILOSTAT EAR_EMTA_SEX_CUR_NB_A
MDA,2022,CUR_TYPE_USD,288.935,ILOSTAT EAR_EMTA_SEX_CUR_NB_A
MDA,2021,CUR_TYPE_LCU,4936.973,ILOSTAT EAR_EMTA_SEX_CUR_NB_A
MDA,2021,CUR_TYPE_PPP,779.587,ILOSTAT EAR_EMTA_SEX_CUR_NB_A
MDA,2021,CUR_TYPE_USD,279.233,ILOSTAT EAR_EMTA_SEX_CUR_NB_A
MDA,2020,CUR_TYPE_LCU,4435.534,ILOSTAT EAR_EMTA_SEX_CUR_NB_A
MDA,2020,CUR_TYPE_PPP,704.922,ILOSTAT EAR_EMTA_SEX_CUR_NB_A
MDA,2020,CUR_TYPE_USD,256.066,ILOSTAT EAR_EMTA_SEX_CUR_NB_A
MDA,2019,CUR_TYPE_LCU,4134.908,ILOSTAT EAR_EMTA_SEX_CUR_NB_A
MDA,2019,CUR_TYPE_PPP,647.391,ILOSTAT EAR_EMTA_SEX_CUR_NB_A
MDA,2019,CUR_TYPE_USD,235.293,ILOSTAT EAR_EMTA_SEX_CUR_NB_A
MDA,2018,CUR_TYPE_LCU,3396.982,ILOSTAT EAR_EMTA_SEX_CUR_NB_A
MDA,2018,CUR_TYPE_PPP,534.096,ILOSTAT EAR_EMTA_SEX_CUR_NB_A
MDA,2018,CUR_TYPE_USD,202.177,ILOSTAT EAR_EMTA_SEX_CUR_NB_A
MDA,2017,CUR_TYPE_LCU,2969.106,ILOSTAT EAR_EMTA_SEX_CUR_NB_A
MDA,2017,CUR_TYPE_PPP,465.546,ILOSTAT EAR_EMTA_SEX_CUR_NB_A
MDA,2017,CUR_TYPE_USD,160.501,ILOSTAT EAR_EMTA_SEX_CUR_NB_A
MDA,2016,CUR_TYPE_LCU,2815.201,ILOSTAT EAR_EMTA_SEX_CUR_NB_A
MDA,2016,CUR_TYPE_PPP,443.793,ILOSTAT EAR_EMTA_SEX_CUR_NB_A
MDA,2016,CUR_TYPE_USD,141.298,ILOSTAT EAR_EMTA_SEX_CUR_NB_A
MDA,2015,CUR_TYPE_LCU,2636.726,ILOSTAT EAR_EMTA_SEX_CUR_NB_A
MDA,2015,CUR_TYPE_PPP,411.629,ILOSTAT EAR_EMTA_SEX_CUR_NB_A
MDA,2015,CUR_TYPE_USD,140.114,ILOSTAT EAR_EMTA_SEX_CUR_NB_A
MDA,2014,CUR_TYPE_LCU,2389.648,ILOSTAT EAR_EMTA_SEX_CUR_NB_A
MDA,2014,CUR_TYPE_PPP,390.066,ILOSTAT EAR_EMTA_SEX_CUR_NB_A
MDA,2014,CUR_TYPE_USD,170.256,ILOSTAT EAR_EMTA_SEX_CUR_NB_A
MDA,2013,CUR_TYPE_LCU,2335.221,ILOSTAT EAR_EMTA_SEX_CUR_NB_A
MDA,2013,CUR_TYPE_PPP,392.775,ILOSTAT EAR_EMTA_SEX_CUR_NB_A
MDA,2013,CUR_TYPE_USD,185.53,ILOSTAT EAR_EMTA_SEX_CUR_NB_A
MDA,2012,CUR_TYPE_LCU,2201.769,ILOSTAT EAR_EMTA_SEX_CUR_NB_A
MDA,2012,CUR_TYPE_PPP,409.673,ILOSTAT EAR_EMTA_SEX_CUR_NB_A
MDA,2012,CUR_TYPE_USD,181.793,ILOSTAT EAR_EMTA_SEX_CUR_NB_A
MDA,2011,CUR_TYPE_LCU,2007.839,ILOSTAT EAR_EMTA_SEX_CUR_NB_A
MDA,2011,CUR_TYPE_PPP,371.132,ILOSTAT EAR_EMTA_SEX_CUR_NB_A
MDA,2011,CUR_TYPE_USD,171.046,ILOSTAT EAR_EMTA_SEX_CUR_NB_A
MDA,2010,CUR_TYPE_LCU,1876.597,ILOSTAT EAR_EMTA_SEX_CUR_NB_A
MDA,2010,CUR_TYPE_PPP,362.107,ILOSTAT EAR_EMTA_SEX_CUR_NB_A
MDA,2010,CUR_TYPE_USD,151.714,ILOSTAT EAR_EMTA_SEX_CUR_NB_A
MDA,2009,CUR_TYPE_LCU,1769.551,ILOSTAT EAR_EMTA_SEX_CUR_NB_A
MDA,2009,CUR_TYPE_PPP,361.083,ILOSTAT EAR_EMTA_SEX_CUR_NB_A
MDA,2009,CUR_TYPE_USD,159.282,ILOSTAT EAR_EMTA_SEX_CUR_NB_A
MDA,2008,CUR_TYPE_LCU,1660.551,ILOSTAT EAR_EMTA_SEX_CUR_NB_A
MDA,2008,CUR_TYPE_PPP,339.837,ILOSTAT EAR_EMTA_SEX_CUR_NB_A
MDA,2008,CUR_TYPE_USD,159.791,ILOSTAT EAR_EMTA_SEX_CUR_NB_A
MDA,2007,CUR_TYPE_LCU,1359.036,ILOSTAT EAR_EMTA_SEX_CUR_NB_A
MDA,2007,CUR_TYPE_PPP,302.087,ILOSTAT EAR_EMTA_SEX_CUR_NB_A
MDA,2007,CUR_TYPE_USD,111.948,ILOSTAT EAR_EMTA_SEX_CUR_NB_A
MDA,2006,CUR_TYPE_LCU,1697.1,ILOSTAT EAR_EMTA_SEX_CUR_NB_A
MDA,2006,CUR_TYPE_PPP,412.129,ILOSTAT EAR_EMTA_SEX_CUR_NB_A
MDA,2006,CUR_TYPE_USD,129.243,ILOSTAT EAR_EMTA_SEX_CUR_NB_A
MDA,2005,CUR_TYPE_LCU,1318.7,ILOSTAT EAR_EMTA_SEX_CUR_NB_A
MDA,2005,CUR_TYPE_PPP,349.869,ILOSTAT EAR_EMTA_SEX_CUR_NB_A
MDA,2005,CUR_TYPE_USD,104.662,ILOSTAT EAR_EMTA_SEX_CUR_NB_A
MDA,2004,CUR_TYPE_LCU,1103.1,ILOSTAT EAR_EMTA_SEX_CUR_NB_A
MDA,2004,CUR_TYPE_PPP,316.916,ILOSTAT EAR_EMTA_SEX_CUR_NB_A
MDA,2004,CUR_TYPE_USD,89.467,ILOSTAT EAR_EMTA_SEX_CUR_NB_A
MDA,2003,CUR_TYPE_LCU,890.8,ILOSTAT EAR_EMTA_SEX_CUR_NB_A
MDA,2003,CUR_TYPE_PPP,280.467,ILOSTAT EAR_EMTA_SEX_CUR_NB_A
MDA,2003,CUR_TYPE_USD,63.88,ILOSTAT EAR_EMTA_SEX_CUR_NB_A
MDA,2002,CUR_TYPE_LCU,691.5,ILOSTAT EAR_EMTA_SEX_CUR_NB_A
MDA,2002,CUR_TYPE_PPP,237.891,ILOSTAT EAR_EMTA_SEX_CUR_NB_A
MDA,2002,CUR_TYPE_USD,50.956,ILOSTAT EAR_EMTA_SEX_CUR_NB_A
MDA,2001,CUR_TYPE_LCU,543.7,ILOSTAT EAR_EMTA_SEX_CUR_NB_A
MDA,2001,CUR_TYPE_PPP,193.885,ILOSTAT EAR_EMTA_SEX_CUR_NB_A
MDA,2001,CUR_TYPE_USD,42.261,ILOSTAT EAR_EMTA_SEX_CUR_NB_A
MDA,2000,CUR_TYPE_LCU,407.9,ILOSTAT EAR_EMTA_SEX_CUR_NB_A
MDA,2000,CUR_TYPE_PPP,155.274,ILOSTAT EAR_EMTA_SEX_CUR_NB_A
MDA,2000,CUR_TYPE_USD,32.805,ILOSTAT EAR_EMTA_SEX_CUR_NB_A
MDA,1999,CUR_TYPE_LCU,304.6,ILOSTAT EAR_EMTA_SEX_CUR_NB_A
MDA,1999,CUR_TYPE_PPP,147.269,ILOSTAT EAR_EMTA_SEX_CUR_NB_A
MDA,1999,CUR_TYPE_USD,28.966,ILOSTAT EAR_EMTA_SEX_CUR_NB_A
MDA,1998,CUR_TYPE_LCU,250.4,ILOSTAT EAR_EMTA_SEX_CUR_NB_A
MDA,1998,CUR_TYPE_PPP,164.98,ILOSTAT EAR_EMTA_SEX_CUR_NB_A
MDA,1998,CUR_TYPE_USD,46.623,ILOSTAT EAR_EMTA_SEX_CUR_NB_A
MDA,1997,CUR_TYPE_LCU,219.8,ILOSTAT EAR_EMTA_SEX_CUR_NB_A
MDA,1997,CUR_TYPE_PPP,153.579,ILOSTAT EAR_EMTA_SEX_CUR_NB_A
MDA,1997,CUR_TYPE_USD,47.539,ILOSTAT EAR_EMTA_SEX_CUR_NB_A
MDA,1996,CUR_TYPE_LCU,187.1,ILOSTAT EAR_EMTA_SEX_CUR_NB_A
MDA,1996,CUR_TYPE_PPP,142.784,ILOSTAT EAR_EMTA_SEX_CUR_NB_A
MDA,1996,CUR_TYPE_USD,40.634,ILOSTAT EAR_EMTA_SEX_CUR_NB_A
MDA,1995,CUR_TYPE_LCU,167.1,ILOSTAT EAR_EMTA_SEX_CUR_NB_A
MDA,1995,CUR_TYPE_PPP,153.011,ILOSTAT EAR_EMTA_SEX_CUR_NB_A
MDA,1995,CUR_TYPE_USD,37.168,ILOSTAT EAR_EMTA_SEX_CUR_NB_A
MDA,1994,CUR_TYPE_LCU,107.6,ILOSTAT EAR_EMTA_SEX_CUR_NB_A
MDA,1994,CUR_TYPE_PPP,124.462,ILOSTAT EAR_EMTA_SEX_CUR_NB_A
MDA,1993,CUR_TYPE_LCU,31.8,ILOSTAT EAR_EMTA_SEX_CUR_NB_A
MDA,1993,CUR_TYPE_PPP,210.226,ILOSTAT EAR_EMTA_SEX_CUR_NB_A
MDA,1992,CUR_TYPE_LCU,3307.9,ILOSTAT EAR_EMTA_SEX_CUR_NB_A
MDA,1991,CUR_TYPE_LCU,410.9,ILOSTAT EAR_EMTA_SEX_CUR_NB_A
MDA,1990,CUR_TYPE_LCU,245.1,ILOSTAT EAR_EMTA_SEX_CUR_NB_A
MDA,1989,CUR_TYPE_LCU,214.9,ILOSTAT EAR_EMTA_SEX_CUR_NB_A
MKD,2014,CUR_TYPE_LCU,30416,ILOSTAT EAR_EMTA_SEX_CUR_NB_A
MKD,2014,CUR_TYPE_PPP,1320.35,ILOSTAT EAR_EMTA_SEX_CUR_NB_A
MKD,2014,CUR_TYPE_USD,654.993,ILOSTAT EAR_EMTA_SEX_CUR_NB_A
MKD,2010,CUR_TYPE_LCU,30225,ILOSTAT EAR_EMTA_SEX_CUR_NB_A
MKD,2010,CUR_TYPE_PPP,1284.791,ILOSTAT EAR_EMTA_SEX_CUR_NB_A
MKD,2010,CUR_TYPE_USD,650.204,ILOSTAT EAR_EMTA_SEX_CUR_NB_A
MKD,2009,CUR_TYPE_LCU,29922,ILOSTAT EAR_EMTA_SEX_CUR_NB_A
MKD,2009,CUR_TYPE_PPP,1269.889,ILOSTAT EAR_EMTA_SEX_CUR_NB_A
MKD,2009,CUR_TYPE_USD,678.495,ILOSTAT EAR_EMTA_SEX_CUR_NB_A
MKD,2008,CUR_TYPE_LCU,16096,ILOSTAT EAR_EMTA_SEX_CUR_NB_A
MKD,2008,CUR_TYPE_PPP,647.978,ILOSTAT EAR_EMTA_SEX_CUR_NB_A
MKD,2008,CUR_TYPE_USD,384.449,ILOSTAT EAR_EMTA_SEX_CUR_NB_A
MKD,2007,CUR_TYPE_LCU,14584,ILOSTAT EAR_EMTA_SEX_CUR_NB_A
MKD,2007,CUR_TYPE_PPP,585.52,ILOSTAT EAR_EMTA_SEX_CUR_NB_A
MKD,2007,CUR_TYPE_USD,326.046,ILOSTAT EAR_EMTA_SEX_CUR_NB_A
MKD,2006,CUR_TYPE_LCU,13517,ILOSTAT EAR_EMTA_SEX_CUR_NB_A
MKD,2006,CUR_TYPE_PPP,549.003,ILOSTAT EAR_EMTA_SEX_CUR_NB_A
MKD,2006,CUR_TYPE_USD,276.978,ILOSTAT EAR_EMTA_SEX_CUR_NB_A
MKD,2005,CUR_TYPE_LCU,12597,ILOSTAT EAR_EMTA_SEX_CUR_NB_A
MKD,2005,CUR_TYPE_PPP,516.998,ILOSTAT EAR_EMTA_SEX_CUR_NB_A
MKD,2005,CUR_TYPE_USD,255.602,ILOSTAT EAR_EMTA_SEX_CUR_NB_A
MKD,2004,CUR_TYPE_LCU,20771,ILOSTAT EAR_EMTA_SEX_CUR_NB_A
MKD,2004,CUR_TYPE_PPP,850.002,ILOSTAT EAR_EMTA_SEX_CUR_NB_A
MKD,2004,CUR_TYPE_USD,420.381,ILOSTAT EAR_EMTA_SEX_CUR_NB_A
MKD,2003,CUR_TYPE_LCU,11824,ILOSTAT EAR_EMTA_SEX_CUR_NB_A
MKD,2003,CUR_TYPE_PPP,478.112,ILOSTAT EAR_EMTA_SEX_CUR_NB_A
MKD,2003,CUR_TYPE_USD,217.664,ILOSTAT EAR_EMTA_SEX_CUR_NB_A
MKD,2002,CUR_TYPE_LCU,11279,ILOSTAT EAR_EMTA_SEX_CUR_NB_A
MKD,2002,CUR_TYPE_PPP,461.603,ILOSTAT EAR_EMTA_SEX_CUR_NB_A
MKD,2002,CUR_TYPE_USD,175.276,ILOSTAT EAR_EMTA_SEX_CUR_NB_A
MKD,2001,CUR_TYPE_LCU,10552,ILOSTAT EAR_EMTA_SEX_CUR_NB_A
MKD,2001,CUR_TYPE_PPP,421.679,ILOSTAT EAR_EMTA_SEX_CUR_NB_A
MKD,2001,CUR_TYPE_USD,155.092,ILOSTAT EAR_EMTA_SEX_CUR_NB_A
MLT,2021,CUR_TYPE_LCU,3337.27,ILOSTAT EAR_EMTA_SEX_CUR_NB_A
MLT,2021,CUR_TYPE_PPP,5257.114,ILOSTAT EAR_EMTA_SEX_CUR_NB_A
MLT,2021,CUR_TYPE_USD,3946.989,ILOSTAT EAR_EMTA_SEX_CUR_NB_A
MLT,2020,CUR_TYPE_LCU,2252.467,ILOSTAT EAR_EMTA_SEX_CUR_NB_A
MLT,2020,CUR_TYPE_PPP,3583.252,ILOSTAT EAR_EMTA_SEX_CUR_NB_A
MLT,2020,CUR_TYPE_USD,2572.768,ILOSTAT EAR_EMTA_SEX_CUR_NB_A
MLT,2019,CUR_TYPE_LCU,2082.988,ILOSTAT EAR_EMTA_SEX_CUR_NB_A
MLT,2019,CUR_TYPE_PPP,3384.595,ILOSTAT EAR_EMTA_SEX_CUR_NB_A
MLT,2019,CUR_TYPE_USD,2331.905,ILOSTAT EAR_EMTA_SEX_CUR_NB_A
MLT,2018,CUR_TYPE_LCU,2017.595,ILOSTAT EAR_EMTA_SEX_CUR_NB_A
MLT,2018,CUR_TYPE_PPP,3159.311,ILOSTAT EAR_EMTA_SEX_CUR_NB_A
MLT,2018,CUR_TYPE_USD,2382.78,ILOSTAT EAR_EMTA_SEX_CUR_NB_A
MLT,2017,CUR_TYPE_LCU,2042.337,ILOSTAT EAR_EMTA_SEX_CUR_NB_A
MLT,2017,CUR_TYPE_PPP,3155.203,ILOSTAT EAR_EMTA_SEX_CUR_NB_A
MLT,2017,CUR_TYPE_USD,2307.229,ILOSTAT EAR_EMTA_SEX_CUR_NB_A
MLT,2016,CUR_TYPE_LCU,1955.805,ILOSTAT EAR_EMTA_SEX_CUR_NB_A
MLT,2016,CUR_TYPE_PPP,3069.63,ILOSTAT EAR_EMTA_SEX_CUR_NB_A
MLT,2016,CUR_TYPE_USD,2164.88,ILOSTAT EAR_EMTA_SEX_CUR_NB_A
MLT,2015,CUR_TYPE_LCU,1951.813,ILOSTAT EAR_EMTA_SEX_CUR_NB_A
MLT,2015,CUR_TYPE_PPP,2988.21,ILOSTAT EAR_EMTA_SEX_CUR_NB_A
MLT,2015,CUR_TYPE_USD,2165.536,ILOSTAT EAR_EMTA_SEX_CUR_NB_A
MLT,2014,CUR_TYPE_LCU,1867.239,ILOSTAT EAR_EMTA_SEX_CUR_NB_A
MLT,2014,CUR_TYPE_PPP,2876.388,ILOSTAT EAR_EMTA_SEX_CUR_NB_A
MLT,2014,CUR_TYPE_USD,2480.627,ILOSTAT EAR_EMTA_SEX_CUR_NB_A
MLT,2013,CUR_TYPE_LCU,1745.733,ILOSTAT EAR_EMTA_SEX_CUR_NB_A
MLT,2013,CUR_TYPE_PPP,2677.095,ILOSTAT EAR_EMTA_SEX_CUR_NB_A
MLT,2013,CUR_TYPE_USD,2318.508,ILOSTAT EAR_EMTA_SEX_CUR_NB_A
MLT,2012,CUR_TYPE_LCU,1664.365,ILOSTAT EAR_EMTA_SEX_CUR_NB_A
MLT,2012,CUR_TYPE_PPP,2581.659,ILOSTAT EAR_EMTA_SEX_CUR_NB_A
MLT,2012,CUR_TYPE_USD,2138.376,ILOSTAT EAR_EMTA_SEX_CUR_NB_A
MLT,2011,CUR_TYPE_LCU,1661.787,ILOSTAT EAR_EMTA_SEX_CUR_NB_A
MLT,2011,CUR_TYPE_PPP,2601.001,ILOSTAT EAR_EMTA_SEX_CUR_NB_A
MLT,2011,CUR_TYPE_USD,2313.208,ILOSTAT EAR_EMTA_SEX_CUR_NB_A
MLT,2010,CUR_TYPE_LCU,1595.928,ILOSTAT EAR_EMTA_SEX_CUR_NB_A
MLT,2010,CUR_TYPE_PPP,2497.168,ILOSTAT EAR_EMTA_SEX_CUR_NB_A
MLT,2010,CUR_TYPE_USD,2115.722,ILOSTAT EAR_EMTA_SEX_CUR_NB_A
MLT,2009,CUR_TYPE_LCU,1569.428,ILOSTAT EAR_EMTA_SEX_CUR_NB_A
MLT,2009,CUR_TYPE_PPP,2408.262,ILOSTAT EAR_EMTA_SEX_CUR_NB_A
MLT,2009,CUR_TYPE_USD,2189.038,ILOSTAT EAR_EMTA_SEX_CUR_NB_A
MLT,2008,CUR_TYPE_LCU,6.945,ILOSTAT EAR_EMTA_SEX_CUR_NB_A
MLT,2008,CUR_TYPE_PPP,10.581,ILOSTAT EAR_EMTA_SEX_CUR_NB_A
MLT,2008,CUR_TYPE_USD,10.215,ILOSTAT EAR_EMTA_SEX_CUR_NB_A
MLT,2007,CUR_TYPE_LCU,2.801,ILOSTAT EAR_EMTA_SEX_CUR_NB_A
MLT,2007,CUR_TYPE_PPP,4.27,ILOSTAT EAR_EMTA_SEX_CUR_NB_A
MLT,2007,CUR_TYPE_USD,3.839,ILOSTAT EAR_EMTA_SEX_CUR_NB_A
MLT,2006,CUR_TYPE_LCU,2.701,ILOSTAT EAR_EMTA_SEX_CUR_NB_A
MLT,2006,CUR_TYPE_PPP,4.096,ILOSTAT EAR_EMTA_SEX_CUR_NB_A
MLT,2006,CUR_TYPE_USD,3.391,ILOSTAT EAR_EMTA_SEX_CUR_NB_A
MLT,2005,CUR_TYPE_LCU,2.601,ILOSTAT EAR_EMTA_SEX_CUR_NB_A
MLT,2005,CUR_TYPE_PPP,4.065,ILOSTAT EAR_EMTA_SEX_CUR_NB_A
MLT,2005,CUR_TYPE_USD,3.236,ILOSTAT EAR_EMTA_SEX_CUR_NB_A
MLT,2004,CUR_TYPE_LCU,2.601,ILOSTAT EAR_EMTA_SEX_CUR_NB_A
MLT,2004,CUR_TYPE_PPP,4.09,ILOSTAT EAR_EMTA_SEX_CUR_NB_A
MLT,2004,CUR_TYPE_USD,3.235,ILOSTAT EAR_EMTA_SEX_CUR_NB_A
MLT,2003,CUR_TYPE_LCU,410.822,ILOSTAT EAR_EMTA_SEX_CUR_NB_A
MLT,2002,CUR_TYPE_LCU,414.647,ILOSTAT EAR_EMTA_SEX_CUR_NB_A
MLT,2001,CUR_TYPE_LCU,356.967,ILOSTAT EAR_EMTA_SEX_CUR_NB_A
MLT,2000,CUR_TYPE_LCU,2.2,ILOSTAT EAR_EMTA_SEX_CUR_NB_A
MLT,2000,CUR_TYPE_PPP,3.413,ILOSTAT EAR_EMTA_SEX_CUR_NB_A
MLT,2000,CUR_TYPE_USD,2.032,ILOSTAT EAR_EMTA_SEX_CUR_NB_A
MLT,1998,CUR_TYPE_LCU,332.371,ILOSTAT EAR_EMTA_SEX_CUR_NB_A
MLT,1997,CUR_TYPE_LCU,330.899,ILOSTAT EAR_EMTA_SEX_CUR_NB_A
MLT,1995,CUR_TYPE_LCU,295.696,ILOSTAT EAR_EMTA_SEX_CUR_NB_A
MLT,1994,CUR_TYPE_LCU,273.656,ILOSTAT EAR_EMTA_SEX_CUR_NB_A
MNE,2022,CUR_TYPE_LCU,883,ILOSTAT EAR_EMTA_SEX_CUR_NB_A
MNE,2022,CUR_TYPE_PPP,2167.115,ILOSTAT EAR_EMTA_SEX_CUR_NB_A
MNE,2022,CUR_TYPE_USD,929.799,ILOSTAT EAR_EMTA_SEX_CUR_NB_A
MNE,2019,CUR_TYPE_LCU,773,ILOSTAT EAR_EMTA_SEX_CUR_NB_A
MNE,2019,CUR_TYPE_PPP,1902.387,ILOSTAT EAR_EMTA_SEX_CUR_NB_A
MNE,2019,CUR_TYPE_USD,865.374,ILOSTAT EAR_EMTA_SEX_CUR_NB_A
MNE,2018,CUR_TYPE_LCU,766,ILOSTAT EAR_EMTA_SEX_CUR_NB_A
MNE,2018,CUR_TYPE_PPP,1804.342,ILOSTAT EAR_EMTA_SEX_CUR_NB_A
MNE,2018,CUR_TYPE_USD,904.646,ILOSTAT EAR_EMTA_SEX_CUR_NB_A
MNE,2017,CUR_TYPE_LCU,765,ILOSTAT EAR_EMTA_SEX_CUR_NB_A
MNE,2017,CUR_TYPE_PPP,1793.137,ILOSTAT EAR_EMTA_SEX_CUR_NB_A
MNE,2017,CUR_TYPE_USD,864.22,ILOSTAT EAR_EMTA_SEX_CUR_NB_A
MNE,2015,CUR_TYPE_LCU,725,ILOSTAT EAR_EMTA_SEX_CUR_NB_A
MNE,2015,CUR_TYPE_PPP,1658.368,ILOSTAT EAR_EMTA_SEX_CUR_NB_A
MNE,2015,CUR_TYPE_USD,804.388,ILOSTAT EAR_EMTA_SEX_CUR_NB_A
MNE,2014,CUR_TYPE_LCU,724,ILOSTAT EAR_EMTA_SEX_CUR_NB_A
MNE,2014,CUR_TYPE_PPP,1648.257,ILOSTAT EAR_EMTA_SEX_CUR_NB_A
MNE,2014,CUR_TYPE_USD,961.834,ILOSTAT EAR_EMTA_SEX_CUR_NB_A
MNE,2012,CUR_TYPE_LCU,727,ILOSTAT EAR_EMTA_SEX_CUR_NB_A
MNE,2012,CUR_TYPE_PPP,1596.087,ILOSTAT EAR_EMTA_SEX_CUR_NB_A
MNE,2012,CUR_TYPE_USD,934.05,ILOSTAT EAR_EMTA_SEX_CUR_NB_A
MNE,2011,CUR_TYPE_LCU,722,ILOSTAT EAR_EMTA_SEX_CUR_NB_A
MNE,2011,CUR_TYPE_PPP,1617.192,ILOSTAT EAR_EMTA_SEX_CUR_NB_A
MNE,2011,CUR_TYPE_USD,1005.024,ILOSTAT EAR_EMTA_SEX_CUR_NB_A
MNE,2010,CUR_TYPE_LCU,715,ILOSTAT EAR_EMTA_SEX_CUR_NB_A
MNE,2010,CUR_TYPE_PPP,1561.363,ILOSTAT EAR_EMTA_SEX_CUR_NB_A
MNE,2010,CUR_TYPE_USD,947.876,ILOSTAT EAR_EMTA_SEX_CUR_NB_A
MNE,2009,CUR_TYPE_LCU,643,ILOSTAT EAR_EMTA_SEX_CUR_NB_A
MNE,2009,CUR_TYPE_PPP,1343.3,ILOSTAT EAR_EMTA_SEX_CUR_NB_A
MNE,2009,CUR_TYPE_USD,896.856,ILOSTAT EAR_EMTA_SEX_CUR_NB_A
MNE,2008,CUR_TYPE_LCU,609,ILOSTAT EAR_EMTA_SEX_CUR_NB_A
MNE,2008,CUR_TYPE_PPP,1241.479,ILOSTAT EAR_EMTA_SEX_CUR_NB_A
MNE,2008,CUR_TYPE_USD,895.717,ILOSTAT EAR_EMTA_SEX_CUR_NB_A
MNE,2007,CUR_TYPE_LCU,497,ILOSTAT EAR_EMTA_SEX_CUR_NB_A
MNE,2007,CUR_TYPE_PPP,1055.537,ILOSTAT EAR_EMTA_SEX_CUR_NB_A
MNE,2007,CUR_TYPE_USD,681.138,ILOSTAT EAR_EMTA_SEX_CUR_NB_A
NLD,2025,CUR_TYPE_LCU,5665.609,ILOSTAT EAR_EMTA_SEX_CUR_NB_A
NLD,2025,CUR_TYPE_PPP,7383.402,ILOSTAT EAR_EMTA_SEX_CUR_NB_A
NLD,2025,CUR_TYPE_USD,6402.139,ILOSTAT EAR_EMTA_SEX_CUR_NB_A
NLD,2024,CUR_TYPE_LCU,5366.945,ILOSTAT EAR_EMTA_SEX_CUR_NB_A
NLD,2024,CUR_TYPE_PPP,7233.567,ILOSTAT EAR_EMTA_SEX_CUR_NB_A
NLD,2024,CUR_TYPE_USD,5809.181,ILOSTAT EAR_EMTA_SEX_CUR_NB_A
NLD,2023,CUR_TYPE_LCU,4967.716,ILOSTAT EAR_EMTA_SEX_CUR_NB_A
NLD,2023,CUR_TYPE_PPP,6669.678,ILOSTAT EAR_EMTA_SEX_CUR_NB_A
NLD,2023,CUR_TYPE_USD,5371.591,ILOSTAT EAR_EMTA_SEX_CUR_NB_A
NLD,2022,CUR_TYPE_LCU,4851.531,ILOSTAT EAR_EMTA_SEX_CUR_NB_A
NLD,2022,CUR_TYPE_PPP,6403.342,ILOSTAT EAR_EMTA_SEX_CUR_NB_A
NLD,2022,CUR_TYPE_USD,5108.662,ILOSTAT EAR_EMTA_SEX_CUR_NB_A
NLD,2021,CUR_TYPE_LCU,4691.05,ILOSTAT EAR_EMTA_SEX_CUR_NB_A
NLD,2021,CUR_TYPE_PPP,5863.064,ILOSTAT EAR_EMTA_SEX_CUR_NB_A
NLD,2021,CUR_TYPE_USD,5548.104,ILOSTAT EAR_EMTA_SEX_CUR_NB_A
NLD,2020,CUR_TYPE_LCU,4457.43,ILOSTAT EAR_EMTA_SEX_CUR_NB_A
NLD,2020,CUR_TYPE_PPP,5468.086,ILOSTAT EAR_EMTA_SEX_CUR_NB_A
NLD,2020,CUR_TYPE_USD,5091.277,ILOSTAT EAR_EMTA_SEX_CUR_NB_A
NLD,2019,CUR_TYPE_LCU,4265.49,ILOSTAT EAR_EMTA_SEX_CUR_NB_A
NLD,2019,CUR_TYPE_PPP,5118.498,ILOSTAT EAR_EMTA_SEX_CUR_NB_A
NLD,2019,CUR_TYPE_USD,4775.216,ILOSTAT EAR_EMTA_SEX_CUR_NB_A
NLD,2018,CUR_TYPE_LCU,4170.308,ILOSTAT EAR_EMTA_SEX_CUR_NB_A
NLD,2018,CUR_TYPE_PPP,4941.908,ILOSTAT EAR_EMTA_SEX_CUR_NB_A
NLD,2018,CUR_TYPE_USD,4925.133,ILOSTAT EAR_EMTA_SEX_CUR_NB_A
NLD,2017,CUR_TYPE_LCU,4094.269,ILOSTAT EAR_EMTA_SEX_CUR_NB_A
NLD,2017,CUR_TYPE_PPP,4755.381,ILOSTAT EAR_EMTA_SEX_CUR_NB_A
NLD,2017,CUR_TYPE_USD,4625.296,ILOSTAT EAR_EMTA_SEX_CUR_NB_A
NLD,2016,CUR_TYPE_LCU,3991.569,ILOSTAT EAR_EMTA_SEX_CUR_NB_A
NLD,2016,CUR_TYPE_PPP,4572.396,ILOSTAT EAR_EMTA_SEX_CUR_NB_A
NLD,2016,CUR_TYPE_USD,4418.268,ILOSTAT EAR_EMTA_SEX_CUR_NB_A
NLD,2015,CUR_TYPE_LCU,3991.937,ILOSTAT EAR_EMTA_SEX_CUR_NB_A
NLD,2015,CUR_TYPE_PPP,4493.275,ILOSTAT EAR_EMTA_SEX_CUR_NB_A
NLD,2015,CUR_TYPE_USD,4429.054,ILOSTAT EAR_EMTA_SEX_CUR_NB_A
NLD,2014,CUR_TYPE_LCU,3987.837,ILOSTAT EAR_EMTA_SEX_CUR_NB_A
NLD,2014,CUR_TYPE_PPP,4522.987,ILOSTAT EAR_EMTA_SEX_CUR_NB_A
NLD,2014,CUR_TYPE_USD,5297.841,ILOSTAT EAR_EMTA_SEX_CUR_NB_A
NLD,2013,CUR_TYPE_LCU,3843.691,ILOSTAT EAR_EMTA_SEX_CUR_NB_A
NLD,2013,CUR_TYPE_PPP,4403.998,ILOSTAT EAR_EMTA_SEX_CUR_NB_A
NLD,2013,CUR_TYPE_USD,5104.806,ILOSTAT EAR_EMTA_SEX_CUR_NB_A
NLD,2012,CUR_TYPE_LCU,3763.634,ILOSTAT EAR_EMTA_SEX_CUR_NB_A
NLD,2012,CUR_TYPE_PPP,4263.731,ILOSTAT EAR_EMTA_SEX_CUR_NB_A
NLD,2012,CUR_TYPE_USD,4835.516,ILOSTAT EAR_EMTA_SEX_CUR_NB_A
NLD,2011,CUR_TYPE_LCU,3674.575,ILOSTAT EAR_EMTA_SEX_CUR_NB_A
NLD,2011,CUR_TYPE_PPP,4181.665,ILOSTAT EAR_EMTA_SEX_CUR_NB_A
NLD,2011,CUR_TYPE_USD,5115.009,ILOSTAT EAR_EMTA_SEX_CUR_NB_A
NLD,2010,CUR_TYPE_LCU,3680.89,ILOSTAT EAR_EMTA_SEX_CUR_NB_A
NLD,2010,CUR_TYPE_PPP,4175.522,ILOSTAT EAR_EMTA_SEX_CUR_NB_A
NLD,2010,CUR_TYPE_USD,4879.755,ILOSTAT EAR_EMTA_SEX_CUR_NB_A
NLD,2009,CUR_TYPE_LCU,3547.031,ILOSTAT EAR_EMTA_SEX_CUR_NB_A
NLD,2009,CUR_TYPE_PPP,4067.584,ILOSTAT EAR_EMTA_SEX_CUR_NB_A
NLD,2009,CUR_TYPE_USD,4947.399,ILOSTAT EAR_EMTA_SEX_CUR_NB_A
NLD,2008,CUR_TYPE_LCU,3438.734,ILOSTAT EAR_EMTA_SEX_CUR_NB_A
NLD,2008,CUR_TYPE_PPP,3960.973,ILOSTAT EAR_EMTA_SEX_CUR_NB_A
NLD,2008,CUR_TYPE_USD,5057.69,ILOSTAT EAR_EMTA_SEX_CUR_NB_A
NLD,2007,CUR_TYPE_LCU,3381.637,ILOSTAT EAR_EMTA_SEX_CUR_NB_A
NLD,2007,CUR_TYPE_PPP,3861.211,ILOSTAT EAR_EMTA_SEX_CUR_NB_A
NLD,2007,CUR_TYPE_USD,4634.534,ILOSTAT EAR_EMTA_SEX_CUR_NB_A
NLD,2006,CUR_TYPE_LCU,2661.138,ILOSTAT EAR_EMTA_SEX_CUR_NB_A
NLD,2006,CUR_TYPE_PPP,2990.386,ILOSTAT EAR_EMTA_SEX_CUR_NB_A
NLD,2006,CUR_TYPE_USD,3341.325,ILOSTAT EAR_EMTA_SEX_CUR_NB_A
NLD,2005,CUR_TYPE_LCU,2667.946,ILOSTAT EAR_EMTA_SEX_CUR_NB_A
NLD,2005,CUR_TYPE_PPP,2950.769,ILOSTAT EAR_EMTA_SEX_CUR_NB_A
NLD,2005,CUR_TYPE_USD,3319.192,ILOSTAT EAR_EMTA_SEX_CUR_NB_A
NLD,2004,CUR_TYPE_LCU,2792,ILOSTAT EAR_EMTA_SEX_CUR_NB_A
NLD,2004,CUR_TYPE_PPP,3064.418,ILOSTAT EAR_EMTA_SEX_CUR_NB_A
NLD,2004,CUR_TYPE_USD,3472.969,ILOSTAT EAR_EMTA_SEX_CUR_NB_A
NLD,2003,CUR_TYPE_LCU,2712,ILOSTAT EAR_EMTA_SEX_CUR_NB_A
NLD,2003,CUR_TYPE_PPP,2907.067,ILOSTAT EAR_EMTA_SEX_CUR_NB_A
NLD,2003,CUR_TYPE_USD,3067.814,ILOSTAT EAR_EMTA_SEX_CUR_NB_A
NLD,2002,CUR_TYPE_LCU,2623,ILOSTAT EAR_EMTA_SEX_CUR_NB_A
NLD,2002,CUR_TYPE_PPP,2909.45,ILOSTAT EAR_EMTA_SEX_CUR_NB_A
NLD,2002,CUR_TYPE_USD,2480.309,ILOSTAT EAR_EMTA_SEX_CUR_NB_A
NLD,2001,CUR_TYPE_LCU,2517,ILOSTAT EAR_EMTA_SEX_CUR_NB_A
NLD,2001,CUR_TYPE_PPP,2783.378,ILOSTAT EAR_EMTA_SEX_CUR_NB_A
NLD,2001,CUR_TYPE_USD,2254.225,ILOSTAT EAR_EMTA_SEX_CUR_NB_A
NLD,2000,CUR_TYPE_LCU,5220,ILOSTAT EAR_EMTA_SEX_CUR_NB_A
NLD,1999,CUR_TYPE_LCU,5028,ILOSTAT EAR_EMTA_SEX_CUR_NB_A
NLD,1998,CUR_TYPE_LCU,4860,ILOSTAT EAR_EMTA_SEX_CUR_NB_A
NLD,1998,CUR_TYPE_PPP,2405.007,ILOSTAT EAR_EMTA_SEX_CUR_NB_A
NLD,1998,CUR_TYPE_USD,2449.926,ILOSTAT EAR_EMTA_SEX_CUR_NB_A
NLD,1997,CUR_TYPE_LCU,4676,ILOSTAT EAR_EMTA_SEX_CUR_NB_A
NLD,1997,CUR_TYPE_PPP,2324.214,ILOSTAT EAR_EMTA_SEX_CUR_NB_A
NLD,1997,CUR_TYPE_USD,2396.388,ILOSTAT EAR_EMTA_SEX_CUR_NB_A
NLD,1996,CUR_TYPE_LCU,4532,ILOSTAT EAR_EMTA_SEX_CUR_NB_A
NLD,1996,CUR_TYPE_PPP,2340.993,ILOSTAT EAR_EMTA_SEX_CUR_NB_A
NLD,1996,CUR_TYPE_USD,2688.184,ILOSTAT EAR_EMTA_SEX_CUR_NB_A
NLD,1995,CUR_TYPE_LCU,4382,ILOSTAT EAR_EMTA_SEX_CUR_NB_A
NLD,1995,CUR_TYPE_PPP,2289.011,ILOSTAT EAR_EMTA_SEX_CUR_NB_A
NLD,1995,CUR_TYPE_USD,2729.07,ILOSTAT EAR_EMTA_SEX_CUR_NB_A
NLD,1994,CUR_TYPE_LCU,4147,ILOSTAT EAR_EMTA_SEX_CUR_NB_A
NLD,1994,CUR_TYPE_PPP,2100.834,ILOSTAT EAR_EMTA_SEX_CUR_NB_A
NLD,1994,CUR_TYPE_USD,2278.578,ILOSTAT EAR_EMTA_SEX_CUR_NB_A
NLD,1993,CUR_TYPE_LCU,4165.46,ILOSTAT EAR_EMTA_SEX_CUR_NB_A
NLD,1993,CUR_TYPE_PPP,2110.111,ILOSTAT EAR_EMTA_SEX_CUR_NB_A
NLD,1993,CUR_TYPE_USD,2242.744,ILOSTAT EAR_EMTA_SEX_CUR_NB_A
NLD,1992,CUR_TYPE_LCU,4035.56,ILOSTAT EAR_EMTA_SEX_CUR_NB_A
NLD,1992,CUR_TYPE_PPP,1941.935,ILOSTAT EAR_EMTA_SEX_CUR_NB_A
NLD,1992,CUR_TYPE_USD,2294.932,ILOSTAT EAR_EMTA_SEX_CUR_NB_A
NLD,1991,CUR_TYPE_LCU,3875.35,ILOSTAT EAR_EMTA_SEX_CUR_NB_A
NLD,1991,CUR_TYPE_PPP,1844.99,ILOSTAT EAR_EMTA_SEX_CUR_NB_A
NLD,1991,CUR_TYPE_USD,2072.749,ILOSTAT EAR_EMTA_SEX_CUR_NB_A
NLD,1990,CUR_TYPE_LCU,3710.81,ILOSTAT EAR_EMTA_SEX_CUR_NB_A
NLD,1990,CUR_TYPE_PPP,1769.305,ILOSTAT EAR_EMTA_SEX_CUR_NB_A
NLD,1990,CUR_TYPE_USD,2037.852,ILOSTAT EAR_EMTA_SEX_CUR_NB_A
NLD,1989,CUR_TYPE_LCU,3567.92,ILOSTAT EAR_EMTA_SEX_CUR_NB_A
NLD,1989,CUR_TYPE_USD,1682.396,ILOSTAT EAR_EMTA_SEX_CUR_NB_A
NOR,2025,CUR_TYPE_LCU,5698.918,ILOSTAT EAR_EMTA_SEX_CUR_NB_A
NOR,2025,CUR_TYPE_PPP,6693.801,ILOSTAT EAR_EMTA_SEX_CUR_NB_A
NOR,2025,CUR_TYPE_USD,6439.778,ILOSTAT EAR_EMTA_SEX_CUR_NB_A
NOR,2024,CUR_TYPE_LCU,5535.189,ILOSTAT EAR_EMTA_SEX_CUR_NB_A
NOR,2024,CUR_TYPE_PPP,6748.519,ILOSTAT EAR_EMTA_SEX_CUR_NB_A
NOR,2024,CUR_TYPE_USD,5991.289,ILOSTAT EAR_EMTA_SEX_CUR_NB_A
NOR,2023,CUR_TYPE_LCU,5861.516,ILOSTAT EAR_EMTA_SEX_CUR_NB_A
NOR,2023,CUR_TYPE_PPP,7137.776,ILOSTAT EAR_EMTA_SEX_CUR_NB_A
NOR,2023,CUR_TYPE_USD,6338.057,ILOSTAT EAR_EMTA_SEX_CUR_NB_A
NOR,2022,CUR_TYPE_LCU,5535.038,ILOSTAT EAR_EMTA_SEX_CUR_NB_A
NOR,2022,CUR_TYPE_PPP,5843.964,ILOSTAT EAR_EMTA_SEX_CUR_NB_A
NOR,2022,CUR_TYPE_USD,5828.395,ILOSTAT EAR_EMTA_SEX_CUR_NB_A
NOR,2021,CUR_TYPE_LCU,5053.704,ILOSTAT EAR_EMTA_SEX_CUR_NB_A
NOR,2021,CUR_TYPE_PPP,5156.315,ILOSTAT EAR_EMTA_SEX_CUR_NB_A
NOR,2021,CUR_TYPE_USD,5977.016,ILOSTAT EAR_EMTA_SEX_CUR_NB_A
NOR,2020,CUR_TYPE_LCU,5627.53,ILOSTAT EAR_EMTA_SEX_CUR_NB_A
NOR,2020,CUR_TYPE_PPP,5923.281,ILOSTAT EAR_EMTA_SEX_CUR_NB_A
NOR,2020,CUR_TYPE_USD,6427.764,ILOSTAT EAR_EMTA_SEX_CUR_NB_A
NOR,2019,CUR_TYPE_LCU,5454.234,ILOSTAT EAR_EMTA_SEX_CUR_NB_A
NOR,2019,CUR_TYPE_PPP,5297.058,ILOSTAT EAR_EMTA_SEX_CUR_NB_A
NOR,2019,CUR_TYPE_USD,6106.015,ILOSTAT EAR_EMTA_SEX_CUR_NB_A
NOR,2018,CUR_TYPE_LCU,5431.898,ILOSTAT EAR_EMTA_SEX_CUR_NB_A
NOR,2018,CUR_TYPE_PPP,5059.091,ILOSTAT EAR_EMTA_SEX_CUR_NB_A
NOR,2018,CUR_TYPE_USD,6415.071,ILOSTAT EAR_EMTA_SEX_CUR_NB_A
NOR,2017,CUR_TYPE_LCU,5323.646,ILOSTAT EAR_EMTA_SEX_CUR_NB_A
NOR,2017,CUR_TYPE_PPP,4790.859,ILOSTAT EAR_EMTA_SEX_CUR_NB_A
NOR,2017,CUR_TYPE_USD,6014.123,ILOSTAT EAR_EMTA_SEX_CUR_NB_A
NOR,2016,CUR_TYPE_LCU,5463.002,ILOSTAT EAR_EMTA_SEX_CUR_NB_A
NOR,2016,CUR_TYPE_PPP,4753.197,ILOSTAT EAR_EMTA_SEX_CUR_NB_A
NOR,2016,CUR_TYPE_USD,6046.996,ILOSTAT EAR_EMTA_SEX_CUR_NB_A
NOR,2015,CUR_TYPE_LCU,5676.831,ILOSTAT EAR_EMTA_SEX_CUR_NB_A
NOR,2015,CUR_TYPE_PPP,4792.123,ILOSTAT EAR_EMTA_SEX_CUR_NB_A
NOR,2015,CUR_TYPE_USD,6298.444,ILOSTAT EAR_EMTA_SEX_CUR_NB_A
NOR,2014,CUR_TYPE_LCU,6043.267,ILOSTAT EAR_EMTA_SEX_CUR_NB_A
NOR,2014,CUR_TYPE_PPP,5135.889,ILOSTAT EAR_EMTA_SEX_CUR_NB_A
NOR,2014,CUR_TYPE_USD,8028.48,ILOSTAT EAR_EMTA_SEX_CUR_NB_A
NOR,2013,CUR_TYPE_LCU,5654.392,ILOSTAT EAR_EMTA_SEX_CUR_NB_A
NOR,2013,CUR_TYPE_PPP,4517.703,ILOSTAT EAR_EMTA_SEX_CUR_NB_A
NOR,2013,CUR_TYPE_USD,7509.598,ILOSTAT EAR_EMTA_SEX_CUR_NB_A
NOR,2012,CUR_TYPE_LCU,5337.993,ILOSTAT EAR_EMTA_SEX_CUR_NB_A
NOR,2012,CUR_TYPE_PPP,4071.26,ILOSTAT EAR_EMTA_SEX_CUR_NB_A
NOR,2012,CUR_TYPE_USD,6858.253,ILOSTAT EAR_EMTA_SEX_CUR_NB_A
NOR,2011,CUR_TYPE_LCU,4934.277,ILOSTAT EAR_EMTA_SEX_CUR_NB_A
NOR,2011,CUR_TYPE_PPP,3935.974,ILOSTAT EAR_EMTA_SEX_CUR_NB_A
NOR,2011,CUR_TYPE_USD,6868.513,ILOSTAT EAR_EMTA_SEX_CUR_NB_A
NOR,2010,CUR_TYPE_LCU,4401.39,ILOSTAT EAR_EMTA_SEX_CUR_NB_A
NOR,2010,CUR_TYPE_PPP,3610.25,ILOSTAT EAR_EMTA_SEX_CUR_NB_A
NOR,2010,CUR_TYPE_USD,5834.923,ILOSTAT EAR_EMTA_SEX_CUR_NB_A
NOR,2009,CUR_TYPE_LCU,4464.753,ILOSTAT EAR_EMTA_SEX_CUR_NB_A
NOR,2009,CUR_TYPE_PPP,4051.928,ILOSTAT EAR_EMTA_SEX_CUR_NB_A
NOR,2009,CUR_TYPE_USD,6227.437,ILOSTAT EAR_EMTA_SEX_CUR_NB_A
NOR,2008,CUR_TYPE_LCU,4249.632,ILOSTAT EAR_EMTA_SEX_CUR_NB_A
NOR,2008,CUR_TYPE_PPP,3663.192,ILOSTAT EAR_EMTA_SEX_CUR_NB_A
NOR,2008,CUR_TYPE_USD,6250.359,ILOSTAT EAR_EMTA_SEX_CUR_NB_A
NOR,2007,CUR_TYPE_LCU,3975.118,ILOSTAT EAR_EMTA_SEX_CUR_NB_A
NOR,2007,CUR_TYPE_PPP,3359.218,ILOSTAT EAR_EMTA_SEX_CUR_NB_A
NOR,2007,CUR_TYPE_USD,5447.899,ILOSTAT EAR_EMTA_SEX_CUR_NB_A
NOR,2006,CUR_TYPE_LCU,3307.001,ILOSTAT EAR_EMTA_SEX_CUR_NB_A
NOR,2006,CUR_TYPE_PPP,2717.885,ILOSTAT EAR_EMTA_SEX_CUR_NB_A
NOR,2006,CUR_TYPE_USD,4152.27,ILOSTAT EAR_EMTA_SEX_CUR_NB_A
NOR,2005,CUR_TYPE_LCU,3056.226,ILOSTAT EAR_EMTA_SEX_CUR_NB_A
NOR,2005,CUR_TYPE_PPP,2461.347,ILOSTAT EAR_EMTA_SEX_CUR_NB_A
NOR,2005,CUR_TYPE_USD,3802.25,ILOSTAT EAR_EMTA_SEX_CUR_NB_A
NOR,2004,CUR_TYPE_LCU,3181.547,ILOSTAT EAR_EMTA_SEX_CUR_NB_A
NOR,2004,CUR_TYPE_PPP,2678.324,ILOSTAT EAR_EMTA_SEX_CUR_NB_A
NOR,2004,CUR_TYPE_USD,3957.527,ILOSTAT EAR_EMTA_SEX_CUR_NB_A
NOR,2002,CUR_TYPE_LCU,3610.77,ILOSTAT EAR_EMTA_SEX_CUR_NB_A
NOR,2002,CUR_TYPE_PPP,2753.5,ILOSTAT EAR_EMTA_SEX_CUR_NB_A
NOR,2002,CUR_TYPE_USD,3414.344,ILOSTAT EAR_EMTA_SEX_CUR_NB_A
POL,2025,CUR_TYPE_LCU,2037.092,ILOSTAT EAR_EMTA_SEX_CUR_NB_A
POL,2025,CUR_TYPE_PPP,4195.725,ILOSTAT EAR_EMTA_SEX_CUR_NB_A
POL,2025,CUR_TYPE_USD,2301.914,ILOSTAT EAR_EMTA_SEX_CUR_NB_A
POL,2024,CUR_TYPE_LCU,1682.769,ILOSTAT EAR_EMTA_SEX_CUR_NB_A
POL,2024,CUR_TYPE_PPP,3610.837,ILOSTAT EAR_EMTA_SEX_CUR_NB_A
POL,2024,CUR_TYPE_USD,1821.429,ILOSTAT EAR_EMTA_SEX_CUR_NB_A
POL,2023,CUR_TYPE_LCU,1401.822,ILOSTAT EAR_EMTA_SEX_CUR_NB_A
POL,2023,CUR_TYPE_PPP,3194.857,ILOSTAT EAR_EMTA_SEX_CUR_NB_A
POL,2023,CUR_TYPE_USD,1515.79,ILOSTAT EAR_EMTA_SEX_CUR_NB_A
POL,2022,CUR_TYPE_LCU,1279.429,ILOSTAT EAR_EMTA_SEX_CUR_NB_A
POL,2022,CUR_TYPE_PPP,3113.625,ILOSTAT EAR_EMTA_SEX_CUR_NB_A
POL,2022,CUR_TYPE_USD,1347.239,ILOSTAT EAR_EMTA_SEX_CUR_NB_A
POL,2021,CUR_TYPE_LCU,1164.874,ILOSTAT EAR_EMTA_SEX_CUR_NB_A
POL,2021,CUR_TYPE_PPP,2781.594,ILOSTAT EAR_EMTA_SEX_CUR_NB_A
POL,2021,CUR_TYPE_USD,1377.696,ILOSTAT EAR_EMTA_SEX_CUR_NB_A
POL,2020,CUR_TYPE_LCU,1159.714,ILOSTAT EAR_EMTA_SEX_CUR_NB_A
POL,2020,CUR_TYPE_PPP,2804.382,ILOSTAT EAR_EMTA_SEX_CUR_NB_A
POL,2020,CUR_TYPE_USD,1324.626,ILOSTAT EAR_EMTA_SEX_CUR_NB_A
POL,2019,CUR_TYPE_LCU,1066.971,ILOSTAT EAR_EMTA_SEX_CUR_NB_A
POL,2019,CUR_TYPE_PPP,2504.202,ILOSTAT EAR_EMTA_SEX_CUR_NB_A
POL,2019,CUR_TYPE_USD,1194.474,ILOSTAT EAR_EMTA_SEX_CUR_NB_A
POL,2018,CUR_TYPE_LCU,974.297,ILOSTAT EAR_EMTA_SEX_CUR_NB_A
POL,2018,CUR_TYPE_PPP,2215.775,ILOSTAT EAR_EMTA_SEX_CUR_NB_A
POL,2018,CUR_TYPE_USD,1150.645,ILOSTAT EAR_EMTA_SEX_CUR_NB_A
POL,2017,CUR_TYPE_LCU,910.845,ILOSTAT EAR_EMTA_SEX_CUR_NB_A
POL,2017,CUR_TYPE_PPP,2072.354,ILOSTAT EAR_EMTA_SEX_CUR_NB_A
POL,2017,CUR_TYPE_USD,1028.981,ILOSTAT EAR_EMTA_SEX_CUR_NB_A
POL,2016,CUR_TYPE_LCU,913.182,ILOSTAT EAR_EMTA_SEX_CUR_NB_A
POL,2016,CUR_TYPE_PPP,2167.56,ILOSTAT EAR_EMTA_SEX_CUR_NB_A
POL,2016,CUR_TYPE_USD,1010.802,ILOSTAT EAR_EMTA_SEX_CUR_NB_A
POL,2015,CUR_TYPE_LCU,876.793,ILOSTAT EAR_EMTA_SEX_CUR_NB_A
POL,2015,CUR_TYPE_PPP,1954.411,ILOSTAT EAR_EMTA_SEX_CUR_NB_A
POL,2015,CUR_TYPE_USD,972.802,ILOSTAT EAR_EMTA_SEX_CUR_NB_A
POL,2014,CUR_TYPE_LCU,875.513,ILOSTAT EAR_EMTA_SEX_CUR_NB_A
POL,2014,CUR_TYPE_PPP,1952.36,ILOSTAT EAR_EMTA_SEX_CUR_NB_A
POL,2014,CUR_TYPE_USD,1163.119,ILOSTAT EAR_EMTA_SEX_CUR_NB_A
POL,2013,CUR_TYPE_LCU,841.062,ILOSTAT EAR_EMTA_SEX_CUR_NB_A
POL,2013,CUR_TYPE_PPP,1885.288,ILOSTAT EAR_EMTA_SEX_CUR_NB_A
POL,2013,CUR_TYPE_USD,1117.014,ILOSTAT EAR_EMTA_SEX_CUR_NB_A
POL,2012,CUR_TYPE_LCU,826.694,ILOSTAT EAR_EMTA_SEX_CUR_NB_A
POL,2012,CUR_TYPE_PPP,1812.882,ILOSTAT EAR_EMTA_SEX_CUR_NB_A
POL,2012,CUR_TYPE_USD,1062.136,ILOSTAT EAR_EMTA_SEX_CUR_NB_A
POL,2011,CUR_TYPE_LCU,809.452,ILOSTAT EAR_EMTA_SEX_CUR_NB_A
POL,2011,CUR_TYPE_PPP,1738.57,ILOSTAT EAR_EMTA_SEX_CUR_NB_A
POL,2011,CUR_TYPE_USD,1126.757,ILOSTAT EAR_EMTA_SEX_CUR_NB_A
POL,2010,CUR_TYPE_LCU,727.052,ILOSTAT EAR_EMTA_SEX_CUR_NB_A
POL,2010,CUR_TYPE_PPP,1489.868,ILOSTAT EAR_EMTA_SEX_CUR_NB_A
POL,2010,CUR_TYPE_USD,963.852,ILOSTAT EAR_EMTA_SEX_CUR_NB_A
POL,2009,CUR_TYPE_LCU,861.583,ILOSTAT EAR_EMTA_SEX_CUR_NB_A
POL,2009,CUR_TYPE_PPP,1851.503,ILOSTAT EAR_EMTA_SEX_CUR_NB_A
POL,2009,CUR_TYPE_USD,1201.735,ILOSTAT EAR_EMTA_SEX_CUR_NB_A
POL,2008,CUR_TYPE_LCU,740.103,ILOSTAT EAR_EMTA_SEX_CUR_NB_A
POL,2008,CUR_TYPE_PPP,1307.443,ILOSTAT EAR_EMTA_SEX_CUR_NB_A
POL,2008,CUR_TYPE_USD,1088.544,ILOSTAT EAR_EMTA_SEX_CUR_NB_A
POL,2007,CUR_TYPE_LCU,641.847,ILOSTAT EAR_EMTA_SEX_CUR_NB_A
POL,2007,CUR_TYPE_PPP,1203.348,ILOSTAT EAR_EMTA_SEX_CUR_NB_A
POL,2007,CUR_TYPE_USD,879.651,ILOSTAT EAR_EMTA_SEX_CUR_NB_A
POL,2006,CUR_TYPE_LCU,537.205,ILOSTAT EAR_EMTA_SEX_CUR_NB_A
POL,2006,CUR_TYPE_PPP,1001.644,ILOSTAT EAR_EMTA_SEX_CUR_NB_A
POL,2006,CUR_TYPE_USD,674.514,ILOSTAT EAR_EMTA_SEX_CUR_NB_A
POL,2005,CUR_TYPE_LCU,448.508,ILOSTAT EAR_EMTA_SEX_CUR_NB_A
POL,2005,CUR_TYPE_PPP,852.588,ILOSTAT EAR_EMTA_SEX_CUR_NB_A
POL,2005,CUR_TYPE_USD,557.989,ILOSTAT EAR_EMTA_SEX_CUR_NB_A
POL,2004,CUR_TYPE_LCU,2273.44,ILOSTAT EAR_EMTA_SEX_CUR_NB_A
POL,2004,CUR_TYPE_PPP,1111.173,ILOSTAT EAR_EMTA_SEX_CUR_NB_A
POL,2004,CUR_TYPE_USD,621.559,ILOSTAT EAR_EMTA_SEX_CUR_NB_A
POL,2003,CUR_TYPE_LCU,2185.02,ILOSTAT EAR_EMTA_SEX_CUR_NB_A
POL,2003,CUR_TYPE_PPP,1083.732,ILOSTAT EAR_EMTA_SEX_CUR_NB_A
POL,2003,CUR_TYPE_USD,561.835,ILOSTAT EAR_EMTA_SEX_CUR_NB_A
POL,2002,CUR_TYPE_LCU,2097.83,ILOSTAT EAR_EMTA_SEX_CUR_NB_A
POL,2002,CUR_TYPE_PPP,1034.669,ILOSTAT EAR_EMTA_SEX_CUR_NB_A
POL,2002,CUR_TYPE_USD,514.17,ILOSTAT EAR_EMTA_SEX_CUR_NB_A
POL,2001,CUR_TYPE_LCU,2045.13,ILOSTAT EAR_EMTA_SEX_CUR_NB_A
POL,2001,CUR_TYPE_PPP,999.442,ILOSTAT EAR_EMTA_SEX_CUR_NB_A
POL,2001,CUR_TYPE_USD,499.555,ILOSTAT EAR_EMTA_SEX_CUR_NB_A
POL,2000,CUR_TYPE_LCU,1893.74,ILOSTAT EAR_EMTA_SEX_CUR_NB_A
POL,2000,CUR_TYPE_PPP,935.257,ILOSTAT EAR_EMTA_SEX_CUR_NB_A
POL,2000,CUR_TYPE_USD,435.736,ILOSTAT EAR_EMTA_SEX_CUR_NB_A
POL,1999,CUR_TYPE_LCU,1697.12,ILOSTAT EAR_EMTA_SEX_CUR_NB_A
POL,1999,CUR_TYPE_PPP,887.614,ILOSTAT EAR_EMTA_SEX_CUR_NB_A
POL,1999,CUR_TYPE_USD,427.798,ILOSTAT EAR_EMTA_SEX_CUR_NB_A
POL,1998,CUR_TYPE_LCU,1239.49,ILOSTAT EAR_EMTA_SEX_CUR_NB_A
POL,1998,CUR_TYPE_PPP,676.505,ILOSTAT EAR_EMTA_SEX_CUR_NB_A
POL,1998,CUR_TYPE_USD,356.647,ILOSTAT EAR_EMTA_SEX_CUR_NB_A
POL,1997,CUR_TYPE_LCU,1061.93,ILOSTAT EAR_EMTA_SEX_CUR_NB_A
POL,1997,CUR_TYPE_PPP,631.159,ILOSTAT EAR_EMTA_SEX_CUR_NB_A
POL,1997,CUR_TYPE_USD,323.829,ILOSTAT EAR_EMTA_SEX_CUR_NB_A
POL,1996,CUR_TYPE_LCU,874.3,ILOSTAT EAR_EMTA_SEX_CUR_NB_A
POL,1996,CUR_TYPE_PPP,584.452,ILOSTAT EAR_EMTA_SEX_CUR_NB_A
POL,1996,CUR_TYPE_USD,324.283,ILOSTAT EAR_EMTA_SEX_CUR_NB_A
POL,1995,CUR_TYPE_LCU,727.23,ILOSTAT EAR_EMTA_SEX_CUR_NB_A
POL,1995,CUR_TYPE_PPP,566.277,ILOSTAT EAR_EMTA_SEX_CUR_NB_A
POL,1995,CUR_TYPE_USD,299.891,ILOSTAT EAR_EMTA_SEX_CUR_NB_A
POL,1994,CUR_TYPE_LCU,5472500,ILOSTAT EAR_EMTA_SEX_CUR_NB_A
POL,1993,CUR_TYPE_LCU,3995000,ILOSTAT EAR_EMTA_SEX_CUR_NB_A
POL,1992,CUR_TYPE_LCU,2935000,ILOSTAT EAR_EMTA_SEX_CUR_NB_A
POL,1991,CUR_TYPE_LCU,1764500,ILOSTAT EAR_EMTA_SEX_CUR_NB_A
POL,1990,CUR_TYPE_LCU,1036300,ILOSTAT EAR_EMTA_SEX_CUR_NB_A
POL,1989,CUR_TYPE_LCU,207443,ILOSTAT EAR_EMTA_SEX_CUR_NB_A
PRT,2025,CUR_TYPE_LCU,1262.156,ILOSTAT EAR_EMTA_SEX_CUR_NB_A
PRT,2025,CUR_TYPE_PPP,2196.151,ILOSTAT EAR_EMTA_SEX_CUR_NB_A
PRT,2025,CUR_TYPE_USD,1426.237,ILOSTAT EAR_EMTA_SEX_CUR_NB_A
PRT,2024,CUR_TYPE_LCU,1171.414,ILOSTAT EAR_EMTA_SEX_CUR_NB_A
PRT,2024,CUR_TYPE_PPP,2096.494,ILOSTAT EAR_EMTA_SEX_CUR_NB_A
PRT,2024,CUR_TYPE_USD,1267.938,ILOSTAT EAR_EMTA_SEX_CUR_NB_A
PRT,2023,CUR_TYPE_LCU,1058.826,ILOSTAT EAR_EMTA_SEX_CUR_NB_A
PRT,2023,CUR_TYPE_PPP,1907.675,ILOSTAT EAR_EMTA_SEX_CUR_NB_A
PRT,2023,CUR_TYPE_USD,1144.909,ILOSTAT EAR_EMTA_SEX_CUR_NB_A
PRT,2022,CUR_TYPE_LCU,1037.934,ILOSTAT EAR_EMTA_SEX_CUR_NB_A
PRT,2022,CUR_TYPE_PPP,1793.187,ILOSTAT EAR_EMTA_SEX_CUR_NB_A
PRT,2022,CUR_TYPE_USD,1092.945,ILOSTAT EAR_EMTA_SEX_CUR_NB_A
PRT,2021,CUR_TYPE_LCU,1005.916,ILOSTAT EAR_EMTA_SEX_CUR_NB_A
PRT,2021,CUR_TYPE_PPP,1642.366,ILOSTAT EAR_EMTA_SEX_CUR_NB_A
PRT,2021,CUR_TYPE_USD,1189.697,ILOSTAT EAR_EMTA_SEX_CUR_NB_A
PRT,2020,CUR_TYPE_LCU,943.504,ILOSTAT EAR_EMTA_SEX_CUR_NB_A
PRT,2020,CUR_TYPE_PPP,1489.379,ILOSTAT EAR_EMTA_SEX_CUR_NB_A
PRT,2020,CUR_TYPE_USD,1077.67,ILOSTAT EAR_EMTA_SEX_CUR_NB_A
PRT,2019,CUR_TYPE_LCU,895.558,ILOSTAT EAR_EMTA_SEX_CUR_NB_A
PRT,2019,CUR_TYPE_PPP,1431.99,ILOSTAT EAR_EMTA_SEX_CUR_NB_A
PRT,2019,CUR_TYPE_USD,1002.577,ILOSTAT EAR_EMTA_SEX_CUR_NB_A
PRT,2018,CUR_TYPE_LCU,875.271,ILOSTAT EAR_EMTA_SEX_CUR_NB_A
PRT,2018,CUR_TYPE_PPP,1345.333,ILOSTAT EAR_EMTA_SEX_CUR_NB_A
PRT,2018,CUR_TYPE_USD,1033.695,ILOSTAT EAR_EMTA_SEX_CUR_NB_A
PRT,2017,CUR_TYPE_LCU,852.152,ILOSTAT EAR_EMTA_SEX_CUR_NB_A
PRT,2017,CUR_TYPE_PPP,1277.341,ILOSTAT EAR_EMTA_SEX_CUR_NB_A
PRT,2017,CUR_TYPE_USD,962.676,ILOSTAT EAR_EMTA_SEX_CUR_NB_A
PRT,2016,CUR_TYPE_LCU,830.914,ILOSTAT EAR_EMTA_SEX_CUR_NB_A
PRT,2016,CUR_TYPE_PPP,1262.754,ILOSTAT EAR_EMTA_SEX_CUR_NB_A
PRT,2016,CUR_TYPE_USD,919.739,ILOSTAT EAR_EMTA_SEX_CUR_NB_A
PRT,2015,CUR_TYPE_LCU,825.463,ILOSTAT EAR_EMTA_SEX_CUR_NB_A
PRT,2015,CUR_TYPE_PPP,1226.481,ILOSTAT EAR_EMTA_SEX_CUR_NB_A
PRT,2015,CUR_TYPE_USD,915.852,ILOSTAT EAR_EMTA_SEX_CUR_NB_A
PRT,2014,CUR_TYPE_LCU,811.931,ILOSTAT EAR_EMTA_SEX_CUR_NB_A
PRT,2014,CUR_TYPE_PPP,1216.76,ILOSTAT EAR_EMTA_SEX_CUR_NB_A
PRT,2014,CUR_TYPE_USD,1078.65,ILOSTAT EAR_EMTA_SEX_CUR_NB_A
PRT,2013,CUR_TYPE_LCU,801.549,ILOSTAT EAR_EMTA_SEX_CUR_NB_A
PRT,2013,CUR_TYPE_PPP,1205.68,ILOSTAT EAR_EMTA_SEX_CUR_NB_A
PRT,2013,CUR_TYPE_USD,1064.538,ILOSTAT EAR_EMTA_SEX_CUR_NB_A
PRT,2012,CUR_TYPE_LCU,807.076,ILOSTAT EAR_EMTA_SEX_CUR_NB_A
PRT,2012,CUR_TYPE_PPP,1170.544,ILOSTAT EAR_EMTA_SEX_CUR_NB_A
PRT,2012,CUR_TYPE_USD,1036.931,ILOSTAT EAR_EMTA_SEX_CUR_NB_A
PRT,2011,CUR_TYPE_LCU,798.203,ILOSTAT EAR_EMTA_SEX_CUR_NB_A
PRT,2011,CUR_TYPE_PPP,1150.278,ILOSTAT EAR_EMTA_SEX_CUR_NB_A
PRT,2011,CUR_TYPE_USD,1111.098,ILOSTAT EAR_EMTA_SEX_CUR_NB_A
PRT,2010,CUR_TYPE_LCU,773.823,ILOSTAT EAR_EMTA_SEX_CUR_NB_A
PRT,2010,CUR_TYPE_PPP,1104.814,ILOSTAT EAR_EMTA_SEX_CUR_NB_A
PRT,2010,CUR_TYPE_USD,1025.857,ILOSTAT EAR_EMTA_SEX_CUR_NB_A
PRT,2009,CUR_TYPE_LCU,763.768,ILOSTAT EAR_EMTA_SEX_CUR_NB_A
PRT,2009,CUR_TYPE_PPP,1082.667,ILOSTAT EAR_EMTA_SEX_CUR_NB_A
PRT,2009,CUR_TYPE_USD,1065.304,ILOSTAT EAR_EMTA_SEX_CUR_NB_A
PRT,2008,CUR_TYPE_LCU,752.502,ILOSTAT EAR_EMTA_SEX_CUR_NB_A
PRT,2008,CUR_TYPE_PPP,1052.816,ILOSTAT EAR_EMTA_SEX_CUR_NB_A
PRT,2008,CUR_TYPE_USD,1106.779,ILOSTAT EAR_EMTA_SEX_CUR_NB_A
PRT,2007,CUR_TYPE_LCU,720.728,ILOSTAT EAR_EMTA_SEX_CUR_NB_A
PRT,2007,CUR_TYPE_PPP,1004.277,ILOSTAT EAR_EMTA_SEX_CUR_NB_A
PRT,2007,CUR_TYPE_USD,987.758,ILOSTAT EAR_EMTA_SEX_CUR_NB_A
PRT,2006,CUR_TYPE_LCU,710.558,ILOSTAT EAR_EMTA_SEX_CUR_NB_A
PRT,2006,CUR_TYPE_PPP,1018.296,ILOSTAT EAR_EMTA_SEX_CUR_NB_A
PRT,2006,CUR_TYPE_USD,892.177,ILOSTAT EAR_EMTA_SEX_CUR_NB_A
PRT,2005,CUR_TYPE_LCU,685.535,ILOSTAT EAR_EMTA_SEX_CUR_NB_A
PRT,2005,CUR_TYPE_PPP,973.45,ILOSTAT EAR_EMTA_SEX_CUR_NB_A
PRT,2005,CUR_TYPE_USD,852.874,ILOSTAT EAR_EMTA_SEX_CUR_NB_A
PRT,2004,CUR_TYPE_LCU,668.381,ILOSTAT EAR_EMTA_SEX_CUR_NB_A
PRT,2004,CUR_TYPE_PPP,934.268,ILOSTAT EAR_EMTA_SEX_CUR_NB_A
PRT,2004,CUR_TYPE_USD,831.399,ILOSTAT EAR_EMTA_SEX_CUR_NB_A
PRT,2003,CUR_TYPE_LCU,638.885,ILOSTAT EAR_EMTA_SEX_CUR_NB_A
PRT,2003,CUR_TYPE_PPP,894.589,ILOSTAT EAR_EMTA_SEX_CUR_NB_A
PRT,2003,CUR_TYPE_USD,722.707,ILOSTAT EAR_EMTA_SEX_CUR_NB_A
PRT,2002,CUR_TYPE_LCU,610.432,ILOSTAT EAR_EMTA_SEX_CUR_NB_A
PRT,2002,CUR_TYPE_PPP,845.778,ILOSTAT EAR_EMTA_SEX_CUR_NB_A
PRT,2002,CUR_TYPE_USD,577.224,ILOSTAT EAR_EMTA_SEX_CUR_NB_A
PRT,2001,CUR_TYPE_LCU,116026.331,ILOSTAT EAR_EMTA_SEX_CUR_NB_A
PRT,2000,CUR_TYPE_LCU,109793.424,ILOSTAT EAR_EMTA_SEX_CUR_NB_A
PRT,1999,CUR_TYPE_LCU,104717.603,ILOSTAT EAR_EMTA_SEX_CUR_NB_A
PRT,1998,CUR_TYPE_LCU,100671.312,ILOSTAT EAR_EMTA_SEX_CUR_NB_A
PRT,1998,CUR_TYPE_PPP,705.041,ILOSTAT EAR_EMTA_SEX_CUR_NB_A
PRT,1998,CUR_TYPE_USD,558.961,ILOSTAT EAR_EMTA_SEX_CUR_NB_A
PRT,1997,CUR_TYPE_LCU,132800,ILOSTAT EAR_EMTA_SEX_CUR_NB_A
PRT,1997,CUR_TYPE_PPP,976.816,ILOSTAT EAR_EMTA_SEX_CUR_NB_A
PRT,1997,CUR_TYPE_USD,757.505,ILOSTAT EAR_EMTA_SEX_CUR_NB_A
PRT,1996,CUR_TYPE_LCU,124100,ILOSTAT EAR_EMTA_SEX_CUR_NB_A
PRT,1996,CUR_TYPE_PPP,943.587,ILOSTAT EAR_EMTA_SEX_CUR_NB_A
PRT,1996,CUR_TYPE_USD,804.571,ILOSTAT EAR_EMTA_SEX_CUR_NB_A
PRT,1995,CUR_TYPE_LCU,116300,ILOSTAT EAR_EMTA_SEX_CUR_NB_A
PRT,1995,CUR_TYPE_PPP,886.97,ILOSTAT EAR_EMTA_SEX_CUR_NB_A
PRT,1995,CUR_TYPE_USD,769.661,ILOSTAT EAR_EMTA_SEX_CUR_NB_A
ROU,2025,CUR_TYPE_LCU,1524.253,ILOSTAT EAR_EMTA_SEX_CUR_NB_A
ROU,2025,CUR_TYPE_PPP,3531.252,ILOSTAT EAR_EMTA_SEX_CUR_NB_A
ROU,2025,CUR_TYPE_USD,1722.405,ILOSTAT EAR_EMTA_SEX_CUR_NB_A
ROU,2024,CUR_TYPE_LCU,1413.135,ILOSTAT EAR_EMTA_SEX_CUR_NB_A
ROU,2024,CUR_TYPE_PPP,3420.081,ILOSTAT EAR_EMTA_SEX_CUR_NB_A
ROU,2024,CUR_TYPE_USD,1529.578,ILOSTAT EAR_EMTA_SEX_CUR_NB_A
ROU,2023,CUR_TYPE_LCU,1231.55,ILOSTAT EAR_EMTA_SEX_CUR_NB_A
ROU,2023,CUR_TYPE_PPP,3093.95,ILOSTAT EAR_EMTA_SEX_CUR_NB_A
ROU,2023,CUR_TYPE_USD,1331.675,ILOSTAT EAR_EMTA_SEX_CUR_NB_A
ROU,2022,CUR_TYPE_LCU,1015.684,ILOSTAT EAR_EMTA_SEX_CUR_NB_A
ROU,2022,CUR_TYPE_PPP,2520,ILOSTAT EAR_EMTA_SEX_CUR_NB_A
ROU,2022,CUR_TYPE_USD,1069.516,ILOSTAT EAR_EMTA_SEX_CUR_NB_A
ROU,2021,CUR_TYPE_LCU,954.663,ILOSTAT EAR_EMTA_SEX_CUR_NB_A
ROU,2021,CUR_TYPE_PPP,2461.241,ILOSTAT EAR_EMTA_SEX_CUR_NB_A
ROU,2021,CUR_TYPE_USD,1129.08,ILOSTAT EAR_EMTA_SEX_CUR_NB_A
ROU,2020,CUR_TYPE_LCU,833.648,ILOSTAT EAR_EMTA_SEX_CUR_NB_A
ROU,2020,CUR_TYPE_PPP,2148.724,ILOSTAT EAR_EMTA_SEX_CUR_NB_A
ROU,2020,CUR_TYPE_USD,952.193,ILOSTAT EAR_EMTA_SEX_CUR_NB_A
ROU,2019,CUR_TYPE_LCU,798.518,ILOSTAT EAR_EMTA_SEX_CUR_NB_A
ROU,2019,CUR_TYPE_PPP,2021.55,ILOSTAT EAR_EMTA_SEX_CUR_NB_A
ROU,2019,CUR_TYPE_USD,893.942,ILOSTAT EAR_EMTA_SEX_CUR_NB_A
ROU,2018,CUR_TYPE_LCU,561.008,ILOSTAT EAR_EMTA_SEX_CUR_NB_A
ROU,2018,CUR_TYPE_PPP,1364.25,ILOSTAT EAR_EMTA_SEX_CUR_NB_A
ROU,2018,CUR_TYPE_USD,662.55,ILOSTAT EAR_EMTA_SEX_CUR_NB_A
ROU,2017,CUR_TYPE_LCU,438.849,ILOSTAT EAR_EMTA_SEX_CUR_NB_A
ROU,2017,CUR_TYPE_PPP,1070.968,ILOSTAT EAR_EMTA_SEX_CUR_NB_A
ROU,2017,CUR_TYPE_USD,495.767,ILOSTAT EAR_EMTA_SEX_CUR_NB_A
ROU,2016,CUR_TYPE_LCU,401.397,ILOSTAT EAR_EMTA_SEX_CUR_NB_A
ROU,2016,CUR_TYPE_PPP,991.133,ILOSTAT EAR_EMTA_SEX_CUR_NB_A
ROU,2016,CUR_TYPE_USD,444.307,ILOSTAT EAR_EMTA_SEX_CUR_NB_A
ROU,2015,CUR_TYPE_LCU,366.938,ILOSTAT EAR_EMTA_SEX_CUR_NB_A
ROU,2015,CUR_TYPE_PPP,854.868,ILOSTAT EAR_EMTA_SEX_CUR_NB_A
ROU,2015,CUR_TYPE_USD,407.118,ILOSTAT EAR_EMTA_SEX_CUR_NB_A
ROU,2014,CUR_TYPE_LCU,349.127,ILOSTAT EAR_EMTA_SEX_CUR_NB_A
ROU,2014,CUR_TYPE_PPP,822.395,ILOSTAT EAR_EMTA_SEX_CUR_NB_A
ROU,2014,CUR_TYPE_USD,463.815,ILOSTAT EAR_EMTA_SEX_CUR_NB_A
ROU,2013,CUR_TYPE_LCU,328.856,ILOSTAT EAR_EMTA_SEX_CUR_NB_A
ROU,2013,CUR_TYPE_PPP,771.502,ILOSTAT EAR_EMTA_SEX_CUR_NB_A
ROU,2013,CUR_TYPE_USD,436.754,ILOSTAT EAR_EMTA_SEX_CUR_NB_A
ROU,2012,CUR_TYPE_LCU,331.07,ILOSTAT EAR_EMTA_SEX_CUR_NB_A
ROU,2012,CUR_TYPE_PPP,787.659,ILOSTAT EAR_EMTA_SEX_CUR_NB_A
ROU,2012,CUR_TYPE_USD,425.358,ILOSTAT EAR_EMTA_SEX_CUR_NB_A
ROU,2011,CUR_TYPE_LCU,328.304,ILOSTAT EAR_EMTA_SEX_CUR_NB_A
ROU,2011,CUR_TYPE_PPP,754.102,ILOSTAT EAR_EMTA_SEX_CUR_NB_A
ROU,2011,CUR_TYPE_USD,456.999,ILOSTAT EAR_EMTA_SEX_CUR_NB_A
ROU,2010,CUR_TYPE_LCU,325.846,ILOSTAT EAR_EMTA_SEX_CUR_NB_A
ROU,2010,CUR_TYPE_PPP,741.355,ILOSTAT EAR_EMTA_SEX_CUR_NB_A
ROU,2010,CUR_TYPE_USD,431.974,ILOSTAT EAR_EMTA_SEX_CUR_NB_A
ROU,2009,CUR_TYPE_LCU,355.054,ILOSTAT EAR_EMTA_SEX_CUR_NB_A
ROU,2009,CUR_TYPE_PPP,803.893,ILOSTAT EAR_EMTA_SEX_CUR_NB_A
ROU,2009,CUR_TYPE_USD,495.23,ILOSTAT EAR_EMTA_SEX_CUR_NB_A
ROU,2008,CUR_TYPE_LCU,338.295,ILOSTAT EAR_EMTA_SEX_CUR_NB_A
ROU,2008,CUR_TYPE_PPP,678.792,ILOSTAT EAR_EMTA_SEX_CUR_NB_A
ROU,2008,CUR_TYPE_USD,497.564,ILOSTAT EAR_EMTA_SEX_CUR_NB_A
ROU,2007,CUR_TYPE_LCU,291.743,ILOSTAT EAR_EMTA_SEX_CUR_NB_A
ROU,2007,CUR_TYPE_PPP,548.14,ILOSTAT EAR_EMTA_SEX_CUR_NB_A
ROU,2007,CUR_TYPE_USD,399.833,ILOSTAT EAR_EMTA_SEX_CUR_NB_A
ROU,2006,CUR_TYPE_LCU,1146,ILOSTAT EAR_EMTA_SEX_CUR_NB_A
ROU,2006,CUR_TYPE_PPP,675.788,ILOSTAT EAR_EMTA_SEX_CUR_NB_A
ROU,2006,CUR_TYPE_USD,407.977,ILOSTAT EAR_EMTA_SEX_CUR_NB_A
ROU,2005,CUR_TYPE_LCU,968,ILOSTAT EAR_EMTA_SEX_CUR_NB_A
ROU,2005,CUR_TYPE_PPP,589.465,ILOSTAT EAR_EMTA_SEX_CUR_NB_A
ROU,2005,CUR_TYPE_USD,332.229,ILOSTAT EAR_EMTA_SEX_CUR_NB_A
ROU,2004,CUR_TYPE_LCU,8183317,ILOSTAT EAR_EMTA_SEX_CUR_NB_A
ROU,2003,CUR_TYPE_LCU,6637868,ILOSTAT EAR_EMTA_SEX_CUR_NB_A
ROU,2002,CUR_TYPE_LCU,5320559,ILOSTAT EAR_EMTA_SEX_CUR_NB_A
ROU,2001,CUR_TYPE_LCU,4220357,ILOSTAT EAR_EMTA_SEX_CUR_NB_A
ROU,2000,CUR_TYPE_LCU,2840449,ILOSTAT EAR_EMTA_SEX_CUR_NB_A
ROU,1999,CUR_TYPE_LCU,1921754,ILOSTAT EAR_EMTA_SEX_CUR_NB_A
ROU,1998,CUR_TYPE_LCU,1318605,ILOSTAT EAR_EMTA_SEX_CUR_NB_A
ROU,1997,CUR_TYPE_LCU,843316,ILOSTAT EAR_EMTA_SEX_CUR_NB_A
ROU,1996,CUR_TYPE_LCU,426038,ILOSTAT EAR_EMTA_SEX_CUR_NB_A
ROU,1995,CUR_TYPE_LCU,275825,ILOSTAT EAR_EMTA_SEX_CUR_NB_A
ROU,1994,CUR_TYPE_LCU,184719,ILOSTAT EAR_EMTA_SEX_CUR_NB_A
ROU,1993,CUR_TYPE_LCU,76452,ILOSTAT EAR_EMTA_SEX_CUR_NB_A
ROU,1992,CUR_TYPE_LCU,25322,ILOSTAT EAR_EMTA_SEX_CUR_NB_A
RUS,2021,CUR_TYPE_LCU,57240,ILOSTAT EAR_EMTA_SEX_CUR_NB_A
RUS,2021,CUR_TYPE_PPP,2222.435,ILOSTAT EAR_EMTA_SEX_CUR_NB_A
RUS,2021,CUR_TYPE_USD,777.144,ILOSTAT EAR_EMTA_SEX_CUR_NB_A
RUS,2019,CUR_TYPE_LCU,44729,ILOSTAT EAR_EMTA_SEX_CUR_NB_A
RUS,2019,CUR_TYPE_PPP,1754.866,ILOSTAT EAR_EMTA_SEX_CUR_NB_A
RUS,2019,CUR_TYPE_USD,690.927,ILOSTAT EAR_EMTA_SEX_CUR_NB_A
RUS,2017,CUR_TYPE_LCU,38609,ILOSTAT EAR_EMTA_SEX_CUR_NB_A
RUS,2017,CUR_TYPE_PPP,1493.529,ILOSTAT EAR_EMTA_SEX_CUR_NB_A
RUS,2017,CUR_TYPE_USD,661.761,ILOSTAT EAR_EMTA_SEX_CUR_NB_A
RUS,2016,CUR_TYPE_LCU,36709,ILOSTAT EAR_EMTA_SEX_CUR_NB_A
RUS,2016,CUR_TYPE_PPP,1425.398,ILOSTAT EAR_EMTA_SEX_CUR_NB_A
RUS,2016,CUR_TYPE_USD,547.438,ILOSTAT EAR_EMTA_SEX_CUR_NB_A
RUS,2015,CUR_TYPE_LCU,34030,ILOSTAT EAR_EMTA_SEX_CUR_NB_A
RUS,2015,CUR_TYPE_PPP,1347.663,ILOSTAT EAR_EMTA_SEX_CUR_NB_A
RUS,2015,CUR_TYPE_USD,558.44,ILOSTAT EAR_EMTA_SEX_CUR_NB_A
RUS,2014,CUR_TYPE_LCU,32495,ILOSTAT EAR_EMTA_SEX_CUR_NB_A
RUS,2014,CUR_TYPE_PPP,1438.981,ILOSTAT EAR_EMTA_SEX_CUR_NB_A
RUS,2014,CUR_TYPE_USD,846.705,ILOSTAT EAR_EMTA_SEX_CUR_NB_A
RUS,2013,CUR_TYPE_LCU,29792,ILOSTAT EAR_EMTA_SEX_CUR_NB_A
RUS,2013,CUR_TYPE_PPP,1388.097,ILOSTAT EAR_EMTA_SEX_CUR_NB_A
RUS,2013,CUR_TYPE_USD,935.762,ILOSTAT EAR_EMTA_SEX_CUR_NB_A
RUS,2012,CUR_TYPE_LCU,26629,ILOSTAT EAR_EMTA_SEX_CUR_NB_A
RUS,2012,CUR_TYPE_PPP,1344.265,ILOSTAT EAR_EMTA_SEX_CUR_NB_A
RUS,2012,CUR_TYPE_USD,863.461,ILOSTAT EAR_EMTA_SEX_CUR_NB_A
RUS,2011,CUR_TYPE_LCU,23369,ILOSTAT EAR_EMTA_SEX_CUR_NB_A
RUS,2011,CUR_TYPE_PPP,1235.747,ILOSTAT EAR_EMTA_SEX_CUR_NB_A
RUS,2011,CUR_TYPE_USD,795.342,ILOSTAT EAR_EMTA_SEX_CUR_NB_A
RUS,2010,CUR_TYPE_LCU,20952,ILOSTAT EAR_EMTA_SEX_CUR_NB_A
RUS,2010,CUR_TYPE_PPP,1253.611,ILOSTAT EAR_EMTA_SEX_CUR_NB_A
RUS,2010,CUR_TYPE_USD,689.939,ILOSTAT EAR_EMTA_SEX_CUR_NB_A
RUS,2009,CUR_TYPE_LCU,18638,ILOSTAT EAR_EMTA_SEX_CUR_NB_A
RUS,2009,CUR_TYPE_PPP,1169.029,ILOSTAT EAR_EMTA_SEX_CUR_NB_A
RUS,2009,CUR_TYPE_USD,587.202,ILOSTAT EAR_EMTA_SEX_CUR_NB_A
RUS,2008,CUR_TYPE_LCU,17290,ILOSTAT EAR_EMTA_SEX_CUR_NB_A
RUS,2008,CUR_TYPE_PPP,1147.169,ILOSTAT EAR_EMTA_SEX_CUR_NB_A
RUS,2008,CUR_TYPE_USD,695.694,ILOSTAT EAR_EMTA_SEX_CUR_NB_A
RUS,2007,CUR_TYPE_LCU,13593,ILOSTAT EAR_EMTA_SEX_CUR_NB_A
RUS,2007,CUR_TYPE_PPP,947.499,ILOSTAT EAR_EMTA_SEX_CUR_NB_A
RUS,2007,CUR_TYPE_USD,531.374,ILOSTAT EAR_EMTA_SEX_CUR_NB_A
RUS,2006,CUR_TYPE_LCU,12203,ILOSTAT EAR_EMTA_SEX_CUR_NB_A
RUS,2006,CUR_TYPE_PPP,897.47,ILOSTAT EAR_EMTA_SEX_CUR_NB_A
RUS,2006,CUR_TYPE_USD,448.789,ILOSTAT EAR_EMTA_SEX_CUR_NB_A
RUS,2005,CUR_TYPE_LCU,7637.7,ILOSTAT EAR_EMTA_SEX_CUR_NB_A
RUS,2005,CUR_TYPE_PPP,570.367,ILOSTAT EAR_EMTA_SEX_CUR_NB_A
RUS,2005,CUR_TYPE_USD,270.032,ILOSTAT EAR_EMTA_SEX_CUR_NB_A
RUS,2004,CUR_TYPE_LCU,6831.8,ILOSTAT EAR_EMTA_SEX_CUR_NB_A
RUS,2004,CUR_TYPE_PPP,554.647,ILOSTAT EAR_EMTA_SEX_CUR_NB_A
RUS,2004,CUR_TYPE_USD,237.102,ILOSTAT EAR_EMTA_SEX_CUR_NB_A
RUS,2002,CUR_TYPE_LCU,4414,ILOSTAT EAR_EMTA_SEX_CUR_NB_A
RUS,2002,CUR_TYPE_PPP,439.242,ILOSTAT EAR_EMTA_SEX_CUR_NB_A
RUS,2002,CUR_TYPE_USD,140.804,ILOSTAT EAR_EMTA_SEX_CUR_NB_A
RUS,2001,CUR_TYPE_LCU,3240,ILOSTAT EAR_EMTA_SEX_CUR_NB_A
RUS,2001,CUR_TYPE_PPP,365.01,ILOSTAT EAR_EMTA_SEX_CUR_NB_A
RUS,2001,CUR_TYPE_USD,111.079,ILOSTAT EAR_EMTA_SEX_CUR_NB_A
RUS,2000,CUR_TYPE_LCU,2223,ILOSTAT EAR_EMTA_SEX_CUR_NB_A
RUS,2000,CUR_TYPE_PPP,294.269,ILOSTAT EAR_EMTA_SEX_CUR_NB_A
RUS,2000,CUR_TYPE_USD,79.028,ILOSTAT EAR_EMTA_SEX_CUR_NB_A
RUS,1999,CUR_TYPE_LCU,1581,ILOSTAT EAR_EMTA_SEX_CUR_NB_A
RUS,1999,CUR_TYPE_PPP,230.395,ILOSTAT EAR_EMTA_SEX_CUR_NB_A
RUS,1999,CUR_TYPE_USD,64.216,ILOSTAT EAR_EMTA_SEX_CUR_NB_A
RUS,1998,CUR_TYPE_LCU,1095,ILOSTAT EAR_EMTA_SEX_CUR_NB_A
RUS,1998,CUR_TYPE_PPP,276.714,ILOSTAT EAR_EMTA_SEX_CUR_NB_A
RUS,1998,CUR_TYPE_USD,112.828,ILOSTAT EAR_EMTA_SEX_CUR_NB_A
RUS,1997,CUR_TYPE_LCU,950,ILOSTAT EAR_EMTA_SEX_CUR_NB_A
RUS,1997,CUR_TYPE_PPP,289.906,ILOSTAT EAR_EMTA_SEX_CUR_NB_A
RUS,1997,CUR_TYPE_USD,164.222,ILOSTAT EAR_EMTA_SEX_CUR_NB_A
RUS,1996,CUR_TYPE_LCU,790210,ILOSTAT EAR_EMTA_SEX_CUR_NB_A
RUS,1995,CUR_TYPE_LCU,472392,ILOSTAT EAR_EMTA_SEX_CUR_NB_A
SMR,2022,CUR_TYPE_LCU,2200,ILOSTAT EAR_EMTA_SEX_CUR_NB_A
SMR,2022,CUR_TYPE_PPP,2979.155,ILOSTAT EAR_EMTA_SEX_CUR_NB_A
SMR,2022,CUR_TYPE_USD,2316.6,ILOSTAT EAR_EMTA_SEX_CUR_NB_A
SMR,2021,CUR_TYPE_LCU,2516,ILOSTAT EAR_EMTA_SEX_CUR_NB_A
SMR,2021,CUR_TYPE_PPP,3322.61,ILOSTAT EAR_EMTA_SEX_CUR_NB_A
SMR,2021,CUR_TYPE_USD,2975.673,ILOSTAT EAR_EMTA_SEX_CUR_NB_A
SMR,2020,CUR_TYPE_LCU,2049,ILOSTAT EAR_EMTA_SEX_CUR_NB_A
SMR,2020,CUR_TYPE_PPP,2650.953,ILOSTAT EAR_EMTA_SEX_CUR_NB_A
SMR,2020,CUR_TYPE_USD,2340.368,ILOSTAT EAR_EMTA_SEX_CUR_NB_A
SMR,2019,CUR_TYPE_LCU,2161,ILOSTAT EAR_EMTA_SEX_CUR_NB_A
SMR,2019,CUR_TYPE_PPP,2771.295,ILOSTAT EAR_EMTA_SEX_CUR_NB_A
SMR,2019,CUR_TYPE_USD,2419.24,ILOSTAT EAR_EMTA_SEX_CUR_NB_A
SMR,2018,CUR_TYPE_LCU,2154,ILOSTAT EAR_EMTA_SEX_CUR_NB_A
SMR,2018,CUR_TYPE_PPP,2739.025,ILOSTAT EAR_EMTA_SEX_CUR_NB_A
SMR,2018,CUR_TYPE_USD,2543.874,ILOSTAT EAR_EMTA_SEX_CUR_NB_A
SMR,2017,CUR_TYPE_LCU,2132,ILOSTAT EAR_EMTA_SEX_CUR_NB_A
SMR,2017,CUR_TYPE_PPP,2690.014,ILOSTAT EAR_EMTA_SEX_CUR_NB_A
SMR,2017,CUR_TYPE_USD,2408.52,ILOSTAT EAR_EMTA_SEX_CUR_NB_A
SMR,2016,CUR_TYPE_LCU,2115,ILOSTAT EAR_EMTA_SEX_CUR_NB_A
SMR,2016,CUR_TYPE_USD,2341.094,ILOSTAT EAR_EMTA_SEX_CUR_NB_A
SMR,2006,CUR_TYPE_LCU,2070.7,ILOSTAT EAR_EMTA_SEX_CUR_NB_A
SMR,2006,CUR_TYPE_USD,2599.971,ILOSTAT EAR_EMTA_SEX_CUR_NB_A
SMR,2005,CUR_TYPE_LCU,2034.8,ILOSTAT EAR_EMTA_SEX_CUR_NB_A
SMR,2005,CUR_TYPE_USD,2531.495,ILOSTAT EAR_EMTA_SEX_CUR_NB_A
SMR,2004,CUR_TYPE_LCU,1967,ILOSTAT EAR_EMTA_SEX_CUR_NB_A
SMR,2004,CUR_TYPE_USD,2446.751,ILOSTAT EAR_EMTA_SEX_CUR_NB_A
SMR,2003,CUR_TYPE_LCU,1970.6,ILOSTAT EAR_EMTA_SEX_CUR_NB_A
SMR,2003,CUR_TYPE_USD,2229.143,ILOSTAT EAR_EMTA_SEX_CUR_NB_A
SMR,2002,CUR_TYPE_LCU,1832.07,ILOSTAT EAR_EMTA_SEX_CUR_NB_A
SMR,2002,CUR_TYPE_USD,1732.405,ILOSTAT EAR_EMTA_SEX_CUR_NB_A
SMR,2001,CUR_TYPE_LCU,3287274.34,ILOSTAT EAR_EMTA_SEX_CUR_NB_A
SMR,1999,CUR_TYPE_LCU,3198614.3,ILOSTAT EAR_EMTA_SEX_CUR_NB_A
SMR,1998,CUR_TYPE_LCU,3090191.1,ILOSTAT EAR_EMTA_SEX_CUR_NB_A
SMR,1998,CUR_TYPE_USD,1779.851,ILOSTAT EAR_EMTA_SEX_CUR_NB_A
SMR,1997,CUR_TYPE_LCU,3207793.9,ILOSTAT EAR_EMTA_SEX_CUR_NB_A
SMR,1997,CUR_TYPE_USD,1883.506,ILOSTAT EAR_EMTA_SEX_CUR_NB_A
SMR,1996,CUR_TYPE_LCU,3059101.7,ILOSTAT EAR_EMTA_SEX_CUR_NB_A
SMR,1996,CUR_TYPE_USD,1982.636,ILOSTAT EAR_EMTA_SEX_CUR_NB_A
SMR,1995,CUR_TYPE_LCU,2848274,ILOSTAT EAR_EMTA_SEX_CUR_NB_A
SMR,1995,CUR_TYPE_USD,1748.552,ILOSTAT EAR_EMTA_SEX_CUR_NB_A
SMR,1994,CUR_TYPE_LCU,2718655.45,ILOSTAT EAR_EMTA_SEX_CUR_NB_A
SMR,1994,CUR_TYPE_USD,1686.045,ILOSTAT EAR_EMTA_SEX_CUR_NB_A
SMR,1993,CUR_TYPE_LCU,2535539.75,ILOSTAT EAR_EMTA_SEX_CUR_NB_A
SMR,1993,CUR_TYPE_USD,1611.231,ILOSTAT EAR_EMTA_SEX_CUR_NB_A
SMR,1992,CUR_TYPE_LCU,2499925.5,ILOSTAT EAR_EMTA_SEX_CUR_NB_A
SMR,1992,CUR_TYPE_USD,2028.492,ILOSTAT EAR_EMTA_SEX_CUR_NB_A
SMR,1991,CUR_TYPE_LCU,2248222.6,ILOSTAT EAR_EMTA_SEX_CUR_NB_A
SMR,1991,CUR_TYPE_USD,1812.186,ILOSTAT EAR_EMTA_SEX_CUR_NB_A
SMR,1990,CUR_TYPE_LCU,1953977.45,ILOSTAT EAR_EMTA_SEX_CUR_NB_A
SMR,1990,CUR_TYPE_USD,1630.895,ILOSTAT EAR_EMTA_SEX_CUR_NB_A
SMR,1989,CUR_TYPE_LCU,1904896.9,ILOSTAT EAR_EMTA_SEX_CUR_NB_A
SMR,1989,CUR_TYPE_USD,1388.314,ILOSTAT EAR_EMTA_SEX_CUR_NB_A
SRB,2025,CUR_TYPE_LCU,1379.624,ILOSTAT EAR_EMTA_SEX_CUR_NB_A
SRB,2025,CUR_TYPE_PPP,3062.461,ILOSTAT EAR_EMTA_SEX_CUR_NB_A
SRB,2025,CUR_TYPE_USD,1558.976,ILOSTAT EAR_EMTA_SEX_CUR_NB_A
SRB,2024,CUR_TYPE_LCU,1073.296,ILOSTAT EAR_EMTA_SEX_CUR_NB_A
SRB,2024,CUR_TYPE_PPP,2485.147,ILOSTAT EAR_EMTA_SEX_CUR_NB_A
SRB,2024,CUR_TYPE_USD,1161.736,ILOSTAT EAR_EMTA_SEX_CUR_NB_A
SRB,2023,CUR_TYPE_LCU,890.488,ILOSTAT EAR_EMTA_SEX_CUR_NB_A
SRB,2023,CUR_TYPE_PPP,2120.271,ILOSTAT EAR_EMTA_SEX_CUR_NB_A
SRB,2023,CUR_TYPE_USD,962.884,ILOSTAT EAR_EMTA_SEX_CUR_NB_A
SRB,2022,CUR_TYPE_LCU,782.931,ILOSTAT EAR_EMTA_SEX_CUR_NB_A
SRB,2022,CUR_TYPE_PPP,1857.46,ILOSTAT EAR_EMTA_SEX_CUR_NB_A
SRB,2022,CUR_TYPE_USD,824.427,ILOSTAT EAR_EMTA_SEX_CUR_NB_A
SRB,2021,CUR_TYPE_LCU,753.913,ILOSTAT EAR_EMTA_SEX_CUR_NB_A
SRB,2021,CUR_TYPE_PPP,1825.8,ILOSTAT EAR_EMTA_SEX_CUR_NB_A
SRB,2021,CUR_TYPE_USD,891.653,ILOSTAT EAR_EMTA_SEX_CUR_NB_A
SRB,2020,CUR_TYPE_LCU,690.411,ILOSTAT EAR_EMTA_SEX_CUR_NB_A
SRB,2020,CUR_TYPE_PPP,1681.63,ILOSTAT EAR_EMTA_SEX_CUR_NB_A
SRB,2020,CUR_TYPE_USD,788.587,ILOSTAT EAR_EMTA_SEX_CUR_NB_A
SRB,2019,CUR_TYPE_LCU,865.306,ILOSTAT EAR_EMTA_SEX_CUR_NB_A
SRB,2019,CUR_TYPE_PPP,2152.271,ILOSTAT EAR_EMTA_SEX_CUR_NB_A
SRB,2019,CUR_TYPE_USD,968.71,ILOSTAT EAR_EMTA_SEX_CUR_NB_A
SRB,2018,CUR_TYPE_LCU,768.782,ILOSTAT EAR_EMTA_SEX_CUR_NB_A
SRB,2018,CUR_TYPE_PPP,1867.857,ILOSTAT EAR_EMTA_SEX_CUR_NB_A
SRB,2018,CUR_TYPE_USD,907.931,ILOSTAT EAR_EMTA_SEX_CUR_NB_A
SRB,2017,CUR_TYPE_LCU,763.622,ILOSTAT EAR_EMTA_SEX_CUR_NB_A
SRB,2017,CUR_TYPE_PPP,1899.529,ILOSTAT EAR_EMTA_SEX_CUR_NB_A
SRB,2017,CUR_TYPE_USD,862.664,ILOSTAT EAR_EMTA_SEX_CUR_NB_A
SRB,2016,CUR_TYPE_LCU,733.784,ILOSTAT EAR_EMTA_SEX_CUR_NB_A
SRB,2016,CUR_TYPE_PPP,1892.792,ILOSTAT EAR_EMTA_SEX_CUR_NB_A
SRB,2016,CUR_TYPE_USD,812.225,ILOSTAT EAR_EMTA_SEX_CUR_NB_A
SRB,2015,CUR_TYPE_LCU,731.397,ILOSTAT EAR_EMTA_SEX_CUR_NB_A
SRB,2015,CUR_TYPE_PPP,1829.618,ILOSTAT EAR_EMTA_SEX_CUR_NB_A
SRB,2015,CUR_TYPE_USD,811.485,ILOSTAT EAR_EMTA_SEX_CUR_NB_A
SRB,2014,CUR_TYPE_LCU,749.956,ILOSTAT EAR_EMTA_SEX_CUR_NB_A
SRB,2014,CUR_TYPE_PPP,1844.35,ILOSTAT EAR_EMTA_SEX_CUR_NB_A
SRB,2014,CUR_TYPE_USD,996.317,ILOSTAT EAR_EMTA_SEX_CUR_NB_A
SRB,2013,CUR_TYPE_LCU,537.263,ILOSTAT EAR_EMTA_SEX_CUR_NB_A
SRB,2013,CUR_TYPE_PPP,1275.042,ILOSTAT EAR_EMTA_SEX_CUR_NB_A
SRB,2013,CUR_TYPE_USD,713.539,ILOSTAT EAR_EMTA_SEX_CUR_NB_A
SRB,2008,CUR_TYPE_LCU,45674,ILOSTAT EAR_EMTA_SEX_CUR_NB_A
SRB,2008,CUR_TYPE_PPP,14.508,ILOSTAT EAR_EMTA_SEX_CUR_NB_A
SRB,2008,CUR_TYPE_USD,819.57,ILOSTAT EAR_EMTA_SEX_CUR_NB_A
SRB,2007,CUR_TYPE_LCU,38744,ILOSTAT EAR_EMTA_SEX_CUR_NB_A
SRB,2007,CUR_TYPE_PPP,1035.499,ILOSTAT EAR_EMTA_SEX_CUR_NB_A
SRB,2007,CUR_TYPE_USD,662.862,ILOSTAT EAR_EMTA_SEX_CUR_NB_A
SRB,2006,CUR_TYPE_LCU,31745,ILOSTAT EAR_EMTA_SEX_CUR_NB_A
SRB,2006,CUR_TYPE_PPP,10.56,ILOSTAT EAR_EMTA_SEX_CUR_NB_A
SRB,2006,CUR_TYPE_USD,472.712,ILOSTAT EAR_EMTA_SEX_CUR_NB_A
SRB,2005,CUR_TYPE_LCU,25514,ILOSTAT EAR_EMTA_SEX_CUR_NB_A
SRB,2005,CUR_TYPE_PPP,9.231,ILOSTAT EAR_EMTA_SEX_CUR_NB_A
SRB,2005,CUR_TYPE_USD,382.416,ILOSTAT EAR_EMTA_SEX_CUR_NB_A
SRB,2004,CUR_TYPE_LCU,20555,ILOSTAT EAR_EMTA_SEX_CUR_NB_A
SRB,2004,CUR_TYPE_PPP,686.63,ILOSTAT EAR_EMTA_SEX_CUR_NB_A
SRB,2004,CUR_TYPE_USD,352.116,ILOSTAT EAR_EMTA_SEX_CUR_NB_A
SVK,2025,CUR_TYPE_LCU,2208.978,ILOSTAT EAR_EMTA_SEX_CUR_NB_A
SVK,2025,CUR_TYPE_PPP,3904.527,ILOSTAT EAR_EMTA_SEX_CUR_NB_A
SVK,2025,CUR_TYPE_USD,2496.145,ILOSTAT EAR_EMTA_SEX_CUR_NB_A
SVK,2024,CUR_TYPE_LCU,1336.415,ILOSTAT EAR_EMTA_SEX_CUR_NB_A
SVK,2024,CUR_TYPE_PPP,2450.738,ILOSTAT EAR_EMTA_SEX_CUR_NB_A
SVK,2024,CUR_TYPE_USD,1446.535,ILOSTAT EAR_EMTA_SEX_CUR_NB_A
SVK,2023,CUR_TYPE_LCU,1293.46,ILOSTAT EAR_EMTA_SEX_CUR_NB_A
SVK,2023,CUR_TYPE_PPP,2390.392,ILOSTAT EAR_EMTA_SEX_CUR_NB_A
SVK,2023,CUR_TYPE_USD,1398.619,ILOSTAT EAR_EMTA_SEX_CUR_NB_A
SVK,2022,CUR_TYPE_LCU,1281.814,ILOSTAT EAR_EMTA_SEX_CUR_NB_A
SVK,2022,CUR_TYPE_PPP,2249.997,ILOSTAT EAR_EMTA_SEX_CUR_NB_A
SVK,2022,CUR_TYPE_USD,1349.75,ILOSTAT EAR_EMTA_SEX_CUR_NB_A
SVK,2021,CUR_TYPE_LCU,1332.586,ILOSTAT EAR_EMTA_SEX_CUR_NB_A
SVK,2021,CUR_TYPE_PPP,2334.377,ILOSTAT EAR_EMTA_SEX_CUR_NB_A
SVK,2021,CUR_TYPE_USD,1576.05,ILOSTAT EAR_EMTA_SEX_CUR_NB_A
SVK,2020,CUR_TYPE_LCU,1351.013,ILOSTAT EAR_EMTA_SEX_CUR_NB_A
SVK,2020,CUR_TYPE_PPP,2314.374,ILOSTAT EAR_EMTA_SEX_CUR_NB_A
SVK,2020,CUR_TYPE_USD,1543.127,ILOSTAT EAR_EMTA_SEX_CUR_NB_A
SVK,2019,CUR_TYPE_LCU,1287.938,ILOSTAT EAR_EMTA_SEX_CUR_NB_A
SVK,2019,CUR_TYPE_PPP,2103.26,ILOSTAT EAR_EMTA_SEX_CUR_NB_A
SVK,2019,CUR_TYPE_USD,1441.846,ILOSTAT EAR_EMTA_SEX_CUR_NB_A
SVK,2018,CUR_TYPE_LCU,1139.425,ILOSTAT EAR_EMTA_SEX_CUR_NB_A
SVK,2018,CUR_TYPE_PPP,1826.303,ILOSTAT EAR_EMTA_SEX_CUR_NB_A
SVK,2018,CUR_TYPE_USD,1345.661,ILOSTAT EAR_EMTA_SEX_CUR_NB_A
SVK,2017,CUR_TYPE_LCU,1079.203,ILOSTAT EAR_EMTA_SEX_CUR_NB_A
SVK,2017,CUR_TYPE_PPP,1746.059,ILOSTAT EAR_EMTA_SEX_CUR_NB_A
SVK,2017,CUR_TYPE_USD,1219.175,ILOSTAT EAR_EMTA_SEX_CUR_NB_A
SVK,2016,CUR_TYPE_LCU,1083.932,ILOSTAT EAR_EMTA_SEX_CUR_NB_A
SVK,2016,CUR_TYPE_PPP,1845.692,ILOSTAT EAR_EMTA_SEX_CUR_NB_A
SVK,2016,CUR_TYPE_USD,1199.805,ILOSTAT EAR_EMTA_SEX_CUR_NB_A
SVK,2015,CUR_TYPE_LCU,1086.339,ILOSTAT EAR_EMTA_SEX_CUR_NB_A
SVK,2015,CUR_TYPE_PPP,1975.294,ILOSTAT EAR_EMTA_SEX_CUR_NB_A
SVK,2015,CUR_TYPE_USD,1205.293,ILOSTAT EAR_EMTA_SEX_CUR_NB_A
SVK,2014,CUR_TYPE_LCU,1063.539,ILOSTAT EAR_EMTA_SEX_CUR_NB_A
SVK,2014,CUR_TYPE_PPP,1951.64,ILOSTAT EAR_EMTA_SEX_CUR_NB_A
SVK,2014,CUR_TYPE_USD,1412.911,ILOSTAT EAR_EMTA_SEX_CUR_NB_A
SVK,2013,CUR_TYPE_LCU,935.266,ILOSTAT EAR_EMTA_SEX_CUR_NB_A
SVK,2013,CUR_TYPE_PPP,1700.657,ILOSTAT EAR_EMTA_SEX_CUR_NB_A
SVK,2013,CUR_TYPE_USD,1242.127,ILOSTAT EAR_EMTA_SEX_CUR_NB_A
SVK,2012,CUR_TYPE_LCU,970.216,ILOSTAT EAR_EMTA_SEX_CUR_NB_A
SVK,2012,CUR_TYPE_PPP,1703.727,ILOSTAT EAR_EMTA_SEX_CUR_NB_A
SVK,2012,CUR_TYPE_USD,1246.534,ILOSTAT EAR_EMTA_SEX_CUR_NB_A
SVK,2011,CUR_TYPE_LCU,898.328,ILOSTAT EAR_EMTA_SEX_CUR_NB_A
SVK,2011,CUR_TYPE_PPP,1590.537,ILOSTAT EAR_EMTA_SEX_CUR_NB_A
SVK,2011,CUR_TYPE_USD,1250.472,ILOSTAT EAR_EMTA_SEX_CUR_NB_A
SVK,2010,CUR_TYPE_LCU,923.697,ILOSTAT EAR_EMTA_SEX_CUR_NB_A
SVK,2010,CUR_TYPE_PPP,1625.389,ILOSTAT EAR_EMTA_SEX_CUR_NB_A
SVK,2010,CUR_TYPE_USD,1224.545,ILOSTAT EAR_EMTA_SEX_CUR_NB_A
SVK,2009,CUR_TYPE_LCU,883.251,ILOSTAT EAR_EMTA_SEX_CUR_NB_A
SVK,2009,CUR_TYPE_PPP,1487.403,ILOSTAT EAR_EMTA_SEX_CUR_NB_A
SVK,2009,CUR_TYPE_USD,1231.958,ILOSTAT EAR_EMTA_SEX_CUR_NB_A
SVK,2008,CUR_TYPE_LCU,726.922,ILOSTAT EAR_EMTA_SEX_CUR_NB_A
SVK,2008,CUR_TYPE_PPP,1194.787,ILOSTAT EAR_EMTA_SEX_CUR_NB_A
SVK,2008,CUR_TYPE_USD,1069.156,ILOSTAT EAR_EMTA_SEX_CUR_NB_A
SVK,2007,CUR_TYPE_LCU,610.223,ILOSTAT EAR_EMTA_SEX_CUR_NB_A
SVK,2007,CUR_TYPE_PPP,976.355,ILOSTAT EAR_EMTA_SEX_CUR_NB_A
SVK,2007,CUR_TYPE_USD,836.31,ILOSTAT EAR_EMTA_SEX_CUR_NB_A
SVK,2006,CUR_TYPE_LCU,390.847,ILOSTAT EAR_EMTA_SEX_CUR_NB_A
SVK,2006,CUR_TYPE_PPP,624.789,ILOSTAT EAR_EMTA_SEX_CUR_NB_A
SVK,2006,CUR_TYPE_USD,490.747,ILOSTAT EAR_EMTA_SEX_CUR_NB_A
SVK,2005,CUR_TYPE_LCU,354.367,ILOSTAT EAR_EMTA_SEX_CUR_NB_A
SVK,2005,CUR_TYPE_PPP,576.731,ILOSTAT EAR_EMTA_SEX_CUR_NB_A
SVK,2005,CUR_TYPE_USD,440.868,ILOSTAT EAR_EMTA_SEX_CUR_NB_A
SVK,2004,CUR_TYPE_LCU,15825,ILOSTAT EAR_EMTA_SEX_CUR_NB_A
SVK,2004,CUR_TYPE_PPP,633.835,ILOSTAT EAR_EMTA_SEX_CUR_NB_A
SVK,2004,CUR_TYPE_USD,490.592,ILOSTAT EAR_EMTA_SEX_CUR_NB_A
SVK,2003,CUR_TYPE_LCU,14365,ILOSTAT EAR_EMTA_SEX_CUR_NB_A
SVK,2003,CUR_TYPE_PPP,576.805,ILOSTAT EAR_EMTA_SEX_CUR_NB_A
SVK,2003,CUR_TYPE_USD,390.641,ILOSTAT EAR_EMTA_SEX_CUR_NB_A
SVK,2002,CUR_TYPE_LCU,13511,ILOSTAT EAR_EMTA_SEX_CUR_NB_A
SVK,2002,CUR_TYPE_PPP,569.006,ILOSTAT EAR_EMTA_SEX_CUR_NB_A
SVK,2002,CUR_TYPE_USD,298.08,ILOSTAT EAR_EMTA_SEX_CUR_NB_A
SVK,2001,CUR_TYPE_LCU,12365,ILOSTAT EAR_EMTA_SEX_CUR_NB_A
SVK,2001,CUR_TYPE_PPP,521.672,ILOSTAT EAR_EMTA_SEX_CUR_NB_A
SVK,2001,CUR_TYPE_USD,255.714,ILOSTAT EAR_EMTA_SEX_CUR_NB_A
SVK,2000,CUR_TYPE_LCU,11430,ILOSTAT EAR_EMTA_SEX_CUR_NB_A
SVK,2000,CUR_TYPE_PPP,483.934,ILOSTAT EAR_EMTA_SEX_CUR_NB_A
SVK,2000,CUR_TYPE_USD,248.288,ILOSTAT EAR_EMTA_SEX_CUR_NB_A
SVK,1999,CUR_TYPE_LCU,10728,ILOSTAT EAR_EMTA_SEX_CUR_NB_A
SVK,1999,CUR_TYPE_PPP,458.243,ILOSTAT EAR_EMTA_SEX_CUR_NB_A
SVK,1999,CUR_TYPE_USD,259.363,ILOSTAT EAR_EMTA_SEX_CUR_NB_A
SVK,1998,CUR_TYPE_LCU,10003,ILOSTAT EAR_EMTA_SEX_CUR_NB_A
SVK,1998,CUR_TYPE_PPP,514.018,ILOSTAT EAR_EMTA_SEX_CUR_NB_A
SVK,1998,CUR_TYPE_USD,283.907,ILOSTAT EAR_EMTA_SEX_CUR_NB_A
SVK,1997,CUR_TYPE_LCU,9226,ILOSTAT EAR_EMTA_SEX_CUR_NB_A
SVK,1997,CUR_TYPE_PPP,511.23,ILOSTAT EAR_EMTA_SEX_CUR_NB_A
SVK,1997,CUR_TYPE_USD,274.451,ILOSTAT EAR_EMTA_SEX_CUR_NB_A
SVK,1996,CUR_TYPE_LCU,8154,ILOSTAT EAR_EMTA_SEX_CUR_NB_A
SVK,1996,CUR_TYPE_PPP,453.788,ILOSTAT EAR_EMTA_SEX_CUR_NB_A
SVK,1996,CUR_TYPE_USD,266.003,ILOSTAT EAR_EMTA_SEX_CUR_NB_A
SVK,1995,CUR_TYPE_LCU,7195,ILOSTAT EAR_EMTA_SEX_CUR_NB_A
SVK,1995,CUR_TYPE_PPP,410.526,ILOSTAT EAR_EMTA_SEX_CUR_NB_A
SVK,1995,CUR_TYPE_USD,242.147,ILOSTAT EAR_EMTA_SEX_CUR_NB_A
SVK,1994,CUR_TYPE_LCU,6285,ILOSTAT EAR_EMTA_SEX_CUR_NB_A
SVK,1994,CUR_TYPE_PPP,390.974,ILOSTAT EAR_EMTA_SEX_CUR_NB_A
SVK,1994,CUR_TYPE_USD,196.131,ILOSTAT EAR_EMTA_SEX_CUR_NB_A
SVK,1993,CUR_TYPE_LCU,5372,ILOSTAT EAR_EMTA_SEX_CUR_NB_A
SVK,1993,CUR_TYPE_PPP,392.818,ILOSTAT EAR_EMTA_SEX_CUR_NB_A
SVK,1993,CUR_TYPE_USD,174.588,ILOSTAT EAR_EMTA_SEX_CUR_NB_A
SVK,1992,CUR_TYPE_LCU,4538,ILOSTAT EAR_EMTA_SEX_CUR_NB_A
SVK,1991,CUR_TYPE_LCU,3770,ILOSTAT EAR_EMTA_SEX_CUR_NB_A
SVK,1990,CUR_TYPE_LCU,3210,ILOSTAT EAR_EMTA_SEX_CUR_NB_A
SVK,1989,CUR_TYPE_LCU,3084,ILOSTAT EAR_EMTA_SEX_CUR_NB_A
SVN,2025,CUR_TYPE_LCU,3269.403,ILOSTAT EAR_EMTA_SEX_CUR_NB_A
SVN,2025,CUR_TYPE_PPP,5515.15,ILOSTAT EAR_EMTA_SEX_CUR_NB_A
SVN,2025,CUR_TYPE_USD,3694.425,ILOSTAT EAR_EMTA_SEX_CUR_NB_A
SVN,2024,CUR_TYPE_LCU,3053.058,ILOSTAT EAR_EMTA_SEX_CUR_NB_A
SVN,2024,CUR_TYPE_PPP,5290.62,ILOSTAT EAR_EMTA_SEX_CUR_NB_A
SVN,2024,CUR_TYPE_USD,3304.63,ILOSTAT EAR_EMTA_SEX_CUR_NB_A
SVN,2023,CUR_TYPE_LCU,2762.815,ILOSTAT EAR_EMTA_SEX_CUR_NB_A
SVN,2023,CUR_TYPE_PPP,4789.212,ILOSTAT EAR_EMTA_SEX_CUR_NB_A
SVN,2023,CUR_TYPE_USD,2987.432,ILOSTAT EAR_EMTA_SEX_CUR_NB_A
SVN,2022,CUR_TYPE_LCU,2633.521,ILOSTAT EAR_EMTA_SEX_CUR_NB_A
SVN,2022,CUR_TYPE_PPP,4506.182,ILOSTAT EAR_EMTA_SEX_CUR_NB_A
SVN,2022,CUR_TYPE_USD,2773.097,ILOSTAT EAR_EMTA_SEX_CUR_NB_A
SVN,2021,CUR_TYPE_LCU,2443.081,ILOSTAT EAR_EMTA_SEX_CUR_NB_A
SVN,2021,CUR_TYPE_PPP,4046.598,ILOSTAT EAR_EMTA_SEX_CUR_NB_A
SVN,2021,CUR_TYPE_USD,2889.432,ILOSTAT EAR_EMTA_SEX_CUR_NB_A
SVN,2020,CUR_TYPE_LCU,2295.388,ILOSTAT EAR_EMTA_SEX_CUR_NB_A
SVN,2020,CUR_TYPE_PPP,3747.811,ILOSTAT EAR_EMTA_SEX_CUR_NB_A
SVN,2020,CUR_TYPE_USD,2621.792,ILOSTAT EAR_EMTA_SEX_CUR_NB_A
SVN,2019,CUR_TYPE_LCU,2187.969,ILOSTAT EAR_EMTA_SEX_CUR_NB_A
SVN,2019,CUR_TYPE_PPP,3538.513,ILOSTAT EAR_EMTA_SEX_CUR_NB_A
SVN,2019,CUR_TYPE_USD,2449.431,ILOSTAT EAR_EMTA_SEX_CUR_NB_A
SVN,2018,CUR_TYPE_LCU,2093.595,ILOSTAT EAR_EMTA_SEX_CUR_NB_A
SVN,2018,CUR_TYPE_PPP,3257.976,ILOSTAT EAR_EMTA_SEX_CUR_NB_A
SVN,2018,CUR_TYPE_USD,2472.536,ILOSTAT EAR_EMTA_SEX_CUR_NB_A
SVN,2017,CUR_TYPE_LCU,2052.266,ILOSTAT EAR_EMTA_SEX_CUR_NB_A
SVN,2017,CUR_TYPE_PPP,3161.442,ILOSTAT EAR_EMTA_SEX_CUR_NB_A
SVN,2017,CUR_TYPE_USD,2318.445,ILOSTAT EAR_EMTA_SEX_CUR_NB_A
SVN,2016,CUR_TYPE_LCU,2023.05,ILOSTAT EAR_EMTA_SEX_CUR_NB_A
SVN,2016,CUR_TYPE_PPP,3089.075,ILOSTAT EAR_EMTA_SEX_CUR_NB_A
SVN,2016,CUR_TYPE_USD,2239.314,ILOSTAT EAR_EMTA_SEX_CUR_NB_A
SVN,2015,CUR_TYPE_LCU,2040.241,ILOSTAT EAR_EMTA_SEX_CUR_NB_A
SVN,2015,CUR_TYPE_PPP,3047.92,ILOSTAT EAR_EMTA_SEX_CUR_NB_A
SVN,2015,CUR_TYPE_USD,2263.647,ILOSTAT EAR_EMTA_SEX_CUR_NB_A
SVN,2014,CUR_TYPE_LCU,1989.283,ILOSTAT EAR_EMTA_SEX_CUR_NB_A
SVN,2014,CUR_TYPE_PPP,2986.328,ILOSTAT EAR_EMTA_SEX_CUR_NB_A
SVN,2014,CUR_TYPE_USD,2642.762,ILOSTAT EAR_EMTA_SEX_CUR_NB_A
SVN,2013,CUR_TYPE_LCU,1976.194,ILOSTAT EAR_EMTA_SEX_CUR_NB_A
SVN,2013,CUR_TYPE_PPP,2968.765,ILOSTAT EAR_EMTA_SEX_CUR_NB_A
SVN,2013,CUR_TYPE_USD,2624.583,ILOSTAT EAR_EMTA_SEX_CUR_NB_A
SVN,2012,CUR_TYPE_LCU,1963.002,ILOSTAT EAR_EMTA_SEX_CUR_NB_A
SVN,2012,CUR_TYPE_PPP,2896.684,ILOSTAT EAR_EMTA_SEX_CUR_NB_A
SVN,2012,CUR_TYPE_USD,2522.065,ILOSTAT EAR_EMTA_SEX_CUR_NB_A
SVN,2011,CUR_TYPE_LCU,1884.161,ILOSTAT EAR_EMTA_SEX_CUR_NB_A
SVN,2011,CUR_TYPE_PPP,2765.23,ILOSTAT EAR_EMTA_SEX_CUR_NB_A
SVN,2011,CUR_TYPE_USD,2622.753,ILOSTAT EAR_EMTA_SEX_CUR_NB_A
SVN,2010,CUR_TYPE_LCU,1863.089,ILOSTAT EAR_EMTA_SEX_CUR_NB_A
SVN,2010,CUR_TYPE_PPP,2665.783,ILOSTAT EAR_EMTA_SEX_CUR_NB_A
SVN,2010,CUR_TYPE_USD,2469.897,ILOSTAT EAR_EMTA_SEX_CUR_NB_A
SVN,2009,CUR_TYPE_LCU,1801.389,ILOSTAT EAR_EMTA_SEX_CUR_NB_A
SVN,2009,CUR_TYPE_PPP,2541.453,ILOSTAT EAR_EMTA_SEX_CUR_NB_A
SVN,2009,CUR_TYPE_USD,2512.578,ILOSTAT EAR_EMTA_SEX_CUR_NB_A
SVN,2008,CUR_TYPE_LCU,1699.122,ILOSTAT EAR_EMTA_SEX_CUR_NB_A
SVN,2008,CUR_TYPE_PPP,2475.094,ILOSTAT EAR_EMTA_SEX_CUR_NB_A
SVN,2008,CUR_TYPE_USD,2499.069,ILOSTAT EAR_EMTA_SEX_CUR_NB_A
SVN,2007,CUR_TYPE_LCU,1590.637,ILOSTAT EAR_EMTA_SEX_CUR_NB_A
SVN,2007,CUR_TYPE_PPP,2326.06,ILOSTAT EAR_EMTA_SEX_CUR_NB_A
SVN,2007,CUR_TYPE_USD,2179.968,ILOSTAT EAR_EMTA_SEX_CUR_NB_A
SVN,2006,CUR_TYPE_LCU,1247.473,ILOSTAT EAR_EMTA_SEX_CUR_NB_A
SVN,2006,CUR_TYPE_PPP,1871.095,ILOSTAT EAR_EMTA_SEX_CUR_NB_A
SVN,2006,CUR_TYPE_USD,1566.326,ILOSTAT EAR_EMTA_SEX_CUR_NB_A
SVN,2005,CUR_TYPE_LCU,1217.367,ILOSTAT EAR_EMTA_SEX_CUR_NB_A
SVN,2005,CUR_TYPE_PPP,1837.688,ILOSTAT EAR_EMTA_SEX_CUR_NB_A
SVN,2005,CUR_TYPE_USD,1514.526,ILOSTAT EAR_EMTA_SEX_CUR_NB_A
SVN,2004,CUR_TYPE_LCU,267571,ILOSTAT EAR_EMTA_SEX_CUR_NB_A
SVN,2004,CUR_TYPE_PPP,1710.012,ILOSTAT EAR_EMTA_SEX_CUR_NB_A
SVN,2004,CUR_TYPE_USD,1390.838,ILOSTAT EAR_EMTA_SEX_CUR_NB_A
SVN,2003,CUR_TYPE_LCU,253200,ILOSTAT EAR_EMTA_SEX_CUR_NB_A
SVN,2003,CUR_TYPE_PPP,1673.642,ILOSTAT EAR_EMTA_SEX_CUR_NB_A
SVN,2003,CUR_TYPE_USD,1222.517,ILOSTAT EAR_EMTA_SEX_CUR_NB_A
SVN,2002,CUR_TYPE_LCU,235436,ILOSTAT EAR_EMTA_SEX_CUR_NB_A
SVN,2002,CUR_TYPE_PPP,1666.426,ILOSTAT EAR_EMTA_SEX_CUR_NB_A
SVN,2002,CUR_TYPE_USD,979.97,ILOSTAT EAR_EMTA_SEX_CUR_NB_A
SVN,2001,CUR_TYPE_LCU,214561,ILOSTAT EAR_EMTA_SEX_CUR_NB_A
SVN,2001,CUR_TYPE_PPP,1654.256,ILOSTAT EAR_EMTA_SEX_CUR_NB_A
SVN,2001,CUR_TYPE_USD,883.881,ILOSTAT EAR_EMTA_SEX_CUR_NB_A
SVN,2000,CUR_TYPE_LCU,191669,ILOSTAT EAR_EMTA_SEX_CUR_NB_A
SVN,2000,CUR_TYPE_PPP,1658.229,ILOSTAT EAR_EMTA_SEX_CUR_NB_A
SVN,2000,CUR_TYPE_USD,860.83,ILOSTAT EAR_EMTA_SEX_CUR_NB_A
SVN,1999,CUR_TYPE_LCU,173245,ILOSTAT EAR_EMTA_SEX_CUR_NB_A
SVN,1999,CUR_TYPE_PPP,1655.728,ILOSTAT EAR_EMTA_SEX_CUR_NB_A
SVN,1999,CUR_TYPE_USD,953.104,ILOSTAT EAR_EMTA_SEX_CUR_NB_A
SVN,1998,CUR_TYPE_LCU,158069,ILOSTAT EAR_EMTA_SEX_CUR_NB_A
SVN,1998,CUR_TYPE_PPP,1641.313,ILOSTAT EAR_EMTA_SEX_CUR_NB_A
SVN,1998,CUR_TYPE_USD,951.454,ILOSTAT EAR_EMTA_SEX_CUR_NB_A
SVN,1997,CUR_TYPE_LCU,144251,ILOSTAT EAR_EMTA_SEX_CUR_NB_A
SVN,1997,CUR_TYPE_PPP,1622.973,ILOSTAT EAR_EMTA_SEX_CUR_NB_A
SVN,1997,CUR_TYPE_USD,903.328,ILOSTAT EAR_EMTA_SEX_CUR_NB_A
SVN,1996,CUR_TYPE_LCU,129125,ILOSTAT EAR_EMTA_SEX_CUR_NB_A
SVN,1996,CUR_TYPE_PPP,1631.293,ILOSTAT EAR_EMTA_SEX_CUR_NB_A
SVN,1996,CUR_TYPE_USD,953.907,ILOSTAT EAR_EMTA_SEX_CUR_NB_A
SVN,1995,CUR_TYPE_LCU,111996,ILOSTAT EAR_EMTA_SEX_CUR_NB_A
SVN,1995,CUR_TYPE_PPP,1701.255,ILOSTAT EAR_EMTA_SEX_CUR_NB_A
SVN,1995,CUR_TYPE_USD,944.967,ILOSTAT EAR_EMTA_SEX_CUR_NB_A
SVN,1994,CUR_TYPE_LCU,94618,ILOSTAT EAR_EMTA_SEX_CUR_NB_A
SVN,1994,CUR_TYPE_PPP,1803.566,ILOSTAT EAR_EMTA_SEX_CUR_NB_A
SVN,1994,CUR_TYPE_USD,734.563,ILOSTAT EAR_EMTA_SEX_CUR_NB_A
SVN,1993,CUR_TYPE_LCU,75432,ILOSTAT EAR_EMTA_SEX_CUR_NB_A
SVN,1993,CUR_TYPE_PPP,1957.616,ILOSTAT EAR_EMTA_SEX_CUR_NB_A
SVN,1993,CUR_TYPE_USD,666.114,ILOSTAT EAR_EMTA_SEX_CUR_NB_A
SVN,1992,CUR_TYPE_LCU,51044,ILOSTAT EAR_EMTA_SEX_CUR_NB_A
SVN,1992,CUR_TYPE_PPP,2133.013,ILOSTAT EAR_EMTA_SEX_CUR_NB_A
SVN,1992,CUR_TYPE_USD,627.948,ILOSTAT EAR_EMTA_SEX_CUR_NB_A
SVN,1991,CUR_TYPE_LCU,16823,ILOSTAT EAR_EMTA_SEX_CUR_NB_A
SVN,1991,CUR_TYPE_PPP,6431.888,ILOSTAT EAR_EMTA_SEX_CUR_NB_A
SVN,1991,CUR_TYPE_USD,610.166,ILOSTAT EAR_EMTA_SEX_CUR_NB_A
SVN,1990,CUR_TYPE_LCU,10171,ILOSTAT EAR_EMTA_SEX_CUR_NB_A
SVN,1989,CUR_TYPE_LCU,2121,ILOSTAT EAR_EMTA_SEX_CUR_NB_A
SWE,2025,CUR_TYPE_LCU,4232.515,ILOSTAT EAR_EMTA_SEX_CUR_NB_A
SWE,2025,CUR_TYPE_PPP,5284.045,ILOSTAT EAR_EMTA_SEX_CUR_NB_A
SWE,2025,CUR_TYPE_USD,4782.742,ILOSTAT EAR_EMTA_SEX_CUR_NB_A
SWE,2024,CUR_TYPE_LCU,3987.2,ILOSTAT EAR_EMTA_SEX_CUR_NB_A
SWE,2024,CUR_TYPE_PPP,5317.007,ILOSTAT EAR_EMTA_SEX_CUR_NB_A
SWE,2024,CUR_TYPE_USD,4315.746,ILOSTAT EAR_EMTA_SEX_CUR_NB_A
SWE,2023,CUR_TYPE_LCU,4156.317,ILOSTAT EAR_EMTA_SEX_CUR_NB_A
SWE,2023,CUR_TYPE_PPP,5599.51,ILOSTAT EAR_EMTA_SEX_CUR_NB_A
SWE,2023,CUR_TYPE_USD,4494.225,ILOSTAT EAR_EMTA_SEX_CUR_NB_A
SWE,2022,CUR_TYPE_LCU,4210.861,ILOSTAT EAR_EMTA_SEX_CUR_NB_A
SWE,2022,CUR_TYPE_PPP,5181.834,ILOSTAT EAR_EMTA_SEX_CUR_NB_A
SWE,2022,CUR_TYPE_USD,4434.037,ILOSTAT EAR_EMTA_SEX_CUR_NB_A
SWE,2021,CUR_TYPE_LCU,3947.131,ILOSTAT EAR_EMTA_SEX_CUR_NB_A
SWE,2021,CUR_TYPE_PPP,4425.821,ILOSTAT EAR_EMTA_SEX_CUR_NB_A
SWE,2021,CUR_TYPE_USD,4668.272,ILOSTAT EAR_EMTA_SEX_CUR_NB_A
SWE,2020,CUR_TYPE_LCU,3705.021,ILOSTAT EAR_EMTA_SEX_CUR_NB_A
SWE,2020,CUR_TYPE_PPP,4242.965,ILOSTAT EAR_EMTA_SEX_CUR_NB_A
SWE,2020,CUR_TYPE_USD,4231.874,ILOSTAT EAR_EMTA_SEX_CUR_NB_A
SWE,2019,CUR_TYPE_LCU,3732.821,ILOSTAT EAR_EMTA_SEX_CUR_NB_A
SWE,2019,CUR_TYPE_PPP,4257.899,ILOSTAT EAR_EMTA_SEX_CUR_NB_A
SWE,2019,CUR_TYPE_USD,4178.893,ILOSTAT EAR_EMTA_SEX_CUR_NB_A
SWE,2018,CUR_TYPE_LCU,3882.14,ILOSTAT EAR_EMTA_SEX_CUR_NB_A
SWE,2018,CUR_TYPE_PPP,4208.254,ILOSTAT EAR_EMTA_SEX_CUR_NB_A
SWE,2018,CUR_TYPE_USD,4584.807,ILOSTAT EAR_EMTA_SEX_CUR_NB_A
SWE,2017,CUR_TYPE_LCU,3794.309,ILOSTAT EAR_EMTA_SEX_CUR_NB_A
SWE,2017,CUR_TYPE_PPP,3863.825,ILOSTAT EAR_EMTA_SEX_CUR_NB_A
SWE,2017,CUR_TYPE_USD,4286.431,ILOSTAT EAR_EMTA_SEX_CUR_NB_A
SWE,2016,CUR_TYPE_LCU,3758.657,ILOSTAT EAR_EMTA_SEX_CUR_NB_A
SWE,2016,CUR_TYPE_PPP,3820.379,ILOSTAT EAR_EMTA_SEX_CUR_NB_A
SWE,2016,CUR_TYPE_USD,4160.457,ILOSTAT EAR_EMTA_SEX_CUR_NB_A
SWE,2015,CUR_TYPE_LCU,3663.803,ILOSTAT EAR_EMTA_SEX_CUR_NB_A
SWE,2015,CUR_TYPE_PPP,3686.309,ILOSTAT EAR_EMTA_SEX_CUR_NB_A
SWE,2015,CUR_TYPE_USD,4064.99,ILOSTAT EAR_EMTA_SEX_CUR_NB_A
SWE,2014,CUR_TYPE_LCU,3729.411,ILOSTAT EAR_EMTA_SEX_CUR_NB_A
SWE,2014,CUR_TYPE_PPP,3726.106,ILOSTAT EAR_EMTA_SEX_CUR_NB_A
SWE,2014,CUR_TYPE_USD,4954.523,ILOSTAT EAR_EMTA_SEX_CUR_NB_A
SWE,2013,CUR_TYPE_LCU,3719.624,ILOSTAT EAR_EMTA_SEX_CUR_NB_A
SWE,2013,CUR_TYPE_PPP,3555.024,ILOSTAT EAR_EMTA_SEX_CUR_NB_A
SWE,2013,CUR_TYPE_USD,4940.032,ILOSTAT EAR_EMTA_SEX_CUR_NB_A
SWE,2012,CUR_TYPE_LCU,3496.859,ILOSTAT EAR_EMTA_SEX_CUR_NB_A
SWE,2012,CUR_TYPE_PPP,3396.74,ILOSTAT EAR_EMTA_SEX_CUR_NB_A
SWE,2012,CUR_TYPE_USD,4492.764,ILOSTAT EAR_EMTA_SEX_CUR_NB_A
SWE,2011,CUR_TYPE_LCU,3129.247,ILOSTAT EAR_EMTA_SEX_CUR_NB_A
SWE,2011,CUR_TYPE_PPP,3133.799,ILOSTAT EAR_EMTA_SEX_CUR_NB_A
SWE,2011,CUR_TYPE_USD,4355.912,ILOSTAT EAR_EMTA_SEX_CUR_NB_A
SWE,2010,CUR_TYPE_LCU,2804.145,ILOSTAT EAR_EMTA_SEX_CUR_NB_A
SWE,2010,CUR_TYPE_PPP,2927.514,ILOSTAT EAR_EMTA_SEX_CUR_NB_A
SWE,2010,CUR_TYPE_USD,3717.455,ILOSTAT EAR_EMTA_SEX_CUR_NB_A
SWE,2009,CUR_TYPE_LCU,3056.13,ILOSTAT EAR_EMTA_SEX_CUR_NB_A
SWE,2009,CUR_TYPE_PPP,3596.036,ILOSTAT EAR_EMTA_SEX_CUR_NB_A
SWE,2009,CUR_TYPE_USD,4262.69,ILOSTAT EAR_EMTA_SEX_CUR_NB_A
SWE,2008,CUR_TYPE_LCU,2976.379,ILOSTAT EAR_EMTA_SEX_CUR_NB_A
SWE,2008,CUR_TYPE_PPP,3232.182,ILOSTAT EAR_EMTA_SEX_CUR_NB_A
SWE,2008,CUR_TYPE_USD,4377.659,ILOSTAT EAR_EMTA_SEX_CUR_NB_A
SWE,2007,CUR_TYPE_LCU,2854.046,ILOSTAT EAR_EMTA_SEX_CUR_NB_A
SWE,2007,CUR_TYPE_PPP,2922.133,ILOSTAT EAR_EMTA_SEX_CUR_NB_A
SWE,2007,CUR_TYPE_USD,3911.47,ILOSTAT EAR_EMTA_SEX_CUR_NB_A
SWE,2006,CUR_TYPE_LCU,2234.02,ILOSTAT EAR_EMTA_SEX_CUR_NB_A
SWE,2006,CUR_TYPE_PPP,2231.621,ILOSTAT EAR_EMTA_SEX_CUR_NB_A
SWE,2006,CUR_TYPE_USD,2805.035,ILOSTAT EAR_EMTA_SEX_CUR_NB_A
SWE,2005,CUR_TYPE_LCU,2285.978,ILOSTAT EAR_EMTA_SEX_CUR_NB_A
SWE,2005,CUR_TYPE_PPP,2230.414,ILOSTAT EAR_EMTA_SEX_CUR_NB_A
SWE,2005,CUR_TYPE_USD,2843.985,ILOSTAT EAR_EMTA_SEX_CUR_NB_A
SWE,2004,CUR_TYPE_LCU,2210.65,ILOSTAT EAR_EMTA_SEX_CUR_NB_A
SWE,2004,CUR_TYPE_PPP,2120.396,ILOSTAT EAR_EMTA_SEX_CUR_NB_A
SWE,2004,CUR_TYPE_USD,2749.828,ILOSTAT EAR_EMTA_SEX_CUR_NB_A
SWE,2003,CUR_TYPE_LCU,16921.333,ILOSTAT EAR_EMTA_SEX_CUR_NB_A
SWE,2003,CUR_TYPE_PPP,1737.268,ILOSTAT EAR_EMTA_SEX_CUR_NB_A
SWE,2003,CUR_TYPE_USD,2092.592,ILOSTAT EAR_EMTA_SEX_CUR_NB_A
SWE,2002,CUR_TYPE_LCU,16751.735,ILOSTAT EAR_EMTA_SEX_CUR_NB_A
SWE,2002,CUR_TYPE_PPP,1749.177,ILOSTAT EAR_EMTA_SEX_CUR_NB_A
SWE,2002,CUR_TYPE_USD,1720.399,ILOSTAT EAR_EMTA_SEX_CUR_NB_A
SWE,2001,CUR_TYPE_LCU,16119.253,ILOSTAT EAR_EMTA_SEX_CUR_NB_A
SWE,2001,CUR_TYPE_PPP,1694.159,ILOSTAT EAR_EMTA_SEX_CUR_NB_A
SWE,2001,CUR_TYPE_USD,1560.562,ILOSTAT EAR_EMTA_SEX_CUR_NB_A
SWE,2000,CUR_TYPE_LCU,16502.083,ILOSTAT EAR_EMTA_SEX_CUR_NB_A
SWE,2000,CUR_TYPE_PPP,1769.546,ILOSTAT EAR_EMTA_SEX_CUR_NB_A
SWE,2000,CUR_TYPE_USD,1801.096,ILOSTAT EAR_EMTA_SEX_CUR_NB_A
SWE,1999,CUR_TYPE_LCU,15795.426,ILOSTAT EAR_EMTA_SEX_CUR_NB_A
SWE,1999,CUR_TYPE_PPP,1650.749,ILOSTAT EAR_EMTA_SEX_CUR_NB_A
SWE,1999,CUR_TYPE_USD,1911.717,ILOSTAT EAR_EMTA_SEX_CUR_NB_A
SWE,1998,CUR_TYPE_LCU,14503.26,ILOSTAT EAR_EMTA_SEX_CUR_NB_A
SWE,1998,CUR_TYPE_PPP,1496.356,ILOSTAT EAR_EMTA_SEX_CUR_NB_A
SWE,1998,CUR_TYPE_USD,1824.34,ILOSTAT EAR_EMTA_SEX_CUR_NB_A
SWE,1997,CUR_TYPE_LCU,14775.878,ILOSTAT EAR_EMTA_SEX_CUR_NB_A
SWE,1997,CUR_TYPE_PPP,1525.395,ILOSTAT EAR_EMTA_SEX_CUR_NB_A
SWE,1997,CUR_TYPE_USD,1935.309,ILOSTAT EAR_EMTA_SEX_CUR_NB_A
SWE,1996,CUR_TYPE_LCU,15673.444,ILOSTAT EAR_EMTA_SEX_CUR_NB_A
SWE,1996,CUR_TYPE_PPP,1623.462,ILOSTAT EAR_EMTA_SEX_CUR_NB_A
SWE,1996,CUR_TYPE_USD,2337.242,ILOSTAT EAR_EMTA_SEX_CUR_NB_A
SWE,1995,CUR_TYPE_LCU,14559.939,ILOSTAT EAR_EMTA_SEX_CUR_NB_A
SWE,1995,CUR_TYPE_PPP,1487.403,ILOSTAT EAR_EMTA_SEX_CUR_NB_A
SWE,1995,CUR_TYPE_USD,2041.131,ILOSTAT EAR_EMTA_SEX_CUR_NB_A
SWE,1994,CUR_TYPE_LCU,14818.245,ILOSTAT EAR_EMTA_SEX_CUR_NB_A
SWE,1994,CUR_TYPE_PPP,1526.352,ILOSTAT EAR_EMTA_SEX_CUR_NB_A
SWE,1994,CUR_TYPE_USD,1920.464,ILOSTAT EAR_EMTA_SEX_CUR_NB_A
SWE,1993,CUR_TYPE_LCU,95.88,ILOSTAT EAR_EMTA_SEX_CUR_NB_A
SWE,1993,CUR_TYPE_PPP,9.93,ILOSTAT EAR_EMTA_SEX_CUR_NB_A
SWE,1993,CUR_TYPE_USD,12.318,ILOSTAT EAR_EMTA_SEX_CUR_NB_A
TUR,2025,CUR_TYPE_LCU,39486.797,ILOSTAT EAR_EMTA_SEX_CUR_NB_A
TUR,2025,CUR_TYPE_PPP,2225.313,ILOSTAT EAR_EMTA_SEX_CUR_NB_A
TUR,2025,CUR_TYPE_USD,1000.811,ILOSTAT EAR_EMTA_SEX_CUR_NB_A
TUR,2024,CUR_TYPE_LCU,28173.303,ILOSTAT EAR_EMTA_SEX_CUR_NB_A
TUR,2024,CUR_TYPE_PPP,2244.586,ILOSTAT EAR_EMTA_SEX_CUR_NB_A
TUR,2024,CUR_TYPE_USD,858.789,ILOSTAT EAR_EMTA_SEX_CUR_NB_A
TUR,2023,CUR_TYPE_LCU,14445.936,ILOSTAT EAR_EMTA_SEX_CUR_NB_A
TUR,2023,CUR_TYPE_PPP,1877.056,ILOSTAT EAR_EMTA_SEX_CUR_NB_A
TUR,2023,CUR_TYPE_USD,608.543,ILOSTAT EAR_EMTA_SEX_CUR_NB_A
TUR,2022,CUR_TYPE_LCU,6804.076,ILOSTAT EAR_EMTA_SEX_CUR_NB_A
TUR,2022,CUR_TYPE_PPP,1399.086,ILOSTAT EAR_EMTA_SEX_CUR_NB_A
TUR,2022,CUR_TYPE_USD,411.151,ILOSTAT EAR_EMTA_SEX_CUR_NB_A
TUR,2021,CUR_TYPE_LCU,4025.438,ILOSTAT EAR_EMTA_SEX_CUR_NB_A
TUR,2021,CUR_TYPE_PPP,1308.458,ILOSTAT EAR_EMTA_SEX_CUR_NB_A
TUR,2021,CUR_TYPE_USD,454.831,ILOSTAT EAR_EMTA_SEX_CUR_NB_A
TUR,2020,CUR_TYPE_LCU,3426.625,ILOSTAT EAR_EMTA_SEX_CUR_NB_A
TUR,2020,CUR_TYPE_PPP,1351.278,ILOSTAT EAR_EMTA_SEX_CUR_NB_A
TUR,2020,CUR_TYPE_USD,488.917,ILOSTAT EAR_EMTA_SEX_CUR_NB_A
TUR,2019,CUR_TYPE_LCU,2951.546,ILOSTAT EAR_EMTA_SEX_CUR_NB_A
TUR,2019,CUR_TYPE_PPP,1378.928,ILOSTAT EAR_EMTA_SEX_CUR_NB_A
TUR,2019,CUR_TYPE_USD,520.204,ILOSTAT EAR_EMTA_SEX_CUR_NB_A
TUR,2018,CUR_TYPE_LCU,2438.058,ILOSTAT EAR_EMTA_SEX_CUR_NB_A
TUR,2018,CUR_TYPE_PPP,1262.412,ILOSTAT EAR_EMTA_SEX_CUR_NB_A
TUR,2018,CUR_TYPE_USD,504.944,ILOSTAT EAR_EMTA_SEX_CUR_NB_A
TUR,2017,CUR_TYPE_LCU,2141.934,ILOSTAT EAR_EMTA_SEX_CUR_NB_A
TUR,2017,CUR_TYPE_PPP,1254.204,ILOSTAT EAR_EMTA_SEX_CUR_NB_A
TUR,2017,CUR_TYPE_USD,587.132,ILOSTAT EAR_EMTA_SEX_CUR_NB_A
TUR,2016,CUR_TYPE_LCU,1973.197,ILOSTAT EAR_EMTA_SEX_CUR_NB_A
TUR,2016,CUR_TYPE_PPP,1268.812,ILOSTAT EAR_EMTA_SEX_CUR_NB_A
TUR,2016,CUR_TYPE_USD,653.348,ILOSTAT EAR_EMTA_SEX_CUR_NB_A
TUR,2015,CUR_TYPE_LCU,1683.984,ILOSTAT EAR_EMTA_SEX_CUR_NB_A
TUR,2015,CUR_TYPE_PPP,1164.837,ILOSTAT EAR_EMTA_SEX_CUR_NB_A
TUR,2015,CUR_TYPE_USD,619.11,ILOSTAT EAR_EMTA_SEX_CUR_NB_A
TUR,2014,CUR_TYPE_LCU,1541.999,ILOSTAT EAR_EMTA_SEX_CUR_NB_A
TUR,2014,CUR_TYPE_PPP,1126.086,ILOSTAT EAR_EMTA_SEX_CUR_NB_A
TUR,2014,CUR_TYPE_USD,704.578,ILOSTAT EAR_EMTA_SEX_CUR_NB_A
TUR,2013,CUR_TYPE_LCU,1410.372,ILOSTAT EAR_EMTA_SEX_CUR_NB_A
TUR,2013,CUR_TYPE_PPP,1087.118,ILOSTAT EAR_EMTA_SEX_CUR_NB_A
TUR,2013,CUR_TYPE_USD,740.832,ILOSTAT EAR_EMTA_SEX_CUR_NB_A
TUR,2012,CUR_TYPE_LCU,1286.271,ILOSTAT EAR_EMTA_SEX_CUR_NB_A
TUR,2012,CUR_TYPE_PPP,1045.356,ILOSTAT EAR_EMTA_SEX_CUR_NB_A
TUR,2012,CUR_TYPE_USD,716.186,ILOSTAT EAR_EMTA_SEX_CUR_NB_A
TUR,2011,CUR_TYPE_LCU,1144.197,ILOSTAT EAR_EMTA_SEX_CUR_NB_A
TUR,2011,CUR_TYPE_PPP,996.454,ILOSTAT EAR_EMTA_SEX_CUR_NB_A
TUR,2011,CUR_TYPE_USD,683.121,ILOSTAT EAR_EMTA_SEX_CUR_NB_A
TUR,2010,CUR_TYPE_LCU,1034.533,ILOSTAT EAR_EMTA_SEX_CUR_NB_A
TUR,2010,CUR_TYPE_PPP,928.212,ILOSTAT EAR_EMTA_SEX_CUR_NB_A
TUR,2010,CUR_TYPE_USD,688.381,ILOSTAT EAR_EMTA_SEX_CUR_NB_A
TUR,2009,CUR_TYPE_LCU,958.723,ILOSTAT EAR_EMTA_SEX_CUR_NB_A
TUR,2009,CUR_TYPE_PPP,883.065,ILOSTAT EAR_EMTA_SEX_CUR_NB_A
TUR,2009,CUR_TYPE_USD,618.547,ILOSTAT EAR_EMTA_SEX_CUR_NB_A
TUR,2008,CUR_TYPE_LCU,867.804,ILOSTAT EAR_EMTA_SEX_CUR_NB_A
TUR,2007,CUR_TYPE_LCU,761.017,ILOSTAT EAR_EMTA_SEX_CUR_NB_A
TUR,2006,CUR_TYPE_LCU,676.075,ILOSTAT EAR_EMTA_SEX_CUR_NB_A
TUR,2005,CUR_TYPE_LCU,597.153,ILOSTAT EAR_EMTA_SEX_CUR_NB_A
UKR,2022,CUR_TYPE_LCU,14847,ILOSTAT EAR_EMTA_SEX_CUR_NB_A
UKR,2022,CUR_TYPE_PPP,1540.192,ILOSTAT EAR_EMTA_SEX_CUR_NB_A
UKR,2022,CUR_TYPE_USD,459.058,ILOSTAT EAR_EMTA_SEX_CUR_NB_A
UKR,2021,CUR_TYPE_LCU,14014,ILOSTAT EAR_EMTA_SEX_CUR_NB_A
UKR,2021,CUR_TYPE_PPP,1617.74,ILOSTAT EAR_EMTA_SEX_CUR_NB_A
UKR,2021,CUR_TYPE_USD,513.593,ILOSTAT EAR_EMTA_SEX_CUR_NB_A
UKR,2020,CUR_TYPE_LCU,11591,ILOSTAT EAR_EMTA_SEX_CUR_NB_A
UKR,2020,CUR_TYPE_PPP,1493.977,ILOSTAT EAR_EMTA_SEX_CUR_NB_A
UKR,2020,CUR_TYPE_USD,429.973,ILOSTAT EAR_EMTA_SEX_CUR_NB_A
UKR,2019,CUR_TYPE_LCU,10497,ILOSTAT EAR_EMTA_SEX_CUR_NB_A
UKR,2019,CUR_TYPE_PPP,1329.764,ILOSTAT EAR_EMTA_SEX_CUR_NB_A
UKR,2019,CUR_TYPE_USD,406.143,ILOSTAT EAR_EMTA_SEX_CUR_NB_A
UKR,2018,CUR_TYPE_LCU,8865,ILOSTAT EAR_EMTA_SEX_CUR_NB_A
UKR,2018,CUR_TYPE_PPP,1141.705,ILOSTAT EAR_EMTA_SEX_CUR_NB_A
UKR,2018,CUR_TYPE_USD,325.913,ILOSTAT EAR_EMTA_SEX_CUR_NB_A
UKR,2017,CUR_TYPE_LCU,7104,ILOSTAT EAR_EMTA_SEX_CUR_NB_A
UKR,2017,CUR_TYPE_PPP,999.715,ILOSTAT EAR_EMTA_SEX_CUR_NB_A
UKR,2017,CUR_TYPE_USD,267.102,ILOSTAT EAR_EMTA_SEX_CUR_NB_A
UKR,2016,CUR_TYPE_LCU,5183,ILOSTAT EAR_EMTA_SEX_CUR_NB_A
UKR,2016,CUR_TYPE_PPP,834.21,ILOSTAT EAR_EMTA_SEX_CUR_NB_A
UKR,2016,CUR_TYPE_USD,202.847,ILOSTAT EAR_EMTA_SEX_CUR_NB_A
UKR,2015,CUR_TYPE_LCU,4195,ILOSTAT EAR_EMTA_SEX_CUR_NB_A
UKR,2015,CUR_TYPE_PPP,754.698,ILOSTAT EAR_EMTA_SEX_CUR_NB_A
UKR,2015,CUR_TYPE_USD,192.037,ILOSTAT EAR_EMTA_SEX_CUR_NB_A
UKR,2014,CUR_TYPE_LCU,3480,ILOSTAT EAR_EMTA_SEX_CUR_NB_A
UKR,2014,CUR_TYPE_PPP,966.145,ILOSTAT EAR_EMTA_SEX_CUR_NB_A
UKR,2014,CUR_TYPE_USD,292.765,ILOSTAT EAR_EMTA_SEX_CUR_NB_A
UKR,2013,CUR_TYPE_LCU,3265,ILOSTAT EAR_EMTA_SEX_CUR_NB_A
UKR,2013,CUR_TYPE_PPP,983.245,ILOSTAT EAR_EMTA_SEX_CUR_NB_A
UKR,2013,CUR_TYPE_USD,408.482,ILOSTAT EAR_EMTA_SEX_CUR_NB_A
UKR,2012,CUR_TYPE_LCU,3026,ILOSTAT EAR_EMTA_SEX_CUR_NB_A
UKR,2012,CUR_TYPE_PPP,926.845,ILOSTAT EAR_EMTA_SEX_CUR_NB_A
UKR,2012,CUR_TYPE_USD,378.675,ILOSTAT EAR_EMTA_SEX_CUR_NB_A
UKR,2011,CUR_TYPE_LCU,2633,ILOSTAT EAR_EMTA_SEX_CUR_NB_A
UKR,2011,CUR_TYPE_PPP,827.534,ILOSTAT EAR_EMTA_SEX_CUR_NB_A
UKR,2011,CUR_TYPE_USD,330.465,ILOSTAT EAR_EMTA_SEX_CUR_NB_A
UKR,2010,CUR_TYPE_LCU,2239,ILOSTAT EAR_EMTA_SEX_CUR_NB_A
UKR,2010,CUR_TYPE_PPP,736.439,ILOSTAT EAR_EMTA_SEX_CUR_NB_A
UKR,2010,CUR_TYPE_USD,282.145,ILOSTAT EAR_EMTA_SEX_CUR_NB_A
UKR,2009,CUR_TYPE_LCU,1906,ILOSTAT EAR_EMTA_SEX_CUR_NB_A
UKR,2009,CUR_TYPE_PPP,674.607,ILOSTAT EAR_EMTA_SEX_CUR_NB_A
UKR,2009,CUR_TYPE_USD,244.634,ILOSTAT EAR_EMTA_SEX_CUR_NB_A
UKR,2008,CUR_TYPE_LCU,1806.33,ILOSTAT EAR_EMTA_SEX_CUR_NB_A
UKR,2008,CUR_TYPE_PPP,743.506,ILOSTAT EAR_EMTA_SEX_CUR_NB_A
UKR,2008,CUR_TYPE_USD,342.938,ILOSTAT EAR_EMTA_SEX_CUR_NB_A
UKR,2007,CUR_TYPE_LCU,1351.1,ILOSTAT EAR_EMTA_SEX_CUR_NB_A
UKR,2007,CUR_TYPE_PPP,670.672,ILOSTAT EAR_EMTA_SEX_CUR_NB_A
UKR,2007,CUR_TYPE_USD,267.545,ILOSTAT EAR_EMTA_SEX_CUR_NB_A
UKR,2006,CUR_TYPE_LCU,1041.5,ILOSTAT EAR_EMTA_SEX_CUR_NB_A
UKR,2006,CUR_TYPE_PPP,567.185,ILOSTAT EAR_EMTA_SEX_CUR_NB_A
UKR,2006,CUR_TYPE_USD,206.238,ILOSTAT EAR_EMTA_SEX_CUR_NB_A
UKR,2005,CUR_TYPE_LCU,806.2,ILOSTAT EAR_EMTA_SEX_CUR_NB_A
UKR,2005,CUR_TYPE_PPP,463.826,ILOSTAT EAR_EMTA_SEX_CUR_NB_A
UKR,2005,CUR_TYPE_USD,157.316,ILOSTAT EAR_EMTA_SEX_CUR_NB_A
UKR,2004,CUR_TYPE_LCU,589.6,ILOSTAT EAR_EMTA_SEX_CUR_NB_A
UKR,2004,CUR_TYPE_PPP,372.599,ILOSTAT EAR_EMTA_SEX_CUR_NB_A
UKR,2004,CUR_TYPE_USD,110.844,ILOSTAT EAR_EMTA_SEX_CUR_NB_A
UKR,2003,CUR_TYPE_LCU,462.3,ILOSTAT EAR_EMTA_SEX_CUR_NB_A
UKR,2003,CUR_TYPE_PPP,310.279,ILOSTAT EAR_EMTA_SEX_CUR_NB_A
UKR,2003,CUR_TYPE_USD,86.692,ILOSTAT EAR_EMTA_SEX_CUR_NB_A
UKR,2002,CUR_TYPE_LCU,376.4,ILOSTAT EAR_EMTA_SEX_CUR_NB_A
UKR,2002,CUR_TYPE_PPP,259.813,ILOSTAT EAR_EMTA_SEX_CUR_NB_A
UKR,2002,CUR_TYPE_USD,70.664,ILOSTAT EAR_EMTA_SEX_CUR_NB_A
UKR,2000,CUR_TYPE_LCU,230.1,ILOSTAT EAR_EMTA_SEX_CUR_NB_A
UKR,2000,CUR_TYPE_PPP,171.524,ILOSTAT EAR_EMTA_SEX_CUR_NB_A
UKR,2000,CUR_TYPE_USD,42.296,ILOSTAT EAR_EMTA_SEX_CUR_NB_A
UKR,1999,CUR_TYPE_LCU,177.5,ILOSTAT EAR_EMTA_SEX_CUR_NB_A
UKR,1999,CUR_TYPE_PPP,164.09,ILOSTAT EAR_EMTA_SEX_CUR_NB_A
UKR,1999,CUR_TYPE_USD,42.974,ILOSTAT EAR_EMTA_SEX_CUR_NB_A
UKR,1998,CUR_TYPE_LCU,153.5,ILOSTAT EAR_EMTA_SEX_CUR_NB_A
UKR,1998,CUR_TYPE_PPP,170.364,ILOSTAT EAR_EMTA_SEX_CUR_NB_A
UKR,1998,CUR_TYPE_USD,62.665,ILOSTAT EAR_EMTA_SEX_CUR_NB_A
UKR,1997,CUR_TYPE_LCU,143.1,ILOSTAT EAR_EMTA_SEX_CUR_NB_A
UKR,1997,CUR_TYPE_PPP,172.936,ILOSTAT EAR_EMTA_SEX_CUR_NB_A
UKR,1997,CUR_TYPE_USD,76.867,ILOSTAT EAR_EMTA_SEX_CUR_NB_A
UKR,1996,CUR_TYPE_LCU,125.8,ILOSTAT EAR_EMTA_SEX_CUR_NB_A
UKR,1996,CUR_TYPE_PPP,172.237,ILOSTAT EAR_EMTA_SEX_CUR_NB_A
UKR,1996,CUR_TYPE_USD,68.763,ILOSTAT EAR_EMTA_SEX_CUR_NB_A
UKR,1995,CUR_TYPE_LCU,73.4,ILOSTAT EAR_EMTA_SEX_CUR_NB_A
UKR,1995,CUR_TYPE_PPP,176.057,ILOSTAT EAR_EMTA_SEX_CUR_NB_A
UKR,1995,CUR_TYPE_USD,49.828,ILOSTAT EAR_EMTA_SEX_CUR_NB_A
UKR,1994,CUR_TYPE_LCU,1427.7,ILOSTAT EAR_EMTA_SEX_CUR_NB_A
UKR,1993,CUR_TYPE_LCU,162.8,ILOSTAT EAR_EMTA_SEX_CUR_NB_A
UKR,1992,CUR_TYPE_LCU,6505.4,ILOSTAT EAR_EMTA_SEX_CUR_NB_A
UKR,1991,CUR_TYPE_LCU,479.7,ILOSTAT EAR_EMTA_SEX_CUR_NB_A
UKR,1990,CUR_TYPE_LCU,244.3,ILOSTAT EAR_EMTA_SEX_CUR_NB_A
UKR,1989,CUR_TYPE_LCU,212.8,ILOSTAT EAR_EMTA_SEX_CUR_NB_A
