"ref_area","source","indicator","sex","classif1","time","obs_value","obs_status","note_classif","note_indicator","note_source"
"ABW","AA:22","EAR_EMTA_SEX_CUR_NB","SEX_T","CUR_TYPE_LCU","2010",3013,,,"T8:127_T9:133_T10:138_T11:142_T12:145_T33:396_T30:62","S3:20"
"ABW","AA:22","EAR_EMTA_SEX_CUR_NB","SEX_T","CUR_TYPE_PPP","2010",1860.382,,,"T8:127_T9:133_T10:138_T11:142_T12:145_T33:396_T30:62","S3:20"
"ABW","AA:22","EAR_EMTA_SEX_CUR_NB","SEX_T","CUR_TYPE_USD","2010",1683.24,,,"T8:127_T9:133_T10:138_T11:142_T12:145_T33:396_T30:62","S3:20"
"AFG","BA:15715","EAR_EMTA_SEX_CUR_NB","SEX_T","CUR_TYPE_LCU","2020",13202.245,"B",,"T30:110_I11:264","R1:3513"
"AFG","BA:15715","EAR_EMTA_SEX_CUR_NB","SEX_T","CUR_TYPE_PPP","2020",836.263,"B",,"T30:110_I11:264","R1:3513"
"AFG","BA:15715","EAR_EMTA_SEX_CUR_NB","SEX_T","CUR_TYPE_USD","2020",171.874,"B",,"T30:110_I11:264","R1:3513"
"AFG","BB:6361","EAR_EMTA_SEX_CUR_NB","SEX_T","CUR_TYPE_LCU","2014",8848.569,,,"T30:110","R1:3513"
"AFG","BB:6361","EAR_EMTA_SEX_CUR_NB","SEX_T","CUR_TYPE_PPP","2014",517.709,,,"T30:110","R1:3513"
"AFG","BB:6361","EAR_EMTA_SEX_CUR_NB","SEX_T","CUR_TYPE_USD","2014",154.567,,,"T30:110","R1:3513"
"AGO","BA:13951","EAR_EMTA_SEX_CUR_NB","SEX_T","CUR_TYPE_LCU","2024",111867.158,,,"T30:2","R1:3513"
"AGO","BA:13951","EAR_EMTA_SEX_CUR_NB","SEX_T","CUR_TYPE_PPP","2024",359.487,,,"T30:2","R1:3513"
"AGO","BA:13951","EAR_EMTA_SEX_CUR_NB","SEX_T","CUR_TYPE_USD","2024",128.606,,,"T30:2","R1:3513"
"AGO","BA:13951","EAR_EMTA_SEX_CUR_NB","SEX_T","CUR_TYPE_LCU","2023",125379.111,,,"T30:2","R1:3513"
"AGO","BA:13951","EAR_EMTA_SEX_CUR_NB","SEX_T","CUR_TYPE_PPP","2023",501.888,,,"T30:2","R1:3513"
"AGO","BA:13951","EAR_EMTA_SEX_CUR_NB","SEX_T","CUR_TYPE_USD","2023",183.03,,,"T30:2","R1:3513"
"AGO","BA:13951","EAR_EMTA_SEX_CUR_NB","SEX_T","CUR_TYPE_LCU","2022",96491.325,,,"T30:2","R1:3513"
"AGO","BA:13951","EAR_EMTA_SEX_CUR_NB","SEX_T","CUR_TYPE_PPP","2022",421.597,,,"T30:2","R1:3513"
"AGO","BA:13951","EAR_EMTA_SEX_CUR_NB","SEX_T","CUR_TYPE_USD","2022",209.505,,,"T30:2","R1:3513"
"AGO","BA:13951","EAR_EMTA_SEX_CUR_NB","SEX_T","CUR_TYPE_LCU","2021",88751.625,,,"T30:2","R1:3513"
"AGO","BA:13951","EAR_EMTA_SEX_CUR_NB","SEX_T","CUR_TYPE_PPP","2021",435.722,,,"T30:2","R1:3513"
"AGO","BA:13951","EAR_EMTA_SEX_CUR_NB","SEX_T","CUR_TYPE_USD","2021",140.554,,,"T30:2","R1:3513"
"AGO","BA:13951","EAR_EMTA_SEX_CUR_NB","SEX_T","CUR_TYPE_LCU","2020",88286.47,,,"T30:2","R1:3513"
"AGO","BA:13951","EAR_EMTA_SEX_CUR_NB","SEX_T","CUR_TYPE_PPP","2020",515.857,,,"T30:2","R1:3513"
"AGO","BA:13951","EAR_EMTA_SEX_CUR_NB","SEX_T","CUR_TYPE_USD","2020",152.676,,,"T30:2","R1:3513"
"AGO","BA:13951","EAR_EMTA_SEX_CUR_NB","SEX_T","CUR_TYPE_LCU","2019",82234.658,"B",,"T30:2_I11:264","R1:3513"
"AGO","BA:13951","EAR_EMTA_SEX_CUR_NB","SEX_T","CUR_TYPE_PPP","2019",565.58,"B",,"T30:2_I11:264","R1:3513"
"AGO","BA:13951","EAR_EMTA_SEX_CUR_NB","SEX_T","CUR_TYPE_USD","2019",225.408,"B",,"T30:2_I11:264","R1:3513"
"ALB","FA:13364","EAR_EMTA_SEX_CUR_NB","SEX_T","CUR_TYPE_LCU","2022",61898,,,"T8:127_T9:133_T10:138_T12:145_T30:159","S9:259"
"ALB","FA:13364","EAR_EMTA_SEX_CUR_NB","SEX_T","CUR_TYPE_PPP","2022",1266.603,,,"T8:127_T9:133_T10:138_T12:145_T30:159","S9:259"
"ALB","FA:13364","EAR_EMTA_SEX_CUR_NB","SEX_T","CUR_TYPE_USD","2022",547.568,,,"T8:127_T9:133_T10:138_T12:145_T30:159","S9:259"
"ALB","FA:13364","EAR_EMTA_SEX_CUR_NB","SEX_T","CUR_TYPE_LCU","2021",57191,,,"T8:127_T9:133_T10:138_T12:145_T30:159","S9:259"
"ALB","FA:13364","EAR_EMTA_SEX_CUR_NB","SEX_T","CUR_TYPE_PPP","2021",1094.764,,,"T8:127_T9:133_T10:138_T12:145_T30:159","S9:259"
"ALB","FA:13364","EAR_EMTA_SEX_CUR_NB","SEX_T","CUR_TYPE_USD","2021",552.463,,,"T8:127_T9:133_T10:138_T12:145_T30:159","S9:259"
"ALB","FA:13364","EAR_EMTA_SEX_CUR_NB","SEX_T","CUR_TYPE_LCU","2020",53662,,,"T8:127_T9:133_T10:138_T12:145_T30:159","S9:259"
"ALB","FA:13364","EAR_EMTA_SEX_CUR_NB","SEX_T","CUR_TYPE_PPP","2020",1039.43,,,"T8:127_T9:133_T10:138_T12:145_T30:159","S9:259"
"ALB","FA:13364","EAR_EMTA_SEX_CUR_NB","SEX_T","CUR_TYPE_USD","2020",493.898,,,"T8:127_T9:133_T10:138_T12:145_T30:159","S9:259"
"ALB","FA:13364","EAR_EMTA_SEX_CUR_NB","SEX_T","CUR_TYPE_LCU","2019",52380,,,"T8:127_T9:133_T10:138_T12:145_T30:159","S9:259"
"ALB","FA:13364","EAR_EMTA_SEX_CUR_NB","SEX_T","CUR_TYPE_PPP","2019",1026.796,,,"T8:127_T9:133_T10:138_T12:145_T30:159","S9:259"
"ALB","FA:13364","EAR_EMTA_SEX_CUR_NB","SEX_T","CUR_TYPE_USD","2019",476.828,,,"T8:127_T9:133_T10:138_T12:145_T30:159","S9:259"
"ALB","FA:13364","EAR_EMTA_SEX_CUR_NB","SEX_T","CUR_TYPE_LCU","2018",50589,,,"T8:127_T9:133_T10:138_T12:145_T30:159","S9:259"
"ALB","FA:13364","EAR_EMTA_SEX_CUR_NB","SEX_T","CUR_TYPE_PPP","2018",961.066,,,"T8:127_T9:133_T10:138_T12:145_T30:159","S9:259"
"ALB","FA:13364","EAR_EMTA_SEX_CUR_NB","SEX_T","CUR_TYPE_USD","2018",468.464,,,"T8:127_T9:133_T10:138_T12:145_T30:159","S9:259"
"ALB","FA:13364","EAR_EMTA_SEX_CUR_NB","SEX_T","CUR_TYPE_LCU","2017",48966.821,,,"T8:127_T9:133_T10:138_T11:142_T12:146_T30:159","S9:259"
"ALB","FA:13364","EAR_EMTA_SEX_CUR_NB","SEX_T","CUR_TYPE_PPP","2017",928.009,,,"T8:127_T9:133_T10:138_T11:142_T12:146_T30:159","S9:259"
"ALB","FA:13364","EAR_EMTA_SEX_CUR_NB","SEX_T","CUR_TYPE_USD","2017",411.14,,,"T8:127_T9:133_T10:138_T11:142_T12:146_T30:159","S9:259"
"ALB","FA:13364","EAR_EMTA_SEX_CUR_NB","SEX_T","CUR_TYPE_LCU","2016",47522.434,,,"T8:127_T9:133_T10:138_T11:142_T12:146_T30:159","S9:259"
"ALB","FA:13364","EAR_EMTA_SEX_CUR_NB","SEX_T","CUR_TYPE_PPP","2016",898.583,,,"T8:127_T9:133_T10:138_T11:142_T12:146_T30:159","S9:259"
"ALB","FA:13364","EAR_EMTA_SEX_CUR_NB","SEX_T","CUR_TYPE_USD","2016",382.806,,,"T8:127_T9:133_T10:138_T11:142_T12:146_T30:159","S9:259"
"ALB","FA:13364","EAR_EMTA_SEX_CUR_NB","SEX_T","CUR_TYPE_LCU","2015",46829,,,"T8:127_T9:133_T10:138_T11:142_T12:146_T30:159","S9:259"
"ALB","FA:13364","EAR_EMTA_SEX_CUR_NB","SEX_T","CUR_TYPE_PPP","2015",891.557,,,"T8:127_T9:133_T10:138_T11:142_T12:146_T30:159","S9:259"
"ALB","FA:13364","EAR_EMTA_SEX_CUR_NB","SEX_T","CUR_TYPE_USD","2015",371.772,,,"T8:127_T9:133_T10:138_T11:142_T12:146_T30:159","S9:259"
"ALB","DA:845","EAR_EMTA_SEX_CUR_NB","SEX_T","CUR_TYPE_LCU","1991",678,,"C5:2067","T8:127_T9:133_T10:138_T34:400_T33:396_T30:251","S7:56_S9:66"
"ALB","DA:845","EAR_EMTA_SEX_CUR_NB","SEX_T","CUR_TYPE_LCU","1990",579,,"C5:2067","T8:127_T9:133_T10:138_T34:400_T33:396_T30:251","S7:56_S9:66"
"ALB","DA:845","EAR_EMTA_SEX_CUR_NB","SEX_T","CUR_TYPE_LCU","1989",563,,"C5:2067","T8:127_T9:133_T10:138_T34:400_T33:396_T30:251","S7:56_S9:66"
"AND","FX:851","EAR_EMTA_SEX_CUR_NB","SEX_T","CUR_TYPE_LCU","2008",1946.74,,,"T8:127_T9:133_T10:138_T33:396_T30:160","S9:66"
"AND","FX:851","EAR_EMTA_SEX_CUR_NB","SEX_T","CUR_TYPE_USD","2008",2863.265,,,"T8:127_T9:133_T10:138_T33:396_T30:160","S9:66"
"AND","FX:851","EAR_EMTA_SEX_CUR_NB","SEX_T","CUR_TYPE_LCU","2007",1851.47,,,"T8:127_T9:133_T10:138_T33:396_T30:160","S9:66"
"AND","FX:851","EAR_EMTA_SEX_CUR_NB","SEX_T","CUR_TYPE_USD","2007",2537.44,,,"T8:127_T9:133_T10:138_T33:396_T30:160","S9:66"
"AND","FX:851","EAR_EMTA_SEX_CUR_NB","SEX_T","CUR_TYPE_LCU","2006",1762.52,,,"T8:127_T9:133_T10:138_T33:396_T30:160","S9:66"
"AND","FX:851","EAR_EMTA_SEX_CUR_NB","SEX_T","CUR_TYPE_USD","2006",2213.02,,,"T8:127_T9:133_T10:138_T33:396_T30:160","S9:66"
"AND","FX:851","EAR_EMTA_SEX_CUR_NB","SEX_T","CUR_TYPE_LCU","2005",1662.46,,,"T8:127_T9:133_T10:138_T33:396_T30:160","S9:66"
"AND","FX:851","EAR_EMTA_SEX_CUR_NB","SEX_T","CUR_TYPE_USD","2005",2068.267,,,"T8:127_T9:133_T10:138_T33:396_T30:160","S9:66"
"AND","FX:851","EAR_EMTA_SEX_CUR_NB","SEX_T","CUR_TYPE_LCU","2004",1575.55,,,"T8:127_T9:133_T10:138_T33:396_T30:160","S9:66"
"AND","FX:851","EAR_EMTA_SEX_CUR_NB","SEX_T","CUR_TYPE_USD","2004",1959.827,,,"T8:127_T9:133_T10:138_T33:396_T30:160","S9:66"
"AND","FX:851","EAR_EMTA_SEX_CUR_NB","SEX_T","CUR_TYPE_LCU","2003",1494.85,,,"T8:127_T9:133_T10:138_T33:396_T30:160","S9:66"
"AND","FX:851","EAR_EMTA_SEX_CUR_NB","SEX_T","CUR_TYPE_USD","2003",1690.974,,,"T8:127_T9:133_T10:138_T33:396_T30:160","S9:66"
"AND","FX:851","EAR_EMTA_SEX_CUR_NB","SEX_T","CUR_TYPE_LCU","2002",1412.68,,,"T8:127_T9:133_T10:138_T33:396_T30:160","S9:66"
"AND","FX:851","EAR_EMTA_SEX_CUR_NB","SEX_T","CUR_TYPE_USD","2002",1335.83,,,"T8:127_T9:133_T10:138_T33:396_T30:160","S9:66"
"AND","FX:851","EAR_EMTA_SEX_CUR_NB","SEX_T","CUR_TYPE_LCU","2001",1349.03,,,"T8:127_T9:133_T10:138_T33:396_T30:160","S9:66"
"AND","FX:851","EAR_EMTA_SEX_CUR_NB","SEX_T","CUR_TYPE_USD","2001",1208.191,,,"T8:127_T9:133_T10:138_T33:396_T30:160","S9:66"
"AND","FX:851","EAR_EMTA_SEX_CUR_NB","SEX_T","CUR_TYPE_LCU","2000",1249,,,"T8:127_T9:133_T10:138_T33:396_T30:160","S9:66"
"AND","FX:851","EAR_EMTA_SEX_CUR_NB","SEX_T","CUR_TYPE_USD","2000",1153.576,,,"T8:127_T9:133_T10:138_T33:396_T30:160","S9:66"
"AND","FX:851","EAR_EMTA_SEX_CUR_NB","SEX_T","CUR_TYPE_LCU","1999",1185.4,,,"T8:127_T9:133_T10:138_T33:396_T30:160","S9:66"
"AND","FX:851","EAR_EMTA_SEX_CUR_NB","SEX_T","CUR_TYPE_USD","1999",1263.399,,,"T8:127_T9:133_T10:138_T33:396_T30:160","S9:66"
"AND","FX:851","EAR_EMTA_SEX_CUR_NB","SEX_T","CUR_TYPE_LCU","1998",1145.8,,,"T8:127_T9:133_T10:138_T33:396_T30:160","S9:66"
"ARE","BA:716","EAR_EMTA_SEX_CUR_NB","SEX_T","CUR_TYPE_LCU","2009",7450.614,,,"T8:127_T9:131_T10:138_T11:142_T12:145_T33:396_T30:154","S3:16_S5:2378"
"ARE","BA:716","EAR_EMTA_SEX_CUR_NB","SEX_T","CUR_TYPE_PPP","2009",3017.269,,,"T8:127_T9:131_T10:138_T11:142_T12:145_T33:396_T30:154","S3:16_S5:2378"
"ARE","BA:716","EAR_EMTA_SEX_CUR_NB","SEX_T","CUR_TYPE_USD","2009",2028.758,,,"T8:127_T9:131_T10:138_T11:142_T12:145_T33:396_T30:154","S3:16_S5:2378"
"ARG","BA:150","EAR_EMTA_SEX_CUR_NB","SEX_T","CUR_TYPE_LCU","2025",1006879.138,,,"T30:61","R1:3513_S4:33"
"ARG","BA:150","EAR_EMTA_SEX_CUR_NB","SEX_T","CUR_TYPE_PPP","2025",1522.602,,,"T30:61","R1:3513_S4:33"
"ARG","BA:150","EAR_EMTA_SEX_CUR_NB","SEX_T","CUR_TYPE_USD","2025",811.442,,,"T30:61","R1:3513_S4:33"
"ARG","BA:150","EAR_EMTA_SEX_CUR_NB","SEX_T","CUR_TYPE_LCU","2024",592512.448,,,"T30:61","R1:3513_S4:33"
"ARG","BA:150","EAR_EMTA_SEX_CUR_NB","SEX_T","CUR_TYPE_PPP","2024",1239.004,,,"T30:61","R1:3513_S4:33"
"ARG","BA:150","EAR_EMTA_SEX_CUR_NB","SEX_T","CUR_TYPE_USD","2024",647.771,,,"T30:61","R1:3513_S4:33"
"ARG","BA:150","EAR_EMTA_SEX_CUR_NB","SEX_T","CUR_TYPE_LCU","2023",190754.004,,,"T30:61","R1:3513_S4:33"
"ARG","BA:150","EAR_EMTA_SEX_CUR_NB","SEX_T","CUR_TYPE_PPP","2023",1239.416,,,"T30:61","R1:3513_S4:33"
"ARG","BA:150","EAR_EMTA_SEX_CUR_NB","SEX_T","CUR_TYPE_USD","2023",643.878,,,"T30:61","R1:3513_S4:33"
"ARG","BA:150","EAR_EMTA_SEX_CUR_NB","SEX_T","CUR_TYPE_LCU","2022",83060.662,,,"T30:61","R1:3513_S4:33"
"ARG","BA:150","EAR_EMTA_SEX_CUR_NB","SEX_T","CUR_TYPE_PPP","2022",1210.281,,,"T30:61","R1:3513_S4:33"
"ARG","BA:150","EAR_EMTA_SEX_CUR_NB","SEX_T","CUR_TYPE_USD","2022",635.912,,,"T30:61","R1:3513_S4:33"
"ARG","BA:150","EAR_EMTA_SEX_CUR_NB","SEX_T","CUR_TYPE_LCU","2021",51752.749,,,"T30:61","R1:3513_S4:33"
"ARG","BA:150","EAR_EMTA_SEX_CUR_NB","SEX_T","CUR_TYPE_PPP","2021",1203.938,,,"T30:61","R1:3513_S4:33"
"ARG","BA:150","EAR_EMTA_SEX_CUR_NB","SEX_T","CUR_TYPE_USD","2021",544.819,,,"T30:61","R1:3513_S4:33"
"ARG","BA:150","EAR_EMTA_SEX_CUR_NB","SEX_T","CUR_TYPE_LCU","2020",36282.026,,,"T30:61","R1:3513_S4:33"
"ARG","BA:150","EAR_EMTA_SEX_CUR_NB","SEX_T","CUR_TYPE_PPP","2020",1209.431,,,"T30:61","R1:3513_S4:33"
"ARG","BA:150","EAR_EMTA_SEX_CUR_NB","SEX_T","CUR_TYPE_USD","2020",514.353,,,"T30:61","R1:3513_S4:33"
"ARG","BA:150","EAR_EMTA_SEX_CUR_NB","SEX_T","CUR_TYPE_LCU","2019",25562.726,,,"T30:61","R1:3513_S4:33"
"ARG","BA:150","EAR_EMTA_SEX_CUR_NB","SEX_T","CUR_TYPE_PPP","2019",1153.437,,,"T30:61","R1:3513_S4:33"
"ARG","BA:150","EAR_EMTA_SEX_CUR_NB","SEX_T","CUR_TYPE_USD","2019",530.921,,,"T30:61","R1:3513_S4:33"
"ARG","BA:150","EAR_EMTA_SEX_CUR_NB","SEX_T","CUR_TYPE_LCU","2018",18457.024,,,"T30:61","R1:3513_S4:33"
"ARG","BA:150","EAR_EMTA_SEX_CUR_NB","SEX_T","CUR_TYPE_PPP","2018",1262.229,,,"T30:61","R1:3513_S4:33"
"ARG","BA:150","EAR_EMTA_SEX_CUR_NB","SEX_T","CUR_TYPE_USD","2018",656.951,,,"T30:61","R1:3513_S4:33"
"ARG","BA:150","EAR_EMTA_SEX_CUR_NB","SEX_T","CUR_TYPE_LCU","2017",14490.073,,,"T30:61","R1:3513_S4:33"
"ARG","BA:150","EAR_EMTA_SEX_CUR_NB","SEX_T","CUR_TYPE_PPP","2017",1307.518,,,"T30:61","R1:3513_S4:33"
"ARG","BA:150","EAR_EMTA_SEX_CUR_NB","SEX_T","CUR_TYPE_USD","2017",874.861,,,"T30:61","R1:3513_S4:33"
"ARG","BA:150","EAR_EMTA_SEX_CUR_NB","SEX_T","CUR_TYPE_LCU","2014",6460.093,,,"T30:61_I13:3888","R1:3513_S4:33"
"ARG","BA:150","EAR_EMTA_SEX_CUR_NB","SEX_T","CUR_TYPE_PPP","2014",1003.112,,,"T30:61_I13:3888","R1:3513_S4:33"
"ARG","BA:150","EAR_EMTA_SEX_CUR_NB","SEX_T","CUR_TYPE_USD","2014",799.984,,,"T30:61_I13:3888","R1:3513_S4:33"
"ARG","BA:150","EAR_EMTA_SEX_CUR_NB","SEX_T","CUR_TYPE_LCU","2013",4981.156,,,"T30:61_I13:3888","R1:3513_S4:33"
"ARG","BA:150","EAR_EMTA_SEX_CUR_NB","SEX_T","CUR_TYPE_PPP","2013",1082.78,,,"T30:61_I13:3888","R1:3513_S4:33"
"ARG","BA:150","EAR_EMTA_SEX_CUR_NB","SEX_T","CUR_TYPE_USD","2013",912.408,,,"T30:61_I13:3888","R1:3513_S4:33"
"ARG","BA:150","EAR_EMTA_SEX_CUR_NB","SEX_T","CUR_TYPE_LCU","2012",3925.666,,,"T30:61_I13:3888","R1:3513_S4:33"
"ARG","BA:150","EAR_EMTA_SEX_CUR_NB","SEX_T","CUR_TYPE_PPP","2012",1066.904,,,"T30:61_I13:3888","R1:3513_S4:33"
"ARG","BA:150","EAR_EMTA_SEX_CUR_NB","SEX_T","CUR_TYPE_USD","2012",865.268,,,"T30:61_I13:3888","R1:3513_S4:33"
"ARG","BA:150","EAR_EMTA_SEX_CUR_NB","SEX_T","CUR_TYPE_LCU","2011",3150.631,,,"T30:61_I13:3888","R1:3513_S4:33"
"ARG","BA:150","EAR_EMTA_SEX_CUR_NB","SEX_T","CUR_TYPE_PPP","2011",996.668,,,"T30:61_I13:3888","R1:3513_S4:33"
"ARG","BA:150","EAR_EMTA_SEX_CUR_NB","SEX_T","CUR_TYPE_USD","2011",766.551,,,"T30:61_I13:3888","R1:3513_S4:33"
"ARG","BA:150","EAR_EMTA_SEX_CUR_NB","SEX_T","CUR_TYPE_LCU","2010",2418.527,,,"T30:61_I13:3888","R1:3513_S4:33"
"ARG","BA:150","EAR_EMTA_SEX_CUR_NB","SEX_T","CUR_TYPE_USD","2010",620.725,,,"T30:61_I13:3888","R1:3513_S4:33"
"ARG","BA:150","EAR_EMTA_SEX_CUR_NB","SEX_T","CUR_TYPE_LCU","2009",1968.266,,,"T30:61_I13:3888","R1:3513_S4:33"
"ARG","BA:150","EAR_EMTA_SEX_CUR_NB","SEX_T","CUR_TYPE_USD","2009",530.515,,,"T30:61_I13:3888","R1:3513_S4:33"
"ARG","BA:150","EAR_EMTA_SEX_CUR_NB","SEX_T","CUR_TYPE_LCU","2008",1636.195,,,"T30:61_I13:3888","R1:3513_S4:33"
"ARG","BA:150","EAR_EMTA_SEX_CUR_NB","SEX_T","CUR_TYPE_USD","2008",520.391,,,"T30:61_I13:3888","R1:3513_S4:33"
"ARG","FX:3502","EAR_EMTA_SEX_CUR_NB","SEX_T","CUR_TYPE_LCU","2007",1967.994,,,"T30:61",
"ARG","FX:3502","EAR_EMTA_SEX_CUR_NB","SEX_T","CUR_TYPE_USD","2007",635.729,,,"T30:61",
"ARG","BA:150","EAR_EMTA_SEX_CUR_NB","SEX_T","CUR_TYPE_LCU","2006",1026.552,,,"T30:61","R1:3513_S4:33"
"ARG","BA:150","EAR_EMTA_SEX_CUR_NB","SEX_T","CUR_TYPE_USD","2006",336.099,,,"T30:61","R1:3513_S4:33"
"ARG","BA:150","EAR_EMTA_SEX_CUR_NB","SEX_T","CUR_TYPE_LCU","2005",816.306,,,"T30:61","R1:3513_S4:33"
"ARG","BA:150","EAR_EMTA_SEX_CUR_NB","SEX_T","CUR_TYPE_USD","2005",281.13,,,"T30:61","R1:3513_S4:33"
"ARG","BA:150","EAR_EMTA_SEX_CUR_NB","SEX_T","CUR_TYPE_LCU","2004",685.086,"B",,"T30:61_I11:264","R1:3513_S4:33"
"ARG","BA:150","EAR_EMTA_SEX_CUR_NB","SEX_T","CUR_TYPE_USD","2004",234.353,"B",,"T30:61_I11:264","R1:3513_S4:33"
"ARG","BX:16201","EAR_EMTA_SEX_CUR_NB","SEX_T","CUR_TYPE_LCU","1997",622.265,,,"T30:61","R1:3513"
"ARG","BX:16201","EAR_EMTA_SEX_CUR_NB","SEX_T","CUR_TYPE_USD","1997",622.576,,,"T30:61","R1:3513"
"ARM","BB:173","EAR_EMTA_SEX_CUR_NB","SEX_T","CUR_TYPE_LCU","2023",159067.084,,,"T30:111","R1:3513_T3:240"
"ARM","BB:173","EAR_EMTA_SEX_CUR_NB","SEX_T","CUR_TYPE_PPP","2023",983.062,,,"T30:111","R1:3513_T3:240"
"ARM","BB:173","EAR_EMTA_SEX_CUR_NB","SEX_T","CUR_TYPE_USD","2023",405.291,,,"T30:111","R1:3513_T3:240"
"ARM","BB:173","EAR_EMTA_SEX_CUR_NB","SEX_T","CUR_TYPE_LCU","2022",142818.811,,,"T30:111","R1:3513_T3:240"
"ARM","BB:173","EAR_EMTA_SEX_CUR_NB","SEX_T","CUR_TYPE_PPP","2022",864.538,,,"T30:111","R1:3513_T3:240"
"ARM","BB:173","EAR_EMTA_SEX_CUR_NB","SEX_T","CUR_TYPE_USD","2022",327.817,,,"T30:111","R1:3513_T3:240"
"ARM","BB:173","EAR_EMTA_SEX_CUR_NB","SEX_T","CUR_TYPE_LCU","2021",130559.108,,,"T30:111","R1:3513_T3:240"
"ARM","BB:173","EAR_EMTA_SEX_CUR_NB","SEX_T","CUR_TYPE_PPP","2021",794.994,,,"T30:111","R1:3513_T3:240"
"ARM","BB:173","EAR_EMTA_SEX_CUR_NB","SEX_T","CUR_TYPE_USD","2021",259.164,,,"T30:111","R1:3513_T3:240"
"ARM","BB:173","EAR_EMTA_SEX_CUR_NB","SEX_T","CUR_TYPE_LCU","2020",125733.844,,,"T30:111","R1:3513_T3:240"
"ARM","BB:173","EAR_EMTA_SEX_CUR_NB","SEX_T","CUR_TYPE_PPP","2020",793.885,,,"T30:111","R1:3513_T3:240"
"ARM","BB:173","EAR_EMTA_SEX_CUR_NB","SEX_T","CUR_TYPE_USD","2020",257.12,,,"T30:111","R1:3513_T3:240"
"ARM","BB:173","EAR_EMTA_SEX_CUR_NB","SEX_T","CUR_TYPE_LCU","2019",119804.028,,,"T30:111","R1:3513_T3:240"
"ARM","BB:173","EAR_EMTA_SEX_CUR_NB","SEX_T","CUR_TYPE_PPP","2019",736.883,,,"T30:111","R1:3513_T3:240"
"ARM","BB:173","EAR_EMTA_SEX_CUR_NB","SEX_T","CUR_TYPE_USD","2019",249.36,,,"T30:111","R1:3513_T3:240"
"ARM","BA:867","EAR_EMTA_SEX_CUR_NB","SEX_T","CUR_TYPE_LCU","2017",103505.383,,,"T30:111","R1:3513_T3:240"
"ARM","BA:867","EAR_EMTA_SEX_CUR_NB","SEX_T","CUR_TYPE_PPP","2017",621.732,,,"T30:111","R1:3513_T3:240"
"ARM","BA:867","EAR_EMTA_SEX_CUR_NB","SEX_T","CUR_TYPE_USD","2017",214.423,,,"T30:111","R1:3513_T3:240"
"ARM","BA:867","EAR_EMTA_SEX_CUR_NB","SEX_T","CUR_TYPE_LCU","2016",99931.079,,,"T30:111","R1:3513_T3:240"
"ARM","BA:867","EAR_EMTA_SEX_CUR_NB","SEX_T","CUR_TYPE_PPP","2016",577.538,,,"T30:111","R1:3513_T3:240"
"ARM","BA:867","EAR_EMTA_SEX_CUR_NB","SEX_T","CUR_TYPE_USD","2016",207.978,,,"T30:111","R1:3513_T3:240"
"ARM","BA:867","EAR_EMTA_SEX_CUR_NB","SEX_T","CUR_TYPE_LCU","2015",100331.238,,,"T30:111","R1:3513_T3:240"
"ARM","BA:867","EAR_EMTA_SEX_CUR_NB","SEX_T","CUR_TYPE_PPP","2015",541.718,,,"T30:111","R1:3513_T3:240"
"ARM","BA:867","EAR_EMTA_SEX_CUR_NB","SEX_T","CUR_TYPE_USD","2015",209.934,,,"T30:111","R1:3513_T3:240"
"ARM","BA:867","EAR_EMTA_SEX_CUR_NB","SEX_T","CUR_TYPE_LCU","2014",95690.029,"B",,"T30:111_I11:264","R1:3513_T3:240"
"ARM","BA:867","EAR_EMTA_SEX_CUR_NB","SEX_T","CUR_TYPE_PPP","2014",521.183,"B",,"T30:111_I11:264","R1:3513_T3:240"
"ARM","BA:867","EAR_EMTA_SEX_CUR_NB","SEX_T","CUR_TYPE_USD","2014",230.068,"B",,"T30:111_I11:264","R1:3513_T3:240"
"ARM","BB:173","EAR_EMTA_SEX_CUR_NB","SEX_T","CUR_TYPE_LCU","2013",93306.883,,,"T30:111","R1:3513_T3:240"
"ARM","BB:173","EAR_EMTA_SEX_CUR_NB","SEX_T","CUR_TYPE_PPP","2013",522.03,,,"T30:111","R1:3513_T3:240"
"ARM","BB:173","EAR_EMTA_SEX_CUR_NB","SEX_T","CUR_TYPE_USD","2013",227.786,,,"T30:111","R1:3513_T3:240"
"ARM","BB:173","EAR_EMTA_SEX_CUR_NB","SEX_T","CUR_TYPE_LCU","2012",88760.389,,,"T30:111","R1:3513_T3:240"
"ARM","BB:173","EAR_EMTA_SEX_CUR_NB","SEX_T","CUR_TYPE_PPP","2012",561.503,,,"T30:111","R1:3513_T3:240"
"ARM","BB:173","EAR_EMTA_SEX_CUR_NB","SEX_T","CUR_TYPE_USD","2012",220.927,,,"T30:111","R1:3513_T3:240"
"ARM","BB:173","EAR_EMTA_SEX_CUR_NB","SEX_T","CUR_TYPE_LCU","2011",82681.486,,,"T30:111","R1:3513_T3:240"
"ARM","BB:173","EAR_EMTA_SEX_CUR_NB","SEX_T","CUR_TYPE_PPP","2011",499.197,,,"T30:111","R1:3513_T3:240"
"ARM","BB:173","EAR_EMTA_SEX_CUR_NB","SEX_T","CUR_TYPE_USD","2011",221.963,,,"T30:111","R1:3513_T3:240"
"ARM","BB:173","EAR_EMTA_SEX_CUR_NB","SEX_T","CUR_TYPE_LCU","2010",79081.411,,,"T30:111","R1:3513_T3:240"
"ARM","BB:173","EAR_EMTA_SEX_CUR_NB","SEX_T","CUR_TYPE_PPP","2010",498.258,,,"T30:111","R1:3513_T3:240"
"ARM","BB:173","EAR_EMTA_SEX_CUR_NB","SEX_T","CUR_TYPE_USD","2010",211.64,,,"T30:111","R1:3513_T3:240"
"ARM","DA:177","EAR_EMTA_SEX_CUR_NB","SEX_T","CUR_TYPE_LCU","2009",101800,,,"T30:111",
"ARM","DA:177","EAR_EMTA_SEX_CUR_NB","SEX_T","CUR_TYPE_PPP","2009",682.645,,,"T30:111",
"ARM","DA:177","EAR_EMTA_SEX_CUR_NB","SEX_T","CUR_TYPE_USD","2009",280.222,,,"T30:111",
"ARM","DA:177","EAR_EMTA_SEX_CUR_NB","SEX_T","CUR_TYPE_LCU","2008",91539,,,"T30:111",
"ARM","DA:177","EAR_EMTA_SEX_CUR_NB","SEX_T","CUR_TYPE_PPP","2008",637.014,,,"T30:111",
"ARM","DA:177","EAR_EMTA_SEX_CUR_NB","SEX_T","CUR_TYPE_USD","2008",299.177,,,"T30:111",
"ARM","BB:173","EAR_EMTA_SEX_CUR_NB","SEX_T","CUR_TYPE_LCU","2007",57952.92,"B",,"T30:111_I11:264","R1:3513_T3:240"
"ARM","BB:173","EAR_EMTA_SEX_CUR_NB","SEX_T","CUR_TYPE_PPP","2007",423.14,"B",,"T30:111_I11:264","R1:3513_T3:240"
"ARM","BB:173","EAR_EMTA_SEX_CUR_NB","SEX_T","CUR_TYPE_USD","2007",169.414,"B",,"T30:111_I11:264","R1:3513_T3:240"
"ARM","DA:177","EAR_EMTA_SEX_CUR_NB","SEX_T","CUR_TYPE_LCU","2006",62293,,,"T30:111",
"ARM","DA:177","EAR_EMTA_SEX_CUR_NB","SEX_T","CUR_TYPE_PPP","2006",461.704,,,"T30:111",
"ARM","DA:177","EAR_EMTA_SEX_CUR_NB","SEX_T","CUR_TYPE_USD","2006",149.728,,,"T30:111",
"ARM","DA:177","EAR_EMTA_SEX_CUR_NB","SEX_T","CUR_TYPE_LCU","2005",52060,,,"T30:111",
"ARM","DA:177","EAR_EMTA_SEX_CUR_NB","SEX_T","CUR_TYPE_PPP","2005",384.612,,,"T30:111",
"ARM","DA:177","EAR_EMTA_SEX_CUR_NB","SEX_T","CUR_TYPE_USD","2005",113.746,,,"T30:111",
"ARM","DA:177","EAR_EMTA_SEX_CUR_NB","SEX_T","CUR_TYPE_LCU","2004",43445,,,"T30:111",
"ARM","DA:177","EAR_EMTA_SEX_CUR_NB","SEX_T","CUR_TYPE_PPP","2004",312.417,,,"T30:111",
"ARM","DA:177","EAR_EMTA_SEX_CUR_NB","SEX_T","CUR_TYPE_USD","2004",81.441,,,"T30:111",
"ARM","DA:177","EAR_EMTA_SEX_CUR_NB","SEX_T","CUR_TYPE_LCU","2003",34783,,,"T30:111",
"ARM","DA:177","EAR_EMTA_SEX_CUR_NB","SEX_T","CUR_TYPE_PPP","2003",260.564,,,"T30:111",
"ARM","DA:177","EAR_EMTA_SEX_CUR_NB","SEX_T","CUR_TYPE_USD","2003",60.099,,,"T30:111",
"ARM","DA:177","EAR_EMTA_SEX_CUR_NB","SEX_T","CUR_TYPE_LCU","2002",27324,,,"T30:111",
"ARM","DA:177","EAR_EMTA_SEX_CUR_NB","SEX_T","CUR_TYPE_PPP","2002",209.594,,,"T30:111",
"ARM","DA:177","EAR_EMTA_SEX_CUR_NB","SEX_T","CUR_TYPE_USD","2002",47.657,,,"T30:111",
"ARM","DA:177","EAR_EMTA_SEX_CUR_NB","SEX_T","CUR_TYPE_LCU","2001",24483,,,"T30:111",
"ARM","DA:177","EAR_EMTA_SEX_CUR_NB","SEX_T","CUR_TYPE_PPP","2001",186.829,,,"T30:111",
"ARM","DA:177","EAR_EMTA_SEX_CUR_NB","SEX_T","CUR_TYPE_USD","2001",44.107,,,"T30:111",
"ARM","DA:177","EAR_EMTA_SEX_CUR_NB","SEX_T","CUR_TYPE_LCU","2000",21667,,,"T30:111",
"ARM","DA:177","EAR_EMTA_SEX_CUR_NB","SEX_T","CUR_TYPE_PPP","2000",165.854,,,"T30:111",
"ARM","DA:177","EAR_EMTA_SEX_CUR_NB","SEX_T","CUR_TYPE_USD","2000",40.159,,,"T30:111",
"ARM","DA:177","EAR_EMTA_SEX_CUR_NB","SEX_T","CUR_TYPE_LCU","1999",18835,,,"T30:111",
"ARM","DA:177","EAR_EMTA_SEX_CUR_NB","SEX_T","CUR_TYPE_PPP","1999",138.364,,,"T30:111",
"ARM","DA:177","EAR_EMTA_SEX_CUR_NB","SEX_T","CUR_TYPE_USD","1999",35.202,,,"T30:111",
"ARM","DA:177","EAR_EMTA_SEX_CUR_NB","SEX_T","CUR_TYPE_LCU","1998",15466,,,"T30:111",
"ARM","DA:177","EAR_EMTA_SEX_CUR_NB","SEX_T","CUR_TYPE_PPP","1998",111.903,,,"T30:111",
"ARM","DA:177","EAR_EMTA_SEX_CUR_NB","SEX_T","CUR_TYPE_USD","1998",30.631,,,"T30:111",
"ARM","DA:177","EAR_EMTA_SEX_CUR_NB","SEX_T","CUR_TYPE_LCU","1997",13581,,,"T8:127_T9:133_T10:138_T33:396_T30:111","S9:66"
"ARM","DA:177","EAR_EMTA_SEX_CUR_NB","SEX_T","CUR_TYPE_PPP","1997",105.154,,,"T8:127_T9:133_T10:138_T33:396_T30:111","S9:66"
"ARM","DA:177","EAR_EMTA_SEX_CUR_NB","SEX_T","CUR_TYPE_USD","1997",27.669,,,"T8:127_T9:133_T10:138_T33:396_T30:111","S9:66"
"ARM","DA:177","EAR_EMTA_SEX_CUR_NB","SEX_T","CUR_TYPE_LCU","1996",9469,,,"T8:127_T9:133_T10:138_T33:396_T30:111","S9:66"
"ARM","DA:177","EAR_EMTA_SEX_CUR_NB","SEX_T","CUR_TYPE_PPP","1996",81.643,,,"T8:127_T9:133_T10:138_T33:396_T30:111","S9:66"
"ARM","DA:177","EAR_EMTA_SEX_CUR_NB","SEX_T","CUR_TYPE_USD","1996",22.87,,,"T8:127_T9:133_T10:138_T33:396_T30:111","S9:66"
"ARM","DA:177","EAR_EMTA_SEX_CUR_NB","SEX_T","CUR_TYPE_LCU","1995",7060,,,"T8:127_T9:133_T10:138_T33:396_T30:111","S9:66"
"ARM","DA:177","EAR_EMTA_SEX_CUR_NB","SEX_T","CUR_TYPE_PPP","1995",70.186,,,"T8:127_T9:133_T10:138_T33:396_T30:111","S9:66"
"ARM","DA:177","EAR_EMTA_SEX_CUR_NB","SEX_T","CUR_TYPE_USD","1995",17.393,,,"T8:127_T9:133_T10:138_T33:396_T30:111","S9:66"
"ARM","DA:177","EAR_EMTA_SEX_CUR_NB","SEX_T","CUR_TYPE_LCU","1994",1748,,,"T8:127_T9:133_T10:138_T33:396_T30:111_I11:268","S9:66"
"ARM","DA:177","EAR_EMTA_SEX_CUR_NB","SEX_T","CUR_TYPE_PPP","1994",46.645,,,"T8:127_T9:133_T10:138_T33:396_T30:111_I11:268","S9:66"
"ARM","DA:177","EAR_EMTA_SEX_CUR_NB","SEX_T","CUR_TYPE_USD","1994",6.056,,,"T8:127_T9:133_T10:138_T33:396_T30:111_I11:268","S9:66"
"ARM","DA:177","EAR_EMTA_SEX_CUR_NB","SEX_T","CUR_TYPE_LCU","1993",12173,,,"T8:127_T9:133_T10:138_T33:396_T30:111","S9:66"
"ARM","DA:177","EAR_EMTA_SEX_CUR_NB","SEX_T","CUR_TYPE_PPP","1993",10997.203,,,"T8:127_T9:133_T10:138_T33:396_T30:111","S9:66"
"ARM","DA:177","EAR_EMTA_SEX_CUR_NB","SEX_T","CUR_TYPE_USD","1993",1336.958,,,"T8:127_T9:133_T10:138_T33:396_T30:111","S9:66"
"ARM","DA:177","EAR_EMTA_SEX_CUR_NB","SEX_T","CUR_TYPE_LCU","1992",1395,,,"T8:127_T9:133_T10:138_T33:396_T30:111","S9:66"
"ARM","DA:177","EAR_EMTA_SEX_CUR_NB","SEX_T","CUR_TYPE_LCU","1991",337,,,"T8:127_T9:133_T10:138_T33:396_T30:111","S9:66"
"ARM","DA:177","EAR_EMTA_SEX_CUR_NB","SEX_T","CUR_TYPE_LCU","1990",241,,,"T8:127_T9:133_T10:138_T33:396_T30:111","S9:66"
"ATG","BA:16714","EAR_EMTA_SEX_CUR_NB","SEX_T","CUR_TYPE_LCU","2023",2840.209,,,"T30:60","R1:3513"
"ATG","BA:16714","EAR_EMTA_SEX_CUR_NB","SEX_T","CUR_TYPE_PPP","2023",1319.621,,,"T30:60","R1:3513"
"ATG","BA:16714","EAR_EMTA_SEX_CUR_NB","SEX_T","CUR_TYPE_USD","2023",1051.929,,,"T30:60","R1:3513"
"ATG","BA:16714","EAR_EMTA_SEX_CUR_NB","SEX_T","CUR_TYPE_LCU","2018",2672.81,,,"T30:60","R1:3513"
"ATG","BA:16714","EAR_EMTA_SEX_CUR_NB","SEX_T","CUR_TYPE_PPP","2018",1128.264,,,"T30:60","R1:3513"
"ATG","BA:16714","EAR_EMTA_SEX_CUR_NB","SEX_T","CUR_TYPE_USD","2018",989.93,,,"T30:60","R1:3513"
"AUS","BB:15747","EAR_EMTA_SEX_CUR_NB","SEX_T","CUR_TYPE_LCU","2021",5905.537,,,"T30:212","R1:3513"
"AUS","BB:15747","EAR_EMTA_SEX_CUR_NB","SEX_T","CUR_TYPE_PPP","2021",3925.805,,,"T30:212","R1:3513"
"AUS","BB:15747","EAR_EMTA_SEX_CUR_NB","SEX_T","CUR_TYPE_USD","2021",4436.17,,,"T30:212","R1:3513"
"AUS","BB:15747","EAR_EMTA_SEX_CUR_NB","SEX_T","CUR_TYPE_LCU","2020",5629.683,,,"T30:212","R1:3513"
"AUS","BB:15747","EAR_EMTA_SEX_CUR_NB","SEX_T","CUR_TYPE_PPP","2020",3644.787,,,"T30:212","R1:3513"
"AUS","BB:15747","EAR_EMTA_SEX_CUR_NB","SEX_T","CUR_TYPE_USD","2020",3874.296,,,"T30:212","R1:3513"
"AUS","BB:15747","EAR_EMTA_SEX_CUR_NB","SEX_T","CUR_TYPE_LCU","2019",5518.336,,,"T30:212","R1:3513"
"AUS","BB:15747","EAR_EMTA_SEX_CUR_NB","SEX_T","CUR_TYPE_PPP","2019",3525.53,,,"T30:212","R1:3513"
"AUS","BB:15747","EAR_EMTA_SEX_CUR_NB","SEX_T","CUR_TYPE_USD","2019",3836.156,,,"T30:212","R1:3513"
"AUS","BB:15747","EAR_EMTA_SEX_CUR_NB","SEX_T","CUR_TYPE_LCU","2018",5323.882,,,"T30:212","R1:3513"
"AUS","BB:15747","EAR_EMTA_SEX_CUR_NB","SEX_T","CUR_TYPE_PPP","2018",3414.148,,,"T30:212","R1:3513"
"AUS","BB:15747","EAR_EMTA_SEX_CUR_NB","SEX_T","CUR_TYPE_USD","2018",3977.76,,,"T30:212","R1:3513"
"AUS","BB:15747","EAR_EMTA_SEX_CUR_NB","SEX_T","CUR_TYPE_LCU","2017",5178.878,,,"T30:212","R1:3513"
"AUS","BB:15747","EAR_EMTA_SEX_CUR_NB","SEX_T","CUR_TYPE_PPP","2017",3313.676,,,"T30:212","R1:3513"
"AUS","BB:15747","EAR_EMTA_SEX_CUR_NB","SEX_T","CUR_TYPE_USD","2017",3969.225,,,"T30:212","R1:3513"
"AUS","BB:15747","EAR_EMTA_SEX_CUR_NB","SEX_T","CUR_TYPE_LCU","2016",5071.584,,,"T30:212","R1:3513"
"AUS","BB:15747","EAR_EMTA_SEX_CUR_NB","SEX_T","CUR_TYPE_PPP","2016",3307.636,,,"T30:212","R1:3513"
"AUS","BB:15747","EAR_EMTA_SEX_CUR_NB","SEX_T","CUR_TYPE_USD","2016",3770.095,,,"T30:212","R1:3513"
"AUS","BB:15747","EAR_EMTA_SEX_CUR_NB","SEX_T","CUR_TYPE_LCU","2015",4836.662,,,"T30:212","R1:3513"
"AUS","BB:15747","EAR_EMTA_SEX_CUR_NB","SEX_T","CUR_TYPE_PPP","2015",3129.594,,,"T30:212","R1:3513"
"AUS","BB:15747","EAR_EMTA_SEX_CUR_NB","SEX_T","CUR_TYPE_USD","2015",3633.609,,,"T30:212","R1:3513"
"AUS","BB:15747","EAR_EMTA_SEX_CUR_NB","SEX_T","CUR_TYPE_LCU","2014",4800.452,,,"T30:212","R1:3513"
"AUS","BB:15747","EAR_EMTA_SEX_CUR_NB","SEX_T","CUR_TYPE_PPP","2014",3137.107,,,"T30:212","R1:3513"
"AUS","BB:15747","EAR_EMTA_SEX_CUR_NB","SEX_T","CUR_TYPE_USD","2014",4327.213,,,"T30:212","R1:3513"
"AUS","BB:15747","EAR_EMTA_SEX_CUR_NB","SEX_T","CUR_TYPE_LCU","2013",4686.129,,,"T30:212","R1:3513"
"AUS","BB:15747","EAR_EMTA_SEX_CUR_NB","SEX_T","CUR_TYPE_PPP","2013",3086.73,,,"T30:212","R1:3513"
"AUS","BB:15747","EAR_EMTA_SEX_CUR_NB","SEX_T","CUR_TYPE_USD","2013",4523.976,,,"T30:212","R1:3513"
"AUS","BB:15747","EAR_EMTA_SEX_CUR_NB","SEX_T","CUR_TYPE_LCU","2012",4633.052,,,"T30:212","R1:3513"
"AUS","BB:15747","EAR_EMTA_SEX_CUR_NB","SEX_T","CUR_TYPE_PPP","2012",2996.408,,,"T30:212","R1:3513"
"AUS","BB:15747","EAR_EMTA_SEX_CUR_NB","SEX_T","CUR_TYPE_USD","2012",4797.108,,,"T30:212","R1:3513"
"AUS","BB:15747","EAR_EMTA_SEX_CUR_NB","SEX_T","CUR_TYPE_LCU","2011",4425.492,,,"T30:212","R1:3513"
"AUS","BB:15747","EAR_EMTA_SEX_CUR_NB","SEX_T","CUR_TYPE_PPP","2011",2898.843,,,"T30:212","R1:3513"
"AUS","BB:15747","EAR_EMTA_SEX_CUR_NB","SEX_T","CUR_TYPE_USD","2011",4564.889,,,"T30:212","R1:3513"
"AUS","BB:15747","EAR_EMTA_SEX_CUR_NB","SEX_T","CUR_TYPE_LCU","2010",4312.991,,,"T30:212","R1:3513"
"AUS","BB:15747","EAR_EMTA_SEX_CUR_NB","SEX_T","CUR_TYPE_PPP","2010",2773.796,,,"T30:212","R1:3513"
"AUS","BB:15747","EAR_EMTA_SEX_CUR_NB","SEX_T","CUR_TYPE_USD","2010",3956.294,,,"T30:212","R1:3513"
"AUS","BB:15747","EAR_EMTA_SEX_CUR_NB","SEX_T","CUR_TYPE_LCU","2009",4078.189,,,"T30:212","R1:3513"
"AUS","BB:15747","EAR_EMTA_SEX_CUR_NB","SEX_T","CUR_TYPE_PPP","2009",2631.546,,,"T30:212","R1:3513"
"AUS","BB:15747","EAR_EMTA_SEX_CUR_NB","SEX_T","CUR_TYPE_USD","2009",3180.646,,,"T30:212","R1:3513"
"AUS","BB:15747","EAR_EMTA_SEX_CUR_NB","SEX_T","CUR_TYPE_LCU","2008",3996.722,,,"T30:212","R1:3513"
"AUS","BB:15747","EAR_EMTA_SEX_CUR_NB","SEX_T","CUR_TYPE_PPP","2008",2611.084,,,"T30:212","R1:3513"
"AUS","BB:15747","EAR_EMTA_SEX_CUR_NB","SEX_T","CUR_TYPE_USD","2008",3352.453,,,"T30:212","R1:3513"
"AUS","BB:15747","EAR_EMTA_SEX_CUR_NB","SEX_T","CUR_TYPE_LCU","2007",3718.602,,,"T30:212","R1:3513"
"AUS","BB:15747","EAR_EMTA_SEX_CUR_NB","SEX_T","CUR_TYPE_PPP","2007",2472.577,,,"T30:212","R1:3513"
"AUS","BB:15747","EAR_EMTA_SEX_CUR_NB","SEX_T","CUR_TYPE_USD","2007",3111.612,,,"T30:212","R1:3513"
"AUS","BB:15747","EAR_EMTA_SEX_CUR_NB","SEX_T","CUR_TYPE_LCU","2006",3519.786,,,"T30:212","R1:3513"
"AUS","BB:15747","EAR_EMTA_SEX_CUR_NB","SEX_T","CUR_TYPE_PPP","2006",2353.316,,,"T30:212","R1:3513"
"AUS","BB:15747","EAR_EMTA_SEX_CUR_NB","SEX_T","CUR_TYPE_USD","2006",2650.495,,,"T30:212","R1:3513"
"AUS","BB:15747","EAR_EMTA_SEX_CUR_NB","SEX_T","CUR_TYPE_LCU","2005",3327.375,,,"T30:212","R1:3513"
"AUS","BB:15747","EAR_EMTA_SEX_CUR_NB","SEX_T","CUR_TYPE_PPP","2005",2272.58,,,"T30:212","R1:3513"
"AUS","BB:15747","EAR_EMTA_SEX_CUR_NB","SEX_T","CUR_TYPE_USD","2005",2541.002,,,"T30:212","R1:3513"
"AUS","BB:15747","EAR_EMTA_SEX_CUR_NB","SEX_T","CUR_TYPE_LCU","2004",3109.75,,,"T30:212","R1:3513"
"AUS","BB:15747","EAR_EMTA_SEX_CUR_NB","SEX_T","CUR_TYPE_PPP","2004",2158.357,,,"T30:212","R1:3513"
"AUS","BB:15747","EAR_EMTA_SEX_CUR_NB","SEX_T","CUR_TYPE_USD","2004",2286.997,,,"T30:212","R1:3513"
"AUS","BB:15747","EAR_EMTA_SEX_CUR_NB","SEX_T","CUR_TYPE_LCU","2003",3051.079,,,"T30:212","R1:3513"
"AUS","BB:15747","EAR_EMTA_SEX_CUR_NB","SEX_T","CUR_TYPE_PPP","2003",2096.307,,,"T30:212","R1:3513"
"AUS","BB:15747","EAR_EMTA_SEX_CUR_NB","SEX_T","CUR_TYPE_USD","2003",1978.76,,,"T30:212","R1:3513"
"AUS","BB:15747","EAR_EMTA_SEX_CUR_NB","SEX_T","CUR_TYPE_LCU","2002",2921.565,,,"T30:212","R1:3513"
"AUS","BB:15747","EAR_EMTA_SEX_CUR_NB","SEX_T","CUR_TYPE_PPP","2002",2052.454,,,"T30:212","R1:3513"
"AUS","BB:15747","EAR_EMTA_SEX_CUR_NB","SEX_T","CUR_TYPE_USD","2002",1587.322,,,"T30:212","R1:3513"
"AUS","BB:15747","EAR_EMTA_SEX_CUR_NB","SEX_T","CUR_TYPE_LCU","2001",3068.934,,,"T30:212","R1:3513"
"AUS","BB:15747","EAR_EMTA_SEX_CUR_NB","SEX_T","CUR_TYPE_PPP","2001",2184.798,,,"T30:212","R1:3513"
"AUS","BB:15747","EAR_EMTA_SEX_CUR_NB","SEX_T","CUR_TYPE_USD","2001",1587.29,,,"T30:212","R1:3513"
"AUS","DA:603","EAR_EMTA_SEX_CUR_NB","SEX_T","CUR_TYPE_LCU","1995",655.956,,"C5:2067","T8:127_T9:133_T10:138_T12:146_T33:396_T30:212","S3:16_S9:66_S9:391"
"AUS","DA:603","EAR_EMTA_SEX_CUR_NB","SEX_T","CUR_TYPE_PPP","1995",476.627,,"C5:2067","T8:127_T9:133_T10:138_T12:146_T33:396_T30:212","S3:16_S9:66_S9:391"
"AUS","DA:603","EAR_EMTA_SEX_CUR_NB","SEX_T","CUR_TYPE_USD","1995",486.242,,"C5:2067","T8:127_T9:133_T10:138_T12:146_T33:396_T30:212","S3:16_S9:66_S9:391"
"AUS","DA:603","EAR_EMTA_SEX_CUR_NB","SEX_T","CUR_TYPE_LCU","1994",622.839,,"C5:2067","T8:127_T9:133_T10:138_T12:146_T33:396_T30:212_I11:271","S3:16_S9:66_S9:391"
"AUS","DA:603","EAR_EMTA_SEX_CUR_NB","SEX_T","CUR_TYPE_PPP","1994",455.554,,"C5:2067","T8:127_T9:133_T10:138_T12:146_T33:396_T30:212_I11:271","S3:16_S9:66_S9:391"
"AUS","DA:603","EAR_EMTA_SEX_CUR_NB","SEX_T","CUR_TYPE_USD","1994",455.375,,"C5:2067","T8:127_T9:133_T10:138_T12:146_T33:396_T30:212_I11:271","S3:16_S9:66_S9:391"
"AUS","DA:603","EAR_EMTA_SEX_CUR_NB","SEX_T","CUR_TYPE_LCU","1993",600.661,,"C5:2067","T8:127_T9:133_T10:138_T12:146_T33:396_T30:212","S3:16_S9:66_S9:391"
"AUS","DA:603","EAR_EMTA_SEX_CUR_NB","SEX_T","CUR_TYPE_PPP","1993",437.151,,"C5:2067","T8:127_T9:133_T10:138_T12:146_T33:396_T30:212","S3:16_S9:66_S9:391"
"AUS","DA:603","EAR_EMTA_SEX_CUR_NB","SEX_T","CUR_TYPE_USD","1993",408.457,,"C5:2067","T8:127_T9:133_T10:138_T12:146_T33:396_T30:212","S3:16_S9:66_S9:391"
"AUS","DA:603","EAR_EMTA_SEX_CUR_NB","SEX_T","CUR_TYPE_LCU","1992",577.604,,"C5:2067","T8:127_T9:133_T10:138_T12:146_T33:396_T30:212","S3:16_S9:66_S9:391"
"AUS","DA:603","EAR_EMTA_SEX_CUR_NB","SEX_T","CUR_TYPE_PPP","1992",418.707,,"C5:2067","T8:127_T9:133_T10:138_T12:146_T33:396_T30:212","S3:16_S9:66_S9:391"
"AUS","DA:603","EAR_EMTA_SEX_CUR_NB","SEX_T","CUR_TYPE_USD","1992",424.195,,"C5:2067","T8:127_T9:133_T10:138_T12:146_T33:396_T30:212","S3:16_S9:66_S9:391"
"AUS","DA:603","EAR_EMTA_SEX_CUR_NB","SEX_T","CUR_TYPE_LCU","1991",559.32,,"C5:2067","T8:127_T9:133_T10:138_T12:146_T33:396_T30:212","S3:16_S9:66_S9:391"
"AUS","DA:603","EAR_EMTA_SEX_CUR_NB","SEX_T","CUR_TYPE_PPP","1991",402.247,,"C5:2067","T8:127_T9:133_T10:138_T12:146_T33:396_T30:212","S3:16_S9:66_S9:391"
"AUS","DA:603","EAR_EMTA_SEX_CUR_NB","SEX_T","CUR_TYPE_USD","1991",435.69,,"C5:2067","T8:127_T9:133_T10:138_T12:146_T33:396_T30:212","S3:16_S9:66_S9:391"
"AUS","DA:603","EAR_EMTA_SEX_CUR_NB","SEX_T","CUR_TYPE_LCU","1990",536.106,,"C5:2067","T8:127_T9:133_T10:138_T12:146_T33:396_T30:212","S3:16_S9:66_S9:391"
"AUS","DA:603","EAR_EMTA_SEX_CUR_NB","SEX_T","CUR_TYPE_PPP","1990",386.765,,"C5:2067","T8:127_T9:133_T10:138_T12:146_T33:396_T30:212","S3:16_S9:66_S9:391"
"AUS","DA:603","EAR_EMTA_SEX_CUR_NB","SEX_T","CUR_TYPE_USD","1990",418.487,,"C5:2067","T8:127_T9:133_T10:138_T12:146_T33:396_T30:212","S3:16_S9:66_S9:391"
"AUT","BB:275","EAR_EMTA_SEX_CUR_NB","SEX_T","CUR_TYPE_LCU","2025",5446.933,,,"T30:161","R1:3513_T2:85"
"AUT","BB:275","EAR_EMTA_SEX_CUR_NB","SEX_T","CUR_TYPE_PPP","2025",7259.17,,,"T30:161","R1:3513_T2:85"
"AUT","BB:275","EAR_EMTA_SEX_CUR_NB","SEX_T","CUR_TYPE_USD","2025",6155.034,,,"T30:161","R1:3513_T2:85"
"AUT","BB:275","EAR_EMTA_SEX_CUR_NB","SEX_T","CUR_TYPE_LCU","2024",4922.564,,,"T30:161","R1:3513_T2:85"
"AUT","BB:275","EAR_EMTA_SEX_CUR_NB","SEX_T","CUR_TYPE_PPP","2024",6832.273,,,"T30:161","R1:3513_T2:85"
"AUT","BB:275","EAR_EMTA_SEX_CUR_NB","SEX_T","CUR_TYPE_USD","2024",5328.183,,,"T30:161","R1:3513_T2:85"
"AUT","BB:275","EAR_EMTA_SEX_CUR_NB","SEX_T","CUR_TYPE_LCU","2023",4490.404,,,"T30:161","R1:3513_T2:85"
"AUT","BB:275","EAR_EMTA_SEX_CUR_NB","SEX_T","CUR_TYPE_PPP","2023",6251.973,,,"T30:161","R1:3513_T2:85"
"AUT","BB:275","EAR_EMTA_SEX_CUR_NB","SEX_T","CUR_TYPE_USD","2023",4855.474,,,"T30:161","R1:3513_T2:85"
"AUT","BB:275","EAR_EMTA_SEX_CUR_NB","SEX_T","CUR_TYPE_LCU","2022",4256.412,,,"T30:161","R1:3513_T2:85"
"AUT","BB:275","EAR_EMTA_SEX_CUR_NB","SEX_T","CUR_TYPE_PPP","2022",5944.801,,,"T30:161","R1:3513_T2:85"
"AUT","BB:275","EAR_EMTA_SEX_CUR_NB","SEX_T","CUR_TYPE_USD","2022",4482.002,,,"T30:161","R1:3513_T2:85"
"AUT","BB:275","EAR_EMTA_SEX_CUR_NB","SEX_T","CUR_TYPE_LCU","2021",4275.853,,,"T30:161","R1:3513_T2:85"
"AUT","BB:275","EAR_EMTA_SEX_CUR_NB","SEX_T","CUR_TYPE_PPP","2021",5688.123,,,"T30:161","R1:3513_T2:85"
"AUT","BB:275","EAR_EMTA_SEX_CUR_NB","SEX_T","CUR_TYPE_USD","2021",5057.051,,,"T30:161","R1:3513_T2:85"
"AUT","BB:275","EAR_EMTA_SEX_CUR_NB","SEX_T","CUR_TYPE_LCU","2020",4161.638,,,"T30:161","R1:3513_T2:85"
"AUT","BB:275","EAR_EMTA_SEX_CUR_NB","SEX_T","CUR_TYPE_PPP","2020",5307.237,,,"T30:161","R1:3513_T2:85"
"AUT","BB:275","EAR_EMTA_SEX_CUR_NB","SEX_T","CUR_TYPE_USD","2020",4753.423,,,"T30:161","R1:3513_T2:85"
"AUT","BB:275","EAR_EMTA_SEX_CUR_NB","SEX_T","CUR_TYPE_LCU","2019",3977.213,,,"T30:161","R1:3513_T2:85"
"AUT","BB:275","EAR_EMTA_SEX_CUR_NB","SEX_T","CUR_TYPE_PPP","2019",4935.059,,,"T30:161","R1:3513_T2:85"
"AUT","BB:275","EAR_EMTA_SEX_CUR_NB","SEX_T","CUR_TYPE_USD","2019",4452.49,,,"T30:161","R1:3513_T2:85"
"AUT","BB:275","EAR_EMTA_SEX_CUR_NB","SEX_T","CUR_TYPE_LCU","2018",3865.847,,,"T30:161","R1:3513_T2:85"
"AUT","BB:275","EAR_EMTA_SEX_CUR_NB","SEX_T","CUR_TYPE_PPP","2018",4671.052,,,"T30:161","R1:3513_T2:85"
"AUT","BB:275","EAR_EMTA_SEX_CUR_NB","SEX_T","CUR_TYPE_USD","2018",4565.565,,,"T30:161","R1:3513_T2:85"
"AUT","BB:275","EAR_EMTA_SEX_CUR_NB","SEX_T","CUR_TYPE_LCU","2017",3796.298,,,"T30:161","R1:3513_T2:85"
"AUT","BB:275","EAR_EMTA_SEX_CUR_NB","SEX_T","CUR_TYPE_PPP","2017",4532.996,,,"T30:161","R1:3513_T2:85"
"AUT","BB:275","EAR_EMTA_SEX_CUR_NB","SEX_T","CUR_TYPE_USD","2017",4288.678,,,"T30:161","R1:3513_T2:85"
"AUT","BB:275","EAR_EMTA_SEX_CUR_NB","SEX_T","CUR_TYPE_LCU","2016",3752.687,,,"T30:161","R1:3513_T2:85"
"AUT","BB:275","EAR_EMTA_SEX_CUR_NB","SEX_T","CUR_TYPE_PPP","2016",4510.154,,,"T30:161","R1:3513_T2:85"
"AUT","BB:275","EAR_EMTA_SEX_CUR_NB","SEX_T","CUR_TYPE_USD","2016",4153.849,,,"T30:161","R1:3513_T2:85"
"AUT","BB:275","EAR_EMTA_SEX_CUR_NB","SEX_T","CUR_TYPE_LCU","2015",3667.316,,,"T30:161","R1:3513_T2:85"
"AUT","BB:275","EAR_EMTA_SEX_CUR_NB","SEX_T","CUR_TYPE_PPP","2015",4312.151,,,"T30:161","R1:3513_T2:85"
"AUT","BB:275","EAR_EMTA_SEX_CUR_NB","SEX_T","CUR_TYPE_USD","2015",4068.887,,,"T30:161","R1:3513_T2:85"
"AUT","BB:275","EAR_EMTA_SEX_CUR_NB","SEX_T","CUR_TYPE_LCU","2014",3662.191,,,"T30:161","R1:3513_T2:85"
"AUT","BB:275","EAR_EMTA_SEX_CUR_NB","SEX_T","CUR_TYPE_PPP","2014",4330.904,,,"T30:161","R1:3513_T2:85"
"AUT","BB:275","EAR_EMTA_SEX_CUR_NB","SEX_T","CUR_TYPE_USD","2014",4865.221,,,"T30:161","R1:3513_T2:85"
"AUT","BB:275","EAR_EMTA_SEX_CUR_NB","SEX_T","CUR_TYPE_LCU","2013",3581.594,,,"T30:161","R1:3513_T2:85"
"AUT","BB:275","EAR_EMTA_SEX_CUR_NB","SEX_T","CUR_TYPE_PPP","2013",4236.532,,,"T30:161","R1:3513_T2:85"
"AUT","BB:275","EAR_EMTA_SEX_CUR_NB","SEX_T","CUR_TYPE_USD","2013",4756.715,,,"T30:161","R1:3513_T2:85"
"AUT","BB:275","EAR_EMTA_SEX_CUR_NB","SEX_T","CUR_TYPE_LCU","2012",3459.086,,,"T30:161","R1:3513_T2:85"
"AUT","BB:275","EAR_EMTA_SEX_CUR_NB","SEX_T","CUR_TYPE_PPP","2012",4041.985,,,"T30:161","R1:3513_T2:85"
"AUT","BB:275","EAR_EMTA_SEX_CUR_NB","SEX_T","CUR_TYPE_USD","2012",4444.234,,,"T30:161","R1:3513_T2:85"
"AUT","BB:275","EAR_EMTA_SEX_CUR_NB","SEX_T","CUR_TYPE_LCU","2011",3335.132,,,"T30:161","R1:3513_T2:85"
"AUT","BB:275","EAR_EMTA_SEX_CUR_NB","SEX_T","CUR_TYPE_PPP","2011",3919.802,,,"T30:161","R1:3513_T2:85"
"AUT","BB:275","EAR_EMTA_SEX_CUR_NB","SEX_T","CUR_TYPE_USD","2011",4642.504,,,"T30:161","R1:3513_T2:85"
"AUT","BB:275","EAR_EMTA_SEX_CUR_NB","SEX_T","CUR_TYPE_LCU","2010",3374.459,,,"T30:161","R1:3513_T2:85"
"AUT","BB:275","EAR_EMTA_SEX_CUR_NB","SEX_T","CUR_TYPE_PPP","2010",3936.652,,,"T30:161","R1:3513_T2:85"
"AUT","BB:275","EAR_EMTA_SEX_CUR_NB","SEX_T","CUR_TYPE_USD","2010",4473.52,,,"T30:161","R1:3513_T2:85"
"AUT","BB:275","EAR_EMTA_SEX_CUR_NB","SEX_T","CUR_TYPE_LCU","2009",3296.399,,,"T30:161","R1:3513_T2:85"
"AUT","BB:275","EAR_EMTA_SEX_CUR_NB","SEX_T","CUR_TYPE_PPP","2009",3820.202,,,"T30:161","R1:3513_T2:85"
"AUT","BB:275","EAR_EMTA_SEX_CUR_NB","SEX_T","CUR_TYPE_USD","2009",4597.818,,,"T30:161","R1:3513_T2:85"
"AUT","BB:275","EAR_EMTA_SEX_CUR_NB","SEX_T","CUR_TYPE_LCU","2008",3135.246,,,"T30:161","R1:3513_T2:85"
"AUT","BB:275","EAR_EMTA_SEX_CUR_NB","SEX_T","CUR_TYPE_PPP","2008",3595.322,,,"T30:161","R1:3513_T2:85"
"AUT","BB:275","EAR_EMTA_SEX_CUR_NB","SEX_T","CUR_TYPE_USD","2008",4611.32,,,"T30:161","R1:3513_T2:85"
"AUT","BB:275","EAR_EMTA_SEX_CUR_NB","SEX_T","CUR_TYPE_LCU","2007",2812.792,,,"T30:161","R1:3513_T2:85"
"AUT","BB:275","EAR_EMTA_SEX_CUR_NB","SEX_T","CUR_TYPE_PPP","2007",3203.117,,,"T30:161","R1:3513_T2:85"
"AUT","BB:275","EAR_EMTA_SEX_CUR_NB","SEX_T","CUR_TYPE_USD","2007",3854.931,,,"T30:161","R1:3513_T2:85"
"AUT","BB:275","EAR_EMTA_SEX_CUR_NB","SEX_T","CUR_TYPE_LCU","2006",2250.82,,,"T30:161","R1:3513_T2:85"
"AUT","BB:275","EAR_EMTA_SEX_CUR_NB","SEX_T","CUR_TYPE_PPP","2006",2563.08,,,"T30:161","R1:3513_T2:85"
"AUT","BB:275","EAR_EMTA_SEX_CUR_NB","SEX_T","CUR_TYPE_USD","2006",2826.129,,,"T30:161","R1:3513_T2:85"
"AUT","BB:275","EAR_EMTA_SEX_CUR_NB","SEX_T","CUR_TYPE_LCU","2005",2247.152,,,"T30:161","R1:3513_T2:85"
"AUT","BB:275","EAR_EMTA_SEX_CUR_NB","SEX_T","CUR_TYPE_PPP","2005",2531.714,,,"T30:161","R1:3513_T2:85"
"AUT","BB:275","EAR_EMTA_SEX_CUR_NB","SEX_T","CUR_TYPE_USD","2005",2795.682,,,"T30:161","R1:3513_T2:85"
"AUT","BB:275","EAR_EMTA_SEX_CUR_NB","SEX_T","CUR_TYPE_LCU","2004",2163.847,,,"T30:161","R1:3513_T2:85"
"AUT","BB:275","EAR_EMTA_SEX_CUR_NB","SEX_T","CUR_TYPE_PPP","2004",2420.283,,,"T30:161","R1:3513_T2:85"
"AUT","BB:275","EAR_EMTA_SEX_CUR_NB","SEX_T","CUR_TYPE_USD","2004",2691.609,,,"T30:161","R1:3513_T2:85"
"AUT","FA:883","EAR_EMTA_SEX_CUR_NB","SEX_T","CUR_TYPE_LCU","2003",2305,,,"T8:127_T9:133_T10:138_T33:396_T30:161","S9:66"
"AUT","FA:883","EAR_EMTA_SEX_CUR_NB","SEX_T","CUR_TYPE_PPP","2003",2561.45,,,"T8:127_T9:133_T10:138_T33:396_T30:161","S9:66"
"AUT","FA:883","EAR_EMTA_SEX_CUR_NB","SEX_T","CUR_TYPE_USD","2003",2607.416,,,"T8:127_T9:133_T10:138_T33:396_T30:161","S9:66"
"AUT","DA:12952","EAR_EMTA_SEX_CUR_NB","SEX_T","CUR_TYPE_LCU","2002",2162.43,,,"T30:161","R1:2383_S3:21_S8:2603_S8:3907_S6:48"
"AUT","DA:12952","EAR_EMTA_SEX_CUR_NB","SEX_T","CUR_TYPE_PPP","2002",2371.379,,,"T30:161","R1:2383_S3:21_S8:2603_S8:3907_S6:48"
"AUT","DA:12952","EAR_EMTA_SEX_CUR_NB","SEX_T","CUR_TYPE_USD","2002",2044.794,,,"T30:161","R1:2383_S3:21_S8:2603_S8:3907_S6:48"
"AUT","FA:883","EAR_EMTA_SEX_CUR_NB","SEX_T","CUR_TYPE_LCU","2001",2254,,,"T8:127_T9:133_T10:138_T33:396_T30:161","S9:66"
"AUT","FA:883","EAR_EMTA_SEX_CUR_NB","SEX_T","CUR_TYPE_PPP","2001",2435.877,,,"T8:127_T9:133_T10:138_T33:396_T30:161","S9:66"
"AUT","FA:883","EAR_EMTA_SEX_CUR_NB","SEX_T","CUR_TYPE_USD","2001",2018.682,,,"T8:127_T9:133_T10:138_T33:396_T30:161","S9:66"
"AUT","FA:883","EAR_EMTA_SEX_CUR_NB","SEX_T","CUR_TYPE_LCU","2000",2112,,,"T8:127_T9:133_T10:138_T33:396_T30:161_I11:268","S9:66"
"AUT","FA:883","EAR_EMTA_SEX_CUR_NB","SEX_T","CUR_TYPE_PPP","2000",2324.939,,,"T8:127_T9:133_T10:138_T33:396_T30:161_I11:268","S9:66"
"AUT","FA:883","EAR_EMTA_SEX_CUR_NB","SEX_T","CUR_TYPE_USD","2000",1950.643,,,"T8:127_T9:133_T10:138_T33:396_T30:161_I11:268","S9:66"
"AZE","DA:126","EAR_EMTA_SEX_CUR_NB","SEX_T","CUR_TYPE_LCU","2022",839.4,"U",,"T8:127_T9:133_T10:138_T12:145_T30:112","S9:66"
"AZE","DA:126","EAR_EMTA_SEX_CUR_NB","SEX_T","CUR_TYPE_PPP","2022",1649.431,"U",,"T8:127_T9:133_T10:138_T12:145_T30:112","S9:66"
"AZE","DA:126","EAR_EMTA_SEX_CUR_NB","SEX_T","CUR_TYPE_USD","2022",493.765,"U",,"T8:127_T9:133_T10:138_T12:145_T30:112","S9:66"
"AZE","DA:126","EAR_EMTA_SEX_CUR_NB","SEX_T","CUR_TYPE_LCU","2021",732.1,,,"T8:127_T9:133_T10:138_T12:145_T30:112","S9:66"
"AZE","DA:126","EAR_EMTA_SEX_CUR_NB","SEX_T","CUR_TYPE_PPP","2021",1516.499,,,"T8:127_T9:133_T10:138_T12:145_T30:112","S9:66"
"AZE","DA:126","EAR_EMTA_SEX_CUR_NB","SEX_T","CUR_TYPE_USD","2021",430.647,,,"T8:127_T9:133_T10:138_T12:145_T30:112","S9:66"
"AZE","DA:126","EAR_EMTA_SEX_CUR_NB","SEX_T","CUR_TYPE_LCU","2020",707.3,,,"T8:127_T9:133_T10:138_T12:145_T30:112","S3:24_S9:66"
"AZE","DA:126","EAR_EMTA_SEX_CUR_NB","SEX_T","CUR_TYPE_PPP","2020",1506.44,,,"T8:127_T9:133_T10:138_T12:145_T30:112","S3:24_S9:66"
"AZE","DA:126","EAR_EMTA_SEX_CUR_NB","SEX_T","CUR_TYPE_USD","2020",416.059,,,"T8:127_T9:133_T10:138_T12:145_T30:112","S3:24_S9:66"
"AZE","DA:126","EAR_EMTA_SEX_CUR_NB","SEX_T","CUR_TYPE_LCU","2019",634.8,,,"T8:127_T9:133_T10:138_T12:145_T30:112","S3:24_S9:66"
"AZE","DA:126","EAR_EMTA_SEX_CUR_NB","SEX_T","CUR_TYPE_PPP","2019",1337.855,,,"T8:127_T9:133_T10:138_T12:145_T30:112","S3:24_S9:66"
"AZE","DA:126","EAR_EMTA_SEX_CUR_NB","SEX_T","CUR_TYPE_USD","2019",373.412,,,"T8:127_T9:133_T10:138_T12:145_T30:112","S3:24_S9:66"
"AZE","DA:126","EAR_EMTA_SEX_CUR_NB","SEX_T","CUR_TYPE_LCU","2018",544.6,,,"T8:127_T9:133_T10:138_T12:145_T30:112","S3:24_S9:66"
"AZE","DA:126","EAR_EMTA_SEX_CUR_NB","SEX_T","CUR_TYPE_PPP","2018",1128.217,,,"T8:127_T9:133_T10:138_T12:145_T30:112","S3:24_S9:66"
"AZE","DA:126","EAR_EMTA_SEX_CUR_NB","SEX_T","CUR_TYPE_USD","2018",320.35,,,"T8:127_T9:133_T10:138_T12:145_T30:112","S3:24_S9:66"
"AZE","DA:126","EAR_EMTA_SEX_CUR_NB","SEX_T","CUR_TYPE_LCU","2017",528.5,,,"T8:127_T9:133_T10:138_T12:145_T30:112","S9:66"
"AZE","DA:126","EAR_EMTA_SEX_CUR_NB","SEX_T","CUR_TYPE_PPP","2017",1097.127,,,"T8:127_T9:133_T10:138_T12:145_T30:112","S9:66"
"AZE","DA:126","EAR_EMTA_SEX_CUR_NB","SEX_T","CUR_TYPE_USD","2017",307.061,,,"T8:127_T9:133_T10:138_T12:145_T30:112","S9:66"
"AZE","DA:126","EAR_EMTA_SEX_CUR_NB","SEX_T","CUR_TYPE_LCU","2016",499.8,,,"T8:127_T9:133_T10:138_T12:145_T30:112","S9:66"
"AZE","DA:126","EAR_EMTA_SEX_CUR_NB","SEX_T","CUR_TYPE_PPP","2016",1210.431,,,"T8:127_T9:133_T10:138_T12:145_T30:112","S9:66"
"AZE","DA:126","EAR_EMTA_SEX_CUR_NB","SEX_T","CUR_TYPE_USD","2016",313.212,,,"T8:127_T9:133_T10:138_T12:145_T30:112","S9:66"
"AZE","DA:126","EAR_EMTA_SEX_CUR_NB","SEX_T","CUR_TYPE_LCU","2015",466.9,,,"T8:127_T9:133_T10:138_T12:145_T33:396_T30:112","S9:66"
"AZE","DA:126","EAR_EMTA_SEX_CUR_NB","SEX_T","CUR_TYPE_PPP","2015",1309.073,,,"T8:127_T9:133_T10:138_T12:145_T33:396_T30:112","S9:66"
"AZE","DA:126","EAR_EMTA_SEX_CUR_NB","SEX_T","CUR_TYPE_USD","2015",455.706,,,"T8:127_T9:133_T10:138_T12:145_T33:396_T30:112","S9:66"
"AZE","DA:126","EAR_EMTA_SEX_CUR_NB","SEX_T","CUR_TYPE_LCU","2014",444.5,,,"T8:127_T9:133_T10:138_T12:145_T33:396_T30:112","S9:66"
"AZE","DA:126","EAR_EMTA_SEX_CUR_NB","SEX_T","CUR_TYPE_PPP","2014",1382.635,,,"T8:127_T9:133_T10:138_T12:145_T33:396_T30:112","S9:66"
"AZE","DA:126","EAR_EMTA_SEX_CUR_NB","SEX_T","CUR_TYPE_USD","2014",566.713,,,"T8:127_T9:133_T10:138_T12:145_T33:396_T30:112","S9:66"
"AZE","DA:126","EAR_EMTA_SEX_CUR_NB","SEX_T","CUR_TYPE_LCU","2013",425.1,,,"T8:127_T9:133_T10:138_T12:145_T33:396_T30:112","S9:66"
"AZE","DA:126","EAR_EMTA_SEX_CUR_NB","SEX_T","CUR_TYPE_PPP","2013",1311.328,,,"T8:127_T9:133_T10:138_T12:145_T33:396_T30:112","S9:66"
"AZE","DA:126","EAR_EMTA_SEX_CUR_NB","SEX_T","CUR_TYPE_USD","2013",541.845,,,"T8:127_T9:133_T10:138_T12:145_T33:396_T30:112","S9:66"
"AZE","DA:126","EAR_EMTA_SEX_CUR_NB","SEX_T","CUR_TYPE_LCU","2012",398.4,,,"T8:127_T9:133_T10:138_T12:145_T33:396_T30:112","S9:66"
"AZE","DA:126","EAR_EMTA_SEX_CUR_NB","SEX_T","CUR_TYPE_PPP","2012",1323.614,,,"T8:127_T9:133_T10:138_T12:145_T33:396_T30:112","S9:66"
"AZE","DA:126","EAR_EMTA_SEX_CUR_NB","SEX_T","CUR_TYPE_USD","2012",507.099,,,"T8:127_T9:133_T10:138_T12:145_T33:396_T30:112","S9:66"
"AZE","DA:126","EAR_EMTA_SEX_CUR_NB","SEX_T","CUR_TYPE_LCU","2011",364.2,,,"T8:127_T9:133_T10:138_T12:145_T33:396_T30:112","S9:66"
"AZE","DA:126","EAR_EMTA_SEX_CUR_NB","SEX_T","CUR_TYPE_PPP","2011",1126.02,,,"T8:127_T9:133_T10:138_T12:145_T33:396_T30:112","S9:66"
"AZE","DA:126","EAR_EMTA_SEX_CUR_NB","SEX_T","CUR_TYPE_USD","2011",461.196,,,"T8:127_T9:133_T10:138_T12:145_T33:396_T30:112","S9:66"
"AZE","DA:126","EAR_EMTA_SEX_CUR_NB","SEX_T","CUR_TYPE_LCU","2010",331.5,,,"T34:2127_T30:112",
"AZE","DA:126","EAR_EMTA_SEX_CUR_NB","SEX_T","CUR_TYPE_PPP","2010",1071.631,,,"T34:2127_T30:112",
"AZE","DA:126","EAR_EMTA_SEX_CUR_NB","SEX_T","CUR_TYPE_USD","2010",413.007,,,"T34:2127_T30:112",
"AZE","DA:126","EAR_EMTA_SEX_CUR_NB","SEX_T","CUR_TYPE_LCU","2009",298,,,"T34:2127_T30:112",
"AZE","DA:126","EAR_EMTA_SEX_CUR_NB","SEX_T","CUR_TYPE_PPP","2009",1002.072,,,"T34:2127_T30:112",
"AZE","DA:126","EAR_EMTA_SEX_CUR_NB","SEX_T","CUR_TYPE_USD","2009",370.747,,,"T34:2127_T30:112",
"AZE","DA:126","EAR_EMTA_SEX_CUR_NB","SEX_T","CUR_TYPE_LCU","2008",274.4,,,"T34:2127_T30:112",
"AZE","DA:126","EAR_EMTA_SEX_CUR_NB","SEX_T","CUR_TYPE_PPP","2008",939.498,,,"T34:2127_T30:112",
"AZE","DA:126","EAR_EMTA_SEX_CUR_NB","SEX_T","CUR_TYPE_USD","2008",333.974,,,"T34:2127_T30:112",
"AZE","DA:126","EAR_EMTA_SEX_CUR_NB","SEX_T","CUR_TYPE_LCU","2007",215.8,,,"T34:2127_T30:112",
"AZE","DA:126","EAR_EMTA_SEX_CUR_NB","SEX_T","CUR_TYPE_PPP","2007",859.895,,,"T34:2127_T30:112",
"AZE","DA:126","EAR_EMTA_SEX_CUR_NB","SEX_T","CUR_TYPE_USD","2007",251.479,,,"T34:2127_T30:112",
"AZE","DA:126","EAR_EMTA_SEX_CUR_NB","SEX_T","CUR_TYPE_LCU","2006",149,,,"T34:2127_T30:112",
"AZE","DA:126","EAR_EMTA_SEX_CUR_NB","SEX_T","CUR_TYPE_PPP","2006",673.65,,,"T34:2127_T30:112",
"AZE","DA:126","EAR_EMTA_SEX_CUR_NB","SEX_T","CUR_TYPE_USD","2006",166.77,,,"T34:2127_T30:112",
"AZE","DA:126","EAR_EMTA_SEX_CUR_NB","SEX_T","CUR_TYPE_LCU","2005",123.6,,,"T34:2127_T30:112",
"AZE","DA:126","EAR_EMTA_SEX_CUR_NB","SEX_T","CUR_TYPE_PPP","2005",586.438,,,"T34:2127_T30:112",
"AZE","DA:126","EAR_EMTA_SEX_CUR_NB","SEX_T","CUR_TYPE_USD","2005",130.735,,,"T34:2127_T30:112",
"AZE","DA:126","EAR_EMTA_SEX_CUR_NB","SEX_T","CUR_TYPE_LCU","2004",99.4,,,"T34:2127_T30:112",
"AZE","DA:126","EAR_EMTA_SEX_CUR_NB","SEX_T","CUR_TYPE_PPP","2004",500.295,,,"T34:2127_T30:112",
"AZE","DA:126","EAR_EMTA_SEX_CUR_NB","SEX_T","CUR_TYPE_USD","2004",101.15,,,"T34:2127_T30:112",
"AZE","DA:126","EAR_EMTA_SEX_CUR_NB","SEX_T","CUR_TYPE_LCU","2003",77.4,,,"T34:2127_T30:112",
"AZE","DA:126","EAR_EMTA_SEX_CUR_NB","SEX_T","CUR_TYPE_PPP","2003",404.862,,,"T34:2127_T30:112",
"AZE","DA:126","EAR_EMTA_SEX_CUR_NB","SEX_T","CUR_TYPE_USD","2003",78.807,,,"T34:2127_T30:112",
"AZE","DA:126","EAR_EMTA_SEX_CUR_NB","SEX_T","CUR_TYPE_LCU","2002",63.1,,,"T34:2127_T30:112",
"AZE","DA:126","EAR_EMTA_SEX_CUR_NB","SEX_T","CUR_TYPE_PPP","2002",329.945,,,"T34:2127_T30:112",
"AZE","DA:126","EAR_EMTA_SEX_CUR_NB","SEX_T","CUR_TYPE_USD","2002",64.907,,,"T34:2127_T30:112",
"AZE","DA:126","EAR_EMTA_SEX_CUR_NB","SEX_T","CUR_TYPE_LCU","2001",52,,,"T34:2127_T30:112",
"AZE","DA:126","EAR_EMTA_SEX_CUR_NB","SEX_T","CUR_TYPE_PPP","2001",275.076,,,"T34:2127_T30:112",
"AZE","DA:126","EAR_EMTA_SEX_CUR_NB","SEX_T","CUR_TYPE_USD","2001",55.835,,,"T34:2127_T30:112",
"AZE","DA:126","EAR_EMTA_SEX_CUR_NB","SEX_T","CUR_TYPE_LCU","2000",44.3,,,"T34:2127_T30:112",
"AZE","DA:126","EAR_EMTA_SEX_CUR_NB","SEX_T","CUR_TYPE_PPP","2000",231.429,,,"T34:2127_T30:112",
"AZE","DA:126","EAR_EMTA_SEX_CUR_NB","SEX_T","CUR_TYPE_USD","2000",49.507,,,"T34:2127_T30:112",
"AZE","DA:126","EAR_EMTA_SEX_CUR_NB","SEX_T","CUR_TYPE_LCU","1999",36.9,,,"T34:2127_T30:112",
"AZE","DA:126","EAR_EMTA_SEX_CUR_NB","SEX_T","CUR_TYPE_PPP","1999",189.839,,,"T34:2127_T30:112",
"AZE","DA:126","EAR_EMTA_SEX_CUR_NB","SEX_T","CUR_TYPE_USD","1999",44.78,,,"T34:2127_T30:112",
"AZE","DA:126","EAR_EMTA_SEX_CUR_NB","SEX_T","CUR_TYPE_LCU","1998",33.7,,,"T34:2127_T30:112",
"AZE","DA:126","EAR_EMTA_SEX_CUR_NB","SEX_T","CUR_TYPE_PPP","1998",155.2,,,"T34:2127_T30:112",
"AZE","DA:126","EAR_EMTA_SEX_CUR_NB","SEX_T","CUR_TYPE_USD","1998",43.551,,,"T34:2127_T30:112",
"BDI","BB:7040","EAR_EMTA_SEX_CUR_NB","SEX_T","CUR_TYPE_LCU","2020",96843.791,,,"T30:6","R1:3513"
"BDI","BB:7040","EAR_EMTA_SEX_CUR_NB","SEX_T","CUR_TYPE_PPP","2020",152.778,,,"T30:6","R1:3513"
"BDI","BB:7040","EAR_EMTA_SEX_CUR_NB","SEX_T","CUR_TYPE_USD","2020",50.57,,,"T30:6","R1:3513"
"BDI","BB:7040","EAR_EMTA_SEX_CUR_NB","SEX_T","CUR_TYPE_LCU","2014",64028.147,,,"T30:6","R1:3513"
"BDI","BB:7040","EAR_EMTA_SEX_CUR_NB","SEX_T","CUR_TYPE_PPP","2014",114.616,,,"T30:6","R1:3513"
"BDI","BB:7040","EAR_EMTA_SEX_CUR_NB","SEX_T","CUR_TYPE_USD","2014",41.397,,,"T30:6","R1:3513"
"BEL","BB:276","EAR_EMTA_SEX_CUR_NB","SEX_T","CUR_TYPE_LCU","2025",6233.682,,,"T30:163","R1:3513_T2:85"
"BEL","BB:276","EAR_EMTA_SEX_CUR_NB","SEX_T","CUR_TYPE_PPP","2025",8077.25,,,"T30:163","R1:3513_T2:85"
"BEL","BB:276","EAR_EMTA_SEX_CUR_NB","SEX_T","CUR_TYPE_USD","2025",7044.061,,,"T30:163","R1:3513_T2:85"
"BEL","BB:276","EAR_EMTA_SEX_CUR_NB","SEX_T","CUR_TYPE_LCU","2024",6229.047,,,"T30:163","R1:3513_T2:85"
"BEL","BB:276","EAR_EMTA_SEX_CUR_NB","SEX_T","CUR_TYPE_PPP","2024",8281.512,,,"T30:163","R1:3513_T2:85"
"BEL","BB:276","EAR_EMTA_SEX_CUR_NB","SEX_T","CUR_TYPE_USD","2024",6742.32,,,"T30:163","R1:3513_T2:85"
"BEL","BB:276","EAR_EMTA_SEX_CUR_NB","SEX_T","CUR_TYPE_LCU","2023",5825.694,,,"T30:163","R1:3513_T2:85"
"BEL","BB:276","EAR_EMTA_SEX_CUR_NB","SEX_T","CUR_TYPE_PPP","2023",7734.56,,,"T30:163","R1:3513_T2:85"
"BEL","BB:276","EAR_EMTA_SEX_CUR_NB","SEX_T","CUR_TYPE_USD","2023",6299.322,,,"T30:163","R1:3513_T2:85"
"BEL","BB:276","EAR_EMTA_SEX_CUR_NB","SEX_T","CUR_TYPE_LCU","2022",5397.058,,,"T30:163","R1:3513_T2:85"
"BEL","BB:276","EAR_EMTA_SEX_CUR_NB","SEX_T","CUR_TYPE_PPP","2022",6927.956,,,"T30:163","R1:3513_T2:85"
"BEL","BB:276","EAR_EMTA_SEX_CUR_NB","SEX_T","CUR_TYPE_USD","2022",5683.102,,,"T30:163","R1:3513_T2:85"
"BEL","BB:276","EAR_EMTA_SEX_CUR_NB","SEX_T","CUR_TYPE_LCU","2021",5180.976,,,"T30:163","R1:3513_T2:85"
"BEL","BB:276","EAR_EMTA_SEX_CUR_NB","SEX_T","CUR_TYPE_PPP","2021",6476.731,,,"T30:163","R1:3513_T2:85"
"BEL","BB:276","EAR_EMTA_SEX_CUR_NB","SEX_T","CUR_TYPE_USD","2021",6127.541,,,"T30:163","R1:3513_T2:85"
"BEL","BB:276","EAR_EMTA_SEX_CUR_NB","SEX_T","CUR_TYPE_LCU","2020",5040.321,,,"T30:163","R1:3513_T2:85"
"BEL","BB:276","EAR_EMTA_SEX_CUR_NB","SEX_T","CUR_TYPE_PPP","2020",6320.723,,,"T30:163","R1:3513_T2:85"
"BEL","BB:276","EAR_EMTA_SEX_CUR_NB","SEX_T","CUR_TYPE_USD","2020",5757.055,,,"T30:163","R1:3513_T2:85"
"BEL","BB:276","EAR_EMTA_SEX_CUR_NB","SEX_T","CUR_TYPE_LCU","2019",4941.387,,,"T30:163","R1:3513_T2:85"
"BEL","BB:276","EAR_EMTA_SEX_CUR_NB","SEX_T","CUR_TYPE_PPP","2019",6041.642,,,"T30:163","R1:3513_T2:85"
"BEL","BB:276","EAR_EMTA_SEX_CUR_NB","SEX_T","CUR_TYPE_USD","2019",5531.882,,,"T30:163","R1:3513_T2:85"
"BEL","BB:276","EAR_EMTA_SEX_CUR_NB","SEX_T","CUR_TYPE_LCU","2018",4701.583,,,"T30:163","R1:3513_T2:85"
"BEL","BB:276","EAR_EMTA_SEX_CUR_NB","SEX_T","CUR_TYPE_PPP","2018",5556.231,,,"T30:163","R1:3513_T2:85"
"BEL","BB:276","EAR_EMTA_SEX_CUR_NB","SEX_T","CUR_TYPE_USD","2018",5552.569,,,"T30:163","R1:3513_T2:85"
"BEL","BB:276","EAR_EMTA_SEX_CUR_NB","SEX_T","CUR_TYPE_LCU","2017",4655.451,,,"T30:163","R1:3513_T2:85"
"BEL","BB:276","EAR_EMTA_SEX_CUR_NB","SEX_T","CUR_TYPE_PPP","2017",5431.27,,,"T30:163","R1:3513_T2:85"
"BEL","BB:276","EAR_EMTA_SEX_CUR_NB","SEX_T","CUR_TYPE_USD","2017",5259.263,,,"T30:163","R1:3513_T2:85"
"BEL","BB:276","EAR_EMTA_SEX_CUR_NB","SEX_T","CUR_TYPE_LCU","2016",4566.641,,,"T30:163","R1:3513_T2:85"
"BEL","BB:276","EAR_EMTA_SEX_CUR_NB","SEX_T","CUR_TYPE_PPP","2016",5347.217,,,"T30:163","R1:3513_T2:85"
"BEL","BB:276","EAR_EMTA_SEX_CUR_NB","SEX_T","CUR_TYPE_USD","2016",5054.815,,,"T30:163","R1:3513_T2:85"
"BEL","BB:276","EAR_EMTA_SEX_CUR_NB","SEX_T","CUR_TYPE_LCU","2015",4517.856,,,"T30:163","R1:3513_T2:85"
"BEL","BB:276","EAR_EMTA_SEX_CUR_NB","SEX_T","CUR_TYPE_PPP","2015",5220.884,,,"T30:163","R1:3513_T2:85"
"BEL","BB:276","EAR_EMTA_SEX_CUR_NB","SEX_T","CUR_TYPE_USD","2015",5012.561,,,"T30:163","R1:3513_T2:85"
"BEL","BB:276","EAR_EMTA_SEX_CUR_NB","SEX_T","CUR_TYPE_LCU","2014",4527.225,,,"T30:163","R1:3513_T2:85"
"BEL","BB:276","EAR_EMTA_SEX_CUR_NB","SEX_T","CUR_TYPE_PPP","2014",5264.858,,,"T30:163","R1:3513_T2:85"
"BEL","BB:276","EAR_EMTA_SEX_CUR_NB","SEX_T","CUR_TYPE_USD","2014",6014.418,,,"T30:163","R1:3513_T2:85"
"BEL","BB:276","EAR_EMTA_SEX_CUR_NB","SEX_T","CUR_TYPE_LCU","2013",4422.129,,,"T30:163","R1:3513_T2:85"
"BEL","BB:276","EAR_EMTA_SEX_CUR_NB","SEX_T","CUR_TYPE_PPP","2013",5075.731,,,"T30:163","R1:3513_T2:85"
"BEL","BB:276","EAR_EMTA_SEX_CUR_NB","SEX_T","CUR_TYPE_USD","2013",5873.029,,,"T30:163","R1:3513_T2:85"
"BEL","BB:276","EAR_EMTA_SEX_CUR_NB","SEX_T","CUR_TYPE_LCU","2012",4252.609,,,"T30:163","R1:3513_T2:85"
"BEL","BB:276","EAR_EMTA_SEX_CUR_NB","SEX_T","CUR_TYPE_PPP","2012",4815.438,,,"T30:163","R1:3513_T2:85"
"BEL","BB:276","EAR_EMTA_SEX_CUR_NB","SEX_T","CUR_TYPE_USD","2012",5463.753,,,"T30:163","R1:3513_T2:85"
"BEL","BB:276","EAR_EMTA_SEX_CUR_NB","SEX_T","CUR_TYPE_LCU","2011",4118.507,,,"T30:163","R1:3513_T2:85"
"BEL","BB:276","EAR_EMTA_SEX_CUR_NB","SEX_T","CUR_TYPE_PPP","2011",4676.322,,,"T30:163","R1:3513_T2:85"
"BEL","BB:276","EAR_EMTA_SEX_CUR_NB","SEX_T","CUR_TYPE_USD","2011",5732.962,,,"T30:163","R1:3513_T2:85"
"BEL","BB:276","EAR_EMTA_SEX_CUR_NB","SEX_T","CUR_TYPE_LCU","2010",4016.742,,,"T30:163","R1:3513_T2:85"
"BEL","BB:276","EAR_EMTA_SEX_CUR_NB","SEX_T","CUR_TYPE_PPP","2010",4489.495,,,"T30:163","R1:3513_T2:85"
"BEL","BB:276","EAR_EMTA_SEX_CUR_NB","SEX_T","CUR_TYPE_USD","2010",5324.996,,,"T30:163","R1:3513_T2:85"
"BEL","BB:276","EAR_EMTA_SEX_CUR_NB","SEX_T","CUR_TYPE_LCU","2009",3922.081,,,"T30:163","R1:3513_T2:85"
"BEL","BB:276","EAR_EMTA_SEX_CUR_NB","SEX_T","CUR_TYPE_PPP","2009",4345.912,,,"T30:163","R1:3513_T2:85"
"BEL","BB:276","EAR_EMTA_SEX_CUR_NB","SEX_T","CUR_TYPE_USD","2009",5470.519,,,"T30:163","R1:3513_T2:85"
"BEL","BB:276","EAR_EMTA_SEX_CUR_NB","SEX_T","CUR_TYPE_LCU","2008",3706.729,,,"T30:163","R1:3513_T2:85"
"BEL","BB:276","EAR_EMTA_SEX_CUR_NB","SEX_T","CUR_TYPE_PPP","2008",4042.507,,,"T30:163","R1:3513_T2:85"
"BEL","BB:276","EAR_EMTA_SEX_CUR_NB","SEX_T","CUR_TYPE_USD","2008",5451.856,,,"T30:163","R1:3513_T2:85"
"BEL","BB:276","EAR_EMTA_SEX_CUR_NB","SEX_T","CUR_TYPE_LCU","2007",3722.836,,,"T30:163","R1:3513_T2:85"
"BEL","BB:276","EAR_EMTA_SEX_CUR_NB","SEX_T","CUR_TYPE_PPP","2007",4021.792,,,"T30:163","R1:3513_T2:85"
"BEL","BB:276","EAR_EMTA_SEX_CUR_NB","SEX_T","CUR_TYPE_USD","2007",5102.147,,,"T30:163","R1:3513_T2:85"
"BEL","BB:276","EAR_EMTA_SEX_CUR_NB","SEX_T","CUR_TYPE_LCU","2006",2685.664,,,"T30:163","R1:3513_T2:85"
"BEL","BB:276","EAR_EMTA_SEX_CUR_NB","SEX_T","CUR_TYPE_PPP","2006",2911.498,,,"T30:163","R1:3513_T2:85"
"BEL","BB:276","EAR_EMTA_SEX_CUR_NB","SEX_T","CUR_TYPE_USD","2006",3372.12,,,"T30:163","R1:3513_T2:85"
"BEL","BB:276","EAR_EMTA_SEX_CUR_NB","SEX_T","CUR_TYPE_LCU","2005",2603.602,,,"T30:163","R1:3513_T2:85"
"BEL","BB:276","EAR_EMTA_SEX_CUR_NB","SEX_T","CUR_TYPE_PPP","2005",2818.788,,,"T30:163","R1:3513_T2:85"
"BEL","BB:276","EAR_EMTA_SEX_CUR_NB","SEX_T","CUR_TYPE_USD","2005",3239.141,,,"T30:163","R1:3513_T2:85"
"BEL","BB:276","EAR_EMTA_SEX_CUR_NB","SEX_T","CUR_TYPE_LCU","2004",2509.499,,,"T30:163","R1:3513_T2:85"
"BEL","BB:276","EAR_EMTA_SEX_CUR_NB","SEX_T","CUR_TYPE_PPP","2004",2721.909,,,"T30:163","R1:3513_T2:85"
"BEL","BB:276","EAR_EMTA_SEX_CUR_NB","SEX_T","CUR_TYPE_USD","2004",3121.566,,,"T30:163","R1:3513_T2:85"
"BEL","DA:283","EAR_EMTA_SEX_CUR_NB","SEX_T","CUR_TYPE_LCU","1994",101050,,"C5:1827_C5:2067","T8:127_T9:133_T10:138_T33:396_T30:263","S3:21_S9:68"
"BEL","DA:283","EAR_EMTA_SEX_CUR_NB","SEX_T","CUR_TYPE_LCU","1993",98362,,"C5:1827_C5:2067","T8:127_T9:133_T10:138_T33:396_T30:263","S3:21_S9:68"
"BEL","DA:283","EAR_EMTA_SEX_CUR_NB","SEX_T","CUR_TYPE_LCU","1992",95127,,"C5:1827_C5:2067","T8:127_T9:133_T10:138_T33:396_T30:263","S3:21_S9:68"
"BEL","DA:283","EAR_EMTA_SEX_CUR_NB","SEX_T","CUR_TYPE_LCU","1991",91357,,"C5:1827_C5:2067","T8:127_T9:133_T10:138_T33:396_T30:263","S3:21_S9:68"
"BEL","DA:283","EAR_EMTA_SEX_CUR_NB","SEX_T","CUR_TYPE_LCU","1990",86162,,"C5:1827_C5:2067","T8:127_T9:133_T10:138_T33:396_T30:264","S3:21_S9:68"
"BEL","DA:283","EAR_EMTA_SEX_CUR_NB","SEX_T","CUR_TYPE_LCU","1989",80822,,"C5:1827_C5:2067","T8:127_T9:133_T10:138_T33:396_T30:264","S3:21_S9:68"
"BEN","BB:426","EAR_EMTA_SEX_CUR_NB","SEX_T","CUR_TYPE_LCU","2022",84524.927,,,"T30:3","R1:3513"
"BEN","BB:426","EAR_EMTA_SEX_CUR_NB","SEX_T","CUR_TYPE_PPP","2022",411.27,,,"T30:3","R1:3513"
"BEN","BB:426","EAR_EMTA_SEX_CUR_NB","SEX_T","CUR_TYPE_USD","2022",135.693,,,"T30:3","R1:3513"
"BEN","BB:426","EAR_EMTA_SEX_CUR_NB","SEX_T","CUR_TYPE_LCU","2019",74175.732,,,"T30:3","R1:3513"
"BEN","BB:426","EAR_EMTA_SEX_CUR_NB","SEX_T","CUR_TYPE_PPP","2019",347.71,,,"T30:3","R1:3513"
"BEN","BB:426","EAR_EMTA_SEX_CUR_NB","SEX_T","CUR_TYPE_USD","2019",126.59,,,"T30:3","R1:3513"
"BEN","BB:426","EAR_EMTA_SEX_CUR_NB","SEX_T","CUR_TYPE_LCU","2011",78811.643,,,"T30:3","R1:3513"
"BEN","BB:426","EAR_EMTA_SEX_CUR_NB","SEX_T","CUR_TYPE_PPP","2011",349.633,,,"T30:3","R1:3513"
"BEN","BB:426","EAR_EMTA_SEX_CUR_NB","SEX_T","CUR_TYPE_USD","2011",167.24,,,"T30:3","R1:3513"
"BFA","BA:904","EAR_EMTA_SEX_CUR_NB","SEX_T","CUR_TYPE_LCU","2025",123467.988,,,"T30:5","R1:3513"
"BFA","BA:904","EAR_EMTA_SEX_CUR_NB","SEX_T","CUR_TYPE_PPP","2025",639.375,,,"T30:5","R1:3513"
"BFA","BA:904","EAR_EMTA_SEX_CUR_NB","SEX_T","CUR_TYPE_USD","2025",212.17,,,"T30:5","R1:3513"
"BFA","BA:904","EAR_EMTA_SEX_CUR_NB","SEX_T","CUR_TYPE_LCU","2024",102930.888,,,"T30:5","R1:3513"
"BFA","BA:904","EAR_EMTA_SEX_CUR_NB","SEX_T","CUR_TYPE_PPP","2024",515.977,,,"T30:5","R1:3513"
"BFA","BA:904","EAR_EMTA_SEX_CUR_NB","SEX_T","CUR_TYPE_USD","2024",169.756,,,"T30:5","R1:3513"
"BFA","BA:15678","EAR_EMTA_SEX_CUR_NB","SEX_T","CUR_TYPE_LCU","2023",103666.669,,,"T30:5","R1:3513"
"BFA","BA:15678","EAR_EMTA_SEX_CUR_NB","SEX_T","CUR_TYPE_PPP","2023",525.931,,,"T30:5","R1:3513"
"BFA","BA:15678","EAR_EMTA_SEX_CUR_NB","SEX_T","CUR_TYPE_USD","2023",170.906,,,"T30:5","R1:3513"
"BFA","BB:16126","EAR_EMTA_SEX_CUR_NB","SEX_T","CUR_TYPE_LCU","2022",84008.694,,,"T30:5","R1:3513"
"BFA","BB:16126","EAR_EMTA_SEX_CUR_NB","SEX_T","CUR_TYPE_PPP","2022",412.392,,,"T30:5","R1:3513"
"BFA","BB:16126","EAR_EMTA_SEX_CUR_NB","SEX_T","CUR_TYPE_USD","2022",134.681,,,"T30:5","R1:3513"
"BFA","BB:16126","EAR_EMTA_SEX_CUR_NB","SEX_T","CUR_TYPE_LCU","2019",111405.428,,,"T30:5","R1:3513"
"BFA","BB:16126","EAR_EMTA_SEX_CUR_NB","SEX_T","CUR_TYPE_PPP","2019",586.082,,,"T30:5","R1:3513"
"BFA","BB:16126","EAR_EMTA_SEX_CUR_NB","SEX_T","CUR_TYPE_USD","2019",190.141,,,"T30:5","R1:3513"
"BFA","BA:15678","EAR_EMTA_SEX_CUR_NB","SEX_T","CUR_TYPE_LCU","2018",107024.67,,,"T30:5","R1:3513"
"BFA","BA:15678","EAR_EMTA_SEX_CUR_NB","SEX_T","CUR_TYPE_PPP","2018",546.202,,,"T30:5","R1:3513"
"BFA","BA:15678","EAR_EMTA_SEX_CUR_NB","SEX_T","CUR_TYPE_USD","2018",192.682,,,"T30:5","R1:3513"
"BGD","BA:673","EAR_EMTA_SEX_CUR_NB","SEX_T","CUR_TYPE_LCU","2024",15516.525,,,"T30:114","R1:3513"
"BGD","BA:673","EAR_EMTA_SEX_CUR_NB","SEX_T","CUR_TYPE_PPP","2024",470.333,,,"T30:114","R1:3513"
"BGD","BA:673","EAR_EMTA_SEX_CUR_NB","SEX_T","CUR_TYPE_USD","2024",134.222,,,"T30:114","R1:3513"
"BGD","BA:673","EAR_EMTA_SEX_CUR_NB","SEX_T","CUR_TYPE_LCU","2023",13802.508,,,"T30:114","R1:3513"
"BGD","BA:673","EAR_EMTA_SEX_CUR_NB","SEX_T","CUR_TYPE_PPP","2023",448.923,,,"T30:114","R1:3513"
"BGD","BA:673","EAR_EMTA_SEX_CUR_NB","SEX_T","CUR_TYPE_USD","2023",129.833,,,"T30:114","R1:3513"
"BGD","BA:673","EAR_EMTA_SEX_CUR_NB","SEX_T","CUR_TYPE_LCU","2022",13403.404,,,"T30:114","R1:3513"
"BGD","BA:673","EAR_EMTA_SEX_CUR_NB","SEX_T","CUR_TYPE_PPP","2022",460.09,,,"T30:114","R1:3513"
"BGD","BA:673","EAR_EMTA_SEX_CUR_NB","SEX_T","CUR_TYPE_USD","2022",146.093,,,"T30:114","R1:3513"
"BGD","BA:673","EAR_EMTA_SEX_CUR_NB","SEX_T","CUR_TYPE_LCU","2017",11811.698,,,"T30:114","R1:3513"
"BGD","BA:673","EAR_EMTA_SEX_CUR_NB","SEX_T","CUR_TYPE_PPP","2017",407.15,,,"T30:114","R1:3513"
"BGD","BA:673","EAR_EMTA_SEX_CUR_NB","SEX_T","CUR_TYPE_USD","2017",146.843,,,"T30:114","R1:3513"
"BGD","BA:673","EAR_EMTA_SEX_CUR_NB","SEX_T","CUR_TYPE_LCU","2016",12915,,,"T8:252_T9:133_T10:138_T12:145_T30:114","S5:38"
"BGD","BA:673","EAR_EMTA_SEX_CUR_NB","SEX_T","CUR_TYPE_PPP","2016",460.152,,,"T8:252_T9:133_T10:138_T12:145_T30:114","S5:38"
"BGD","BA:673","EAR_EMTA_SEX_CUR_NB","SEX_T","CUR_TYPE_USD","2016",164.589,,,"T8:252_T9:133_T10:138_T12:145_T30:114","S5:38"
"BGD","BA:673","EAR_EMTA_SEX_CUR_NB","SEX_T","CUR_TYPE_LCU","2013",11229.39,"B",,"T30:114_I11:264","R1:3513"
"BGD","BA:673","EAR_EMTA_SEX_CUR_NB","SEX_T","CUR_TYPE_PPP","2013",436.479,"B",,"T30:114_I11:264","R1:3513"
"BGD","BA:673","EAR_EMTA_SEX_CUR_NB","SEX_T","CUR_TYPE_USD","2013",143.776,"B",,"T30:114_I11:264","R1:3513"
"BGR","BB:3058","EAR_EMTA_SEX_CUR_NB","SEX_T","CUR_TYPE_LCU","2025",1392.171,,,"T30:385","R1:3513_T2:85"
"BGR","BB:3058","EAR_EMTA_SEX_CUR_NB","SEX_T","CUR_TYPE_PPP","2025",3357.729,,,"T30:385","R1:3513_T2:85"
"BGR","BB:3058","EAR_EMTA_SEX_CUR_NB","SEX_T","CUR_TYPE_USD","2025",1573.153,,,"T30:385","R1:3513_T2:85"
"BGR","BB:3058","EAR_EMTA_SEX_CUR_NB","SEX_T","CUR_TYPE_LCU","2024",1199.782,,,"T30:385","R1:3513_T2:85"
"BGR","BB:3058","EAR_EMTA_SEX_CUR_NB","SEX_T","CUR_TYPE_PPP","2024",3076.478,,,"T30:385","R1:3513_T2:85"
"BGR","BB:3058","EAR_EMTA_SEX_CUR_NB","SEX_T","CUR_TYPE_USD","2024",1298.643,,,"T30:385","R1:3513_T2:85"
"BGR","BB:3058","EAR_EMTA_SEX_CUR_NB","SEX_T","CUR_TYPE_LCU","2023",1010.359,,,"T30:385","R1:3513_T2:85"
"BGR","BB:3058","EAR_EMTA_SEX_CUR_NB","SEX_T","CUR_TYPE_PPP","2023",2651.282,,,"T30:385","R1:3513_T2:85"
"BGR","BB:3058","EAR_EMTA_SEX_CUR_NB","SEX_T","CUR_TYPE_USD","2023",1092.502,,,"T30:385","R1:3513_T2:85"
"BGR","BB:3058","EAR_EMTA_SEX_CUR_NB","SEX_T","CUR_TYPE_LCU","2022",917.982,,,"T30:385","R1:3513_T2:85"
"BGR","BB:3058","EAR_EMTA_SEX_CUR_NB","SEX_T","CUR_TYPE_PPP","2022",2376.71,,,"T30:385","R1:3513_T2:85"
"BGR","BB:3058","EAR_EMTA_SEX_CUR_NB","SEX_T","CUR_TYPE_USD","2022",966.635,,,"T30:385","R1:3513_T2:85"
"BGR","BB:3058","EAR_EMTA_SEX_CUR_NB","SEX_T","CUR_TYPE_LCU","2021",811.217,,,"T30:385","R1:3513_T2:85"
"BGR","BB:3058","EAR_EMTA_SEX_CUR_NB","SEX_T","CUR_TYPE_PPP","2021",2107.985,,,"T30:385","R1:3513_T2:85"
"BGR","BB:3058","EAR_EMTA_SEX_CUR_NB","SEX_T","CUR_TYPE_USD","2021",959.427,,,"T30:385","R1:3513_T2:85"
"BGR","BB:3058","EAR_EMTA_SEX_CUR_NB","SEX_T","CUR_TYPE_LCU","2020",748.931,,,"T30:385","R1:3513_T2:85"
"BGR","BB:3058","EAR_EMTA_SEX_CUR_NB","SEX_T","CUR_TYPE_PPP","2020",1933.819,,,"T30:385","R1:3513_T2:85"
"BGR","BB:3058","EAR_EMTA_SEX_CUR_NB","SEX_T","CUR_TYPE_USD","2020",855.429,,,"T30:385","R1:3513_T2:85"
"BGR","BB:3058","EAR_EMTA_SEX_CUR_NB","SEX_T","CUR_TYPE_LCU","2019",699.482,,,"T30:385","R1:3513_T2:85"
"BGR","BB:3058","EAR_EMTA_SEX_CUR_NB","SEX_T","CUR_TYPE_PPP","2019",1833.883,,,"T30:385","R1:3513_T2:85"
"BGR","BB:3058","EAR_EMTA_SEX_CUR_NB","SEX_T","CUR_TYPE_USD","2019",783.07,,,"T30:385","R1:3513_T2:85"
"BGR","BB:3058","EAR_EMTA_SEX_CUR_NB","SEX_T","CUR_TYPE_LCU","2018",561.327,,,"T30:385","R1:3513_T2:85"
"BGR","BB:3058","EAR_EMTA_SEX_CUR_NB","SEX_T","CUR_TYPE_PPP","2018",1466.642,,,"T30:385","R1:3513_T2:85"
"BGR","BB:3058","EAR_EMTA_SEX_CUR_NB","SEX_T","CUR_TYPE_USD","2018",662.928,,,"T30:385","R1:3513_T2:85"
"BGR","BB:3058","EAR_EMTA_SEX_CUR_NB","SEX_T","CUR_TYPE_LCU","2017",565.55,,,"T30:385","R1:3513_T2:85"
"BGR","BB:3058","EAR_EMTA_SEX_CUR_NB","SEX_T","CUR_TYPE_PPP","2017",1472.729,,,"T30:385","R1:3513_T2:85"
"BGR","BB:3058","EAR_EMTA_SEX_CUR_NB","SEX_T","CUR_TYPE_USD","2017",638.902,,,"T30:385","R1:3513_T2:85"
"BGR","BB:3058","EAR_EMTA_SEX_CUR_NB","SEX_T","CUR_TYPE_LCU","2016",548.124,,,"T30:385","R1:3513_T2:85"
"BGR","BB:3058","EAR_EMTA_SEX_CUR_NB","SEX_T","CUR_TYPE_PPP","2016",1464.482,,,"T30:385","R1:3513_T2:85"
"BGR","BB:3058","EAR_EMTA_SEX_CUR_NB","SEX_T","CUR_TYPE_USD","2016",606.719,,,"T30:385","R1:3513_T2:85"
"BGR","BB:3058","EAR_EMTA_SEX_CUR_NB","SEX_T","CUR_TYPE_LCU","2015",489.009,,,"T30:385","R1:3513_T2:85"
"BGR","BB:3058","EAR_EMTA_SEX_CUR_NB","SEX_T","CUR_TYPE_PPP","2015",1263.671,,,"T30:385","R1:3513_T2:85"
"BGR","BB:3058","EAR_EMTA_SEX_CUR_NB","SEX_T","CUR_TYPE_USD","2015",542.556,,,"T30:385","R1:3513_T2:85"
"BGR","BB:3058","EAR_EMTA_SEX_CUR_NB","SEX_T","CUR_TYPE_LCU","2014",433.866,,,"T30:385","R1:3513_T2:85"
"BGR","BB:3058","EAR_EMTA_SEX_CUR_NB","SEX_T","CUR_TYPE_PPP","2014",1137.162,,,"T30:385","R1:3513_T2:85"
"BGR","BB:3058","EAR_EMTA_SEX_CUR_NB","SEX_T","CUR_TYPE_USD","2014",576.391,,,"T30:385","R1:3513_T2:85"
"BGR","BB:3058","EAR_EMTA_SEX_CUR_NB","SEX_T","CUR_TYPE_LCU","2013",405.303,,,"T30:385","R1:3513_T2:85"
"BGR","BB:3058","EAR_EMTA_SEX_CUR_NB","SEX_T","CUR_TYPE_PPP","2013",1023.723,,,"T30:385","R1:3513_T2:85"
"BGR","BB:3058","EAR_EMTA_SEX_CUR_NB","SEX_T","CUR_TYPE_USD","2013",538.282,,,"T30:385","R1:3513_T2:85"
"BGR","BB:3058","EAR_EMTA_SEX_CUR_NB","SEX_T","CUR_TYPE_LCU","2012",447.262,,,"T30:385","R1:3513_T2:85"
"BGR","BB:3058","EAR_EMTA_SEX_CUR_NB","SEX_T","CUR_TYPE_PPP","2012",1089.782,,,"T30:385","R1:3513_T2:85"
"BGR","BB:3058","EAR_EMTA_SEX_CUR_NB","SEX_T","CUR_TYPE_USD","2012",574.643,,,"T30:385","R1:3513_T2:85"
"BGR","BB:3058","EAR_EMTA_SEX_CUR_NB","SEX_T","CUR_TYPE_LCU","2011",350.6,,,"T30:385","R1:3513_T2:85"
"BGR","BB:3058","EAR_EMTA_SEX_CUR_NB","SEX_T","CUR_TYPE_PPP","2011",850.674,,,"T30:385","R1:3513_T2:85"
"BGR","BB:3058","EAR_EMTA_SEX_CUR_NB","SEX_T","CUR_TYPE_USD","2011",488.035,,,"T30:385","R1:3513_T2:85"
"BGR","BB:3058","EAR_EMTA_SEX_CUR_NB","SEX_T","CUR_TYPE_LCU","2010",375.38,,,"T30:385","R1:3513_T2:85"
"BGR","BB:3058","EAR_EMTA_SEX_CUR_NB","SEX_T","CUR_TYPE_PPP","2010",880.945,,,"T30:385","R1:3513_T2:85"
"BGR","BB:3058","EAR_EMTA_SEX_CUR_NB","SEX_T","CUR_TYPE_USD","2010",497.641,,,"T30:385","R1:3513_T2:85"
"BGR","BB:3058","EAR_EMTA_SEX_CUR_NB","SEX_T","CUR_TYPE_LCU","2009",378.081,,,"T30:385","R1:3513_T2:85"
"BGR","BB:3058","EAR_EMTA_SEX_CUR_NB","SEX_T","CUR_TYPE_PPP","2009",870.757,,,"T30:385","R1:3513_T2:85"
"BGR","BB:3058","EAR_EMTA_SEX_CUR_NB","SEX_T","CUR_TYPE_USD","2009",527.347,,,"T30:385","R1:3513_T2:85"
"BGR","BB:3058","EAR_EMTA_SEX_CUR_NB","SEX_T","CUR_TYPE_LCU","2008",294.095,,,"T30:385","R1:3513_T2:85"
"BGR","BB:3058","EAR_EMTA_SEX_CUR_NB","SEX_T","CUR_TYPE_PPP","2008",692.123,,,"T30:385","R1:3513_T2:85"
"BGR","BB:3058","EAR_EMTA_SEX_CUR_NB","SEX_T","CUR_TYPE_USD","2008",432.555,,,"T30:385","R1:3513_T2:85"
"BGR","BB:3058","EAR_EMTA_SEX_CUR_NB","SEX_T","CUR_TYPE_LCU","2007",247.347,,,"T30:385","R1:3513_T2:85"
"BGR","BB:3058","EAR_EMTA_SEX_CUR_NB","SEX_T","CUR_TYPE_PPP","2007",613.115,,,"T30:385","R1:3513_T2:85"
"BGR","BB:3058","EAR_EMTA_SEX_CUR_NB","SEX_T","CUR_TYPE_USD","2007",338.988,,,"T30:385","R1:3513_T2:85"
"BGR","CA:914","EAR_EMTA_SEX_CUR_NB","SEX_T","CUR_TYPE_LCU","2006",360.01,,,"T8:127_T9:133_T10:138_T33:396_T30:165","S9:66"
"BGR","CA:914","EAR_EMTA_SEX_CUR_NB","SEX_T","CUR_TYPE_PPP","2006",476.871,,,"T8:127_T9:133_T10:138_T33:396_T30:165","S9:66"
"BGR","CA:914","EAR_EMTA_SEX_CUR_NB","SEX_T","CUR_TYPE_USD","2006",230.884,,,"T8:127_T9:133_T10:138_T33:396_T30:165","S9:66"
"BGR","CA:914","EAR_EMTA_SEX_CUR_NB","SEX_T","CUR_TYPE_LCU","2005",324,,,"T8:127_T9:133_T10:138_T33:396_T30:165","S9:66"
"BGR","CA:914","EAR_EMTA_SEX_CUR_NB","SEX_T","CUR_TYPE_PPP","2005",456.735,,,"T8:127_T9:133_T10:138_T33:396_T30:165","S9:66"
"BGR","CA:914","EAR_EMTA_SEX_CUR_NB","SEX_T","CUR_TYPE_USD","2005",205.827,,,"T8:127_T9:133_T10:138_T33:396_T30:165","S9:66"
"BGR","CA:914","EAR_EMTA_SEX_CUR_NB","SEX_T","CUR_TYPE_LCU","2004",292,,,"T8:127_T9:133_T10:138_T33:396_T30:165","S9:66"
"BGR","CA:914","EAR_EMTA_SEX_CUR_NB","SEX_T","CUR_TYPE_PPP","2004",423.539,,,"T8:127_T9:133_T10:138_T33:396_T30:165","S9:66"
"BGR","CA:914","EAR_EMTA_SEX_CUR_NB","SEX_T","CUR_TYPE_USD","2004",185.384,,,"T8:127_T9:133_T10:138_T33:396_T30:165","S9:66"
"BGR","CA:914","EAR_EMTA_SEX_CUR_NB","SEX_T","CUR_TYPE_LCU","2003",273,,,"T8:127_T9:133_T10:138_T33:396_T30:165","S9:66"
"BGR","CA:914","EAR_EMTA_SEX_CUR_NB","SEX_T","CUR_TYPE_PPP","2003",411.12,,,"T8:127_T9:133_T10:138_T33:396_T30:165","S9:66"
"BGR","CA:914","EAR_EMTA_SEX_CUR_NB","SEX_T","CUR_TYPE_USD","2003",157.557,,,"T8:127_T9:133_T10:138_T33:396_T30:165","S9:66"
"BGR","CA:914","EAR_EMTA_SEX_CUR_NB","SEX_T","CUR_TYPE_LCU","2002",258,,,"T8:127_T9:133_T10:138_T33:396_T30:165","S9:66"
"BGR","CA:914","EAR_EMTA_SEX_CUR_NB","SEX_T","CUR_TYPE_PPP","2002",385.756,,,"T8:127_T9:133_T10:138_T33:396_T30:165","S9:66"
"BGR","CA:914","EAR_EMTA_SEX_CUR_NB","SEX_T","CUR_TYPE_USD","2002",124.219,,,"T8:127_T9:133_T10:138_T33:396_T30:165","S9:66"
"BGR","CA:914","EAR_EMTA_SEX_CUR_NB","SEX_T","CUR_TYPE_LCU","2001",240,,,"T8:127_T9:133_T10:138_T33:396_T30:165","S9:66"
"BGR","CA:914","EAR_EMTA_SEX_CUR_NB","SEX_T","CUR_TYPE_PPP","2001",359.75,,,"T8:127_T9:133_T10:138_T33:396_T30:165","S9:66"
"BGR","CA:914","EAR_EMTA_SEX_CUR_NB","SEX_T","CUR_TYPE_USD","2001",109.854,,,"T8:127_T9:133_T10:138_T33:396_T30:165","S9:66"
"BGR","CA:914","EAR_EMTA_SEX_CUR_NB","SEX_T","CUR_TYPE_LCU","2000",225.01,,,"T8:127_T9:133_T10:138_T33:396_T30:165","S9:66"
"BGR","CA:914","EAR_EMTA_SEX_CUR_NB","SEX_T","CUR_TYPE_PPP","2000",353.215,,,"T8:127_T9:133_T10:138_T33:396_T30:165","S9:66"
"BGR","CA:914","EAR_EMTA_SEX_CUR_NB","SEX_T","CUR_TYPE_USD","2000",105.973,,,"T8:127_T9:133_T10:138_T33:396_T30:165","S9:66"
"BGR","CA:914","EAR_EMTA_SEX_CUR_NB","SEX_T","CUR_TYPE_LCU","1999",201,,,"T8:127_T9:133_T10:138_T33:396_T30:165_I11:268","S9:66"
"BGR","CA:914","EAR_EMTA_SEX_CUR_NB","SEX_T","CUR_TYPE_PPP","1999",320.638,,,"T8:127_T9:133_T10:138_T33:396_T30:165_I11:268","S9:66"
"BGR","CA:914","EAR_EMTA_SEX_CUR_NB","SEX_T","CUR_TYPE_USD","1999",109.454,,,"T8:127_T9:133_T10:138_T33:396_T30:165_I11:268","S9:66"
"BGR","CA:914","EAR_EMTA_SEX_CUR_NB","SEX_T","CUR_TYPE_LCU","1998",183250,,,"T8:127_T9:133_T10:138_T33:396_T30:265","S9:66"
"BGR","CA:914","EAR_EMTA_SEX_CUR_NB","SEX_T","CUR_TYPE_LCU","1997",127909,,,"T8:127_T9:133_T10:138_T33:396_T30:265","S9:66"
"BGR","CA:914","EAR_EMTA_SEX_CUR_NB","SEX_T","CUR_TYPE_LCU","1996",13247,,,"T8:127_T9:133_T10:138_T33:396_T30:265","S9:66"
"BGR","CA:914","EAR_EMTA_SEX_CUR_NB","SEX_T","CUR_TYPE_LCU","1995",7755,,"C5:2067_C5:1815","T8:127_T9:133_T10:138_T33:396_T30:265","S7:58_S9:66"
"BGR","CA:914","EAR_EMTA_SEX_CUR_NB","SEX_T","CUR_TYPE_LCU","1994",5090,,"C5:2067_C5:1815","T8:127_T9:133_T10:138_T33:396_T30:265","S7:58_S9:66"
"BGR","CA:914","EAR_EMTA_SEX_CUR_NB","SEX_T","CUR_TYPE_LCU","1993",3340.1,,"C5:2067_C5:1815","T8:127_T9:133_T10:138_T33:396_T30:265","S7:58_S9:66"
"BGR","CA:914","EAR_EMTA_SEX_CUR_NB","SEX_T","CUR_TYPE_LCU","1992",2131.8,,"C5:2067_C5:1815","T8:127_T9:133_T10:138_T33:396_T30:265","S7:58_S9:66"
"BGR","CA:914","EAR_EMTA_SEX_CUR_NB","SEX_T","CUR_TYPE_LCU","1991",964.2,,"C5:2067_C5:1815","T8:127_T9:133_T10:138_T33:396_T30:265","S7:58_S9:66"
"BGR","CA:914","EAR_EMTA_SEX_CUR_NB","SEX_T","CUR_TYPE_LCU","1990",352.3,,"C5:2067_C5:1815","T8:127_T9:133_T10:138_T33:396_T30:265","S7:58_S9:66"
"BGR","CA:914","EAR_EMTA_SEX_CUR_NB","SEX_T","CUR_TYPE_LCU","1989",275.7,,"C5:2067_C5:1815","T8:127_T9:133_T10:138_T33:396_T30:265","S7:58_S9:66"
"BHR","FA:598","EAR_EMTA_SEX_CUR_NB","SEX_T","CUR_TYPE_LCU","2020",353,,,"T8:127_T9:131_T10:138_T12:145_T30:113",
"BHR","FA:598","EAR_EMTA_SEX_CUR_NB","SEX_T","CUR_TYPE_PPP","2020",1780.188,,,"T8:127_T9:131_T10:138_T12:145_T30:113",
"BHR","FA:598","EAR_EMTA_SEX_CUR_NB","SEX_T","CUR_TYPE_USD","2020",938.83,,,"T8:127_T9:131_T10:138_T12:145_T30:113",
"BHR","FA:598","EAR_EMTA_SEX_CUR_NB","SEX_T","CUR_TYPE_LCU","2019",329.593,,,"T8:127_T9:131_T10:138_T12:145_T30:113_I11:266",
"BHR","FA:598","EAR_EMTA_SEX_CUR_NB","SEX_T","CUR_TYPE_PPP","2019",1662.266,,,"T8:127_T9:131_T10:138_T12:145_T30:113_I11:266",
"BHR","FA:598","EAR_EMTA_SEX_CUR_NB","SEX_T","CUR_TYPE_USD","2019",876.577,,,"T8:127_T9:131_T10:138_T12:145_T30:113_I11:266",
"BHR","FA:598","EAR_EMTA_SEX_CUR_NB","SEX_T","CUR_TYPE_LCU","2018",853,,,"T30:113","S3:11_S5:2761"
"BHR","FA:598","EAR_EMTA_SEX_CUR_NB","SEX_T","CUR_TYPE_PPP","2018",4245.981,,,"T30:113","S3:11_S5:2761"
"BHR","FA:598","EAR_EMTA_SEX_CUR_NB","SEX_T","CUR_TYPE_USD","2018",2268.617,,,"T30:113","S3:11_S5:2761"
"BHR","FA:598","EAR_EMTA_SEX_CUR_NB","SEX_T","CUR_TYPE_LCU","2017",837,,,"T30:113","S3:11_S5:2761"
"BHR","FA:598","EAR_EMTA_SEX_CUR_NB","SEX_T","CUR_TYPE_PPP","2017",4062.596,,,"T30:113","S3:11_S5:2761"
"BHR","FA:598","EAR_EMTA_SEX_CUR_NB","SEX_T","CUR_TYPE_USD","2017",2226.064,,,"T30:113","S3:11_S5:2761"
"BHR","FA:598","EAR_EMTA_SEX_CUR_NB","SEX_T","CUR_TYPE_LCU","2016",824,,,"T30:113","S3:11_S5:2761"
"BHR","FA:598","EAR_EMTA_SEX_CUR_NB","SEX_T","CUR_TYPE_PPP","2016",3937.957,,,"T30:113","S3:11_S5:2761"
"BHR","FA:598","EAR_EMTA_SEX_CUR_NB","SEX_T","CUR_TYPE_USD","2016",2191.489,,,"T30:113","S3:11_S5:2761"
"BHR","FA:598","EAR_EMTA_SEX_CUR_NB","SEX_T","CUR_TYPE_LCU","2015",785,,,"T30:113_I11:269","S3:11_S5:2761"
"BHR","FA:598","EAR_EMTA_SEX_CUR_NB","SEX_T","CUR_TYPE_PPP","2015",3867.082,,,"T30:113_I11:269","S3:11_S5:2761"
"BHR","FA:598","EAR_EMTA_SEX_CUR_NB","SEX_T","CUR_TYPE_USD","2015",2087.766,,,"T30:113_I11:269","S3:11_S5:2761"
"BHR","FA:598","EAR_EMTA_SEX_CUR_NB","SEX_T","CUR_TYPE_LCU","2008",247,,,"T8:127_T9:133_T10:138_T33:396_T30:113","S7:57_S9:66_S6:48"
"BHR","FA:598","EAR_EMTA_SEX_CUR_NB","SEX_T","CUR_TYPE_PPP","2008",1381.67,,,"T8:127_T9:133_T10:138_T33:396_T30:113","S7:57_S9:66_S6:48"
"BHR","FA:598","EAR_EMTA_SEX_CUR_NB","SEX_T","CUR_TYPE_USD","2008",656.915,,,"T8:127_T9:133_T10:138_T33:396_T30:113","S7:57_S9:66_S6:48"
"BHR","FA:921","EAR_EMTA_SEX_CUR_NB","SEX_T","CUR_TYPE_LCU","2007",213,,,"T8:127_T9:133_T10:138_T33:396_T30:113","S7:57_S9:66_S6:48"
"BHR","FA:921","EAR_EMTA_SEX_CUR_NB","SEX_T","CUR_TYPE_PPP","2007",1187.888,,,"T8:127_T9:133_T10:138_T33:396_T30:113","S7:57_S9:66_S6:48"
"BHR","FA:921","EAR_EMTA_SEX_CUR_NB","SEX_T","CUR_TYPE_USD","2007",566.489,,,"T8:127_T9:133_T10:138_T33:396_T30:113","S7:57_S9:66_S6:48"
"BHR","FA:921","EAR_EMTA_SEX_CUR_NB","SEX_T","CUR_TYPE_LCU","2006",206,,,"T8:127_T9:133_T10:138_T33:396_T30:113","S7:57_S9:66_S6:48"
"BHR","FA:921","EAR_EMTA_SEX_CUR_NB","SEX_T","CUR_TYPE_PPP","2006",1153.362,,,"T8:127_T9:133_T10:138_T33:396_T30:113","S7:57_S9:66_S6:48"
"BHR","FA:921","EAR_EMTA_SEX_CUR_NB","SEX_T","CUR_TYPE_USD","2006",547.872,,,"T8:127_T9:133_T10:138_T33:396_T30:113","S7:57_S9:66_S6:48"
"BHR","FA:921","EAR_EMTA_SEX_CUR_NB","SEX_T","CUR_TYPE_LCU","2005",213,,,"T8:127_T9:133_T10:138_T33:396_T30:113","S7:57_S9:66_S6:48"
"BHR","FA:921","EAR_EMTA_SEX_CUR_NB","SEX_T","CUR_TYPE_PPP","2005",1178.477,,,"T8:127_T9:133_T10:138_T33:396_T30:113","S7:57_S9:66_S6:48"
"BHR","FA:921","EAR_EMTA_SEX_CUR_NB","SEX_T","CUR_TYPE_USD","2005",566.489,,,"T8:127_T9:133_T10:138_T33:396_T30:113","S7:57_S9:66_S6:48"
"BHR","FA:921","EAR_EMTA_SEX_CUR_NB","SEX_T","CUR_TYPE_LCU","2004",223,,,"T8:127_T9:133_T10:138_T33:396_T30:113","S7:57_S9:66_S6:48"
"BHR","FA:921","EAR_EMTA_SEX_CUR_NB","SEX_T","CUR_TYPE_PPP","2004",1224.18,,,"T8:127_T9:133_T10:138_T33:396_T30:113","S7:57_S9:66_S6:48"
"BHR","FA:921","EAR_EMTA_SEX_CUR_NB","SEX_T","CUR_TYPE_USD","2004",593.085,,,"T8:127_T9:133_T10:138_T33:396_T30:113","S7:57_S9:66_S6:48"
"BHR","FA:921","EAR_EMTA_SEX_CUR_NB","SEX_T","CUR_TYPE_LCU","2003",228,,,"T8:127_T9:133_T10:138_T33:396_T30:113","S7:57_S9:66_S6:48"
"BHR","FA:921","EAR_EMTA_SEX_CUR_NB","SEX_T","CUR_TYPE_PPP","2003",1247.675,,,"T8:127_T9:133_T10:138_T33:396_T30:113","S7:57_S9:66_S6:48"
"BHR","FA:921","EAR_EMTA_SEX_CUR_NB","SEX_T","CUR_TYPE_USD","2003",606.383,,,"T8:127_T9:133_T10:138_T33:396_T30:113","S7:57_S9:66_S6:48"
"BHR","FA:921","EAR_EMTA_SEX_CUR_NB","SEX_T","CUR_TYPE_LCU","2002",236,,,"T8:127_T9:133_T10:138_T33:396_T30:113","S7:57_S9:66_S6:48"
"BHR","FA:921","EAR_EMTA_SEX_CUR_NB","SEX_T","CUR_TYPE_PPP","2002",1282.911,,,"T8:127_T9:133_T10:138_T33:396_T30:113","S7:57_S9:66_S6:48"
"BHR","FA:921","EAR_EMTA_SEX_CUR_NB","SEX_T","CUR_TYPE_USD","2002",627.66,,,"T8:127_T9:133_T10:138_T33:396_T30:113","S7:57_S9:66_S6:48"
"BHR","FA:921","EAR_EMTA_SEX_CUR_NB","SEX_T","CUR_TYPE_LCU","2001",234,,,"T8:127_T9:133_T10:138_T33:396_T30:113","S7:57_S9:66_S6:48"
"BHR","FA:921","EAR_EMTA_SEX_CUR_NB","SEX_T","CUR_TYPE_PPP","2001",1245.974,,,"T8:127_T9:133_T10:138_T33:396_T30:113","S7:57_S9:66_S6:48"
"BHR","FA:921","EAR_EMTA_SEX_CUR_NB","SEX_T","CUR_TYPE_USD","2001",622.34,,,"T8:127_T9:133_T10:138_T33:396_T30:113","S7:57_S9:66_S6:48"
"BHR","FA:921","EAR_EMTA_SEX_CUR_NB","SEX_T","CUR_TYPE_LCU","2000",242,,,"T8:127_T9:133_T10:138_T33:396_T30:113","S7:57_S9:66_S6:48"
"BHR","FA:921","EAR_EMTA_SEX_CUR_NB","SEX_T","CUR_TYPE_PPP","2000",1238.022,,,"T8:127_T9:133_T10:138_T33:396_T30:113","S7:57_S9:66_S6:48"
"BHR","FA:921","EAR_EMTA_SEX_CUR_NB","SEX_T","CUR_TYPE_USD","2000",643.617,,,"T8:127_T9:133_T10:138_T33:396_T30:113","S7:57_S9:66_S6:48"
"BHR","FA:921","EAR_EMTA_SEX_CUR_NB","SEX_T","CUR_TYPE_LCU","1999",239,,,"T8:127_T9:133_T10:138_T33:396_T30:113","S7:57_S9:66_S6:48"
"BHR","FA:921","EAR_EMTA_SEX_CUR_NB","SEX_T","CUR_TYPE_PPP","1999",1174.399,,,"T8:127_T9:133_T10:138_T33:396_T30:113","S7:57_S9:66_S6:48"
"BHR","FA:921","EAR_EMTA_SEX_CUR_NB","SEX_T","CUR_TYPE_USD","1999",635.638,,,"T8:127_T9:133_T10:138_T33:396_T30:113","S7:57_S9:66_S6:48"
"BHR","FA:921","EAR_EMTA_SEX_CUR_NB","SEX_T","CUR_TYPE_LCU","1998",252,,,"T8:127_T9:133_T10:138_T33:396_T30:113","S7:57_S9:66_S6:48"
"BHR","FA:921","EAR_EMTA_SEX_CUR_NB","SEX_T","CUR_TYPE_PPP","1998",1196.162,,,"T8:127_T9:133_T10:138_T33:396_T30:113","S7:57_S9:66_S6:48"
"BHR","FA:921","EAR_EMTA_SEX_CUR_NB","SEX_T","CUR_TYPE_USD","1998",670.213,,,"T8:127_T9:133_T10:138_T33:396_T30:113","S7:57_S9:66_S6:48"
"BHR","FA:921","EAR_EMTA_SEX_CUR_NB","SEX_T","CUR_TYPE_LCU","1994",239,,,"T8:127_T9:133_T10:138_T33:396_T30:113","S7:57_S9:66_S6:48"
"BHR","FA:921","EAR_EMTA_SEX_CUR_NB","SEX_T","CUR_TYPE_PPP","1994",1076.359,,,"T8:127_T9:133_T10:138_T33:396_T30:113","S7:57_S9:66_S6:48"
"BHR","FA:921","EAR_EMTA_SEX_CUR_NB","SEX_T","CUR_TYPE_USD","1994",635.638,,,"T8:127_T9:133_T10:138_T33:396_T30:113","S7:57_S9:66_S6:48"
"BHR","FA:921","EAR_EMTA_SEX_CUR_NB","SEX_T","CUR_TYPE_LCU","1993",237,,,"T8:127_T9:133_T10:138_T33:396_T30:113","S7:57_S9:66_S6:48"
"BHR","FA:921","EAR_EMTA_SEX_CUR_NB","SEX_T","CUR_TYPE_PPP","1993",1048.726,,,"T8:127_T9:133_T10:138_T33:396_T30:113","S7:57_S9:66_S6:48"
"BHR","FA:921","EAR_EMTA_SEX_CUR_NB","SEX_T","CUR_TYPE_USD","1993",630.319,,,"T8:127_T9:133_T10:138_T33:396_T30:113","S7:57_S9:66_S6:48"
"BHR","FA:921","EAR_EMTA_SEX_CUR_NB","SEX_T","CUR_TYPE_LCU","1992",242,,,"T8:127_T9:133_T10:138_T33:396_T30:113","S7:57_S9:66_S6:48"
"BHR","FA:921","EAR_EMTA_SEX_CUR_NB","SEX_T","CUR_TYPE_PPP","1992",1066.557,,,"T8:127_T9:133_T10:138_T33:396_T30:113","S7:57_S9:66_S6:48"
"BHR","FA:921","EAR_EMTA_SEX_CUR_NB","SEX_T","CUR_TYPE_USD","1992",643.617,,,"T8:127_T9:133_T10:138_T33:396_T30:113","S7:57_S9:66_S6:48"
"BHR","FA:921","EAR_EMTA_SEX_CUR_NB","SEX_T","CUR_TYPE_LCU","1991",239,,,"T8:127_T9:133_T10:138_T33:396_T30:113","S7:57_S9:66_S6:48"
"BHR","FA:921","EAR_EMTA_SEX_CUR_NB","SEX_T","CUR_TYPE_PPP","1991",1020.607,,,"T8:127_T9:133_T10:138_T33:396_T30:113","S7:57_S9:66_S6:48"
"BHR","FA:921","EAR_EMTA_SEX_CUR_NB","SEX_T","CUR_TYPE_USD","1991",635.638,,,"T8:127_T9:133_T10:138_T33:396_T30:113","S7:57_S9:66_S6:48"
"BHR","FA:921","EAR_EMTA_SEX_CUR_NB","SEX_T","CUR_TYPE_LCU","1990",231,,,"T8:127_T9:133_T10:138_T33:396_T30:113","S7:57_S9:66_S6:48"
"BHR","FA:921","EAR_EMTA_SEX_CUR_NB","SEX_T","CUR_TYPE_PPP","1990",953.6,,,"T8:127_T9:133_T10:138_T33:396_T30:113","S7:57_S9:66_S6:48"
"BHR","FA:921","EAR_EMTA_SEX_CUR_NB","SEX_T","CUR_TYPE_USD","1990",614.362,,,"T8:127_T9:133_T10:138_T33:396_T30:113","S7:57_S9:66_S6:48"
"BHR","FA:921","EAR_EMTA_SEX_CUR_NB","SEX_T","CUR_TYPE_LCU","1989",229,,,"T8:127_T9:133_T10:138_T33:396_T30:113","S7:57_S9:66_S6:48"
"BHR","FA:921","EAR_EMTA_SEX_CUR_NB","SEX_T","CUR_TYPE_USD","1989",609.043,,,"T8:127_T9:133_T10:138_T33:396_T30:113","S7:57_S9:66_S6:48"
"BHS","BA:17","EAR_EMTA_SEX_CUR_NB","SEX_T","CUR_TYPE_LCU","2023",2038.117,,,"T30:63","R1:3513"
"BHS","BA:17","EAR_EMTA_SEX_CUR_NB","SEX_T","CUR_TYPE_PPP","2023",1796.079,,,"T30:63","R1:3513"
"BHS","BA:17","EAR_EMTA_SEX_CUR_NB","SEX_T","CUR_TYPE_USD","2023",2038.117,,,"T30:63","R1:3513"
"BHS","BA:17","EAR_EMTA_SEX_CUR_NB","SEX_T","CUR_TYPE_LCU","2019",4585.317,,,"T30:63","R1:3513"
"BHS","BA:17","EAR_EMTA_SEX_CUR_NB","SEX_T","CUR_TYPE_PPP","2019",3902.373,,,"T30:63","R1:3513"
"BHS","BA:17","EAR_EMTA_SEX_CUR_NB","SEX_T","CUR_TYPE_USD","2019",4585.317,,,"T30:63","R1:3513"
"BIH","BA:493","EAR_EMTA_SEX_CUR_NB","SEX_T","CUR_TYPE_LCU","2024",1671.398,,,"T30:164","R1:3513"
"BIH","BA:493","EAR_EMTA_SEX_CUR_NB","SEX_T","CUR_TYPE_PPP","2024",2269.768,,,"T30:164","R1:3513"
"BIH","BA:493","EAR_EMTA_SEX_CUR_NB","SEX_T","CUR_TYPE_USD","2024",924.669,,,"T30:164","R1:3513"
"BIH","BA:493","EAR_EMTA_SEX_CUR_NB","SEX_T","CUR_TYPE_LCU","2023",1497.914,"B",,"T30:164_I11:264","R1:3513"
"BIH","BA:493","EAR_EMTA_SEX_CUR_NB","SEX_T","CUR_TYPE_PPP","2023",2033.913,"B",,"T30:164_I11:264","R1:3513"
"BIH","BA:493","EAR_EMTA_SEX_CUR_NB","SEX_T","CUR_TYPE_USD","2023",827.942,"B",,"T30:164_I11:264","R1:3513"
"BIH","BA:493","EAR_EMTA_SEX_CUR_NB","SEX_T","CUR_TYPE_LCU","2022",1357.312,"B",,"T30:164_I11:264","R1:3513"
"BIH","BA:493","EAR_EMTA_SEX_CUR_NB","SEX_T","CUR_TYPE_PPP","2022",1791.96,"B",,"T30:164_I11:264","R1:3513"
"BIH","BA:493","EAR_EMTA_SEX_CUR_NB","SEX_T","CUR_TYPE_USD","2022",730.003,"B",,"T30:164_I11:264","R1:3513"
"BIH","BA:493","EAR_EMTA_SEX_CUR_NB","SEX_T","CUR_TYPE_LCU","2021",1282.689,"B",,"T30:164_I11:264","R1:3513"
"BIH","BA:493","EAR_EMTA_SEX_CUR_NB","SEX_T","CUR_TYPE_PPP","2021",1683.073,"B",,"T30:164_I11:264","R1:3513"
"BIH","BA:493","EAR_EMTA_SEX_CUR_NB","SEX_T","CUR_TYPE_USD","2021",775.692,"B",,"T30:164_I11:264","R1:3513"
"BIH","BA:493","EAR_EMTA_SEX_CUR_NB","SEX_T","CUR_TYPE_LCU","2020",1235.389,"B",,"I20:4077_T30:164_I11:264","R1:3513"
"BIH","BA:493","EAR_EMTA_SEX_CUR_NB","SEX_T","CUR_TYPE_PPP","2020",1603.013,"B",,"I20:4077_T30:164_I11:264","R1:3513"
"BIH","BA:493","EAR_EMTA_SEX_CUR_NB","SEX_T","CUR_TYPE_USD","2020",719.517,"B",,"I20:4077_T30:164_I11:264","R1:3513"
"BIH","BA:493","EAR_EMTA_SEX_CUR_NB","SEX_T","CUR_TYPE_LCU","2016",742.69,,,"T30:164","R1:3513"
"BIH","BA:493","EAR_EMTA_SEX_CUR_NB","SEX_T","CUR_TYPE_PPP","2016",945.626,,,"T30:164","R1:3513"
"BIH","BA:493","EAR_EMTA_SEX_CUR_NB","SEX_T","CUR_TYPE_USD","2016",420.041,,,"T30:164","R1:3513"
"BIH","BA:493","EAR_EMTA_SEX_CUR_NB","SEX_T","CUR_TYPE_LCU","2015",737.467,,,"T30:164","R1:3513"
"BIH","BA:493","EAR_EMTA_SEX_CUR_NB","SEX_T","CUR_TYPE_PPP","2015",900.482,,,"T30:164","R1:3513"
"BIH","BA:493","EAR_EMTA_SEX_CUR_NB","SEX_T","CUR_TYPE_USD","2015",418.186,,,"T30:164","R1:3513"
"BIH","BA:493","EAR_EMTA_SEX_CUR_NB","SEX_T","CUR_TYPE_LCU","2014",747.474,,,"T30:164","R1:3513"
"BIH","BA:493","EAR_EMTA_SEX_CUR_NB","SEX_T","CUR_TYPE_PPP","2014",907.054,,,"T30:164","R1:3513"
"BIH","BA:493","EAR_EMTA_SEX_CUR_NB","SEX_T","CUR_TYPE_USD","2014",507.048,,,"T30:164","R1:3513"
"BIH","BA:493","EAR_EMTA_SEX_CUR_NB","SEX_T","CUR_TYPE_LCU","2013",726.055,,,"T30:164","R1:3513"
"BIH","BA:493","EAR_EMTA_SEX_CUR_NB","SEX_T","CUR_TYPE_PPP","2013",876.407,,,"T30:164","R1:3513"
"BIH","BA:493","EAR_EMTA_SEX_CUR_NB","SEX_T","CUR_TYPE_USD","2013",492.892,,,"T30:164","R1:3513"
"BIH","BA:493","EAR_EMTA_SEX_CUR_NB","SEX_T","CUR_TYPE_LCU","2012",698.302,,,"T30:164","R1:3513"
"BIH","BA:493","EAR_EMTA_SEX_CUR_NB","SEX_T","CUR_TYPE_PPP","2012",819.11,,,"T30:164","R1:3513"
"BIH","BA:493","EAR_EMTA_SEX_CUR_NB","SEX_T","CUR_TYPE_USD","2012",458.742,,,"T30:164","R1:3513"
"BIH","BA:493","EAR_EMTA_SEX_CUR_NB","SEX_T","CUR_TYPE_LCU","2011",704.899,,,"T30:164","R1:3513"
"BIH","BA:493","EAR_EMTA_SEX_CUR_NB","SEX_T","CUR_TYPE_PPP","2011",814.785,,,"T30:164","R1:3513"
"BIH","BA:493","EAR_EMTA_SEX_CUR_NB","SEX_T","CUR_TYPE_USD","2011",501.017,,,"T30:164","R1:3513"
"BIH","BA:493","EAR_EMTA_SEX_CUR_NB","SEX_T","CUR_TYPE_LCU","2010",695.575,,,"T30:164","R1:3513"
"BIH","BA:493","EAR_EMTA_SEX_CUR_NB","SEX_T","CUR_TYPE_PPP","2010",789.207,,,"T30:164","R1:3513"
"BIH","BA:493","EAR_EMTA_SEX_CUR_NB","SEX_T","CUR_TYPE_USD","2010",471.021,,,"T30:164","R1:3513"
"BIH","BA:493","EAR_EMTA_SEX_CUR_NB","SEX_T","CUR_TYPE_LCU","2009",670.678,,,"T30:164","R1:3513"
"BIH","BA:493","EAR_EMTA_SEX_CUR_NB","SEX_T","CUR_TYPE_PPP","2009",747.012,,,"T30:164","R1:3513"
"BIH","BA:493","EAR_EMTA_SEX_CUR_NB","SEX_T","CUR_TYPE_USD","2009",476.371,,,"T30:164","R1:3513"
"BIH","BA:493","EAR_EMTA_SEX_CUR_NB","SEX_T","CUR_TYPE_LCU","2008",611.119,,,"T30:164","R1:3513"
"BIH","BA:493","EAR_EMTA_SEX_CUR_NB","SEX_T","CUR_TYPE_PPP","2008",663.806,,,"T30:164","R1:3513"
"BIH","BA:493","EAR_EMTA_SEX_CUR_NB","SEX_T","CUR_TYPE_USD","2008",457.7,,,"T30:164","R1:3513"
"BIH","BA:493","EAR_EMTA_SEX_CUR_NB","SEX_T","CUR_TYPE_LCU","2007",527.87,,,"T30:164","R1:3513"
"BIH","BA:493","EAR_EMTA_SEX_CUR_NB","SEX_T","CUR_TYPE_PPP","2007",588.271,,,"T30:164","R1:3513"
"BIH","BA:493","EAR_EMTA_SEX_CUR_NB","SEX_T","CUR_TYPE_USD","2007",369.398,,,"T30:164","R1:3513"
"BIH","BA:493","EAR_EMTA_SEX_CUR_NB","SEX_T","CUR_TYPE_LCU","2006",484.594,"B",,"T30:164_I11:264","R1:3513"
"BIH","BA:493","EAR_EMTA_SEX_CUR_NB","SEX_T","CUR_TYPE_PPP","2006",544.832,"B",,"T30:164_I11:264","R1:3513"
"BIH","BA:493","EAR_EMTA_SEX_CUR_NB","SEX_T","CUR_TYPE_USD","2006",310.822,"B",,"T30:164_I11:264","R1:3513"
"BIH","BB:15892","EAR_EMTA_SEX_CUR_NB","SEX_T","CUR_TYPE_LCU","2001",454.336,,,"T30:164","R1:3513"
"BIH","BB:15892","EAR_EMTA_SEX_CUR_NB","SEX_T","CUR_TYPE_USD","2001",207.872,,,"T30:164","R1:3513"
"BIH","DA:927","EAR_EMTA_SEX_CUR_NB","SEX_T","CUR_TYPE_LCU","1999",550.8,,,"T33:396_T30:164","S4:35_S9:66"
"BLZ","BA:934","EAR_EMTA_SEX_CUR_NB","SEX_T","CUR_TYPE_LCU","2020",1020,,,"I20:4077_T8:128_T9:133_T10:138_T11:142_T12:145_T30:65","S3:20_S5:40"
"BLZ","BA:934","EAR_EMTA_SEX_CUR_NB","SEX_T","CUR_TYPE_PPP","2020",861.13,,,"I20:4077_T8:128_T9:133_T10:138_T11:142_T12:145_T30:65","S3:20_S5:40"
"BLZ","BA:934","EAR_EMTA_SEX_CUR_NB","SEX_T","CUR_TYPE_USD","2020",510,,,"I20:4077_T8:128_T9:133_T10:138_T11:142_T12:145_T30:65","S3:20_S5:40"
"BLZ","BA:934","EAR_EMTA_SEX_CUR_NB","SEX_T","CUR_TYPE_LCU","2019",1269.442,,,"T30:65","R1:3513"
"BLZ","BA:934","EAR_EMTA_SEX_CUR_NB","SEX_T","CUR_TYPE_PPP","2019",994.237,,,"T30:65","R1:3513"
"BLZ","BA:934","EAR_EMTA_SEX_CUR_NB","SEX_T","CUR_TYPE_USD","2019",634.721,,,"T30:65","R1:3513"
"BLZ","BA:934","EAR_EMTA_SEX_CUR_NB","SEX_T","CUR_TYPE_LCU","2018",1260.64,,,"T30:65","R1:3513"
"BLZ","BA:934","EAR_EMTA_SEX_CUR_NB","SEX_T","CUR_TYPE_PPP","2018",922.072,,,"T30:65","R1:3513"
"BLZ","BA:934","EAR_EMTA_SEX_CUR_NB","SEX_T","CUR_TYPE_USD","2018",630.32,,,"T30:65","R1:3513"
"BLZ","BA:934","EAR_EMTA_SEX_CUR_NB","SEX_T","CUR_TYPE_LCU","2017",1196.215,,,"T30:65","R1:3513"
"BLZ","BA:934","EAR_EMTA_SEX_CUR_NB","SEX_T","CUR_TYPE_PPP","2017",826.481,,,"T30:65","R1:3513"
"BLZ","BA:934","EAR_EMTA_SEX_CUR_NB","SEX_T","CUR_TYPE_USD","2017",598.107,,,"T30:65","R1:3513"
"BLZ","BA:934","EAR_EMTA_SEX_CUR_NB","SEX_T","CUR_TYPE_LCU","2016",1158.471,,,"T30:65","R1:3513"
"BLZ","BA:934","EAR_EMTA_SEX_CUR_NB","SEX_T","CUR_TYPE_PPP","2016",838.675,,,"T30:65","R1:3513"
"BLZ","BA:934","EAR_EMTA_SEX_CUR_NB","SEX_T","CUR_TYPE_USD","2016",579.236,,,"T30:65","R1:3513"
"BLZ","BA:934","EAR_EMTA_SEX_CUR_NB","SEX_T","CUR_TYPE_LCU","2015",1198.595,,,"T30:65","R1:3513"
"BLZ","BA:934","EAR_EMTA_SEX_CUR_NB","SEX_T","CUR_TYPE_PPP","2015",899.26,,,"T30:65","R1:3513"
"BLZ","BA:934","EAR_EMTA_SEX_CUR_NB","SEX_T","CUR_TYPE_USD","2015",599.297,,,"T30:65","R1:3513"
"BLZ","BA:934","EAR_EMTA_SEX_CUR_NB","SEX_T","CUR_TYPE_LCU","2014",1391.585,,,"T30:65","R1:3513"
"BLZ","BA:934","EAR_EMTA_SEX_CUR_NB","SEX_T","CUR_TYPE_PPP","2014",1078.945,,,"T30:65","R1:3513"
"BLZ","BA:934","EAR_EMTA_SEX_CUR_NB","SEX_T","CUR_TYPE_USD","2014",695.793,,,"T30:65","R1:3513"
"BMU","BA:27","EAR_EMTA_SEX_CUR_NB","SEX_T","CUR_TYPE_LCU","2013",6221.1,,,"T8:128_T9:133_T10:138_T11:142_T12:145_T30:66","S3:16_S5:40"
"BMU","BA:27","EAR_EMTA_SEX_CUR_NB","SEX_T","CUR_TYPE_PPP","2013",3538.597,,,"T8:128_T9:133_T10:138_T11:142_T12:145_T30:66","S3:16_S5:40"
"BMU","BA:27","EAR_EMTA_SEX_CUR_NB","SEX_T","CUR_TYPE_USD","2013",6221.1,,,"T8:128_T9:133_T10:138_T11:142_T12:145_T30:66","S3:16_S5:40"
"BMU","BA:27","EAR_EMTA_SEX_CUR_NB","SEX_T","CUR_TYPE_LCU","2012",5869.8,,,"T8:128_T9:133_T10:138_T11:142_T12:145_T30:66","S3:16_S5:40"
"BMU","BA:27","EAR_EMTA_SEX_CUR_NB","SEX_T","CUR_TYPE_PPP","2012",3344.59,,,"T8:128_T9:133_T10:138_T11:142_T12:145_T30:66","S3:16_S5:40"
"BMU","BA:27","EAR_EMTA_SEX_CUR_NB","SEX_T","CUR_TYPE_USD","2012",5869.8,,,"T8:128_T9:133_T10:138_T11:142_T12:145_T30:66","S3:16_S5:40"
"BMU","BA:27","EAR_EMTA_SEX_CUR_NB","SEX_T","CUR_TYPE_LCU","2010",5835.5,,,"T8:128_T9:133_T10:138_T11:142_T12:145_T30:66","S3:16_S5:40"
"BMU","BA:27","EAR_EMTA_SEX_CUR_NB","SEX_T","CUR_TYPE_USD","2010",5835.5,,,"T8:128_T9:133_T10:138_T11:142_T12:145_T30:66","S3:16_S5:40"
"BMU","AA:26","EAR_EMTA_SEX_CUR_NB","SEX_T","CUR_TYPE_LCU","2009",5788.7,,,"T8:127_T9:133_T10:138_T11:142_T12:145_T33:396_T30:66","S5:40"
"BMU","AA:26","EAR_EMTA_SEX_CUR_NB","SEX_T","CUR_TYPE_USD","2009",5788.7,,,"T8:127_T9:133_T10:138_T11:142_T12:145_T33:396_T30:66","S5:40"
"BOL","BA:74","EAR_EMTA_SEX_CUR_NB","SEX_T","CUR_TYPE_LCU","2025",3189.626,,,"T30:67","R1:3513"
"BOL","BA:74","EAR_EMTA_SEX_CUR_NB","SEX_T","CUR_TYPE_PPP","2025",1181.678,,,"T30:67","R1:3513"
"BOL","BA:74","EAR_EMTA_SEX_CUR_NB","SEX_T","CUR_TYPE_USD","2025",461.596,,,"T30:67","R1:3513"
"BOL","BA:74","EAR_EMTA_SEX_CUR_NB","SEX_T","CUR_TYPE_LCU","2024",3229.208,,,"T30:67","R1:3513"
"BOL","BA:74","EAR_EMTA_SEX_CUR_NB","SEX_T","CUR_TYPE_PPP","2024",1392.267,,,"T30:67","R1:3513"
"BOL","BA:74","EAR_EMTA_SEX_CUR_NB","SEX_T","CUR_TYPE_USD","2024",467.324,,,"T30:67","R1:3513"
"BOL","BA:74","EAR_EMTA_SEX_CUR_NB","SEX_T","CUR_TYPE_LCU","2023",3147.608,,,"T30:67","R1:3513"
"BOL","BA:74","EAR_EMTA_SEX_CUR_NB","SEX_T","CUR_TYPE_PPP","2023",1385.43,,,"T30:67","R1:3513"
"BOL","BA:74","EAR_EMTA_SEX_CUR_NB","SEX_T","CUR_TYPE_USD","2023",455.515,,,"T30:67","R1:3513"
"BOL","BA:74","EAR_EMTA_SEX_CUR_NB","SEX_T","CUR_TYPE_LCU","2022",3086.498,,,"T30:67","R1:3513"
"BOL","BA:74","EAR_EMTA_SEX_CUR_NB","SEX_T","CUR_TYPE_PPP","2022",1338.445,,,"T30:67","R1:3513"
"BOL","BA:74","EAR_EMTA_SEX_CUR_NB","SEX_T","CUR_TYPE_USD","2022",446.671,,,"T30:67","R1:3513"
"BOL","BA:74","EAR_EMTA_SEX_CUR_NB","SEX_T","CUR_TYPE_LCU","2021",3060.153,"B",,"T30:67_I11:264","R1:3513"
"BOL","BA:74","EAR_EMTA_SEX_CUR_NB","SEX_T","CUR_TYPE_PPP","2021",1250.148,"B",,"T30:67_I11:264","R1:3513"
"BOL","BA:74","EAR_EMTA_SEX_CUR_NB","SEX_T","CUR_TYPE_USD","2021",442.859,"B",,"T30:67_I11:264","R1:3513"
"BOL","BB:73","EAR_EMTA_SEX_CUR_NB","SEX_T","CUR_TYPE_LCU","2020",3339.017,,,"T30:67","R1:3513"
"BOL","BB:73","EAR_EMTA_SEX_CUR_NB","SEX_T","CUR_TYPE_PPP","2020",1308.707,,,"T30:67","R1:3513"
"BOL","BB:73","EAR_EMTA_SEX_CUR_NB","SEX_T","CUR_TYPE_USD","2020",483.215,,,"T30:67","R1:3513"
"BOL","BA:74","EAR_EMTA_SEX_CUR_NB","SEX_T","CUR_TYPE_LCU","2019",3118.589,,,"T30:67","R1:3513"
"BOL","BA:74","EAR_EMTA_SEX_CUR_NB","SEX_T","CUR_TYPE_PPP","2019",1206.997,,,"T30:67","R1:3513"
"BOL","BA:74","EAR_EMTA_SEX_CUR_NB","SEX_T","CUR_TYPE_USD","2019",451.315,,,"T30:67","R1:3513"
"BOL","BA:74","EAR_EMTA_SEX_CUR_NB","SEX_T","CUR_TYPE_LCU","2018",3099.106,,,"T30:67","R1:3513"
"BOL","BA:74","EAR_EMTA_SEX_CUR_NB","SEX_T","CUR_TYPE_PPP","2018",1191.366,,,"T30:67","R1:3513"
"BOL","BA:74","EAR_EMTA_SEX_CUR_NB","SEX_T","CUR_TYPE_USD","2018",448.496,,,"T30:67","R1:3513"
"BOL","BA:74","EAR_EMTA_SEX_CUR_NB","SEX_T","CUR_TYPE_LCU","2017",3056.575,,,"T30:67","R1:3513"
"BOL","BA:74","EAR_EMTA_SEX_CUR_NB","SEX_T","CUR_TYPE_PPP","2017",1210.211,,,"T30:67","R1:3513"
"BOL","BA:74","EAR_EMTA_SEX_CUR_NB","SEX_T","CUR_TYPE_USD","2017",442.341,,,"T30:67","R1:3513"
"BOL","BA:74","EAR_EMTA_SEX_CUR_NB","SEX_T","CUR_TYPE_LCU","2016",2987.666,"B",,"T30:67_I11:264","R1:3513"
"BOL","BA:74","EAR_EMTA_SEX_CUR_NB","SEX_T","CUR_TYPE_PPP","2016",1152.937,"B",,"T30:67_I11:264","R1:3513"
"BOL","BA:74","EAR_EMTA_SEX_CUR_NB","SEX_T","CUR_TYPE_USD","2016",432.368,"B",,"T30:67_I11:264","R1:3513"
"BOL","BB:73","EAR_EMTA_SEX_CUR_NB","SEX_T","CUR_TYPE_LCU","2015",2838.459,,,"T30:67","R1:3513"
"BOL","BB:73","EAR_EMTA_SEX_CUR_NB","SEX_T","CUR_TYPE_PPP","2015",1062.145,,,"T30:67","R1:3513"
"BOL","BB:73","EAR_EMTA_SEX_CUR_NB","SEX_T","CUR_TYPE_USD","2015",410.776,,,"T30:67","R1:3513"
"BOL","BB:73","EAR_EMTA_SEX_CUR_NB","SEX_T","CUR_TYPE_LCU","2014",2709.944,,,"T30:67","R1:3513"
"BOL","BB:73","EAR_EMTA_SEX_CUR_NB","SEX_T","CUR_TYPE_PPP","2014",995.017,,,"T30:67","R1:3513"
"BOL","BB:73","EAR_EMTA_SEX_CUR_NB","SEX_T","CUR_TYPE_USD","2014",392.177,,,"T30:67","R1:3513"
"BOL","BB:73","EAR_EMTA_SEX_CUR_NB","SEX_T","CUR_TYPE_LCU","2013",2606.16,,,"T30:67","R1:3513"
"BOL","BB:73","EAR_EMTA_SEX_CUR_NB","SEX_T","CUR_TYPE_PPP","2013",947.348,,,"T30:67","R1:3513"
"BOL","BB:73","EAR_EMTA_SEX_CUR_NB","SEX_T","CUR_TYPE_USD","2013",377.158,,,"T30:67","R1:3513"
"BOL","BB:73","EAR_EMTA_SEX_CUR_NB","SEX_T","CUR_TYPE_LCU","2012",2317.311,,,"T30:67","R1:3513"
"BOL","BB:73","EAR_EMTA_SEX_CUR_NB","SEX_T","CUR_TYPE_PPP","2012",850.422,,,"T30:67","R1:3513"
"BOL","BB:73","EAR_EMTA_SEX_CUR_NB","SEX_T","CUR_TYPE_USD","2012",335.356,,,"T30:67","R1:3513"
"BOL","BB:73","EAR_EMTA_SEX_CUR_NB","SEX_T","CUR_TYPE_LCU","2011",2042.112,,,"T30:67","R1:3513"
"BOL","BB:73","EAR_EMTA_SEX_CUR_NB","SEX_T","CUR_TYPE_PPP","2011",706.362,,,"T30:67","R1:3513"
"BOL","BB:73","EAR_EMTA_SEX_CUR_NB","SEX_T","CUR_TYPE_USD","2011",294.381,,,"T30:67","R1:3513"
"BOL","BB:73","EAR_EMTA_SEX_CUR_NB","SEX_T","CUR_TYPE_LCU","2009",1698.401,,,"T30:67","R1:3513"
"BOL","BB:73","EAR_EMTA_SEX_CUR_NB","SEX_T","CUR_TYPE_PPP","2009",631.102,,,"T30:67","R1:3513"
"BOL","BB:73","EAR_EMTA_SEX_CUR_NB","SEX_T","CUR_TYPE_USD","2009",241.938,,,"T30:67","R1:3513"
"BOL","BB:73","EAR_EMTA_SEX_CUR_NB","SEX_T","CUR_TYPE_LCU","2008",1604.776,,,"T30:67","R1:3513"
"BOL","BB:73","EAR_EMTA_SEX_CUR_NB","SEX_T","CUR_TYPE_PPP","2008",618.466,,,"T30:67","R1:3513"
"BOL","BB:73","EAR_EMTA_SEX_CUR_NB","SEX_T","CUR_TYPE_USD","2008",221.706,,,"T30:67","R1:3513"
"BOL","BB:73","EAR_EMTA_SEX_CUR_NB","SEX_T","CUR_TYPE_LCU","2007",1419.041,,,"T30:67","R1:3513"
"BOL","BB:73","EAR_EMTA_SEX_CUR_NB","SEX_T","CUR_TYPE_PPP","2007",600.436,,,"T30:67","R1:3513"
"BOL","BB:73","EAR_EMTA_SEX_CUR_NB","SEX_T","CUR_TYPE_USD","2007",180.741,,,"T30:67","R1:3513"
"BOL","BB:73","EAR_EMTA_SEX_CUR_NB","SEX_T","CUR_TYPE_LCU","2006",1317.702,,,"T30:67","R1:3513"
"BOL","BB:73","EAR_EMTA_SEX_CUR_NB","SEX_T","CUR_TYPE_PPP","2006",589.285,,,"T30:67","R1:3513"
"BOL","BB:73","EAR_EMTA_SEX_CUR_NB","SEX_T","CUR_TYPE_USD","2006",164.474,,,"T30:67","R1:3513"
"BOL","BB:73","EAR_EMTA_SEX_CUR_NB","SEX_T","CUR_TYPE_LCU","2005",1195.09,"B",,"T30:67_I11:264","R1:3513"
"BOL","BB:73","EAR_EMTA_SEX_CUR_NB","SEX_T","CUR_TYPE_PPP","2005",539.922,"B",,"T30:67_I11:264","R1:3513"
"BOL","BB:73","EAR_EMTA_SEX_CUR_NB","SEX_T","CUR_TYPE_USD","2005",148.163,"B",,"T30:67_I11:264","R1:3513"
"BOL","BB:15890","EAR_EMTA_SEX_CUR_NB","SEX_T","CUR_TYPE_LCU","2004",1119.879,"B",,"T30:67_I11:264","R1:3513"
"BOL","BB:15890","EAR_EMTA_SEX_CUR_NB","SEX_T","CUR_TYPE_PPP","2004",515.732,"B",,"T30:67_I11:264","R1:3513"
"BOL","BB:15890","EAR_EMTA_SEX_CUR_NB","SEX_T","CUR_TYPE_USD","2004",141.109,"B",,"T30:67_I11:264","R1:3513"
"BOL","BX:15722","EAR_EMTA_SEX_CUR_NB","SEX_T","CUR_TYPE_LCU","2002",1233.071,,,"T30:67","R1:3513"
"BOL","BX:15722","EAR_EMTA_SEX_CUR_NB","SEX_T","CUR_TYPE_PPP","2002",583.621,,,"T30:67","R1:3513"
"BOL","BX:15722","EAR_EMTA_SEX_CUR_NB","SEX_T","CUR_TYPE_USD","2002",171.976,,,"T30:67","R1:3513"
"BOL","BX:15722","EAR_EMTA_SEX_CUR_NB","SEX_T","CUR_TYPE_LCU","2001",1179.624,,,"T30:67","R1:3513"
"BOL","BX:15722","EAR_EMTA_SEX_CUR_NB","SEX_T","CUR_TYPE_PPP","2001",554.709,,,"T30:67","R1:3513"
"BOL","BX:15722","EAR_EMTA_SEX_CUR_NB","SEX_T","CUR_TYPE_USD","2001",178.544,,,"T30:67","R1:3513"
"BOL","BX:15722","EAR_EMTA_SEX_CUR_NB","SEX_T","CUR_TYPE_LCU","2000",1318.561,,,"T30:67","R1:3513"
"BOL","BX:15722","EAR_EMTA_SEX_CUR_NB","SEX_T","CUR_TYPE_PPP","2000",612.587,,,"T30:67","R1:3513"
"BOL","BX:15722","EAR_EMTA_SEX_CUR_NB","SEX_T","CUR_TYPE_USD","2000",213.237,,,"T30:67","R1:3513"
"BOL","BB:73","EAR_EMTA_SEX_CUR_NB","SEX_T","CUR_TYPE_LCU","1999",1795.629,,,"T30:67","R1:3513"
"BOL","BB:73","EAR_EMTA_SEX_CUR_NB","SEX_T","CUR_TYPE_PPP","1999",844.164,,,"T30:67","R1:3513"
"BOL","BB:73","EAR_EMTA_SEX_CUR_NB","SEX_T","CUR_TYPE_USD","1999",308.93,,,"T30:67","R1:3513"
"BOL","BB:15890","EAR_EMTA_SEX_CUR_NB","SEX_T","CUR_TYPE_LCU","1995",753.984,,,"T30:67","R1:3513_S4:32"
"BOL","BB:15890","EAR_EMTA_SEX_CUR_NB","SEX_T","CUR_TYPE_PPP","1995",419.887,,,"T30:67","R1:3513_S4:32"
"BOL","BB:15890","EAR_EMTA_SEX_CUR_NB","SEX_T","CUR_TYPE_USD","1995",157.069,,,"T30:67","R1:3513_S4:32"
"BOL","BB:15890","EAR_EMTA_SEX_CUR_NB","SEX_T","CUR_TYPE_LCU","1994",682.485,,,"T30:67","R1:3513_S4:32"
"BOL","BB:15890","EAR_EMTA_SEX_CUR_NB","SEX_T","CUR_TYPE_PPP","1994",407.383,,,"T30:67","R1:3513_S4:32"
"BOL","BB:15890","EAR_EMTA_SEX_CUR_NB","SEX_T","CUR_TYPE_USD","1994",147.708,,,"T30:67","R1:3513_S4:32"
"BOL","BB:15890","EAR_EMTA_SEX_CUR_NB","SEX_T","CUR_TYPE_LCU","1993",597.073,,,"T30:67","R1:3513_S4:32"
"BOL","BB:15890","EAR_EMTA_SEX_CUR_NB","SEX_T","CUR_TYPE_PPP","1993",374.692,,,"T30:67","R1:3513_S4:32"
"BOL","BB:15890","EAR_EMTA_SEX_CUR_NB","SEX_T","CUR_TYPE_USD","1993",139.991,,,"T30:67","R1:3513_S4:32"
"BOL","BB:15890","EAR_EMTA_SEX_CUR_NB","SEX_T","CUR_TYPE_LCU","1991",434.565,,,"T30:67","R1:3513_S4:32"
"BOL","BB:15890","EAR_EMTA_SEX_CUR_NB","SEX_T","CUR_TYPE_PPP","1991",312.683,,,"T30:67","R1:3513_S4:32"
"BOL","BB:15890","EAR_EMTA_SEX_CUR_NB","SEX_T","CUR_TYPE_USD","1991",121.366,,,"T30:67","R1:3513_S4:32"
"BOL","BB:15890","EAR_EMTA_SEX_CUR_NB","SEX_T","CUR_TYPE_LCU","1990",371.56,,,"T30:67","R1:3513_S4:32"
"BOL","BB:15890","EAR_EMTA_SEX_CUR_NB","SEX_T","CUR_TYPE_PPP","1990",311.495,,,"T30:67","R1:3513_S4:32"
"BOL","BB:15890","EAR_EMTA_SEX_CUR_NB","SEX_T","CUR_TYPE_USD","1990",117.114,,,"T30:67","R1:3513_S4:32"
"BOL","BB:15890","EAR_EMTA_SEX_CUR_NB","SEX_T","CUR_TYPE_LCU","1989",335.02,,,"T30:67","R1:3513_S4:32"
"BOL","BB:15890","EAR_EMTA_SEX_CUR_NB","SEX_T","CUR_TYPE_USD","1989",124.465,,,"T30:67","R1:3513_S4:32"
"BRA","BX:6355","EAR_EMTA_SEX_CUR_NB","SEX_T","CUR_TYPE_LCU","2025",3393.154,,,"T30:68","R1:3513"
"BRA","BX:6355","EAR_EMTA_SEX_CUR_NB","SEX_T","CUR_TYPE_PPP","2025",1314.417,,,"T30:68","R1:3513"
"BRA","BX:6355","EAR_EMTA_SEX_CUR_NB","SEX_T","CUR_TYPE_USD","2025",607.299,,,"T30:68","R1:3513"
"BRA","BX:6355","EAR_EMTA_SEX_CUR_NB","SEX_T","CUR_TYPE_LCU","2024",3154.839,,,"T30:68","R1:3513"
"BRA","BX:6355","EAR_EMTA_SEX_CUR_NB","SEX_T","CUR_TYPE_PPP","2024",1249.69,,,"T30:68","R1:3513"
"BRA","BX:6355","EAR_EMTA_SEX_CUR_NB","SEX_T","CUR_TYPE_USD","2024",585.429,,,"T30:68","R1:3513"
"BRA","BX:6355","EAR_EMTA_SEX_CUR_NB","SEX_T","CUR_TYPE_LCU","2023",2861.414,,,"T30:68","R1:3513"
"BRA","BX:6355","EAR_EMTA_SEX_CUR_NB","SEX_T","CUR_TYPE_PPP","2023",1149.071,,,"T30:68","R1:3513"
"BRA","BX:6355","EAR_EMTA_SEX_CUR_NB","SEX_T","CUR_TYPE_USD","2023",572.927,,,"T30:68","R1:3513"
"BRA","BX:6355","EAR_EMTA_SEX_CUR_NB","SEX_T","CUR_TYPE_LCU","2022",2614.37,,,"T30:68","R1:3513"
"BRA","BX:6355","EAR_EMTA_SEX_CUR_NB","SEX_T","CUR_TYPE_PPP","2022",1054.676,,,"T30:68","R1:3513"
"BRA","BX:6355","EAR_EMTA_SEX_CUR_NB","SEX_T","CUR_TYPE_USD","2022",506.271,,,"T30:68","R1:3513"
"BRA","BX:6355","EAR_EMTA_SEX_CUR_NB","SEX_T","CUR_TYPE_LCU","2021",2414.265,,,"T30:68","R1:3513"
"BRA","BX:6355","EAR_EMTA_SEX_CUR_NB","SEX_T","CUR_TYPE_PPP","2021",985.469,,,"T30:68","R1:3513"
"BRA","BX:6355","EAR_EMTA_SEX_CUR_NB","SEX_T","CUR_TYPE_USD","2021",447.55,,,"T30:68","R1:3513"
"BRA","BX:6355","EAR_EMTA_SEX_CUR_NB","SEX_T","CUR_TYPE_LCU","2020",2459.159,,,"T30:68","R1:3513"
"BRA","BX:6355","EAR_EMTA_SEX_CUR_NB","SEX_T","CUR_TYPE_PPP","2020",1049.164,,,"T30:68","R1:3513"
"BRA","BX:6355","EAR_EMTA_SEX_CUR_NB","SEX_T","CUR_TYPE_USD","2020",477.027,,,"T30:68","R1:3513"
"BRA","BX:6355","EAR_EMTA_SEX_CUR_NB","SEX_T","CUR_TYPE_LCU","2019",2271.106,,,"T30:68","R1:3513"
"BRA","BX:6355","EAR_EMTA_SEX_CUR_NB","SEX_T","CUR_TYPE_PPP","2019",970.768,,,"T30:68","R1:3513"
"BRA","BX:6355","EAR_EMTA_SEX_CUR_NB","SEX_T","CUR_TYPE_USD","2019",575.769,,,"T30:68","R1:3513"
"BRA","BX:6355","EAR_EMTA_SEX_CUR_NB","SEX_T","CUR_TYPE_LCU","2018",2135.624,,,"T30:68","R1:3513"
"BRA","BX:6355","EAR_EMTA_SEX_CUR_NB","SEX_T","CUR_TYPE_PPP","2018",910.73,,,"T30:68","R1:3513"
"BRA","BX:6355","EAR_EMTA_SEX_CUR_NB","SEX_T","CUR_TYPE_USD","2018",584.49,,,"T30:68","R1:3513"
"BRA","BX:6355","EAR_EMTA_SEX_CUR_NB","SEX_T","CUR_TYPE_LCU","2017",2028.61,,,"T30:68","R1:3513"
"BRA","BX:6355","EAR_EMTA_SEX_CUR_NB","SEX_T","CUR_TYPE_PPP","2017",852.555,,,"T30:68","R1:3513"
"BRA","BX:6355","EAR_EMTA_SEX_CUR_NB","SEX_T","CUR_TYPE_USD","2017",635.651,,,"T30:68","R1:3513"
"BRA","BX:6355","EAR_EMTA_SEX_CUR_NB","SEX_T","CUR_TYPE_LCU","2016",1924.736,,,"T30:68","R1:3513"
"BRA","BX:6355","EAR_EMTA_SEX_CUR_NB","SEX_T","CUR_TYPE_PPP","2016",840.175,,,"T30:68","R1:3513"
"BRA","BX:6355","EAR_EMTA_SEX_CUR_NB","SEX_T","CUR_TYPE_USD","2016",551.293,,,"T30:68","R1:3513"
"BRA","BX:6355","EAR_EMTA_SEX_CUR_NB","SEX_T","CUR_TYPE_LCU","2015",1710.604,,,"T30:68","R1:3513"
"BRA","BX:6355","EAR_EMTA_SEX_CUR_NB","SEX_T","CUR_TYPE_PPP","2015",809.213,,,"T30:68","R1:3513"
"BRA","BX:6355","EAR_EMTA_SEX_CUR_NB","SEX_T","CUR_TYPE_USD","2015",514.173,,,"T30:68","R1:3513"
"BRA","BX:6355","EAR_EMTA_SEX_CUR_NB","SEX_T","CUR_TYPE_LCU","2014",1576.757,,,"T30:68","R1:3513"
"BRA","BX:6355","EAR_EMTA_SEX_CUR_NB","SEX_T","CUR_TYPE_PPP","2014",820.415,,,"T30:68","R1:3513"
"BRA","BX:6355","EAR_EMTA_SEX_CUR_NB","SEX_T","CUR_TYPE_USD","2014",670.119,,,"T30:68","R1:3513"
"BRA","BX:6355","EAR_EMTA_SEX_CUR_NB","SEX_T","CUR_TYPE_LCU","2013",1413.38,,,"T30:68","R1:3513"
"BRA","BX:6355","EAR_EMTA_SEX_CUR_NB","SEX_T","CUR_TYPE_PPP","2013",783.062,,,"T30:68","R1:3513"
"BRA","BX:6355","EAR_EMTA_SEX_CUR_NB","SEX_T","CUR_TYPE_USD","2013",655.529,,,"T30:68","R1:3513"
"BRA","BX:6355","EAR_EMTA_SEX_CUR_NB","SEX_T","CUR_TYPE_LCU","2012",1323.661,"B",,"T30:68_I11:264","R1:3513"
"BRA","BX:6355","EAR_EMTA_SEX_CUR_NB","SEX_T","CUR_TYPE_PPP","2012",793.182,"B",,"T30:68_I11:264","R1:3513"
"BRA","BX:6355","EAR_EMTA_SEX_CUR_NB","SEX_T","CUR_TYPE_USD","2012",677.734,"B",,"T30:68_I11:264","R1:3513"
"BRA","BX:356","EAR_EMTA_SEX_CUR_NB","SEX_T","CUR_TYPE_LCU","2011",1202.475,,,"T30:68","R1:3513"
"BRA","BX:356","EAR_EMTA_SEX_CUR_NB","SEX_T","CUR_TYPE_PPP","2011",728.234,,,"T30:68","R1:3513"
"BRA","BX:356","EAR_EMTA_SEX_CUR_NB","SEX_T","CUR_TYPE_USD","2011",718.827,,,"T30:68","R1:3513"
"BRA","BX:356","EAR_EMTA_SEX_CUR_NB","SEX_T","CUR_TYPE_LCU","2009",930.523,,,"T30:68","R1:3513"
"BRA","BX:356","EAR_EMTA_SEX_CUR_NB","SEX_T","CUR_TYPE_PPP","2009",602.024,,,"T30:68","R1:3513"
"BRA","BX:356","EAR_EMTA_SEX_CUR_NB","SEX_T","CUR_TYPE_USD","2009",465.395,,,"T30:68","R1:3513"
"BRA","BX:356","EAR_EMTA_SEX_CUR_NB","SEX_T","CUR_TYPE_LCU","2008",898.461,,,"T30:68","R1:3513"
"BRA","BX:356","EAR_EMTA_SEX_CUR_NB","SEX_T","CUR_TYPE_PPP","2008",611.87,,,"T30:68","R1:3513"
"BRA","BX:356","EAR_EMTA_SEX_CUR_NB","SEX_T","CUR_TYPE_USD","2008",489.954,,,"T30:68","R1:3513"
"BRA","BX:356","EAR_EMTA_SEX_CUR_NB","SEX_T","CUR_TYPE_LCU","2007",812.246,,,"T30:68","R1:3513"
"BRA","BX:356","EAR_EMTA_SEX_CUR_NB","SEX_T","CUR_TYPE_PPP","2007",562.954,,,"T30:68","R1:3513"
"BRA","BX:356","EAR_EMTA_SEX_CUR_NB","SEX_T","CUR_TYPE_USD","2007",417.166,,,"T30:68","R1:3513"
"BRA","BX:356","EAR_EMTA_SEX_CUR_NB","SEX_T","CUR_TYPE_LCU","2006",749.473,,,"T30:68","R1:3513"
"BRA","BX:356","EAR_EMTA_SEX_CUR_NB","SEX_T","CUR_TYPE_PPP","2006",523.431,,,"T30:68","R1:3513"
"BRA","BX:356","EAR_EMTA_SEX_CUR_NB","SEX_T","CUR_TYPE_USD","2006",344.534,,,"T30:68","R1:3513"
"BRA","BX:356","EAR_EMTA_SEX_CUR_NB","SEX_T","CUR_TYPE_LCU","2005",689.325,,,"T30:68","R1:3513"
"BRA","BX:356","EAR_EMTA_SEX_CUR_NB","SEX_T","CUR_TYPE_PPP","2005",485.889,,,"T30:68","R1:3513"
"BRA","BX:356","EAR_EMTA_SEX_CUR_NB","SEX_T","CUR_TYPE_USD","2005",283.161,,,"T30:68","R1:3513"
"BRA","BX:356","EAR_EMTA_SEX_CUR_NB","SEX_T","CUR_TYPE_LCU","2004",636.391,,,"T30:68","R1:3513"
"BRA","BX:356","EAR_EMTA_SEX_CUR_NB","SEX_T","CUR_TYPE_PPP","2004",463.662,,,"T30:68","R1:3513"
"BRA","BX:356","EAR_EMTA_SEX_CUR_NB","SEX_T","CUR_TYPE_USD","2004",217.561,,,"T30:68","R1:3513"
"BRA","BX:356","EAR_EMTA_SEX_CUR_NB","SEX_T","CUR_TYPE_LCU","2003",593.44,,,"T30:68","R1:3513"
"BRA","BX:356","EAR_EMTA_SEX_CUR_NB","SEX_T","CUR_TYPE_PPP","2003",448.875,,,"T30:68","R1:3513"
"BRA","BX:356","EAR_EMTA_SEX_CUR_NB","SEX_T","CUR_TYPE_USD","2003",192.833,,,"T30:68","R1:3513"
"BRA","BX:356","EAR_EMTA_SEX_CUR_NB","SEX_T","CUR_TYPE_LCU","2002",549.051,,,"T30:68","R1:3513"
"BRA","BX:356","EAR_EMTA_SEX_CUR_NB","SEX_T","CUR_TYPE_PPP","2002",465.836,,,"T30:68","R1:3513"
"BRA","BX:356","EAR_EMTA_SEX_CUR_NB","SEX_T","CUR_TYPE_USD","2002",188.008,,,"T30:68","R1:3513"
"BRA","BX:356","EAR_EMTA_SEX_CUR_NB","SEX_T","CUR_TYPE_LCU","2001",520.074,,,"T30:68","R1:3513"
"BRA","BX:356","EAR_EMTA_SEX_CUR_NB","SEX_T","CUR_TYPE_PPP","2001",471.066,,,"T30:68","R1:3513"
"BRA","BX:356","EAR_EMTA_SEX_CUR_NB","SEX_T","CUR_TYPE_USD","2001",221.343,,,"T30:68","R1:3513"
"BRA","FX:952","EAR_EMTA_SEX_CUR_NB","SEX_T","CUR_TYPE_LCU","2000",766.53,,,"T8:127_T9:133_T10:138_T33:396_T30:68","S3:23_S9:66"
"BRA","FX:952","EAR_EMTA_SEX_CUR_NB","SEX_T","CUR_TYPE_PPP","2000",721.402,,,"T8:127_T9:133_T10:138_T33:396_T30:68","S3:23_S9:66"
"BRA","FX:952","EAR_EMTA_SEX_CUR_NB","SEX_T","CUR_TYPE_USD","2000",419.001,,,"T8:127_T9:133_T10:138_T33:396_T30:68","S3:23_S9:66"
"BRA","BX:356","EAR_EMTA_SEX_CUR_NB","SEX_T","CUR_TYPE_LCU","1999",460.716,,,"T30:68","R1:3513"
"BRA","BX:356","EAR_EMTA_SEX_CUR_NB","SEX_T","CUR_TYPE_PPP","1999",448.974,,,"T30:68","R1:3513"
"BRA","BX:356","EAR_EMTA_SEX_CUR_NB","SEX_T","CUR_TYPE_USD","1999",253.988,,,"T30:68","R1:3513"
"BRA","BX:356","EAR_EMTA_SEX_CUR_NB","SEX_T","CUR_TYPE_LCU","1998",464.568,,,"T30:68","R1:3513"
"BRA","BX:356","EAR_EMTA_SEX_CUR_NB","SEX_T","CUR_TYPE_PPP","1998",464.558,,,"T30:68","R1:3513"
"BRA","BX:356","EAR_EMTA_SEX_CUR_NB","SEX_T","CUR_TYPE_USD","1998",400.311,,,"T30:68","R1:3513"
"BRA","BX:356","EAR_EMTA_SEX_CUR_NB","SEX_T","CUR_TYPE_LCU","1997",444.776,,,"T30:68","R1:3513"
"BRA","BX:356","EAR_EMTA_SEX_CUR_NB","SEX_T","CUR_TYPE_PPP","1997",451.961,,,"T30:68","R1:3513"
"BRA","BX:356","EAR_EMTA_SEX_CUR_NB","SEX_T","CUR_TYPE_USD","1997",412.596,,,"T30:68","R1:3513"
"BRA","BX:356","EAR_EMTA_SEX_CUR_NB","SEX_T","CUR_TYPE_LCU","1996",423.097,,,"T30:68","R1:3513"
"BRA","BX:356","EAR_EMTA_SEX_CUR_NB","SEX_T","CUR_TYPE_PPP","1996",449.211,,,"T30:68","R1:3513"
"BRA","BX:356","EAR_EMTA_SEX_CUR_NB","SEX_T","CUR_TYPE_USD","1996",420.95,,,"T30:68","R1:3513"
"BRA","BX:356","EAR_EMTA_SEX_CUR_NB","SEX_T","CUR_TYPE_LCU","1995",371.931,"B",,"T30:68_I11:264","R1:3513"
"BRA","BX:356","EAR_EMTA_SEX_CUR_NB","SEX_T","CUR_TYPE_PPP","1995",444.095,"B",,"T30:68_I11:264","R1:3513"
"BRA","BX:356","EAR_EMTA_SEX_CUR_NB","SEX_T","CUR_TYPE_USD","1995",405.301,"B",,"T30:68_I11:264","R1:3513"
"BRA","FX:952","EAR_EMTA_SEX_CUR_NB","SEX_T","CUR_TYPE_LCU","1994",428.59,,,"T30:270",
"BRA","FX:952","EAR_EMTA_SEX_CUR_NB","SEX_T","CUR_TYPE_LCU","1993",34434,,"C5:2067","T8:127_T9:133_T10:138_T33:396_T30:270_I9:318","S3:23_S9:66"
"BRA","FX:952","EAR_EMTA_SEX_CUR_NB","SEX_T","CUR_TYPE_LCU","1992",1477,,"C5:2067","T8:127_T9:133_T10:138_T33:396_T30:270_I9:318","S3:23_S9:66"
"BRA","FX:952","EAR_EMTA_SEX_CUR_NB","SEX_T","CUR_TYPE_LCU","1991",134539,,"C5:2067","T8:127_T9:133_T10:138_T33:396_T30:270","S3:23_S9:66"
"BRA","BX:356","EAR_EMTA_SEX_CUR_NB","SEX_T","CUR_TYPE_LCU","1990",18820.6,,,"T30:274","R1:3513"
"BRA","BX:356","EAR_EMTA_SEX_CUR_NB","SEX_T","CUR_TYPE_LCU","1989",852.263,,,"T30:274","R1:3513"
"BRB","BB:15690","EAR_EMTA_SEX_CUR_NB","SEX_T","CUR_TYPE_LCU","2016",2680.239,,,"T30:64","R1:3513"
"BRB","BB:15690","EAR_EMTA_SEX_CUR_NB","SEX_T","CUR_TYPE_PPP","2016",1116.854,,,"T30:64","R1:3513"
"BRB","BB:15690","EAR_EMTA_SEX_CUR_NB","SEX_T","CUR_TYPE_USD","2016",1340.12,,,"T30:64","R1:3513"
"BRN","BA:8230","EAR_EMTA_SEX_CUR_NB","SEX_T","CUR_TYPE_LCU","2014",1799.403,"B",,"T30:116_I11:264","R1:3513"
"BRN","BA:8230","EAR_EMTA_SEX_CUR_NB","SEX_T","CUR_TYPE_PPP","2014",2375.624,"B",,"T30:116_I11:264","R1:3513"
"BRN","BA:8230","EAR_EMTA_SEX_CUR_NB","SEX_T","CUR_TYPE_USD","2014",1420.162,"B",,"T30:116_I11:264","R1:3513"
"BTN","BA:625","EAR_EMTA_SEX_CUR_NB","SEX_T","CUR_TYPE_LCU","2025",28072.673,,,"T30:115","R1:3513"
"BTN","BA:625","EAR_EMTA_SEX_CUR_NB","SEX_T","CUR_TYPE_PPP","2025",1333.472,,,"T30:115","R1:3513"
"BTN","BA:625","EAR_EMTA_SEX_CUR_NB","SEX_T","CUR_TYPE_USD","2025",322.088,,,"T30:115","R1:3513"
"BTN","BA:625","EAR_EMTA_SEX_CUR_NB","SEX_T","CUR_TYPE_LCU","2024",28223.457,,,"T30:115","R1:3513"
"BTN","BA:625","EAR_EMTA_SEX_CUR_NB","SEX_T","CUR_TYPE_PPP","2024",1351.82,,,"T30:115","R1:3513"
"BTN","BA:625","EAR_EMTA_SEX_CUR_NB","SEX_T","CUR_TYPE_USD","2024",337.322,,,"T30:115","R1:3513"
"BTN","BA:625","EAR_EMTA_SEX_CUR_NB","SEX_T","CUR_TYPE_LCU","2023",26034.958,,,"T30:115","R1:3513"
"BTN","BA:625","EAR_EMTA_SEX_CUR_NB","SEX_T","CUR_TYPE_PPP","2023",1244.718,,,"T30:115","R1:3513"
"BTN","BA:625","EAR_EMTA_SEX_CUR_NB","SEX_T","CUR_TYPE_USD","2023",315.196,,,"T30:115","R1:3513"
"BTN","BA:625","EAR_EMTA_SEX_CUR_NB","SEX_T","CUR_TYPE_LCU","2022",22169.88,,,"T30:115","R1:3513"
"BTN","BA:625","EAR_EMTA_SEX_CUR_NB","SEX_T","CUR_TYPE_PPP","2022",1061.081,,,"T30:115","R1:3513"
"BTN","BA:625","EAR_EMTA_SEX_CUR_NB","SEX_T","CUR_TYPE_USD","2022",282.043,,,"T30:115","R1:3513"
"BTN","BA:625","EAR_EMTA_SEX_CUR_NB","SEX_T","CUR_TYPE_LCU","2021",20815.641,,,"T30:115","R1:3513"
"BTN","BA:625","EAR_EMTA_SEX_CUR_NB","SEX_T","CUR_TYPE_PPP","2021",974.462,,,"T30:115","R1:3513"
"BTN","BA:625","EAR_EMTA_SEX_CUR_NB","SEX_T","CUR_TYPE_USD","2021",281.604,,,"T30:115","R1:3513"
"BTN","BA:625","EAR_EMTA_SEX_CUR_NB","SEX_T","CUR_TYPE_LCU","2020",19894.841,,,"T30:115","R1:3513"
"BTN","BA:625","EAR_EMTA_SEX_CUR_NB","SEX_T","CUR_TYPE_PPP","2020",959.991,,,"T30:115","R1:3513"
"BTN","BA:625","EAR_EMTA_SEX_CUR_NB","SEX_T","CUR_TYPE_USD","2020",268.488,,,"T30:115","R1:3513"
"BTN","BA:625","EAR_EMTA_SEX_CUR_NB","SEX_T","CUR_TYPE_LCU","2019",19387.236,,,"T30:115","R1:3513"
"BTN","BA:625","EAR_EMTA_SEX_CUR_NB","SEX_T","CUR_TYPE_PPP","2019",949,,,"T30:115","R1:3513"
"BTN","BA:625","EAR_EMTA_SEX_CUR_NB","SEX_T","CUR_TYPE_USD","2019",275.307,,,"T30:115","R1:3513"
"BTN","BA:625","EAR_EMTA_SEX_CUR_NB","SEX_T","CUR_TYPE_LCU","2018",15743.924,,,"T30:115","R1:3513"
"BTN","BA:625","EAR_EMTA_SEX_CUR_NB","SEX_T","CUR_TYPE_PPP","2018",776.738,,,"T30:115","R1:3513"
"BTN","BA:625","EAR_EMTA_SEX_CUR_NB","SEX_T","CUR_TYPE_USD","2018",230.21,,,"T30:115","R1:3513"
"BWA","BX:15710","EAR_EMTA_SEX_CUR_NB","SEX_T","CUR_TYPE_LCU","2024",6545.615,,,"T30:4","R1:3513"
"BWA","BX:15710","EAR_EMTA_SEX_CUR_NB","SEX_T","CUR_TYPE_PPP","2024",1232.066,,,"T30:4","R1:3513"
"BWA","BX:15710","EAR_EMTA_SEX_CUR_NB","SEX_T","CUR_TYPE_USD","2024",482.603,,,"T30:4","R1:3513"
"BWA","BX:15710","EAR_EMTA_SEX_CUR_NB","SEX_T","CUR_TYPE_LCU","2023",6490.037,,,"T30:4","R1:3513"
"BWA","BX:15710","EAR_EMTA_SEX_CUR_NB","SEX_T","CUR_TYPE_PPP","2023",1220.048,,,"T30:4","R1:3513"
"BWA","BX:15710","EAR_EMTA_SEX_CUR_NB","SEX_T","CUR_TYPE_USD","2023",477.336,,,"T30:4","R1:3513"
"BWA","BX:15710","EAR_EMTA_SEX_CUR_NB","SEX_T","CUR_TYPE_LCU","2022",6088.48,,,"T30:4","R1:3513"
"BWA","BX:15710","EAR_EMTA_SEX_CUR_NB","SEX_T","CUR_TYPE_PPP","2022",1155.018,,,"T30:4","R1:3513"
"BWA","BX:15710","EAR_EMTA_SEX_CUR_NB","SEX_T","CUR_TYPE_USD","2022",492.245,,,"T30:4","R1:3513"
"BWA","BX:15710","EAR_EMTA_SEX_CUR_NB","SEX_T","CUR_TYPE_LCU","2021",5511.695,,,"T30:4","R1:3513"
"BWA","BX:15710","EAR_EMTA_SEX_CUR_NB","SEX_T","CUR_TYPE_PPP","2021",1081.059,,,"T30:4","R1:3513"
"BWA","BX:15710","EAR_EMTA_SEX_CUR_NB","SEX_T","CUR_TYPE_USD","2021",497.12,,,"T30:4","R1:3513"
"BWA","BX:15710","EAR_EMTA_SEX_CUR_NB","SEX_T","CUR_TYPE_LCU","2020",5218.258,,,"T30:4","R1:3513"
"BWA","BX:15710","EAR_EMTA_SEX_CUR_NB","SEX_T","CUR_TYPE_PPP","2020",1032.946,,,"T30:4","R1:3513"
"BWA","BX:15710","EAR_EMTA_SEX_CUR_NB","SEX_T","CUR_TYPE_USD","2020",455.495,,,"T30:4","R1:3513"
"BWA","BX:15710","EAR_EMTA_SEX_CUR_NB","SEX_T","CUR_TYPE_LCU","2019",5122.271,"B",,"T30:4_I11:264","R1:3513"
"BWA","BX:15710","EAR_EMTA_SEX_CUR_NB","SEX_T","CUR_TYPE_PPP","2019",994.392,"B",,"T30:4_I11:264","R1:3513"
"BWA","BX:15710","EAR_EMTA_SEX_CUR_NB","SEX_T","CUR_TYPE_USD","2019",476.23,"B",,"T30:4_I11:264","R1:3513"
"BWA","DA:965","EAR_EMTA_SEX_CUR_NB","SEX_T","CUR_TYPE_LCU","2011",4731,,,"T8:127_T9:133_T10:138_T12:145_T33:396_T30:4",
"BWA","DA:965","EAR_EMTA_SEX_CUR_NB","SEX_T","CUR_TYPE_PPP","2011",1110.063,,,"T8:127_T9:133_T10:138_T12:145_T33:396_T30:4",
"BWA","DA:965","EAR_EMTA_SEX_CUR_NB","SEX_T","CUR_TYPE_USD","2011",691.845,,,"T8:127_T9:133_T10:138_T12:145_T33:396_T30:4",
"BWA","DA:965","EAR_EMTA_SEX_CUR_NB","SEX_T","CUR_TYPE_LCU","2010",4641,,,"T8:127_T9:133_T10:138_T12:145_T33:396_T30:4",
"BWA","DA:965","EAR_EMTA_SEX_CUR_NB","SEX_T","CUR_TYPE_PPP","2010",1144.925,,,"T8:127_T9:133_T10:138_T12:145_T33:396_T30:4",
"BWA","DA:965","EAR_EMTA_SEX_CUR_NB","SEX_T","CUR_TYPE_USD","2010",683.14,,,"T8:127_T9:133_T10:138_T12:145_T33:396_T30:4",
"BWA","DA:965","EAR_EMTA_SEX_CUR_NB","SEX_T","CUR_TYPE_LCU","2009",4443,,,"T8:127_T9:133_T10:138_T12:145_T33:396_T30:4",
"BWA","DA:965","EAR_EMTA_SEX_CUR_NB","SEX_T","CUR_TYPE_PPP","2009",1153.329,,,"T8:127_T9:133_T10:138_T12:145_T33:396_T30:4",
"BWA","DA:965","EAR_EMTA_SEX_CUR_NB","SEX_T","CUR_TYPE_USD","2009",620.952,,,"T8:127_T9:133_T10:138_T12:145_T33:396_T30:4",
"BWA","DA:965","EAR_EMTA_SEX_CUR_NB","SEX_T","CUR_TYPE_LCU","2008",3586,,,"T30:4","S7:57"
"BWA","DA:965","EAR_EMTA_SEX_CUR_NB","SEX_T","CUR_TYPE_PPP","2008",1009.178,,,"T30:4","S7:57"
"BWA","DA:965","EAR_EMTA_SEX_CUR_NB","SEX_T","CUR_TYPE_USD","2008",525.278,,,"T30:4","S7:57"
"BWA","DA:965","EAR_EMTA_SEX_CUR_NB","SEX_T","CUR_TYPE_LCU","2007",3335,,,"T30:4","S7:57"
"BWA","DA:965","EAR_EMTA_SEX_CUR_NB","SEX_T","CUR_TYPE_PPP","2007",1018.649,,,"T30:4","S7:57"
"BWA","DA:965","EAR_EMTA_SEX_CUR_NB","SEX_T","CUR_TYPE_USD","2007",543.212,,,"T30:4","S7:57"
"BWA","DA:965","EAR_EMTA_SEX_CUR_NB","SEX_T","CUR_TYPE_LCU","2006",3055,,,"T30:4","S7:57"
"BWA","DA:965","EAR_EMTA_SEX_CUR_NB","SEX_T","CUR_TYPE_PPP","2006",971.487,,,"T30:4","S7:57"
"BWA","DA:965","EAR_EMTA_SEX_CUR_NB","SEX_T","CUR_TYPE_USD","2006",523.987,,,"T30:4","S7:57"
"BWA","DA:965","EAR_EMTA_SEX_CUR_NB","SEX_T","CUR_TYPE_LCU","2005",2141,,"C5:3047","T8:127_T9:133_T10:138_T33:396_T30:4","S3:14_S5:356_S9:66"
"BWA","DA:965","EAR_EMTA_SEX_CUR_NB","SEX_T","CUR_TYPE_PPP","2005",735.772,,"C5:3047","T8:127_T9:133_T10:138_T33:396_T30:4","S3:14_S5:356_S9:66"
"BWA","DA:965","EAR_EMTA_SEX_CUR_NB","SEX_T","CUR_TYPE_USD","2005",418.43,,"C5:3047","T8:127_T9:133_T10:138_T33:396_T30:4","S3:14_S5:356_S9:66"
"BWA","DA:965","EAR_EMTA_SEX_CUR_NB","SEX_T","CUR_TYPE_LCU","2004",2251,,,"T30:4","S7:57"
"BWA","DA:965","EAR_EMTA_SEX_CUR_NB","SEX_T","CUR_TYPE_PPP","2004",812.611,,,"T30:4","S7:57"
"BWA","DA:965","EAR_EMTA_SEX_CUR_NB","SEX_T","CUR_TYPE_USD","2004",479.565,,,"T30:4","S7:57"
"BWA","DA:965","EAR_EMTA_SEX_CUR_NB","SEX_T","CUR_TYPE_LCU","2003",2118.5,,,"T30:4","S7:57"
"BWA","DA:965","EAR_EMTA_SEX_CUR_NB","SEX_T","CUR_TYPE_PPP","2003",796.572,,,"T30:4","S7:57"
"BWA","DA:965","EAR_EMTA_SEX_CUR_NB","SEX_T","CUR_TYPE_USD","2003",428.009,,,"T30:4","S7:57"
"BWA","DA:965","EAR_EMTA_SEX_CUR_NB","SEX_T","CUR_TYPE_LCU","2002",1974.5,,,"T30:4","S7:57"
"BWA","DA:965","EAR_EMTA_SEX_CUR_NB","SEX_T","CUR_TYPE_PPP","2002",792.661,,,"T30:4","S7:57"
"BWA","DA:965","EAR_EMTA_SEX_CUR_NB","SEX_T","CUR_TYPE_USD","2002",312.036,,,"T30:4","S7:57"
"BWA","DA:965","EAR_EMTA_SEX_CUR_NB","SEX_T","CUR_TYPE_LCU","2001",1775.5,,,"T30:4","S7:57"
"BWA","DA:965","EAR_EMTA_SEX_CUR_NB","SEX_T","CUR_TYPE_PPP","2001",758.006,,,"T30:4","S7:57"
"BWA","DA:965","EAR_EMTA_SEX_CUR_NB","SEX_T","CUR_TYPE_USD","2001",303.95,,,"T30:4","S7:57"
"BWA","DA:965","EAR_EMTA_SEX_CUR_NB","SEX_T","CUR_TYPE_LCU","2000",1652.5,,,"T30:4","S7:57"
"BWA","DA:965","EAR_EMTA_SEX_CUR_NB","SEX_T","CUR_TYPE_PPP","2000",731.105,,,"T30:4","S7:57"
"BWA","DA:965","EAR_EMTA_SEX_CUR_NB","SEX_T","CUR_TYPE_USD","2000",323.877,,,"T30:4","S7:57"
"BWA","DA:965","EAR_EMTA_SEX_CUR_NB","SEX_T","CUR_TYPE_LCU","1999",1428,,"C5:3047","T8:127_T9:133_T10:138_T33:396_T30:4","S3:20_S5:356_S9:66"
"BWA","DA:965","EAR_EMTA_SEX_CUR_NB","SEX_T","CUR_TYPE_PPP","1999",663.711,,"C5:3047","T8:127_T9:133_T10:138_T33:396_T30:4","S3:20_S5:356_S9:66"
"BWA","DA:965","EAR_EMTA_SEX_CUR_NB","SEX_T","CUR_TYPE_USD","1999",308.797,,"C5:3047","T8:127_T9:133_T10:138_T33:396_T30:4","S3:20_S5:356_S9:66"
"BWA","DA:965","EAR_EMTA_SEX_CUR_NB","SEX_T","CUR_TYPE_LCU","1998",1386.5,,,"T30:4","S7:57"
"BWA","DA:965","EAR_EMTA_SEX_CUR_NB","SEX_T","CUR_TYPE_PPP","1998",679.493,,,"T30:4","S7:57"
"BWA","DA:965","EAR_EMTA_SEX_CUR_NB","SEX_T","CUR_TYPE_USD","1998",328.097,,,"T30:4","S7:57"
"BWA","DA:965","EAR_EMTA_SEX_CUR_NB","SEX_T","CUR_TYPE_LCU","1997",1019,,"C5:3047","T30:4",
"BWA","DA:965","EAR_EMTA_SEX_CUR_NB","SEX_T","CUR_TYPE_PPP","1997",524.514,,"C5:3047","T30:4",
"BWA","DA:965","EAR_EMTA_SEX_CUR_NB","SEX_T","CUR_TYPE_USD","1997",279.12,,"C5:3047","T30:4",
"BWA","DA:965","EAR_EMTA_SEX_CUR_NB","SEX_T","CUR_TYPE_LCU","1996",923,,"C5:3047","T8:127_T9:133_T10:138_T33:396_T30:4","S3:14_S5:356_S9:66"
"BWA","DA:965","EAR_EMTA_SEX_CUR_NB","SEX_T","CUR_TYPE_PPP","1996",504.729,,"C5:3047","T8:127_T9:133_T10:138_T33:396_T30:4","S3:14_S5:356_S9:66"
"BWA","DA:965","EAR_EMTA_SEX_CUR_NB","SEX_T","CUR_TYPE_USD","1996",277.661,,"C5:3047","T8:127_T9:133_T10:138_T33:396_T30:4","S3:14_S5:356_S9:66"
"BWA","DA:965","EAR_EMTA_SEX_CUR_NB","SEX_T","CUR_TYPE_LCU","1995",870,,,"T30:4","S7:57"
"BWA","DA:965","EAR_EMTA_SEX_CUR_NB","SEX_T","CUR_TYPE_PPP","1995",508.801,,,"T30:4","S7:57"
"BWA","DA:965","EAR_EMTA_SEX_CUR_NB","SEX_T","CUR_TYPE_USD","1995",313.829,,,"T30:4","S7:57"
"BWA","DA:965","EAR_EMTA_SEX_CUR_NB","SEX_T","CUR_TYPE_LCU","1994",813.5,,,"T30:4","S7:57"
"BWA","DA:965","EAR_EMTA_SEX_CUR_NB","SEX_T","CUR_TYPE_PPP","1994",511.425,,,"T30:4","S7:57"
"BWA","DA:965","EAR_EMTA_SEX_CUR_NB","SEX_T","CUR_TYPE_USD","1994",303.02,,,"T30:4","S7:57"
"BWA","DA:965","EAR_EMTA_SEX_CUR_NB","SEX_T","CUR_TYPE_LCU","1993",769.5,,,"T30:4","S7:57"
"BWA","DA:965","EAR_EMTA_SEX_CUR_NB","SEX_T","CUR_TYPE_PPP","1993",521.177,,,"T30:4","S7:57"
"BWA","DA:965","EAR_EMTA_SEX_CUR_NB","SEX_T","CUR_TYPE_USD","1993",317.572,,,"T30:4","S7:57"
"BWA","DA:965","EAR_EMTA_SEX_CUR_NB","SEX_T","CUR_TYPE_LCU","1992",633.5,,,"T30:4","S7:57"
"BWA","DA:965","EAR_EMTA_SEX_CUR_NB","SEX_T","CUR_TYPE_PPP","1992",476.49,,,"T30:4","S7:57"
"BWA","DA:965","EAR_EMTA_SEX_CUR_NB","SEX_T","CUR_TYPE_USD","1992",300.276,,,"T30:4","S7:57"
"BWA","DA:965","EAR_EMTA_SEX_CUR_NB","SEX_T","CUR_TYPE_LCU","1991",548,,"C5:3047","T8:127_T9:133_T10:138_T33:396_T30:4","S3:20_S5:356_S9:66"
"BWA","DA:965","EAR_EMTA_SEX_CUR_NB","SEX_T","CUR_TYPE_PPP","1991",464.744,,"C5:3047","T8:127_T9:133_T10:138_T33:396_T30:4","S3:20_S5:356_S9:66"
"BWA","DA:965","EAR_EMTA_SEX_CUR_NB","SEX_T","CUR_TYPE_USD","1991",271.078,,"C5:3047","T8:127_T9:133_T10:138_T33:396_T30:4","S3:20_S5:356_S9:66"
"BWA","DA:965","EAR_EMTA_SEX_CUR_NB","SEX_T","CUR_TYPE_LCU","1990",479,,"C5:3047","T8:127_T9:133_T10:138_T33:396_T30:4","S3:20_S5:356_S9:66"
"BWA","DA:965","EAR_EMTA_SEX_CUR_NB","SEX_T","CUR_TYPE_PPP","1990",435.573,,"C5:3047","T8:127_T9:133_T10:138_T33:396_T30:4","S3:20_S5:356_S9:66"
"BWA","DA:965","EAR_EMTA_SEX_CUR_NB","SEX_T","CUR_TYPE_USD","1990",257.462,,"C5:3047","T8:127_T9:133_T10:138_T33:396_T30:4","S3:20_S5:356_S9:66"
"BWA","DA:965","EAR_EMTA_SEX_CUR_NB","SEX_T","CUR_TYPE_LCU","1989",433,,"C5:3047","T8:127_T9:133_T10:138_T33:396_T30:4","S3:20_S5:356_S9:66"
"BWA","DA:965","EAR_EMTA_SEX_CUR_NB","SEX_T","CUR_TYPE_USD","1989",214.9,,"C5:3047","T8:127_T9:133_T10:138_T33:396_T30:4","S3:20_S5:356_S9:66"
"CAN","BA:147","EAR_EMTA_SEX_CUR_NB","SEX_T","CUR_TYPE_LCU","2025",5761.948,,,"T30:69","R1:3513"
"CAN","BA:147","EAR_EMTA_SEX_CUR_NB","SEX_T","CUR_TYPE_PPP","2025",4571.222,,,"T30:69","R1:3513"
"CAN","BA:147","EAR_EMTA_SEX_CUR_NB","SEX_T","CUR_TYPE_USD","2025",4121.253,,,"T30:69","R1:3513"
"CAN","BA:147","EAR_EMTA_SEX_CUR_NB","SEX_T","CUR_TYPE_LCU","2024",5590.778,,,"T30:69","R1:3513"
"CAN","BA:147","EAR_EMTA_SEX_CUR_NB","SEX_T","CUR_TYPE_PPP","2024",4505.411,,,"T30:69","R1:3513"
"CAN","BA:147","EAR_EMTA_SEX_CUR_NB","SEX_T","CUR_TYPE_USD","2024",4082.768,,,"T30:69","R1:3513"
"CAN","BA:147","EAR_EMTA_SEX_CUR_NB","SEX_T","CUR_TYPE_LCU","2023",5344.244,,,"T30:69","R1:3513"
"CAN","BA:147","EAR_EMTA_SEX_CUR_NB","SEX_T","CUR_TYPE_PPP","2023",4354.966,,,"T30:69","R1:3513"
"CAN","BA:147","EAR_EMTA_SEX_CUR_NB","SEX_T","CUR_TYPE_USD","2023",3958.968,,,"T30:69","R1:3513"
"CAN","BA:147","EAR_EMTA_SEX_CUR_NB","SEX_T","CUR_TYPE_LCU","2022",5094.704,,,"T30:69","R1:3513"
"CAN","BA:147","EAR_EMTA_SEX_CUR_NB","SEX_T","CUR_TYPE_PPP","2022",4144.337,,,"T30:69","R1:3513"
"CAN","BA:147","EAR_EMTA_SEX_CUR_NB","SEX_T","CUR_TYPE_USD","2022",3914.321,,,"T30:69","R1:3513"
"CAN","BA:147","EAR_EMTA_SEX_CUR_NB","SEX_T","CUR_TYPE_LCU","2021",4869.925,,,"T30:69","R1:3513"
"CAN","BA:147","EAR_EMTA_SEX_CUR_NB","SEX_T","CUR_TYPE_PPP","2021",3915.165,,,"T30:69","R1:3513"
"CAN","BA:147","EAR_EMTA_SEX_CUR_NB","SEX_T","CUR_TYPE_USD","2021",3883.894,,,"T30:69","R1:3513"
"CAN","BA:147","EAR_EMTA_SEX_CUR_NB","SEX_T","CUR_TYPE_LCU","2020",4770.904,,,"T30:69","R1:3513"
"CAN","BA:147","EAR_EMTA_SEX_CUR_NB","SEX_T","CUR_TYPE_PPP","2020",3708.673,,,"T30:69","R1:3513"
"CAN","BA:147","EAR_EMTA_SEX_CUR_NB","SEX_T","CUR_TYPE_USD","2020",3557.316,,,"T30:69","R1:3513"
"CAN","BA:147","EAR_EMTA_SEX_CUR_NB","SEX_T","CUR_TYPE_LCU","2019",4478.187,,,"T30:69","R1:3513"
"CAN","BA:147","EAR_EMTA_SEX_CUR_NB","SEX_T","CUR_TYPE_PPP","2019",3417.902,,,"T30:69","R1:3513"
"CAN","BA:147","EAR_EMTA_SEX_CUR_NB","SEX_T","CUR_TYPE_USD","2019",3375.195,,,"T30:69","R1:3513"
"CAN","BA:147","EAR_EMTA_SEX_CUR_NB","SEX_T","CUR_TYPE_LCU","2018",4364.59,,,"T30:69","R1:3513"
"CAN","BA:147","EAR_EMTA_SEX_CUR_NB","SEX_T","CUR_TYPE_PPP","2018",3391.044,,,"T30:69","R1:3513"
"CAN","BA:147","EAR_EMTA_SEX_CUR_NB","SEX_T","CUR_TYPE_USD","2018",3368.212,,,"T30:69","R1:3513"
"CAN","BA:147","EAR_EMTA_SEX_CUR_NB","SEX_T","CUR_TYPE_LCU","2017",4245.744,,,"T30:69","R1:3513"
"CAN","BA:147","EAR_EMTA_SEX_CUR_NB","SEX_T","CUR_TYPE_PPP","2017",3269.84,,,"T30:69","R1:3513"
"CAN","BA:147","EAR_EMTA_SEX_CUR_NB","SEX_T","CUR_TYPE_USD","2017",3271.151,,,"T30:69","R1:3513"
"CAN","BA:147","EAR_EMTA_SEX_CUR_NB","SEX_T","CUR_TYPE_LCU","2016",4181.536,,,"T30:69","R1:3513"
"CAN","BA:147","EAR_EMTA_SEX_CUR_NB","SEX_T","CUR_TYPE_PPP","2016",3214.739,,,"T30:69","R1:3513"
"CAN","BA:147","EAR_EMTA_SEX_CUR_NB","SEX_T","CUR_TYPE_USD","2016",3154.412,,,"T30:69","R1:3513"
"CAN","BA:147","EAR_EMTA_SEX_CUR_NB","SEX_T","CUR_TYPE_LCU","2015",4107.127,,,"T30:69","R1:3513"
"CAN","BA:147","EAR_EMTA_SEX_CUR_NB","SEX_T","CUR_TYPE_PPP","2015",3064.389,,,"T30:69","R1:3513"
"CAN","BA:147","EAR_EMTA_SEX_CUR_NB","SEX_T","CUR_TYPE_USD","2015",3211.739,,,"T30:69","R1:3513"
"CAN","BA:147","EAR_EMTA_SEX_CUR_NB","SEX_T","CUR_TYPE_LCU","2014",4002.604,,,"T30:69","R1:3513"
"CAN","BA:147","EAR_EMTA_SEX_CUR_NB","SEX_T","CUR_TYPE_PPP","2014",3052.45,,,"T30:69","R1:3513"
"CAN","BA:147","EAR_EMTA_SEX_CUR_NB","SEX_T","CUR_TYPE_USD","2014",3623.096,,,"T30:69","R1:3513"
"CAN","BA:147","EAR_EMTA_SEX_CUR_NB","SEX_T","CUR_TYPE_LCU","2013",3932.782,,,"T30:69","R1:3513"
"CAN","BA:147","EAR_EMTA_SEX_CUR_NB","SEX_T","CUR_TYPE_PPP","2013",3018.088,,,"T30:69","R1:3513"
"CAN","BA:147","EAR_EMTA_SEX_CUR_NB","SEX_T","CUR_TYPE_USD","2013",3817.726,,,"T30:69","R1:3513"
"CAN","BA:147","EAR_EMTA_SEX_CUR_NB","SEX_T","CUR_TYPE_LCU","2012",3849.393,,,"T30:69","R1:3513"
"CAN","BA:147","EAR_EMTA_SEX_CUR_NB","SEX_T","CUR_TYPE_PPP","2012",2997.586,,,"T30:69","R1:3513"
"CAN","BA:147","EAR_EMTA_SEX_CUR_NB","SEX_T","CUR_TYPE_USD","2012",3851.84,,,"T30:69","R1:3513"
"CAN","BA:147","EAR_EMTA_SEX_CUR_NB","SEX_T","CUR_TYPE_LCU","2011",3737.797,,,"T30:69","R1:3513"
"CAN","BA:147","EAR_EMTA_SEX_CUR_NB","SEX_T","CUR_TYPE_PPP","2011",2909.733,,,"T30:69","R1:3513"
"CAN","BA:147","EAR_EMTA_SEX_CUR_NB","SEX_T","CUR_TYPE_USD","2011",3778.384,,,"T30:69","R1:3513"
"CAN","BA:147","EAR_EMTA_SEX_CUR_NB","SEX_T","CUR_TYPE_LCU","2010",3646.086,,,"T30:69","R1:3513"
"CAN","BA:147","EAR_EMTA_SEX_CUR_NB","SEX_T","CUR_TYPE_PPP","2010",2813.775,,,"T30:69","R1:3513"
"CAN","BA:147","EAR_EMTA_SEX_CUR_NB","SEX_T","CUR_TYPE_USD","2010",3539.502,,,"T30:69","R1:3513"
"CAN","BA:147","EAR_EMTA_SEX_CUR_NB","SEX_T","CUR_TYPE_LCU","2009",3576.538,,,"T30:69","R1:3513"
"CAN","BA:147","EAR_EMTA_SEX_CUR_NB","SEX_T","CUR_TYPE_PPP","2009",2747.759,,,"T30:69","R1:3513"
"CAN","BA:147","EAR_EMTA_SEX_CUR_NB","SEX_T","CUR_TYPE_USD","2009",3133.095,,,"T30:69","R1:3513"
"CAN","BA:147","EAR_EMTA_SEX_CUR_NB","SEX_T","CUR_TYPE_LCU","2008",3478.552,,,"T30:69","R1:3513"
"CAN","BA:147","EAR_EMTA_SEX_CUR_NB","SEX_T","CUR_TYPE_PPP","2008",2671.948,,,"T30:69","R1:3513"
"CAN","BA:147","EAR_EMTA_SEX_CUR_NB","SEX_T","CUR_TYPE_USD","2008",3259.858,,,"T30:69","R1:3513"
"CAN","BA:147","EAR_EMTA_SEX_CUR_NB","SEX_T","CUR_TYPE_LCU","2007",3349.55,,,"T30:69","R1:3513"
"CAN","BA:147","EAR_EMTA_SEX_CUR_NB","SEX_T","CUR_TYPE_PPP","2007",2629.771,,,"T30:69","R1:3513"
"CAN","BA:147","EAR_EMTA_SEX_CUR_NB","SEX_T","CUR_TYPE_USD","2007",3118.629,,,"T30:69","R1:3513"
"CAN","BA:147","EAR_EMTA_SEX_CUR_NB","SEX_T","CUR_TYPE_LCU","2006",3222.631,,,"T30:69","R1:3513"
"CAN","BA:147","EAR_EMTA_SEX_CUR_NB","SEX_T","CUR_TYPE_PPP","2006",2504.72,,,"T30:69","R1:3513"
"CAN","BA:147","EAR_EMTA_SEX_CUR_NB","SEX_T","CUR_TYPE_USD","2006",2840.962,,,"T30:69","R1:3513"
"CAN","BA:147","EAR_EMTA_SEX_CUR_NB","SEX_T","CUR_TYPE_LCU","2005",3046.037,,,"T30:69","R1:3513"
"CAN","BA:147","EAR_EMTA_SEX_CUR_NB","SEX_T","CUR_TYPE_PPP","2005",2417.503,,,"T30:69","R1:3513"
"CAN","BA:147","EAR_EMTA_SEX_CUR_NB","SEX_T","CUR_TYPE_USD","2005",2514.466,,,"T30:69","R1:3513"
"CAN","BA:147","EAR_EMTA_SEX_CUR_NB","SEX_T","CUR_TYPE_LCU","2004",2945.281,,,"T30:69","R1:3513"
"CAN","BA:147","EAR_EMTA_SEX_CUR_NB","SEX_T","CUR_TYPE_PPP","2004",2314.32,,,"T30:69","R1:3513"
"CAN","BA:147","EAR_EMTA_SEX_CUR_NB","SEX_T","CUR_TYPE_USD","2004",2263.369,,,"T30:69","R1:3513"
"CAN","BA:147","EAR_EMTA_SEX_CUR_NB","SEX_T","CUR_TYPE_LCU","2003",2870.608,,,"T30:69","R1:3513"
"CAN","BA:147","EAR_EMTA_SEX_CUR_NB","SEX_T","CUR_TYPE_PPP","2003",2234.387,,,"T30:69","R1:3513"
"CAN","BA:147","EAR_EMTA_SEX_CUR_NB","SEX_T","CUR_TYPE_USD","2003",2048.95,,,"T30:69","R1:3513"
"CAN","BA:147","EAR_EMTA_SEX_CUR_NB","SEX_T","CUR_TYPE_LCU","2002",2816.565,,,"T30:69","R1:3513"
"CAN","BA:147","EAR_EMTA_SEX_CUR_NB","SEX_T","CUR_TYPE_PPP","2002",2188.432,,,"T30:69","R1:3513"
"CAN","BA:147","EAR_EMTA_SEX_CUR_NB","SEX_T","CUR_TYPE_USD","2002",1793.599,,,"T30:69","R1:3513"
"CAN","BA:147","EAR_EMTA_SEX_CUR_NB","SEX_T","CUR_TYPE_LCU","2001",2753.955,,,"T30:69","R1:3513"
"CAN","BA:147","EAR_EMTA_SEX_CUR_NB","SEX_T","CUR_TYPE_PPP","2001",2166.631,,,"T30:69","R1:3513"
"CAN","BA:147","EAR_EMTA_SEX_CUR_NB","SEX_T","CUR_TYPE_USD","2001",1778.076,,,"T30:69","R1:3513"
"CAN","BA:147","EAR_EMTA_SEX_CUR_NB","SEX_T","CUR_TYPE_LCU","2000",2668.78,,,"T30:69","R1:3513"
"CAN","BA:147","EAR_EMTA_SEX_CUR_NB","SEX_T","CUR_TYPE_PPP","2000",2101.285,,,"T30:69","R1:3513"
"CAN","BA:147","EAR_EMTA_SEX_CUR_NB","SEX_T","CUR_TYPE_USD","2000",1796.681,,,"T30:69","R1:3513"
"CAN","BA:147","EAR_EMTA_SEX_CUR_NB","SEX_T","CUR_TYPE_LCU","1999",2587.05,,,"T30:69","R1:3513"
"CAN","BA:147","EAR_EMTA_SEX_CUR_NB","SEX_T","CUR_TYPE_PPP","1999",2043.742,,,"T30:69","R1:3513"
"CAN","BA:147","EAR_EMTA_SEX_CUR_NB","SEX_T","CUR_TYPE_USD","1999",1741.295,,,"T30:69","R1:3513"
"CAN","BA:147","EAR_EMTA_SEX_CUR_NB","SEX_T","CUR_TYPE_LCU","1998",2520.141,,,"T30:69","R1:3513"
"CAN","BA:147","EAR_EMTA_SEX_CUR_NB","SEX_T","CUR_TYPE_PPP","1998",1993.623,,,"T30:69","R1:3513"
"CAN","BA:147","EAR_EMTA_SEX_CUR_NB","SEX_T","CUR_TYPE_USD","1998",1698.774,,,"T30:69","R1:3513"
"CAN","BA:147","EAR_EMTA_SEX_CUR_NB","SEX_T","CUR_TYPE_LCU","1997",2484.415,,,"T30:69","R1:3513"
"CAN","BA:147","EAR_EMTA_SEX_CUR_NB","SEX_T","CUR_TYPE_PPP","1997",1975.46,,,"T30:69","R1:3513"
"CAN","BA:147","EAR_EMTA_SEX_CUR_NB","SEX_T","CUR_TYPE_USD","1997",1794.322,,,"T30:69","R1:3513"
"CAN","DA:977","EAR_EMTA_SEX_CUR_NB","SEX_T","CUR_TYPE_LCU","1996",2646.756,,,"T8:127_T9:133_T10:138_T33:396_T30:69","S9:66"
"CAN","DA:977","EAR_EMTA_SEX_CUR_NB","SEX_T","CUR_TYPE_PPP","1996",2096.739,,,"T8:127_T9:133_T10:138_T33:396_T30:69","S9:66"
"CAN","DA:977","EAR_EMTA_SEX_CUR_NB","SEX_T","CUR_TYPE_USD","1996",1941.118,,,"T8:127_T9:133_T10:138_T33:396_T30:69","S9:66"
"CAN","DA:977","EAR_EMTA_SEX_CUR_NB","SEX_T","CUR_TYPE_LCU","1995",2593.237,,,"T8:127_T9:133_T10:138_T33:396_T30:69","S9:66"
"CAN","DA:977","EAR_EMTA_SEX_CUR_NB","SEX_T","CUR_TYPE_PPP","1995",2041.228,,,"T8:127_T9:133_T10:138_T33:396_T30:69","S9:66"
"CAN","DA:977","EAR_EMTA_SEX_CUR_NB","SEX_T","CUR_TYPE_USD","1995",1889.501,,,"T8:127_T9:133_T10:138_T33:396_T30:69","S9:66"
"CAN","DA:977","EAR_EMTA_SEX_CUR_NB","SEX_T","CUR_TYPE_LCU","1994",2568.34,,,"T8:127_T9:133_T10:138_T33:396_T30:69","S9:66"
"CAN","DA:977","EAR_EMTA_SEX_CUR_NB","SEX_T","CUR_TYPE_PPP","1994",2006.112,,,"T8:127_T9:133_T10:138_T33:396_T30:69","S9:66"
"CAN","DA:977","EAR_EMTA_SEX_CUR_NB","SEX_T","CUR_TYPE_USD","1994",1880.64,,,"T8:127_T9:133_T10:138_T33:396_T30:69","S9:66"
"CAN","DA:977","EAR_EMTA_SEX_CUR_NB","SEX_T","CUR_TYPE_LCU","1993",583.15,,,"T30:69",
"CAN","DA:977","EAR_EMTA_SEX_CUR_NB","SEX_T","CUR_TYPE_PPP","1993",451.252,,,"T30:69",
"CAN","DA:977","EAR_EMTA_SEX_CUR_NB","SEX_T","CUR_TYPE_USD","1993",452.024,,,"T30:69",
"CAN","DA:977","EAR_EMTA_SEX_CUR_NB","SEX_T","CUR_TYPE_LCU","1992",572.66,,,"T30:69",
"CAN","DA:977","EAR_EMTA_SEX_CUR_NB","SEX_T","CUR_TYPE_PPP","1992",440.977,,,"T30:69",
"CAN","DA:977","EAR_EMTA_SEX_CUR_NB","SEX_T","CUR_TYPE_USD","1992",473.773,,,"T30:69",
"CAN","DA:977","EAR_EMTA_SEX_CUR_NB","SEX_T","CUR_TYPE_LCU","1991",553.42,,,"T30:69",
"CAN","DA:977","EAR_EMTA_SEX_CUR_NB","SEX_T","CUR_TYPE_PPP","1991",421.577,,,"T30:69",
"CAN","DA:977","EAR_EMTA_SEX_CUR_NB","SEX_T","CUR_TYPE_USD","1991",483.03,,,"T30:69",
"CHE","BA:253","EAR_EMTA_SEX_CUR_NB","SEX_T","CUR_TYPE_LCU","2025",6467.845,,,"T30:206","R1:3513"
"CHE","BA:253","EAR_EMTA_SEX_CUR_NB","SEX_T","CUR_TYPE_PPP","2025",6069.993,,,"T30:206","R1:3513"
"CHE","BA:253","EAR_EMTA_SEX_CUR_NB","SEX_T","CUR_TYPE_USD","2025",7779.875,,,"T30:206","R1:3513"
"CHE","BA:253","EAR_EMTA_SEX_CUR_NB","SEX_T","CUR_TYPE_LCU","2024",6374.793,,,"T30:206","R1:3513"
"CHE","BA:253","EAR_EMTA_SEX_CUR_NB","SEX_T","CUR_TYPE_PPP","2024",5757.534,,,"T30:206","R1:3513"
"CHE","BA:253","EAR_EMTA_SEX_CUR_NB","SEX_T","CUR_TYPE_USD","2024",7240.456,,,"T30:206","R1:3513"
"CHE","BA:253","EAR_EMTA_SEX_CUR_NB","SEX_T","CUR_TYPE_LCU","2023",6287.843,,,"T30:206","R1:3513"
"CHE","BA:253","EAR_EMTA_SEX_CUR_NB","SEX_T","CUR_TYPE_PPP","2023",5417.159,,,"T30:206","R1:3513"
"CHE","BA:253","EAR_EMTA_SEX_CUR_NB","SEX_T","CUR_TYPE_USD","2023",6998.233,,,"T30:206","R1:3513"
"CHE","BA:253","EAR_EMTA_SEX_CUR_NB","SEX_T","CUR_TYPE_LCU","2022",6137.599,,,"T30:206","R1:3513"
"CHE","BA:253","EAR_EMTA_SEX_CUR_NB","SEX_T","CUR_TYPE_PPP","2022",5239.564,,,"T30:206","R1:3513"
"CHE","BA:253","EAR_EMTA_SEX_CUR_NB","SEX_T","CUR_TYPE_USD","2022",6427.932,,,"T30:206","R1:3513"
"CHE","BA:253","EAR_EMTA_SEX_CUR_NB","SEX_T","CUR_TYPE_LCU","2021",6093.755,,,"T30:206","R1:3513"
"CHE","BA:253","EAR_EMTA_SEX_CUR_NB","SEX_T","CUR_TYPE_PPP","2021",4895.967,,,"T30:206","R1:3513"
"CHE","BA:253","EAR_EMTA_SEX_CUR_NB","SEX_T","CUR_TYPE_USD","2021",6668.253,,,"T30:206","R1:3513"
"CHE","BA:253","EAR_EMTA_SEX_CUR_NB","SEX_T","CUR_TYPE_LCU","2020",6009.231,,,"T30:206","R1:3513"
"CHE","BA:253","EAR_EMTA_SEX_CUR_NB","SEX_T","CUR_TYPE_PPP","2020",4663.618,,,"T30:206","R1:3513"
"CHE","BA:253","EAR_EMTA_SEX_CUR_NB","SEX_T","CUR_TYPE_USD","2020",6399.845,,,"T30:206","R1:3513"
"CHE","BA:253","EAR_EMTA_SEX_CUR_NB","SEX_T","CUR_TYPE_LCU","2019",5934.202,,,"T30:206","R1:3513"
"CHE","BA:253","EAR_EMTA_SEX_CUR_NB","SEX_T","CUR_TYPE_PPP","2019",4542.874,,,"T30:206","R1:3513"
"CHE","BA:253","EAR_EMTA_SEX_CUR_NB","SEX_T","CUR_TYPE_USD","2019",5971.77,,,"T30:206","R1:3513"
"CHE","BA:253","EAR_EMTA_SEX_CUR_NB","SEX_T","CUR_TYPE_LCU","2018",5876.908,,,"T30:206","R1:3513"
"CHE","BA:253","EAR_EMTA_SEX_CUR_NB","SEX_T","CUR_TYPE_PPP","2018",4338.204,,,"T30:206","R1:3513"
"CHE","BA:253","EAR_EMTA_SEX_CUR_NB","SEX_T","CUR_TYPE_USD","2018",6009.775,,,"T30:206","R1:3513"
"CHE","BA:253","EAR_EMTA_SEX_CUR_NB","SEX_T","CUR_TYPE_LCU","2017",5810.761,,,"T30:206","R1:3513"
"CHE","BA:253","EAR_EMTA_SEX_CUR_NB","SEX_T","CUR_TYPE_PPP","2017",4229.502,,,"T30:206","R1:3513"
"CHE","BA:253","EAR_EMTA_SEX_CUR_NB","SEX_T","CUR_TYPE_USD","2017",5901.097,,,"T30:206","R1:3513"
"CHE","BA:253","EAR_EMTA_SEX_CUR_NB","SEX_T","CUR_TYPE_LCU","2016",5782.768,,,"T30:206","R1:3513"
"CHE","BA:253","EAR_EMTA_SEX_CUR_NB","SEX_T","CUR_TYPE_PPP","2016",4184.877,,,"T30:206","R1:3513"
"CHE","BA:253","EAR_EMTA_SEX_CUR_NB","SEX_T","CUR_TYPE_USD","2016",5868.48,,,"T30:206","R1:3513"
"CHE","BA:253","EAR_EMTA_SEX_CUR_NB","SEX_T","CUR_TYPE_LCU","2015",5793.803,,,"T30:206","R1:3513"
"CHE","BA:253","EAR_EMTA_SEX_CUR_NB","SEX_T","CUR_TYPE_PPP","2015",4099.889,,,"T30:206","R1:3513"
"CHE","BA:253","EAR_EMTA_SEX_CUR_NB","SEX_T","CUR_TYPE_USD","2015",6020.278,,,"T30:206","R1:3513"
"CHE","BA:253","EAR_EMTA_SEX_CUR_NB","SEX_T","CUR_TYPE_LCU","2014",5735.635,,,"T30:206","R1:3513"
"CHE","BA:253","EAR_EMTA_SEX_CUR_NB","SEX_T","CUR_TYPE_PPP","2014",4003.193,,,"T30:206","R1:3513"
"CHE","BA:253","EAR_EMTA_SEX_CUR_NB","SEX_T","CUR_TYPE_USD","2014",6260.578,,,"T30:206","R1:3513"
"CHE","BA:253","EAR_EMTA_SEX_CUR_NB","SEX_T","CUR_TYPE_LCU","2013",5725.609,,,"T30:206","R1:3513"
"CHE","BA:253","EAR_EMTA_SEX_CUR_NB","SEX_T","CUR_TYPE_PPP","2013",3939.556,,,"T30:206","R1:3513"
"CHE","BA:253","EAR_EMTA_SEX_CUR_NB","SEX_T","CUR_TYPE_USD","2013",6177.136,,,"T30:206","R1:3513"
"CHE","BA:253","EAR_EMTA_SEX_CUR_NB","SEX_T","CUR_TYPE_LCU","2012",5667.628,,,"T30:206","R1:3513"
"CHE","BA:253","EAR_EMTA_SEX_CUR_NB","SEX_T","CUR_TYPE_PPP","2012",3762.614,,,"T30:206","R1:3513"
"CHE","BA:253","EAR_EMTA_SEX_CUR_NB","SEX_T","CUR_TYPE_USD","2012",6044.281,,,"T30:206","R1:3513"
"CHE","BA:253","EAR_EMTA_SEX_CUR_NB","SEX_T","CUR_TYPE_LCU","2011",5633.606,,,"T30:206","R1:3513"
"CHE","BA:253","EAR_EMTA_SEX_CUR_NB","SEX_T","CUR_TYPE_PPP","2011",3664.548,,,"T30:206","R1:3513"
"CHE","BA:253","EAR_EMTA_SEX_CUR_NB","SEX_T","CUR_TYPE_USD","2011",6343.85,,,"T30:206","R1:3513"
"CHE","BA:253","EAR_EMTA_SEX_CUR_NB","SEX_T","CUR_TYPE_LCU","2010",5574.661,,,"T30:206","R1:3513"
"CHE","BA:253","EAR_EMTA_SEX_CUR_NB","SEX_T","CUR_TYPE_PPP","2010",3523.178,,,"T30:206","R1:3513"
"CHE","BA:253","EAR_EMTA_SEX_CUR_NB","SEX_T","CUR_TYPE_USD","2010",5345.317,,,"T30:206","R1:3513"
"CHE","BA:253","EAR_EMTA_SEX_CUR_NB","SEX_T","CUR_TYPE_LCU","2009",5621.811,,,"T30:206","R1:3513"
"CHE","BA:253","EAR_EMTA_SEX_CUR_NB","SEX_T","CUR_TYPE_PPP","2009",3548.574,,,"T30:206","R1:3513"
"CHE","BA:253","EAR_EMTA_SEX_CUR_NB","SEX_T","CUR_TYPE_USD","2009",5166.433,,,"T30:206","R1:3513"
"CHE","BA:253","EAR_EMTA_SEX_CUR_NB","SEX_T","CUR_TYPE_LCU","2008",5601.425,,,"T30:206","R1:3513"
"CHE","BA:253","EAR_EMTA_SEX_CUR_NB","SEX_T","CUR_TYPE_PPP","2008",3469.509,,,"T30:206","R1:3513"
"CHE","BA:253","EAR_EMTA_SEX_CUR_NB","SEX_T","CUR_TYPE_USD","2008",5171.708,,,"T30:206","R1:3513"
"CHE","BA:253","EAR_EMTA_SEX_CUR_NB","SEX_T","CUR_TYPE_LCU","2007",5527.565,,,"T30:206","R1:3513"
"CHE","BA:253","EAR_EMTA_SEX_CUR_NB","SEX_T","CUR_TYPE_PPP","2007",3327.766,,,"T30:206","R1:3513"
"CHE","BA:253","EAR_EMTA_SEX_CUR_NB","SEX_T","CUR_TYPE_USD","2007",4604.9,,,"T30:206","R1:3513"
"CHE","BA:253","EAR_EMTA_SEX_CUR_NB","SEX_T","CUR_TYPE_LCU","2006",5362.411,,,"T30:206","R1:3513"
"CHE","BA:253","EAR_EMTA_SEX_CUR_NB","SEX_T","CUR_TYPE_PPP","2006",3102,,,"T30:206","R1:3513"
"CHE","BA:253","EAR_EMTA_SEX_CUR_NB","SEX_T","CUR_TYPE_USD","2006",4276.779,,,"T30:206","R1:3513"
"CHE","BA:253","EAR_EMTA_SEX_CUR_NB","SEX_T","CUR_TYPE_LCU","2005",5316.475,,,"T30:206","R1:3513"
"CHE","BA:253","EAR_EMTA_SEX_CUR_NB","SEX_T","CUR_TYPE_PPP","2005",2990.577,,,"T30:206","R1:3513"
"CHE","BA:253","EAR_EMTA_SEX_CUR_NB","SEX_T","CUR_TYPE_USD","2005",4269.655,,,"T30:206","R1:3513"
"CHE","BA:253","EAR_EMTA_SEX_CUR_NB","SEX_T","CUR_TYPE_LCU","2004",5271.404,,,"T30:206","R1:3513"
"CHE","BA:253","EAR_EMTA_SEX_CUR_NB","SEX_T","CUR_TYPE_PPP","2004",2954.434,,,"T30:206","R1:3513"
"CHE","BA:253","EAR_EMTA_SEX_CUR_NB","SEX_T","CUR_TYPE_USD","2004",4239.181,,,"T30:206","R1:3513"
"CHE","BA:253","EAR_EMTA_SEX_CUR_NB","SEX_T","CUR_TYPE_LCU","2003",5218.502,,,"T30:206","R1:3513"
"CHE","BA:253","EAR_EMTA_SEX_CUR_NB","SEX_T","CUR_TYPE_PPP","2003",2879.379,,,"T30:206","R1:3513"
"CHE","BA:253","EAR_EMTA_SEX_CUR_NB","SEX_T","CUR_TYPE_USD","2003",3875.171,,,"T30:206","R1:3513"
"CHE","BA:253","EAR_EMTA_SEX_CUR_NB","SEX_T","CUR_TYPE_LCU","2002",5128.202,,,"T30:206","R1:3513"
"CHE","BA:253","EAR_EMTA_SEX_CUR_NB","SEX_T","CUR_TYPE_PPP","2002",2832.3,,,"T30:206","R1:3513"
"CHE","BA:253","EAR_EMTA_SEX_CUR_NB","SEX_T","CUR_TYPE_USD","2002",3290.246,,,"T30:206","R1:3513"
"CHE","BA:253","EAR_EMTA_SEX_CUR_NB","SEX_T","CUR_TYPE_LCU","2001",5056.855,,,"T30:206","R1:3513"
"CHE","BA:253","EAR_EMTA_SEX_CUR_NB","SEX_T","CUR_TYPE_PPP","2001",2718.609,,,"T30:206","R1:3513"
"CHE","BA:253","EAR_EMTA_SEX_CUR_NB","SEX_T","CUR_TYPE_USD","2001",2996.45,,,"T30:206","R1:3513"
"CHE","BA:253","EAR_EMTA_SEX_CUR_NB","SEX_T","CUR_TYPE_LCU","2000",4909.632,,,"T30:206","R1:3513"
"CHE","BA:253","EAR_EMTA_SEX_CUR_NB","SEX_T","CUR_TYPE_PPP","2000",2600.238,,,"T30:206","R1:3513"
"CHE","BA:253","EAR_EMTA_SEX_CUR_NB","SEX_T","CUR_TYPE_USD","2000",2907.099,,,"T30:206","R1:3513"
"CHE","BA:253","EAR_EMTA_SEX_CUR_NB","SEX_T","CUR_TYPE_LCU","1999",4840.965,,,"T30:206","R1:3513"
"CHE","BA:253","EAR_EMTA_SEX_CUR_NB","SEX_T","CUR_TYPE_PPP","1999",2568.474,,,"T30:206","R1:3513"
"CHE","BA:253","EAR_EMTA_SEX_CUR_NB","SEX_T","CUR_TYPE_USD","1999",3222.68,,,"T30:206","R1:3513"
"CHE","BA:253","EAR_EMTA_SEX_CUR_NB","SEX_T","CUR_TYPE_LCU","1998",4782.406,,,"T30:206","R1:3513"
"CHE","BA:253","EAR_EMTA_SEX_CUR_NB","SEX_T","CUR_TYPE_PPP","1998",2541.542,,,"T30:206","R1:3513"
"CHE","BA:253","EAR_EMTA_SEX_CUR_NB","SEX_T","CUR_TYPE_USD","1998",3298.636,,,"T30:206","R1:3513"
"CHE","BA:253","EAR_EMTA_SEX_CUR_NB","SEX_T","CUR_TYPE_LCU","1997",4738.634,,,"T30:206","R1:3513"
"CHE","BA:253","EAR_EMTA_SEX_CUR_NB","SEX_T","CUR_TYPE_PPP","1997",2514.934,,,"T30:206","R1:3513"
"CHE","BA:253","EAR_EMTA_SEX_CUR_NB","SEX_T","CUR_TYPE_USD","1997",3265.068,,,"T30:206","R1:3513"
"CHE","BA:253","EAR_EMTA_SEX_CUR_NB","SEX_T","CUR_TYPE_LCU","1996",4838.095,,,"T30:206","R1:3513"
"CHE","BA:253","EAR_EMTA_SEX_CUR_NB","SEX_T","CUR_TYPE_PPP","1996",2518.246,,,"T30:206","R1:3513"
"CHE","BA:253","EAR_EMTA_SEX_CUR_NB","SEX_T","CUR_TYPE_USD","1996",3914.285,,,"T30:206","R1:3513"
"CHE","BA:253","EAR_EMTA_SEX_CUR_NB","SEX_T","CUR_TYPE_LCU","1995",4945.308,,,"T30:206","R1:3513"
"CHE","BA:253","EAR_EMTA_SEX_CUR_NB","SEX_T","CUR_TYPE_PPP","1995",2528.999,,,"T30:206","R1:3513"
"CHE","BA:253","EAR_EMTA_SEX_CUR_NB","SEX_T","CUR_TYPE_USD","1995",4182.188,,,"T30:206","R1:3513"
"CHE","BA:253","EAR_EMTA_SEX_CUR_NB","SEX_T","CUR_TYPE_LCU","1994",4826.612,,,"T30:206","R1:3513"
"CHE","BA:253","EAR_EMTA_SEX_CUR_NB","SEX_T","CUR_TYPE_PPP","1994",2446.83,,,"T30:206","R1:3513"
"CHE","BA:253","EAR_EMTA_SEX_CUR_NB","SEX_T","CUR_TYPE_USD","1994",3529.018,,,"T30:206","R1:3513"
"CHE","BA:253","EAR_EMTA_SEX_CUR_NB","SEX_T","CUR_TYPE_LCU","1993",4721.217,,,"T30:206","R1:3513"
"CHE","BA:253","EAR_EMTA_SEX_CUR_NB","SEX_T","CUR_TYPE_PPP","1993",2341.134,,,"T30:206","R1:3513"
"CHE","BA:253","EAR_EMTA_SEX_CUR_NB","SEX_T","CUR_TYPE_USD","1993",3195.157,,,"T30:206","R1:3513"
"CHE","BA:253","EAR_EMTA_SEX_CUR_NB","SEX_T","CUR_TYPE_LCU","1992",4554.008,,,"T30:206","R1:3513"
"CHE","BA:253","EAR_EMTA_SEX_CUR_NB","SEX_T","CUR_TYPE_PPP","1992",2259.896,,,"T30:206","R1:3513"
"CHE","BA:253","EAR_EMTA_SEX_CUR_NB","SEX_T","CUR_TYPE_USD","1992",3238.479,,,"T30:206","R1:3513"
"CHE","BA:253","EAR_EMTA_SEX_CUR_NB","SEX_T","CUR_TYPE_LCU","1991",4082.122,"B",,"T30:206_I11:264","R1:3513"
"CHE","BA:253","EAR_EMTA_SEX_CUR_NB","SEX_T","CUR_TYPE_PPP","1991",2048.421,"B",,"T30:206_I11:264","R1:3513"
"CHE","BA:253","EAR_EMTA_SEX_CUR_NB","SEX_T","CUR_TYPE_USD","1991",2846.685,"B",,"T30:206_I11:264","R1:3513"
"CHL","BB:16207","EAR_EMTA_SEX_CUR_NB","SEX_T","CUR_TYPE_LCU","2024",966377.602,,,"T30:74","R1:3513"
"CHL","BB:16207","EAR_EMTA_SEX_CUR_NB","SEX_T","CUR_TYPE_PPP","2024",2078.786,,,"T30:74","R1:3513"
"CHL","BB:16207","EAR_EMTA_SEX_CUR_NB","SEX_T","CUR_TYPE_USD","2024",1024.169,,,"T30:74","R1:3513"
"CHL","BB:16207","EAR_EMTA_SEX_CUR_NB","SEX_T","CUR_TYPE_LCU","2023",906199.753,,,"T30:74","R1:3513"
"CHL","BB:16207","EAR_EMTA_SEX_CUR_NB","SEX_T","CUR_TYPE_PPP","2023",1918.299,,,"T30:74","R1:3513"
"CHL","BB:16207","EAR_EMTA_SEX_CUR_NB","SEX_T","CUR_TYPE_USD","2023",1078.724,,,"T30:74","R1:3513"
"CHL","BX:138","EAR_EMTA_SEX_CUR_NB","SEX_T","CUR_TYPE_LCU","2022",760766.442,,,"T30:74","R1:3513"
"CHL","BX:138","EAR_EMTA_SEX_CUR_NB","SEX_T","CUR_TYPE_PPP","2022",1550.232,,,"T30:74","R1:3513"
"CHL","BX:138","EAR_EMTA_SEX_CUR_NB","SEX_T","CUR_TYPE_USD","2022",871.126,,,"T30:74","R1:3513"
"CHL","BB:16207","EAR_EMTA_SEX_CUR_NB","SEX_T","CUR_TYPE_LCU","2021",740931.578,,,"T30:74","R1:3513"
"CHL","BB:16207","EAR_EMTA_SEX_CUR_NB","SEX_T","CUR_TYPE_PPP","2021",1539.98,,,"T30:74","R1:3513"
"CHL","BB:16207","EAR_EMTA_SEX_CUR_NB","SEX_T","CUR_TYPE_USD","2021",976.252,,,"T30:74","R1:3513"
"CHL","BX:138","EAR_EMTA_SEX_CUR_NB","SEX_T","CUR_TYPE_LCU","2020",735678.593,,,"T30:74","R1:3513"
"CHL","BX:138","EAR_EMTA_SEX_CUR_NB","SEX_T","CUR_TYPE_PPP","2020",1580.86,,,"T30:74","R1:3513"
"CHL","BX:138","EAR_EMTA_SEX_CUR_NB","SEX_T","CUR_TYPE_USD","2020",928.035,,,"T30:74","R1:3513"
"CHL","DA:134","EAR_EMTA_SEX_CUR_NB","SEX_T","CUR_TYPE_LCU","2019",878027.548,,,"T8:252_T9:133_T10:138_T11:142_T12:145_T30:74","S8:3907_S9:66_S6:47"
"CHL","DA:134","EAR_EMTA_SEX_CUR_NB","SEX_T","CUR_TYPE_PPP","2019",1945.64,,,"T8:252_T9:133_T10:138_T11:142_T12:145_T30:74","S8:3907_S9:66_S6:47"
"CHL","DA:134","EAR_EMTA_SEX_CUR_NB","SEX_T","CUR_TYPE_USD","2019",1249.155,,,"T8:252_T9:133_T10:138_T11:142_T12:145_T30:74","S8:3907_S9:66_S6:47"
"CHL","BB:16207","EAR_EMTA_SEX_CUR_NB","SEX_T","CUR_TYPE_LCU","2018",609735.19,,,"T30:74","R1:3513"
"CHL","BB:16207","EAR_EMTA_SEX_CUR_NB","SEX_T","CUR_TYPE_PPP","2018",1330.392,,,"T30:74","R1:3513"
"CHL","BB:16207","EAR_EMTA_SEX_CUR_NB","SEX_T","CUR_TYPE_USD","2018",950.814,,,"T30:74","R1:3513"
"CHL","BX:138","EAR_EMTA_SEX_CUR_NB","SEX_T","CUR_TYPE_LCU","2017",579662.172,,,"T30:74","R1:3513"
"CHL","BX:138","EAR_EMTA_SEX_CUR_NB","SEX_T","CUR_TYPE_PPP","2017",1251.345,,,"T30:74","R1:3513"
"CHL","BX:138","EAR_EMTA_SEX_CUR_NB","SEX_T","CUR_TYPE_USD","2017",893.391,,,"T30:74","R1:3513"
"CHL","BB:16207","EAR_EMTA_SEX_CUR_NB","SEX_T","CUR_TYPE_LCU","2016",552112.084,,,"T30:74","R1:3513"
"CHL","BB:16207","EAR_EMTA_SEX_CUR_NB","SEX_T","CUR_TYPE_PPP","2016",1218.999,,,"T30:74","R1:3513"
"CHL","BB:16207","EAR_EMTA_SEX_CUR_NB","SEX_T","CUR_TYPE_USD","2016",815.578,,,"T30:74","R1:3513"
"CHL","BX:138","EAR_EMTA_SEX_CUR_NB","SEX_T","CUR_TYPE_LCU","2015",511343.034,,,"T30:74","R1:3513"
"CHL","BX:138","EAR_EMTA_SEX_CUR_NB","SEX_T","CUR_TYPE_PPP","2015",1143.262,,,"T30:74","R1:3513"
"CHL","BX:138","EAR_EMTA_SEX_CUR_NB","SEX_T","CUR_TYPE_USD","2015",781.722,,,"T30:74","R1:3513"
"CHL","BB:16207","EAR_EMTA_SEX_CUR_NB","SEX_T","CUR_TYPE_LCU","2014",504523.405,,,"T30:74","R1:3513"
"CHL","BB:16207","EAR_EMTA_SEX_CUR_NB","SEX_T","CUR_TYPE_PPP","2014",1228.535,,,"T30:74","R1:3513"
"CHL","BB:16207","EAR_EMTA_SEX_CUR_NB","SEX_T","CUR_TYPE_USD","2014",884.588,,,"T30:74","R1:3513"
"CHL","BX:138","EAR_EMTA_SEX_CUR_NB","SEX_T","CUR_TYPE_LCU","2013",456173.86,,,"T30:74","R1:3513"
"CHL","BX:138","EAR_EMTA_SEX_CUR_NB","SEX_T","CUR_TYPE_PPP","2013",1169.193,,,"T30:74","R1:3513"
"CHL","BX:138","EAR_EMTA_SEX_CUR_NB","SEX_T","CUR_TYPE_USD","2013",921.056,,,"T30:74","R1:3513"
"CHL","BB:16207","EAR_EMTA_SEX_CUR_NB","SEX_T","CUR_TYPE_LCU","2012",450473.335,,,"T30:74","R1:3513"
"CHL","BB:16207","EAR_EMTA_SEX_CUR_NB","SEX_T","CUR_TYPE_PPP","2012",1150.422,,,"T30:74","R1:3513"
"CHL","BB:16207","EAR_EMTA_SEX_CUR_NB","SEX_T","CUR_TYPE_USD","2012",926.002,,,"T30:74","R1:3513"
"CHL","BX:138","EAR_EMTA_SEX_CUR_NB","SEX_T","CUR_TYPE_LCU","2011",414587.084,,,"T30:74","R1:3513"
"CHL","BX:138","EAR_EMTA_SEX_CUR_NB","SEX_T","CUR_TYPE_PPP","2011",1119.904,,,"T30:74","R1:3513"
"CHL","BX:138","EAR_EMTA_SEX_CUR_NB","SEX_T","CUR_TYPE_USD","2011",857.174,,,"T30:74","R1:3513"
"CHL","BB:16207","EAR_EMTA_SEX_CUR_NB","SEX_T","CUR_TYPE_LCU","2010",373991.276,,,"T30:74","R1:3513"
"CHL","BB:16207","EAR_EMTA_SEX_CUR_NB","SEX_T","CUR_TYPE_PPP","2010",997.04,,,"T30:74","R1:3513"
"CHL","BB:16207","EAR_EMTA_SEX_CUR_NB","SEX_T","CUR_TYPE_USD","2010",732.958,,,"T30:74","R1:3513"
"CHL","BX:138","EAR_EMTA_SEX_CUR_NB","SEX_T","CUR_TYPE_LCU","2009",363776.901,,,"T30:74","R1:3513"
"CHL","BX:138","EAR_EMTA_SEX_CUR_NB","SEX_T","CUR_TYPE_PPP","2009",984.226,,,"T30:74","R1:3513"
"CHL","BX:138","EAR_EMTA_SEX_CUR_NB","SEX_T","CUR_TYPE_USD","2009",648.606,,,"T30:74","R1:3513"
"CHL","BX:138","EAR_EMTA_SEX_CUR_NB","SEX_T","CUR_TYPE_LCU","2006",283601.784,,,"T30:74","R1:3513"
"CHL","BX:138","EAR_EMTA_SEX_CUR_NB","SEX_T","CUR_TYPE_PPP","2006",831.867,,,"T30:74","R1:3513"
"CHL","BX:138","EAR_EMTA_SEX_CUR_NB","SEX_T","CUR_TYPE_USD","2006",534.82,,,"T30:74","R1:3513"
"CHL","DA:134","EAR_EMTA_SEX_CUR_NB","SEX_T","CUR_TYPE_LCU","2005",276882,,"C5:2067","T8:127_T9:133_T10:138_T33:396_T30:74","S3:15_S9:66"
"CHL","DA:134","EAR_EMTA_SEX_CUR_NB","SEX_T","CUR_TYPE_PPP","2005",714.792,,"C5:2067","T8:127_T9:133_T10:138_T33:396_T30:74","S3:15_S9:66"
"CHL","DA:134","EAR_EMTA_SEX_CUR_NB","SEX_T","CUR_TYPE_USD","2005",494.638,,"C5:2067","T8:127_T9:133_T10:138_T33:396_T30:74","S3:15_S9:66"
"CHL","DA:134","EAR_EMTA_SEX_CUR_NB","SEX_T","CUR_TYPE_LCU","2004",273715,,"C5:2067","T8:127_T9:133_T10:138_T33:396_T30:74","S3:15_S9:66"
"CHL","DA:134","EAR_EMTA_SEX_CUR_NB","SEX_T","CUR_TYPE_PPP","2004",718.066,,"C5:2067","T8:127_T9:133_T10:138_T33:396_T30:74","S3:15_S9:66"
"CHL","DA:134","EAR_EMTA_SEX_CUR_NB","SEX_T","CUR_TYPE_USD","2004",449.06,,"C5:2067","T8:127_T9:133_T10:138_T33:396_T30:74","S3:15_S9:66"
"CHL","BX:138","EAR_EMTA_SEX_CUR_NB","SEX_T","CUR_TYPE_LCU","2003",225378.581,,,"T30:74","R1:3513"
"CHL","BX:138","EAR_EMTA_SEX_CUR_NB","SEX_T","CUR_TYPE_PPP","2003",584.276,,,"T30:74","R1:3513"
"CHL","BX:138","EAR_EMTA_SEX_CUR_NB","SEX_T","CUR_TYPE_USD","2003",325.975,,,"T30:74","R1:3513"
"CHL","DA:134","EAR_EMTA_SEX_CUR_NB","SEX_T","CUR_TYPE_LCU","2002",256258,,"C5:2067","T8:127_T9:133_T10:138_T33:396_T30:74","S3:15_S9:66"
"CHL","DA:134","EAR_EMTA_SEX_CUR_NB","SEX_T","CUR_TYPE_PPP","2002",671.138,,"C5:2067","T8:127_T9:133_T10:138_T33:396_T30:74","S3:15_S9:66"
"CHL","DA:134","EAR_EMTA_SEX_CUR_NB","SEX_T","CUR_TYPE_USD","2002",371.962,,"C5:2067","T8:127_T9:133_T10:138_T33:396_T30:74","S3:15_S9:66"
"CHL","DA:134","EAR_EMTA_SEX_CUR_NB","SEX_T","CUR_TYPE_LCU","2001",246980,,"C5:2067","T8:127_T9:133_T10:138_T33:396_T30:74","S3:15_S9:66"
"CHL","DA:134","EAR_EMTA_SEX_CUR_NB","SEX_T","CUR_TYPE_PPP","2001",656.707,,"C5:2067","T8:127_T9:133_T10:138_T33:396_T30:74","S3:15_S9:66"
"CHL","DA:134","EAR_EMTA_SEX_CUR_NB","SEX_T","CUR_TYPE_USD","2001",388.983,,"C5:2067","T8:127_T9:133_T10:138_T33:396_T30:74","S3:15_S9:66"
"CHL","BX:138","EAR_EMTA_SEX_CUR_NB","SEX_T","CUR_TYPE_LCU","2000",211685.024,,,"T30:74","R1:3513"
"CHL","BX:138","EAR_EMTA_SEX_CUR_NB","SEX_T","CUR_TYPE_PPP","2000",577.96,,,"T30:74","R1:3513"
"CHL","BX:138","EAR_EMTA_SEX_CUR_NB","SEX_T","CUR_TYPE_USD","2000",392.309,,,"T30:74","R1:3513"
"CHL","DA:134","EAR_EMTA_SEX_CUR_NB","SEX_T","CUR_TYPE_LCU","1999",226049,,"C5:2067","T8:127_T9:133_T10:138_T33:396_T30:74","S3:15_S9:66"
"CHL","DA:134","EAR_EMTA_SEX_CUR_NB","SEX_T","CUR_TYPE_PPP","1999",627.226,,"C5:2067","T8:127_T9:133_T10:138_T33:396_T30:74","S3:15_S9:66"
"CHL","DA:134","EAR_EMTA_SEX_CUR_NB","SEX_T","CUR_TYPE_USD","1999",444.299,,"C5:2067","T8:127_T9:133_T10:138_T33:396_T30:74","S3:15_S9:66"
"CHL","BX:138","EAR_EMTA_SEX_CUR_NB","SEX_T","CUR_TYPE_LCU","1998",193162.496,,,"T30:74","R1:3513"
"CHL","BX:138","EAR_EMTA_SEX_CUR_NB","SEX_T","CUR_TYPE_PPP","1998",541.789,,,"T30:74","R1:3513"
"CHL","BX:138","EAR_EMTA_SEX_CUR_NB","SEX_T","CUR_TYPE_USD","1998",419.656,,,"T30:74","R1:3513"
"CHL","DA:134","EAR_EMTA_SEX_CUR_NB","SEX_T","CUR_TYPE_LCU","1997",202561,,"C5:2067","T8:127_T9:133_T10:138_T33:396_T30:74","S3:15_S9:66"
"CHL","DA:134","EAR_EMTA_SEX_CUR_NB","SEX_T","CUR_TYPE_PPP","1997",579.941,,"C5:2067","T8:127_T9:133_T10:138_T33:396_T30:74","S3:15_S9:66"
"CHL","DA:134","EAR_EMTA_SEX_CUR_NB","SEX_T","CUR_TYPE_USD","1997",483.099,,"C5:2067","T8:127_T9:133_T10:138_T33:396_T30:74","S3:15_S9:66"
"CHL","BX:138","EAR_EMTA_SEX_CUR_NB","SEX_T","CUR_TYPE_LCU","1996",160546.564,,,"T30:74","R1:3513"
"CHL","BX:138","EAR_EMTA_SEX_CUR_NB","SEX_T","CUR_TYPE_PPP","1996",467.988,,,"T30:74","R1:3513"
"CHL","BX:138","EAR_EMTA_SEX_CUR_NB","SEX_T","CUR_TYPE_USD","1996",389.424,,,"T30:74","R1:3513"
"CHL","DA:134","EAR_EMTA_SEX_CUR_NB","SEX_T","CUR_TYPE_LCU","1995",166385,,"C5:2067","T8:127_T9:133_T10:138_T33:396_T30:74","S3:15_S9:66"
"CHL","DA:134","EAR_EMTA_SEX_CUR_NB","SEX_T","CUR_TYPE_PPP","1995",493.543,,"C5:2067","T8:127_T9:133_T10:138_T33:396_T30:74","S3:15_S9:66"
"CHL","DA:134","EAR_EMTA_SEX_CUR_NB","SEX_T","CUR_TYPE_USD","1995",419.345,,"C5:2067","T8:127_T9:133_T10:138_T33:396_T30:74","S3:15_S9:66"
"CHL","BX:138","EAR_EMTA_SEX_CUR_NB","SEX_T","CUR_TYPE_LCU","1994",133427.067,,,"T30:74","R1:3513"
"CHL","BX:138","EAR_EMTA_SEX_CUR_NB","SEX_T","CUR_TYPE_PPP","1994",413.156,,,"T30:74","R1:3513"
"CHL","BX:138","EAR_EMTA_SEX_CUR_NB","SEX_T","CUR_TYPE_USD","1994",317.55,,,"T30:74","R1:3513"
"CHL","DA:134","EAR_EMTA_SEX_CUR_NB","SEX_T","CUR_TYPE_LCU","1993",120287,,"C5:2067","T8:127_T9:133_T10:138_T33:396_T30:74_I11:265","S3:15_S9:66"
"CHL","DA:134","EAR_EMTA_SEX_CUR_NB","SEX_T","CUR_TYPE_PPP","1993",404.542,,"C5:2067","T8:127_T9:133_T10:138_T33:396_T30:74_I11:265","S3:15_S9:66"
"CHL","DA:134","EAR_EMTA_SEX_CUR_NB","SEX_T","CUR_TYPE_USD","1993",297.618,,"C5:2067","T8:127_T9:133_T10:138_T33:396_T30:74_I11:265","S3:15_S9:66"
"CHL","BX:138","EAR_EMTA_SEX_CUR_NB","SEX_T","CUR_TYPE_LCU","1992",91193.298,,,"T30:74","R1:3513"
"CHL","BX:138","EAR_EMTA_SEX_CUR_NB","SEX_T","CUR_TYPE_PPP","1992",335.819,,,"T30:74","R1:3513"
"CHL","BX:138","EAR_EMTA_SEX_CUR_NB","SEX_T","CUR_TYPE_USD","1992",251.515,,,"T30:74","R1:3513"
"CHL","DA:134","EAR_EMTA_SEX_CUR_NB","SEX_T","CUR_TYPE_LCU","1991",207813,,"C5:2067","T8:127_T9:133_T10:138_T33:396_T30:74","S3:15_S9:66"
"CHL","DA:134","EAR_EMTA_SEX_CUR_NB","SEX_T","CUR_TYPE_PPP","1991",857.352,,"C5:2067","T8:127_T9:133_T10:138_T33:396_T30:74","S3:15_S9:66"
"CHL","DA:134","EAR_EMTA_SEX_CUR_NB","SEX_T","CUR_TYPE_USD","1991",595.085,,"C5:2067","T8:127_T9:133_T10:138_T33:396_T30:74","S3:15_S9:66"
"CHL","BX:138","EAR_EMTA_SEX_CUR_NB","SEX_T","CUR_TYPE_LCU","1990",64062.525,"B",,"T30:74_I11:264","R1:3513"
"CHL","BX:138","EAR_EMTA_SEX_CUR_NB","SEX_T","CUR_TYPE_PPP","1990",308.794,"B",,"T30:74_I11:264","R1:3513"
"CHL","BX:138","EAR_EMTA_SEX_CUR_NB","SEX_T","CUR_TYPE_USD","1990",210.108,"B",,"T30:74_I11:264","R1:3513"
"CHL","DA:134","EAR_EMTA_SEX_CUR_NB","SEX_T","CUR_TYPE_LCU","1989",126335,,"C5:2067","T8:127_T9:133_T10:138_T33:396_T30:74","S3:15_S9:66"
"CHL","DA:134","EAR_EMTA_SEX_CUR_NB","SEX_T","CUR_TYPE_USD","1989",473.246,,"C5:2067","T8:127_T9:133_T10:138_T33:396_T30:74","S3:15_S9:66"
"CHN","FX:216","EAR_EMTA_SEX_CUR_NB","SEX_T","CUR_TYPE_LCU","2022",5436,,,"T8:127_T9:133_T10:138_T12:146_T33:396_T30:118","S4:31_S7:57"
"CHN","FX:216","EAR_EMTA_SEX_CUR_NB","SEX_T","CUR_TYPE_PPP","2022",1434.75,,,"T8:127_T9:133_T10:138_T12:146_T33:396_T30:118","S4:31_S7:57"
"CHN","FX:216","EAR_EMTA_SEX_CUR_NB","SEX_T","CUR_TYPE_USD","2022",806.868,,,"T8:127_T9:133_T10:138_T12:146_T33:396_T30:118","S4:31_S7:57"
"CHN","FX:216","EAR_EMTA_SEX_CUR_NB","SEX_T","CUR_TYPE_LCU","2021",5240.333,,,"T8:127_T9:133_T10:138_T12:146_T33:396_T30:118","S4:31_S7:57"
"CHN","FX:216","EAR_EMTA_SEX_CUR_NB","SEX_T","CUR_TYPE_PPP","2021",1305.895,,,"T8:127_T9:133_T10:138_T12:146_T33:396_T30:118","S4:31_S7:57"
"CHN","FX:216","EAR_EMTA_SEX_CUR_NB","SEX_T","CUR_TYPE_USD","2021",812.584,,,"T8:127_T9:133_T10:138_T12:146_T33:396_T30:118","S4:31_S7:57"
"CHN","FX:216","EAR_EMTA_SEX_CUR_NB","SEX_T","CUR_TYPE_LCU","2020",4810.583,,,"T8:127_T9:133_T10:138_T12:146_T33:396_T30:118","S4:31_S7:57"
"CHN","FX:216","EAR_EMTA_SEX_CUR_NB","SEX_T","CUR_TYPE_PPP","2020",1190.289,,,"T8:127_T9:133_T10:138_T12:146_T33:396_T30:118","S4:31_S7:57"
"CHN","FX:216","EAR_EMTA_SEX_CUR_NB","SEX_T","CUR_TYPE_USD","2020",697.109,,,"T8:127_T9:133_T10:138_T12:146_T33:396_T30:118","S4:31_S7:57"
"CHN","FX:216","EAR_EMTA_SEX_CUR_NB","SEX_T","CUR_TYPE_LCU","2019",4467,,,"T8:127_T9:133_T10:138_T12:146_T33:396_T30:118","S4:31_S7:57"
"CHN","FX:216","EAR_EMTA_SEX_CUR_NB","SEX_T","CUR_TYPE_PPP","2019",1104.326,,,"T8:127_T9:133_T10:138_T12:146_T33:396_T30:118","S4:31_S7:57"
"CHN","FX:216","EAR_EMTA_SEX_CUR_NB","SEX_T","CUR_TYPE_USD","2019",646.606,,,"T8:127_T9:133_T10:138_T12:146_T33:396_T30:118","S4:31_S7:57"
"CHN","FX:216","EAR_EMTA_SEX_CUR_NB","SEX_T","CUR_TYPE_LCU","2018",4131.25,,,"T8:127_T9:133_T10:138_T12:146_T33:396_T30:118","S4:31_S7:57"
"CHN","FX:216","EAR_EMTA_SEX_CUR_NB","SEX_T","CUR_TYPE_PPP","2018",1027.672,,,"T8:127_T9:133_T10:138_T12:146_T33:396_T30:118","S4:31_S7:57"
"CHN","FX:216","EAR_EMTA_SEX_CUR_NB","SEX_T","CUR_TYPE_USD","2018",624.437,,,"T8:127_T9:133_T10:138_T12:146_T33:396_T30:118","S4:31_S7:57"
"CHN","FX:216","EAR_EMTA_SEX_CUR_NB","SEX_T","CUR_TYPE_LCU","2017",3813.417,,,"T8:127_T9:133_T10:138_T12:146_T33:396_T30:118","S4:31_S7:57"
"CHN","FX:216","EAR_EMTA_SEX_CUR_NB","SEX_T","CUR_TYPE_PPP","2017",962.1,,,"T8:127_T9:133_T10:138_T12:146_T33:396_T30:118","S4:31_S7:57"
"CHN","FX:216","EAR_EMTA_SEX_CUR_NB","SEX_T","CUR_TYPE_USD","2017",564.219,,,"T8:127_T9:133_T10:138_T12:146_T33:396_T30:118","S4:31_S7:57"
"CHN","FX:216","EAR_EMTA_SEX_CUR_NB","SEX_T","CUR_TYPE_LCU","2016",3569.417,,,"T8:127_T9:133_T10:138_T12:146_T33:396_T30:118","S4:31_S7:57"
"CHN","FX:216","EAR_EMTA_SEX_CUR_NB","SEX_T","CUR_TYPE_PPP","2016",903.273,,,"T8:127_T9:133_T10:138_T12:146_T33:396_T30:118","S4:31_S7:57"
"CHN","FX:216","EAR_EMTA_SEX_CUR_NB","SEX_T","CUR_TYPE_USD","2016",537.2,,,"T8:127_T9:133_T10:138_T12:146_T33:396_T30:118","S4:31_S7:57"
"CHN","FX:216","EAR_EMTA_SEX_CUR_NB","SEX_T","CUR_TYPE_LCU","2015",3299.083,,,"T8:127_T9:133_T10:138_T12:146_T33:396_T30:118","S4:31_S7:57"
"CHN","FX:216","EAR_EMTA_SEX_CUR_NB","SEX_T","CUR_TYPE_PPP","2015",844.232,,,"T8:127_T9:133_T10:138_T12:146_T33:396_T30:118","S4:31_S7:57"
"CHN","FX:216","EAR_EMTA_SEX_CUR_NB","SEX_T","CUR_TYPE_USD","2015",529.761,,,"T8:127_T9:133_T10:138_T12:146_T33:396_T30:118","S4:31_S7:57"
"CHN","FX:216","EAR_EMTA_SEX_CUR_NB","SEX_T","CUR_TYPE_LCU","2014",3032.5,,,"T8:127_T9:133_T10:138_T12:146_T33:396_T30:118","S4:31_S7:57"
"CHN","FX:216","EAR_EMTA_SEX_CUR_NB","SEX_T","CUR_TYPE_PPP","2014",786.282,,,"T8:127_T9:133_T10:138_T12:146_T33:396_T30:118","S4:31_S7:57"
"CHN","FX:216","EAR_EMTA_SEX_CUR_NB","SEX_T","CUR_TYPE_USD","2014",493.616,,,"T8:127_T9:133_T10:138_T12:146_T33:396_T30:118","S4:31_S7:57"
"CHN","FX:216","EAR_EMTA_SEX_CUR_NB","SEX_T","CUR_TYPE_LCU","2013",2725.5,,,"T8:127_T9:133_T10:138_T12:146_T33:396_T30:118","S4:31_S7:57"
"CHN","FX:216","EAR_EMTA_SEX_CUR_NB","SEX_T","CUR_TYPE_PPP","2013",720.965,,,"T8:127_T9:133_T10:138_T12:146_T33:396_T30:118","S4:31_S7:57"
"CHN","FX:216","EAR_EMTA_SEX_CUR_NB","SEX_T","CUR_TYPE_USD","2013",439.898,,,"T8:127_T9:133_T10:138_T12:146_T33:396_T30:118","S4:31_S7:57"
"CHN","FX:216","EAR_EMTA_SEX_CUR_NB","SEX_T","CUR_TYPE_LCU","2012",2396,,,"T8:127_T9:133_T10:138_T12:146_T33:396_T30:118","S4:31_S7:57"
"CHN","FX:216","EAR_EMTA_SEX_CUR_NB","SEX_T","CUR_TYPE_PPP","2012",658.601,,,"T8:127_T9:133_T10:138_T12:146_T33:396_T30:118","S4:31_S7:57"
"CHN","FX:216","EAR_EMTA_SEX_CUR_NB","SEX_T","CUR_TYPE_USD","2012",379.574,,,"T8:127_T9:133_T10:138_T12:146_T33:396_T30:118","S4:31_S7:57"
"CHN","FX:216","EAR_EMTA_SEX_CUR_NB","SEX_T","CUR_TYPE_LCU","2011",2046.333,,,"T8:127_T9:133_T10:138_T12:146_T33:396_T30:118","S4:31_S7:57"
"CHN","FX:216","EAR_EMTA_SEX_CUR_NB","SEX_T","CUR_TYPE_PPP","2011",553.434,,,"T8:127_T9:133_T10:138_T12:146_T33:396_T30:118","S4:31_S7:57"
"CHN","FX:216","EAR_EMTA_SEX_CUR_NB","SEX_T","CUR_TYPE_USD","2011",316.698,,,"T8:127_T9:133_T10:138_T12:146_T33:396_T30:118","S4:31_S7:57"
"CHN","FX:216","EAR_EMTA_SEX_CUR_NB","SEX_T","CUR_TYPE_LCU","2010",1729.917,,,"T8:127_T9:133_T10:138_T12:146_T33:396_T30:118","S4:31_S7:57"
"CHN","FX:216","EAR_EMTA_SEX_CUR_NB","SEX_T","CUR_TYPE_PPP","2010",478.731,,,"T8:127_T9:133_T10:138_T12:146_T33:396_T30:118","S4:31_S7:57"
"CHN","FX:216","EAR_EMTA_SEX_CUR_NB","SEX_T","CUR_TYPE_USD","2010",255.517,,,"T8:127_T9:133_T10:138_T12:146_T33:396_T30:118","S4:31_S7:57"
"CHN","FX:216","EAR_EMTA_SEX_CUR_NB","SEX_T","CUR_TYPE_LCU","2009",1516.583,,,"T8:127_T9:133_T10:138_T12:146_T33:396_T30:118_I11:269","S4:31_S7:57"
"CHN","FX:216","EAR_EMTA_SEX_CUR_NB","SEX_T","CUR_TYPE_PPP","2009",426.033,,,"T8:127_T9:133_T10:138_T12:146_T33:396_T30:118_I11:269","S4:31_S7:57"
"CHN","FX:216","EAR_EMTA_SEX_CUR_NB","SEX_T","CUR_TYPE_USD","2009",222.001,,,"T8:127_T9:133_T10:138_T12:146_T33:396_T30:118_I11:269","S4:31_S7:57"
"CHN","DA:994","EAR_EMTA_SEX_CUR_NB","SEX_T","CUR_TYPE_LCU","2008",2435.75,,,"T8:127_T9:133_T10:138_T33:396_T30:118","S7:58_S9:66"
"CHN","DA:994","EAR_EMTA_SEX_CUR_NB","SEX_T","CUR_TYPE_PPP","2008",681.683,,,"T8:127_T9:133_T10:138_T33:396_T30:118","S7:58_S9:66"
"CHN","DA:994","EAR_EMTA_SEX_CUR_NB","SEX_T","CUR_TYPE_USD","2008",350.536,,,"T8:127_T9:133_T10:138_T33:396_T30:118","S7:58_S9:66"
"CHN","DA:994","EAR_EMTA_SEX_CUR_NB","SEX_T","CUR_TYPE_LCU","2007",2077.67,,,"T8:127_T9:133_T10:138_T33:396_T30:118","S7:58_S9:66"
"CHN","DA:994","EAR_EMTA_SEX_CUR_NB","SEX_T","CUR_TYPE_PPP","2007",593.151,,,"T8:127_T9:133_T10:138_T33:396_T30:118","S7:58_S9:66"
"CHN","DA:994","EAR_EMTA_SEX_CUR_NB","SEX_T","CUR_TYPE_USD","2007",273.107,,,"T8:127_T9:133_T10:138_T33:396_T30:118","S7:58_S9:66"
"CHN","DA:994","EAR_EMTA_SEX_CUR_NB","SEX_T","CUR_TYPE_LCU","2006",1750.08,,,"T8:127_T9:133_T10:138_T33:396_T30:118","S7:58_S9:66"
"CHN","DA:994","EAR_EMTA_SEX_CUR_NB","SEX_T","CUR_TYPE_PPP","2006",509.169,,,"T8:127_T9:133_T10:138_T33:396_T30:118","S7:58_S9:66"
"CHN","DA:994","EAR_EMTA_SEX_CUR_NB","SEX_T","CUR_TYPE_USD","2006",219.489,,,"T8:127_T9:133_T10:138_T33:396_T30:118","S7:58_S9:66"
"CHN","DA:994","EAR_EMTA_SEX_CUR_NB","SEX_T","CUR_TYPE_LCU","2005",1530.33,,,"T8:127_T9:133_T10:138_T33:396_T30:118","S7:58_S9:66"
"CHN","DA:994","EAR_EMTA_SEX_CUR_NB","SEX_T","CUR_TYPE_PPP","2005",438.435,,,"T8:127_T9:133_T10:138_T33:396_T30:118","S7:58_S9:66"
"CHN","DA:994","EAR_EMTA_SEX_CUR_NB","SEX_T","CUR_TYPE_USD","2005",186.755,,,"T8:127_T9:133_T10:138_T33:396_T30:118","S7:58_S9:66"
"CHN","DA:994","EAR_EMTA_SEX_CUR_NB","SEX_T","CUR_TYPE_LCU","2004",1335,,,"T8:127_T9:133_T10:138_T33:396_T30:118","S7:58_S9:66"
"CHN","DA:994","EAR_EMTA_SEX_CUR_NB","SEX_T","CUR_TYPE_PPP","2004",376.494,,,"T8:127_T9:133_T10:138_T33:396_T30:118","S7:58_S9:66"
"CHN","DA:994","EAR_EMTA_SEX_CUR_NB","SEX_T","CUR_TYPE_USD","2004",161.294,,,"T8:127_T9:133_T10:138_T33:396_T30:118","S7:58_S9:66"
"CHN","DA:994","EAR_EMTA_SEX_CUR_NB","SEX_T","CUR_TYPE_LCU","2003",1170,,,"T8:127_T9:133_T10:138_T33:396_T30:118","S7:58_S9:66"
"CHN","DA:994","EAR_EMTA_SEX_CUR_NB","SEX_T","CUR_TYPE_PPP","2003",333.648,,,"T8:127_T9:133_T10:138_T33:396_T30:118","S7:58_S9:66"
"CHN","DA:994","EAR_EMTA_SEX_CUR_NB","SEX_T","CUR_TYPE_USD","2003",141.355,,,"T8:127_T9:133_T10:138_T33:396_T30:118","S7:58_S9:66"
"CHN","DA:994","EAR_EMTA_SEX_CUR_NB","SEX_T","CUR_TYPE_LCU","2002",1035.17,,,"T8:127_T9:133_T10:138_T33:396_T30:118","S7:58_S9:66"
"CHN","DA:994","EAR_EMTA_SEX_CUR_NB","SEX_T","CUR_TYPE_PPP","2002",291.901,,,"T8:127_T9:133_T10:138_T33:396_T30:118","S7:58_S9:66"
"CHN","DA:994","EAR_EMTA_SEX_CUR_NB","SEX_T","CUR_TYPE_USD","2002",125.067,,,"T8:127_T9:133_T10:138_T33:396_T30:118","S7:58_S9:66"
"CHN","DA:994","EAR_EMTA_SEX_CUR_NB","SEX_T","CUR_TYPE_LCU","2001",905.83,,,"T8:127_T9:133_T10:138_T33:396_T30:118","S7:58_S9:66"
"CHN","DA:994","EAR_EMTA_SEX_CUR_NB","SEX_T","CUR_TYPE_PPP","2001",249.601,,,"T8:127_T9:133_T10:138_T33:396_T30:118","S7:58_S9:66"
"CHN","DA:994","EAR_EMTA_SEX_CUR_NB","SEX_T","CUR_TYPE_USD","2001",109.439,,,"T8:127_T9:133_T10:138_T33:396_T30:118","S7:58_S9:66"
"CHN","DA:994","EAR_EMTA_SEX_CUR_NB","SEX_T","CUR_TYPE_LCU","2000",780.92,,,"T8:127_T9:133_T10:138_T33:396_T30:118","S7:58_S9:66"
"CHN","DA:994","EAR_EMTA_SEX_CUR_NB","SEX_T","CUR_TYPE_PPP","2000",210.773,,,"T8:127_T9:133_T10:138_T33:396_T30:118","S7:58_S9:66"
"CHN","DA:994","EAR_EMTA_SEX_CUR_NB","SEX_T","CUR_TYPE_USD","2000",94.331,,,"T8:127_T9:133_T10:138_T33:396_T30:118","S7:58_S9:66"
"CHN","DA:994","EAR_EMTA_SEX_CUR_NB","SEX_T","CUR_TYPE_LCU","1999",695.5,,,"T8:127_T9:133_T10:138_T33:396_T30:118","S7:58_S9:66"
"CHN","DA:994","EAR_EMTA_SEX_CUR_NB","SEX_T","CUR_TYPE_PPP","1999",182.217,,,"T8:127_T9:133_T10:138_T33:396_T30:118","S7:58_S9:66"
"CHN","DA:994","EAR_EMTA_SEX_CUR_NB","SEX_T","CUR_TYPE_USD","1999",84.015,,,"T8:127_T9:133_T10:138_T33:396_T30:118","S7:58_S9:66"
"CHN","DA:994","EAR_EMTA_SEX_CUR_NB","SEX_T","CUR_TYPE_LCU","1998",623.25,,,"T8:127_T9:133_T10:138_T33:396_T30:118","S7:58_S9:66"
"CHN","DA:994","EAR_EMTA_SEX_CUR_NB","SEX_T","CUR_TYPE_PPP","1998",157.552,,,"T8:127_T9:133_T10:138_T33:396_T30:118","S7:58_S9:66"
"CHN","DA:994","EAR_EMTA_SEX_CUR_NB","SEX_T","CUR_TYPE_USD","1998",75.281,,,"T8:127_T9:133_T10:138_T33:396_T30:118","S7:58_S9:66"
"CHN","DA:994","EAR_EMTA_SEX_CUR_NB","SEX_T","CUR_TYPE_LCU","1997",539.17,,,"T30:118",
"CHN","DA:994","EAR_EMTA_SEX_CUR_NB","SEX_T","CUR_TYPE_PPP","1997",133.177,,,"T30:118",
"CHN","DA:994","EAR_EMTA_SEX_CUR_NB","SEX_T","CUR_TYPE_USD","1997",65.04,,,"T30:118",
"CHN","DA:994","EAR_EMTA_SEX_CUR_NB","SEX_T","CUR_TYPE_LCU","1996",517.5,,,"T8:127_T9:133_T10:138_T33:396_T30:118","S7:58_S9:66"
"CHN","DA:994","EAR_EMTA_SEX_CUR_NB","SEX_T","CUR_TYPE_PPP","1996",128.385,,,"T8:127_T9:133_T10:138_T33:396_T30:118","S7:58_S9:66"
"CHN","DA:994","EAR_EMTA_SEX_CUR_NB","SEX_T","CUR_TYPE_USD","1996",62.243,,,"T8:127_T9:133_T10:138_T33:396_T30:118","S7:58_S9:66"
"CHN","DA:994","EAR_EMTA_SEX_CUR_NB","SEX_T","CUR_TYPE_LCU","1995",458.33,,,"T8:127_T9:133_T10:138_T33:396_T30:118","S7:58_S9:66"
"CHN","DA:994","EAR_EMTA_SEX_CUR_NB","SEX_T","CUR_TYPE_PPP","1995",119.651,,,"T8:127_T9:133_T10:138_T33:396_T30:118","S7:58_S9:66"
"CHN","DA:994","EAR_EMTA_SEX_CUR_NB","SEX_T","CUR_TYPE_USD","1995",54.88,,,"T8:127_T9:133_T10:138_T33:396_T30:118","S7:58_S9:66"
"CHN","DA:994","EAR_EMTA_SEX_CUR_NB","SEX_T","CUR_TYPE_LCU","1994",378.17,,,"T30:118",
"CHN","DA:994","EAR_EMTA_SEX_CUR_NB","SEX_T","CUR_TYPE_PPP","1994",112.155,,,"T30:118",
"CHN","DA:994","EAR_EMTA_SEX_CUR_NB","SEX_T","CUR_TYPE_USD","1994",43.878,,,"T30:118",
"CHN","DA:994","EAR_EMTA_SEX_CUR_NB","SEX_T","CUR_TYPE_LCU","1993",280.92,,,"T30:118",
"CHN","DA:994","EAR_EMTA_SEX_CUR_NB","SEX_T","CUR_TYPE_PPP","1993",100.892,,,"T30:118",
"CHN","DA:994","EAR_EMTA_SEX_CUR_NB","SEX_T","CUR_TYPE_USD","1993",48.754,,,"T30:118",
"CHN","DA:994","EAR_EMTA_SEX_CUR_NB","SEX_T","CUR_TYPE_LCU","1992",225.92,,,"T30:118",
"CHN","DA:994","EAR_EMTA_SEX_CUR_NB","SEX_T","CUR_TYPE_PPP","1992",90.327,,,"T30:118",
"CHN","DA:994","EAR_EMTA_SEX_CUR_NB","SEX_T","CUR_TYPE_USD","1992",40.968,,,"T30:118",
"CHN","DA:994","EAR_EMTA_SEX_CUR_NB","SEX_T","CUR_TYPE_LCU","1991",195,,,"T30:118",
"CHN","DA:994","EAR_EMTA_SEX_CUR_NB","SEX_T","CUR_TYPE_PPP","1991",80.481,,,"T30:118",
"CHN","DA:994","EAR_EMTA_SEX_CUR_NB","SEX_T","CUR_TYPE_USD","1991",36.631,,,"T30:118",
"CHN","DA:994","EAR_EMTA_SEX_CUR_NB","SEX_T","CUR_TYPE_LCU","1990",178.33,,,"T30:118",
"CHN","DA:994","EAR_EMTA_SEX_CUR_NB","SEX_T","CUR_TYPE_PPP","1990",73.122,,,"T30:118",
"CHN","DA:994","EAR_EMTA_SEX_CUR_NB","SEX_T","CUR_TYPE_USD","1990",37.282,,,"T30:118",
"CHN","DA:994","EAR_EMTA_SEX_CUR_NB","SEX_T","CUR_TYPE_LCU","1989",161.25,,,"T30:118",
"CHN","DA:994","EAR_EMTA_SEX_CUR_NB","SEX_T","CUR_TYPE_USD","1989",42.828,,,"T30:118",
"CIV","BB:16197","EAR_EMTA_SEX_CUR_NB","SEX_T","CUR_TYPE_LCU","2022",128952.459,,,"T30:13","R1:3513"
"CIV","BB:16197","EAR_EMTA_SEX_CUR_NB","SEX_T","CUR_TYPE_PPP","2022",554.816,,,"T30:13","R1:3513"
"CIV","BB:16197","EAR_EMTA_SEX_CUR_NB","SEX_T","CUR_TYPE_USD","2022",206.734,,,"T30:13","R1:3513"
"CIV","BA:7345","EAR_EMTA_SEX_CUR_NB","SEX_T","CUR_TYPE_LCU","2019",135130.477,,,"T30:13","R1:3513"
"CIV","BA:7345","EAR_EMTA_SEX_CUR_NB","SEX_T","CUR_TYPE_PPP","2019",582.184,,,"T30:13","R1:3513"
"CIV","BA:7345","EAR_EMTA_SEX_CUR_NB","SEX_T","CUR_TYPE_USD","2019",230.633,,,"T30:13","R1:3513"
"CIV","BA:14098","EAR_EMTA_SEX_CUR_NB","SEX_T","CUR_TYPE_LCU","2017",110363.576,,,"T30:13","R1:3513"
"CIV","BA:14098","EAR_EMTA_SEX_CUR_NB","SEX_T","CUR_TYPE_PPP","2017",454.798,,,"T30:13","R1:3513"
"CIV","BA:14098","EAR_EMTA_SEX_CUR_NB","SEX_T","CUR_TYPE_USD","2017",190.067,,,"T30:13","R1:3513"
"CIV","BA:7345","EAR_EMTA_SEX_CUR_NB","SEX_T","CUR_TYPE_LCU","2013",114308.731,,,"T30:13","R1:3513"
"CIV","BA:7345","EAR_EMTA_SEX_CUR_NB","SEX_T","CUR_TYPE_PPP","2013",471.37,,,"T30:13","R1:3513"
"CIV","BA:7345","EAR_EMTA_SEX_CUR_NB","SEX_T","CUR_TYPE_USD","2013",231.441,,,"T30:13","R1:3513"
"CIV","BA:7345","EAR_EMTA_SEX_CUR_NB","SEX_T","CUR_TYPE_LCU","2012",76936.655,"B",,"T30:13_I11:264","R1:3513"
"CIV","BA:7345","EAR_EMTA_SEX_CUR_NB","SEX_T","CUR_TYPE_PPP","2012",327.768,"B",,"T30:13_I11:264","R1:3513"
"CIV","BA:7345","EAR_EMTA_SEX_CUR_NB","SEX_T","CUR_TYPE_USD","2012",150.692,"B",,"T30:13_I11:264","R1:3513"
"CMR","BX:7419","EAR_EMTA_SEX_CUR_NB","SEX_T","CUR_TYPE_LCU","2014",133259.848,,,"T30:7","R1:3513"
"CMR","BX:7419","EAR_EMTA_SEX_CUR_NB","SEX_T","CUR_TYPE_PPP","2014",556.944,,,"T30:7","R1:3513"
"CMR","BX:7419","EAR_EMTA_SEX_CUR_NB","SEX_T","CUR_TYPE_USD","2014",269.889,,,"T30:7","R1:3513"
"COD","BX:16939","EAR_EMTA_SEX_CUR_NB","SEX_T","CUR_TYPE_LCU","2016",146109.887,,,"T30:12","R1:3513_S4:33"
"COD","BX:16939","EAR_EMTA_SEX_CUR_NB","SEX_T","CUR_TYPE_PPP","2016",297.621,,,"T30:12","R1:3513_S4:33"
"COD","BX:16939","EAR_EMTA_SEX_CUR_NB","SEX_T","CUR_TYPE_USD","2016",144.62,,,"T30:12","R1:3513_S4:33"
"COD","BA:3051","EAR_EMTA_SEX_CUR_NB","SEX_T","CUR_TYPE_LCU","2012",87813.179,"B",,"T30:12_I11:264","R1:3513"
"COD","BA:3051","EAR_EMTA_SEX_CUR_NB","SEX_T","CUR_TYPE_PPP","2012",156.983,"B",,"T30:12_I11:264","R1:3513"
"COD","BA:3051","EAR_EMTA_SEX_CUR_NB","SEX_T","CUR_TYPE_USD","2012",95.475,"B",,"T30:12_I11:264","R1:3513"
"COD","BA:3051","EAR_EMTA_SEX_CUR_NB","SEX_T","CUR_TYPE_LCU","2005",13688.537,"B",,"T30:12_I11:264","R1:3513"
"COD","BA:3051","EAR_EMTA_SEX_CUR_NB","SEX_T","CUR_TYPE_PPP","2005",42.8,"B",,"T30:12_I11:264","R1:3513"
"COD","BA:3051","EAR_EMTA_SEX_CUR_NB","SEX_T","CUR_TYPE_USD","2005",28.884,"B",,"T30:12_I11:264","R1:3513"
"COG","BA:2624","EAR_EMTA_SEX_CUR_NB","SEX_T","CUR_TYPE_LCU","2009",101095.162,"B",,"T30:11_I11:264","R1:3513_S4:31"
"COG","BA:2624","EAR_EMTA_SEX_CUR_NB","SEX_T","CUR_TYPE_PPP","2009",324.31,"B",,"T30:11_I11:264","R1:3513_S4:31"
"COG","BA:2624","EAR_EMTA_SEX_CUR_NB","SEX_T","CUR_TYPE_USD","2009",214.962,"B",,"T30:11_I11:264","R1:3513_S4:31"
"COK","BA:15665","EAR_EMTA_SEX_CUR_NB","SEX_T","CUR_TYPE_LCU","2023",10125.126,,,"T30:213","R1:3513"
"COK","BA:15665","EAR_EMTA_SEX_CUR_NB","SEX_T","CUR_TYPE_LCU","2019",1530.868,"B",,"T30:213_I11:264","R1:3513"
"COK","DA:1015","EAR_EMTA_SEX_CUR_NB","SEX_T","CUR_TYPE_LCU","1993",943.94,,"C5:2067","T8:127_T9:133_T10:138_T33:396_T30:213","S3:20_S9:66"
"COK","DA:1015","EAR_EMTA_SEX_CUR_NB","SEX_T","CUR_TYPE_LCU","1990",783.73,,"C5:2067","T8:127_T9:133_T10:138_T33:396_T30:213","S3:20_S9:66"
"COK","DA:1015","EAR_EMTA_SEX_CUR_NB","SEX_T","CUR_TYPE_LCU","1989",523.93,,"C5:2067","T8:127_T9:133_T10:138_T33:396_T30:213","S3:20_S9:66"
"COL","BA:358","EAR_EMTA_SEX_CUR_NB","SEX_T","CUR_TYPE_LCU","2025",2022657.14,,,"T30:71","R1:3513"
"COL","BA:358","EAR_EMTA_SEX_CUR_NB","SEX_T","CUR_TYPE_PPP","2025",1214.377,,,"T30:71","R1:3513"
"COL","BA:358","EAR_EMTA_SEX_CUR_NB","SEX_T","CUR_TYPE_USD","2025",499.035,,,"T30:71","R1:3513"
"COL","BA:358","EAR_EMTA_SEX_CUR_NB","SEX_T","CUR_TYPE_LCU","2024",1926546.622,,,"T30:71","R1:3513"
"COL","BA:358","EAR_EMTA_SEX_CUR_NB","SEX_T","CUR_TYPE_PPP","2024",1249.225,,,"T30:71","R1:3513"
"COL","BA:358","EAR_EMTA_SEX_CUR_NB","SEX_T","CUR_TYPE_USD","2024",472.838,,,"T30:71","R1:3513"
"COL","BA:358","EAR_EMTA_SEX_CUR_NB","SEX_T","CUR_TYPE_LCU","2023",1724252.401,,,"T30:71","R1:3513"
"COL","BA:358","EAR_EMTA_SEX_CUR_NB","SEX_T","CUR_TYPE_PPP","2023",1134.211,,,"T30:71","R1:3513"
"COL","BA:358","EAR_EMTA_SEX_CUR_NB","SEX_T","CUR_TYPE_USD","2023",398.583,,,"T30:71","R1:3513"
"COL","BA:358","EAR_EMTA_SEX_CUR_NB","SEX_T","CUR_TYPE_LCU","2022",1574407.971,"B",,"T30:71_I11:264","R1:3513"
"COL","BA:358","EAR_EMTA_SEX_CUR_NB","SEX_T","CUR_TYPE_PPP","2022",1016.13,"B",,"T30:71_I11:264","R1:3513"
"COL","BA:358","EAR_EMTA_SEX_CUR_NB","SEX_T","CUR_TYPE_USD","2022",369.91,"B",,"T30:71_I11:264","R1:3513"
"COL","BA:358","EAR_EMTA_SEX_CUR_NB","SEX_T","CUR_TYPE_LCU","2021",1263928.922,,,"T30:71","R1:3513"
"COL","BA:358","EAR_EMTA_SEX_CUR_NB","SEX_T","CUR_TYPE_PPP","2021",817.197,,,"T30:71","R1:3513"
"COL","BA:358","EAR_EMTA_SEX_CUR_NB","SEX_T","CUR_TYPE_USD","2021",337.566,,,"T30:71","R1:3513"
"COL","BA:358","EAR_EMTA_SEX_CUR_NB","SEX_T","CUR_TYPE_LCU","2019",1236686.667,,,"T30:71","R1:3513"
"COL","BA:358","EAR_EMTA_SEX_CUR_NB","SEX_T","CUR_TYPE_PPP","2019",827.136,,,"T30:71","R1:3513"
"COL","BA:358","EAR_EMTA_SEX_CUR_NB","SEX_T","CUR_TYPE_USD","2019",376.852,,,"T30:71","R1:3513"
"COL","BA:358","EAR_EMTA_SEX_CUR_NB","SEX_T","CUR_TYPE_LCU","2018",1147142.232,,,"T30:71","R1:3513"
"COL","BA:358","EAR_EMTA_SEX_CUR_NB","SEX_T","CUR_TYPE_PPP","2018",783.347,,,"T30:71","R1:3513"
"COL","BA:358","EAR_EMTA_SEX_CUR_NB","SEX_T","CUR_TYPE_USD","2018",388.111,,,"T30:71","R1:3513"
"COL","BA:358","EAR_EMTA_SEX_CUR_NB","SEX_T","CUR_TYPE_LCU","2017",1089188.331,,,"T30:71","R1:3513"
"COL","BA:358","EAR_EMTA_SEX_CUR_NB","SEX_T","CUR_TYPE_PPP","2017",742.317,,,"T30:71","R1:3513"
"COL","BA:358","EAR_EMTA_SEX_CUR_NB","SEX_T","CUR_TYPE_USD","2017",369.03,,,"T30:71","R1:3513"
"COL","BA:358","EAR_EMTA_SEX_CUR_NB","SEX_T","CUR_TYPE_LCU","2016",1036404.645,,,"T30:71","R1:3513"
"COL","BA:358","EAR_EMTA_SEX_CUR_NB","SEX_T","CUR_TYPE_PPP","2016",738.545,,,"T30:71","R1:3513"
"COL","BA:358","EAR_EMTA_SEX_CUR_NB","SEX_T","CUR_TYPE_USD","2016",339.22,,,"T30:71","R1:3513"
"COL","BA:358","EAR_EMTA_SEX_CUR_NB","SEX_T","CUR_TYPE_LCU","2015",977329.688,,,"T30:71","R1:3513"
"COL","BA:358","EAR_EMTA_SEX_CUR_NB","SEX_T","CUR_TYPE_PPP","2015",740.705,,,"T30:71","R1:3513"
"COL","BA:358","EAR_EMTA_SEX_CUR_NB","SEX_T","CUR_TYPE_USD","2015",356.458,,,"T30:71","R1:3513"
"COL","BA:358","EAR_EMTA_SEX_CUR_NB","SEX_T","CUR_TYPE_LCU","2014",959581.069,,,"T30:71","R1:3513"
"COL","BA:358","EAR_EMTA_SEX_CUR_NB","SEX_T","CUR_TYPE_PPP","2014",762.285,,,"T30:71","R1:3513"
"COL","BA:358","EAR_EMTA_SEX_CUR_NB","SEX_T","CUR_TYPE_USD","2014",479.526,,,"T30:71","R1:3513"
"COL","BA:358","EAR_EMTA_SEX_CUR_NB","SEX_T","CUR_TYPE_LCU","2013",925139.02,,,"T30:71","R1:3513"
"COL","BA:358","EAR_EMTA_SEX_CUR_NB","SEX_T","CUR_TYPE_PPP","2013",753.806,,,"T30:71","R1:3513"
"COL","BA:358","EAR_EMTA_SEX_CUR_NB","SEX_T","CUR_TYPE_USD","2013",495.019,,,"T30:71","R1:3513"
"COL","BA:358","EAR_EMTA_SEX_CUR_NB","SEX_T","CUR_TYPE_LCU","2012",879375.151,,,"T30:71","R1:3513"
"COL","BA:358","EAR_EMTA_SEX_CUR_NB","SEX_T","CUR_TYPE_PPP","2012",737.355,,,"T30:71","R1:3513"
"COL","BA:358","EAR_EMTA_SEX_CUR_NB","SEX_T","CUR_TYPE_USD","2012",489.082,,,"T30:71","R1:3513"
"COL","BA:358","EAR_EMTA_SEX_CUR_NB","SEX_T","CUR_TYPE_LCU","2011",836036.115,,,"T30:71","R1:3513"
"COL","BA:358","EAR_EMTA_SEX_CUR_NB","SEX_T","CUR_TYPE_PPP","2011",690.372,,,"T30:71","R1:3513"
"COL","BA:358","EAR_EMTA_SEX_CUR_NB","SEX_T","CUR_TYPE_USD","2011",452.396,,,"T30:71","R1:3513"
"COL","BA:358","EAR_EMTA_SEX_CUR_NB","SEX_T","CUR_TYPE_LCU","2010",802608.039,"B",,"T30:71_I11:264","R1:3513"
"COL","BA:358","EAR_EMTA_SEX_CUR_NB","SEX_T","CUR_TYPE_PPP","2010",664.427,"B",,"T30:71_I11:264","R1:3513"
"COL","BA:358","EAR_EMTA_SEX_CUR_NB","SEX_T","CUR_TYPE_USD","2010",422.648,"B",,"T30:71_I11:264","R1:3513"
"COL","BA:358","EAR_EMTA_SEX_CUR_NB","SEX_T","CUR_TYPE_LCU","2009",754673.565,,,"T30:71","R1:3513"
"COL","BA:358","EAR_EMTA_SEX_CUR_NB","SEX_T","CUR_TYPE_PPP","2009",628.63,,,"T30:71","R1:3513"
"COL","BA:358","EAR_EMTA_SEX_CUR_NB","SEX_T","CUR_TYPE_USD","2009",349.775,,,"T30:71","R1:3513"
"COL","BA:358","EAR_EMTA_SEX_CUR_NB","SEX_T","CUR_TYPE_LCU","2008",770795.696,,,"T30:71","R1:3513"
"COL","BA:358","EAR_EMTA_SEX_CUR_NB","SEX_T","CUR_TYPE_PPP","2008",671.429,,,"T30:71","R1:3513"
"COL","BA:358","EAR_EMTA_SEX_CUR_NB","SEX_T","CUR_TYPE_USD","2008",392.235,,,"T30:71","R1:3513"
"COL","BA:358","EAR_EMTA_SEX_CUR_NB","SEX_T","CUR_TYPE_LCU","2007",763464.77,"B",,"T30:71_I11:264","R1:3513"
"COL","BA:358","EAR_EMTA_SEX_CUR_NB","SEX_T","CUR_TYPE_PPP","2007",685.268,"B",,"T30:71_I11:264","R1:3513"
"COL","BA:358","EAR_EMTA_SEX_CUR_NB","SEX_T","CUR_TYPE_USD","2007",367.437,"B",,"T30:71_I11:264","R1:3513"
"COL","BX:2226","EAR_EMTA_SEX_CUR_NB","SEX_T","CUR_TYPE_LCU","2005",562591.642,,,"T30:71","R1:3513"
"COL","BX:2226","EAR_EMTA_SEX_CUR_NB","SEX_T","CUR_TYPE_PPP","2005",523.543,,,"T30:71","R1:3513"
"COL","BX:2226","EAR_EMTA_SEX_CUR_NB","SEX_T","CUR_TYPE_USD","2005",242.378,,,"T30:71","R1:3513"
"COL","BX:2226","EAR_EMTA_SEX_CUR_NB","SEX_T","CUR_TYPE_LCU","2004",513021.453,,,"T30:71","R1:3513"
"COL","BX:2226","EAR_EMTA_SEX_CUR_NB","SEX_T","CUR_TYPE_PPP","2004",485.07,,,"T30:71","R1:3513"
"COL","BX:2226","EAR_EMTA_SEX_CUR_NB","SEX_T","CUR_TYPE_USD","2004",195.186,,,"T30:71","R1:3513"
"COL","BX:2226","EAR_EMTA_SEX_CUR_NB","SEX_T","CUR_TYPE_LCU","2003",468043.979,,,"T30:71","R1:3513"
"COL","BX:2226","EAR_EMTA_SEX_CUR_NB","SEX_T","CUR_TYPE_PPP","2003",456.451,,,"T30:71","R1:3513"
"COL","BX:2226","EAR_EMTA_SEX_CUR_NB","SEX_T","CUR_TYPE_USD","2003",162.654,,,"T30:71","R1:3513"
"COL","BX:2226","EAR_EMTA_SEX_CUR_NB","SEX_T","CUR_TYPE_LCU","2002",444185.891,,,"T30:71","R1:3513"
"COL","BX:2226","EAR_EMTA_SEX_CUR_NB","SEX_T","CUR_TYPE_PPP","2002",453.768,,,"T30:71","R1:3513"
"COL","BX:2226","EAR_EMTA_SEX_CUR_NB","SEX_T","CUR_TYPE_USD","2002",177.342,,,"T30:71","R1:3513"
"COL","BA:358","EAR_EMTA_SEX_CUR_NB","SEX_T","CUR_TYPE_LCU","1999",513342,,,"T8:127_T9:133_T10:138_T33:396_T30:71","S3:20_S4:33_S9:66"
"COL","BA:358","EAR_EMTA_SEX_CUR_NB","SEX_T","CUR_TYPE_PPP","1999",609.07,,,"T8:127_T9:133_T10:138_T33:396_T30:71","S3:20_S4:33_S9:66"
"COL","BA:358","EAR_EMTA_SEX_CUR_NB","SEX_T","CUR_TYPE_USD","1999",292.222,,,"T8:127_T9:133_T10:138_T33:396_T30:71","S3:20_S4:33_S9:66"
"COL","BA:358","EAR_EMTA_SEX_CUR_NB","SEX_T","CUR_TYPE_LCU","1998",501872,,,"T8:127_T9:133_T10:138_T33:396_T30:71","S3:20_S4:33_S9:66"
"COL","BA:358","EAR_EMTA_SEX_CUR_NB","SEX_T","CUR_TYPE_PPP","1998",646.073,,,"T8:127_T9:133_T10:138_T33:396_T30:71","S3:20_S4:33_S9:66"
"COL","BA:358","EAR_EMTA_SEX_CUR_NB","SEX_T","CUR_TYPE_USD","1998",351.839,,,"T8:127_T9:133_T10:138_T33:396_T30:71","S3:20_S4:33_S9:66"
"COL","BA:358","EAR_EMTA_SEX_CUR_NB","SEX_T","CUR_TYPE_LCU","1997",399199,,,"T8:127_T9:133_T10:138_T33:396_T30:71","S3:20_S4:33_S9:66"
"COL","BA:358","EAR_EMTA_SEX_CUR_NB","SEX_T","CUR_TYPE_PPP","1997",600.558,,,"T8:127_T9:133_T10:138_T33:396_T30:71","S3:20_S4:33_S9:66"
"COL","BA:358","EAR_EMTA_SEX_CUR_NB","SEX_T","CUR_TYPE_USD","1997",349.832,,,"T8:127_T9:133_T10:138_T33:396_T30:71","S3:20_S4:33_S9:66"
"COL","BA:358","EAR_EMTA_SEX_CUR_NB","SEX_T","CUR_TYPE_LCU","1996",322954,,,"T8:127_T9:133_T10:138_T33:396_T30:71","S3:20_S4:33_S9:66"
"COL","BA:358","EAR_EMTA_SEX_CUR_NB","SEX_T","CUR_TYPE_PPP","1996",562.444,,,"T8:127_T9:133_T10:138_T33:396_T30:71","S3:20_S4:33_S9:66"
"COL","BA:358","EAR_EMTA_SEX_CUR_NB","SEX_T","CUR_TYPE_USD","1996",311.545,,,"T8:127_T9:133_T10:138_T33:396_T30:71","S3:20_S4:33_S9:66"
"COL","BA:358","EAR_EMTA_SEX_CUR_NB","SEX_T","CUR_TYPE_LCU","1995",255421,,,"T8:127_T9:133_T10:138_T33:396_T30:71","S3:20_S4:33_S9:66"
"COL","BA:358","EAR_EMTA_SEX_CUR_NB","SEX_T","CUR_TYPE_PPP","1995",522.043,,,"T8:127_T9:133_T10:138_T33:396_T30:71","S3:20_S4:33_S9:66"
"COL","BA:358","EAR_EMTA_SEX_CUR_NB","SEX_T","CUR_TYPE_USD","1995",279.792,,,"T8:127_T9:133_T10:138_T33:396_T30:71","S3:20_S4:33_S9:66"
"COL","BA:358","EAR_EMTA_SEX_CUR_NB","SEX_T","CUR_TYPE_LCU","1994",228703,,,"T8:127_T9:133_T10:138_T33:396_T30:71","S3:20_S4:33_S9:66"
"COL","BA:358","EAR_EMTA_SEX_CUR_NB","SEX_T","CUR_TYPE_PPP","1994",549.67,,,"T8:127_T9:133_T10:138_T33:396_T30:71","S3:20_S4:33_S9:66"
"COL","BA:358","EAR_EMTA_SEX_CUR_NB","SEX_T","CUR_TYPE_USD","1994",276.699,,,"T8:127_T9:133_T10:138_T33:396_T30:71","S3:20_S4:33_S9:66"
"COL","BA:358","EAR_EMTA_SEX_CUR_NB","SEX_T","CUR_TYPE_LCU","1993",178237,,,"T8:127_T9:133_T10:138_T33:396_T30:71","S3:20_S4:33_S9:66"
"COL","BA:358","EAR_EMTA_SEX_CUR_NB","SEX_T","CUR_TYPE_PPP","1993",512.875,,,"T8:127_T9:133_T10:138_T33:396_T30:71","S3:20_S4:33_S9:66"
"COL","BA:358","EAR_EMTA_SEX_CUR_NB","SEX_T","CUR_TYPE_USD","1993",226.665,,,"T8:127_T9:133_T10:138_T33:396_T30:71","S3:20_S4:33_S9:66"
"COL","BA:358","EAR_EMTA_SEX_CUR_NB","SEX_T","CUR_TYPE_LCU","1992",124031,,,"T8:127_T9:133_T10:138_T33:396_T30:71","S3:20_S4:33_S9:66"
"COL","BA:358","EAR_EMTA_SEX_CUR_NB","SEX_T","CUR_TYPE_PPP","1992",424.466,,,"T8:127_T9:133_T10:138_T33:396_T30:71","S3:20_S4:33_S9:66"
"COL","BA:358","EAR_EMTA_SEX_CUR_NB","SEX_T","CUR_TYPE_USD","1992",182.295,,,"T8:127_T9:133_T10:138_T33:396_T30:71","S3:20_S4:33_S9:66"
"COL","BA:358","EAR_EMTA_SEX_CUR_NB","SEX_T","CUR_TYPE_LCU","1991",101733,,,"T8:127_T9:133_T10:138_T33:396_T30:71","S3:20_S4:33_S9:66"
"COL","BA:358","EAR_EMTA_SEX_CUR_NB","SEX_T","CUR_TYPE_PPP","1991",429.196,,,"T8:127_T9:133_T10:138_T33:396_T30:71","S3:20_S4:33_S9:66"
"COL","BA:358","EAR_EMTA_SEX_CUR_NB","SEX_T","CUR_TYPE_USD","1991",162.214,,,"T8:127_T9:133_T10:138_T33:396_T30:71","S3:20_S4:33_S9:66"
"COM","BA:14125","EAR_EMTA_SEX_CUR_NB","SEX_T","CUR_TYPE_LCU","2021",105355.189,,,"T30:10","R1:3513"
"COM","BA:14125","EAR_EMTA_SEX_CUR_NB","SEX_T","CUR_TYPE_PPP","2021",461.987,,,"T30:10","R1:3513"
"COM","BA:14125","EAR_EMTA_SEX_CUR_NB","SEX_T","CUR_TYPE_USD","2021",253.285,,,"T30:10","R1:3513"
"COM","BA:14125","EAR_EMTA_SEX_CUR_NB","SEX_T","CUR_TYPE_LCU","2014",84376.213,,,"T30:10","R1:3513"
"COM","BA:14125","EAR_EMTA_SEX_CUR_NB","SEX_T","CUR_TYPE_PPP","2014",379.384,,,"T30:10","R1:3513"
"COM","BA:14125","EAR_EMTA_SEX_CUR_NB","SEX_T","CUR_TYPE_USD","2014",227.848,,,"T30:10","R1:3513"
"COM","BX:13363","EAR_EMTA_SEX_CUR_NB","SEX_T","CUR_TYPE_LCU","2004",112039.802,,,"T30:10","R1:3513"
"COM","BX:13363","EAR_EMTA_SEX_CUR_NB","SEX_T","CUR_TYPE_PPP","2004",496.282,,,"T30:10","R1:3513"
"COM","BX:13363","EAR_EMTA_SEX_CUR_NB","SEX_T","CUR_TYPE_USD","2004",283.284,,,"T30:10","R1:3513"
"CPV","BA:7395","EAR_EMTA_SEX_CUR_NB","SEX_T","CUR_TYPE_LCU","2015",32193.003,"B",,"T30:8_I11:264","R1:3513_T2:85"
"CPV","BA:7395","EAR_EMTA_SEX_CUR_NB","SEX_T","CUR_TYPE_PPP","2015",639.102,"B",,"T30:8_I11:264","R1:3513_T2:85"
"CPV","BA:7395","EAR_EMTA_SEX_CUR_NB","SEX_T","CUR_TYPE_USD","2015",323.92,"B",,"T30:8_I11:264","R1:3513_T2:85"
"CRI","BA:12883","EAR_EMTA_SEX_CUR_NB","SEX_T","CUR_TYPE_LCU","2025",606508.073,,,"T30:72","R1:3513"
"CRI","BA:12883","EAR_EMTA_SEX_CUR_NB","SEX_T","CUR_TYPE_PPP","2025",1928.246,,,"T30:72","R1:3513"
"CRI","BA:12883","EAR_EMTA_SEX_CUR_NB","SEX_T","CUR_TYPE_USD","2025",1204.592,,,"T30:72","R1:3513"
"CRI","BA:12883","EAR_EMTA_SEX_CUR_NB","SEX_T","CUR_TYPE_LCU","2024",604715.844,,,"T30:72","R1:3513"
"CRI","BA:12883","EAR_EMTA_SEX_CUR_NB","SEX_T","CUR_TYPE_PPP","2024",1843.384,,,"T30:72","R1:3513"
"CRI","BA:12883","EAR_EMTA_SEX_CUR_NB","SEX_T","CUR_TYPE_USD","2024",1173.955,,,"T30:72","R1:3513"
"CRI","BA:12883","EAR_EMTA_SEX_CUR_NB","SEX_T","CUR_TYPE_LCU","2023",579003.737,,,"T30:72","R1:3513"
"CRI","BA:12883","EAR_EMTA_SEX_CUR_NB","SEX_T","CUR_TYPE_PPP","2023",1703.324,,,"T30:72","R1:3513"
"CRI","BA:12883","EAR_EMTA_SEX_CUR_NB","SEX_T","CUR_TYPE_USD","2023",1064.246,,,"T30:72","R1:3513"
"CRI","BA:12883","EAR_EMTA_SEX_CUR_NB","SEX_T","CUR_TYPE_LCU","2022",615297.275,,,"T30:72","R1:3513"
"CRI","BA:12883","EAR_EMTA_SEX_CUR_NB","SEX_T","CUR_TYPE_PPP","2022",1654.7,,,"T30:72","R1:3513"
"CRI","BA:12883","EAR_EMTA_SEX_CUR_NB","SEX_T","CUR_TYPE_USD","2022",950.801,,,"T30:72","R1:3513"
"CRI","BA:12883","EAR_EMTA_SEX_CUR_NB","SEX_T","CUR_TYPE_LCU","2021",629003.315,,,"T30:72","R1:3513"
"CRI","BA:12883","EAR_EMTA_SEX_CUR_NB","SEX_T","CUR_TYPE_PPP","2021",1731.216,,,"T30:72","R1:3513"
"CRI","BA:12883","EAR_EMTA_SEX_CUR_NB","SEX_T","CUR_TYPE_USD","2021",1013.239,,,"T30:72","R1:3513"
"CRI","BA:12883","EAR_EMTA_SEX_CUR_NB","SEX_T","CUR_TYPE_LCU","2020",697392.191,,,"T30:72","R1:3513"
"CRI","BA:12883","EAR_EMTA_SEX_CUR_NB","SEX_T","CUR_TYPE_PPP","2020",1884.02,,,"T30:72","R1:3513"
"CRI","BA:12883","EAR_EMTA_SEX_CUR_NB","SEX_T","CUR_TYPE_USD","2020",1192.325,,,"T30:72","R1:3513"
"CRI","BA:12883","EAR_EMTA_SEX_CUR_NB","SEX_T","CUR_TYPE_LCU","2019",664902.403,,,"T30:72","R1:3513"
"CRI","BA:12883","EAR_EMTA_SEX_CUR_NB","SEX_T","CUR_TYPE_PPP","2019",1863.33,,,"T30:72","R1:3513"
"CRI","BA:12883","EAR_EMTA_SEX_CUR_NB","SEX_T","CUR_TYPE_USD","2019",1132.145,,,"T30:72","R1:3513"
"CRI","BA:12883","EAR_EMTA_SEX_CUR_NB","SEX_T","CUR_TYPE_LCU","2018",590811.688,,,"T30:72","R1:3513"
"CRI","BA:12883","EAR_EMTA_SEX_CUR_NB","SEX_T","CUR_TYPE_PPP","2018",1625.785,,,"T30:72","R1:3513"
"CRI","BA:12883","EAR_EMTA_SEX_CUR_NB","SEX_T","CUR_TYPE_USD","2018",1023.986,,,"T30:72","R1:3513"
"CRI","BA:12883","EAR_EMTA_SEX_CUR_NB","SEX_T","CUR_TYPE_LCU","2017",604647.994,,,"T30:72","R1:3513"
"CRI","BA:12883","EAR_EMTA_SEX_CUR_NB","SEX_T","CUR_TYPE_PPP","2017",1674.432,,,"T30:72","R1:3513"
"CRI","BA:12883","EAR_EMTA_SEX_CUR_NB","SEX_T","CUR_TYPE_USD","2017",1065.434,,,"T30:72","R1:3513"
"CRI","BX:142","EAR_EMTA_SEX_CUR_NB","SEX_T","CUR_TYPE_LCU","2016",503547.601,,,"T30:72","R1:3513"
"CRI","BX:142","EAR_EMTA_SEX_CUR_NB","SEX_T","CUR_TYPE_PPP","2016",1390.138,,,"T30:72","R1:3513"
"CRI","BX:142","EAR_EMTA_SEX_CUR_NB","SEX_T","CUR_TYPE_USD","2016",924.383,,,"T30:72","R1:3513"
"CRI","BX:142","EAR_EMTA_SEX_CUR_NB","SEX_T","CUR_TYPE_LCU","2015",498637.395,,,"T30:72","R1:3513"
"CRI","BX:142","EAR_EMTA_SEX_CUR_NB","SEX_T","CUR_TYPE_PPP","2015",1354.123,,,"T30:72","R1:3513"
"CRI","BX:142","EAR_EMTA_SEX_CUR_NB","SEX_T","CUR_TYPE_USD","2015",932.79,,,"T30:72","R1:3513"
"CRI","BX:142","EAR_EMTA_SEX_CUR_NB","SEX_T","CUR_TYPE_LCU","2014",486979.629,,,"T30:72","R1:3513"
"CRI","BX:142","EAR_EMTA_SEX_CUR_NB","SEX_T","CUR_TYPE_PPP","2014",1309.341,,,"T30:72","R1:3513"
"CRI","BX:142","EAR_EMTA_SEX_CUR_NB","SEX_T","CUR_TYPE_USD","2014",904.633,,,"T30:72","R1:3513"
"CRI","BX:142","EAR_EMTA_SEX_CUR_NB","SEX_T","CUR_TYPE_LCU","2013",473389.803,,,"T30:72","R1:3513"
"CRI","BX:142","EAR_EMTA_SEX_CUR_NB","SEX_T","CUR_TYPE_PPP","2013",1305.929,,,"T30:72","R1:3513"
"CRI","BX:142","EAR_EMTA_SEX_CUR_NB","SEX_T","CUR_TYPE_USD","2013",947.221,,,"T30:72","R1:3513"
"CRI","BX:142","EAR_EMTA_SEX_CUR_NB","SEX_T","CUR_TYPE_LCU","2012",435125.827,,,"T30:72","R1:3513"
"CRI","BX:142","EAR_EMTA_SEX_CUR_NB","SEX_T","CUR_TYPE_PPP","2012",1265.682,,,"T30:72","R1:3513"
"CRI","BX:142","EAR_EMTA_SEX_CUR_NB","SEX_T","CUR_TYPE_USD","2012",865.231,,,"T30:72","R1:3513"
"CRI","BX:142","EAR_EMTA_SEX_CUR_NB","SEX_T","CUR_TYPE_LCU","2011",391602.263,,,"T8:127_T9:133_T10:138_T12:145_T33:396_T30:72","S3:18"
"CRI","BX:142","EAR_EMTA_SEX_CUR_NB","SEX_T","CUR_TYPE_PPP","2011",1120.763,,,"T8:127_T9:133_T10:138_T12:145_T33:396_T30:72","S3:18"
"CRI","BX:142","EAR_EMTA_SEX_CUR_NB","SEX_T","CUR_TYPE_USD","2011",774.431,,,"T8:127_T9:133_T10:138_T12:145_T33:396_T30:72","S3:18"
"CRI","BX:142","EAR_EMTA_SEX_CUR_NB","SEX_T","CUR_TYPE_LCU","2010",374645.139,,,"T30:72","R1:3513"
"CRI","BX:142","EAR_EMTA_SEX_CUR_NB","SEX_T","CUR_TYPE_PPP","2010",1090.122,,,"T30:72","R1:3513"
"CRI","BX:142","EAR_EMTA_SEX_CUR_NB","SEX_T","CUR_TYPE_USD","2010",712.484,,,"T30:72","R1:3513"
"CRI","BX:142","EAR_EMTA_SEX_CUR_NB","SEX_T","CUR_TYPE_LCU","2008",576699,,,"T8:127_T9:133_T10:138_T11:142_T33:396_T30:72","S3:18_S9:66"
"CRI","BX:142","EAR_EMTA_SEX_CUR_NB","SEX_T","CUR_TYPE_PPP","2008",1887.986,,,"T8:127_T9:133_T10:138_T11:142_T33:396_T30:72","S3:18_S9:66"
"CRI","BX:142","EAR_EMTA_SEX_CUR_NB","SEX_T","CUR_TYPE_USD","2008",1095.895,,,"T8:127_T9:133_T10:138_T11:142_T33:396_T30:72","S3:18_S9:66"
"CRI","BX:7407","EAR_EMTA_SEX_CUR_NB","SEX_T","CUR_TYPE_LCU","2007",235611.362,,,"T30:72","R1:3513"
"CRI","BX:7407","EAR_EMTA_SEX_CUR_NB","SEX_T","CUR_TYPE_PPP","2007",842.542,,,"T30:72","R1:3513"
"CRI","BX:7407","EAR_EMTA_SEX_CUR_NB","SEX_T","CUR_TYPE_USD","2007",456.066,,,"T30:72","R1:3513"
"CRI","BX:7407","EAR_EMTA_SEX_CUR_NB","SEX_T","CUR_TYPE_LCU","2006",207932.65,,,"T30:72","R1:3513"
"CRI","BX:7407","EAR_EMTA_SEX_CUR_NB","SEX_T","CUR_TYPE_PPP","2006",790.588,,,"T30:72","R1:3513"
"CRI","BX:7407","EAR_EMTA_SEX_CUR_NB","SEX_T","CUR_TYPE_USD","2006",406.673,,,"T30:72","R1:3513"
"CRI","BX:142","EAR_EMTA_SEX_CUR_NB","SEX_T","CUR_TYPE_LCU","2005",385737,,,"T8:127_T9:133_T10:138_T11:142_T33:396_T30:72","S3:18_S9:66"
"CRI","BX:142","EAR_EMTA_SEX_CUR_NB","SEX_T","CUR_TYPE_PPP","2005",1583.763,,,"T8:127_T9:133_T10:138_T11:142_T33:396_T30:72","S3:18_S9:66"
"CRI","BX:142","EAR_EMTA_SEX_CUR_NB","SEX_T","CUR_TYPE_USD","2005",807.341,,,"T8:127_T9:133_T10:138_T11:142_T33:396_T30:72","S3:18_S9:66"
"CRI","BX:142","EAR_EMTA_SEX_CUR_NB","SEX_T","CUR_TYPE_LCU","2004",166804,,,"T8:127_T9:133_T10:138_T11:142_T33:396_T30:72","S3:18_S9:66"
"CRI","BX:142","EAR_EMTA_SEX_CUR_NB","SEX_T","CUR_TYPE_PPP","2004",753.791,,,"T8:127_T9:133_T10:138_T11:142_T33:396_T30:72","S3:18_S9:66"
"CRI","BX:142","EAR_EMTA_SEX_CUR_NB","SEX_T","CUR_TYPE_USD","2004",380.888,,,"T8:127_T9:133_T10:138_T11:142_T33:396_T30:72","S3:18_S9:66"
"CRI","BX:7407","EAR_EMTA_SEX_CUR_NB","SEX_T","CUR_TYPE_LCU","2003",152514.108,,,"T30:72","R1:3513"
"CRI","BX:7407","EAR_EMTA_SEX_CUR_NB","SEX_T","CUR_TYPE_PPP","2003",753.906,,,"T30:72","R1:3513"
"CRI","BX:7407","EAR_EMTA_SEX_CUR_NB","SEX_T","CUR_TYPE_USD","2003",382.565,,,"T30:72","R1:3513"
"CRI","BX:7407","EAR_EMTA_SEX_CUR_NB","SEX_T","CUR_TYPE_LCU","2002",140127.922,,,"T30:72","R1:3513"
"CRI","BX:7407","EAR_EMTA_SEX_CUR_NB","SEX_T","CUR_TYPE_PPP","2002",741.292,,,"T30:72","R1:3513"
"CRI","BX:7407","EAR_EMTA_SEX_CUR_NB","SEX_T","CUR_TYPE_USD","2002",389.442,,,"T30:72","R1:3513"
"CRI","BX:142","EAR_EMTA_SEX_CUR_NB","SEX_T","CUR_TYPE_LCU","2001",132037,,,"T8:127_T9:133_T10:138_T11:142_T33:396_T30:72","S3:18_S9:66"
"CRI","BX:142","EAR_EMTA_SEX_CUR_NB","SEX_T","CUR_TYPE_PPP","2001",750.62,,,"T8:127_T9:133_T10:138_T11:142_T33:396_T30:72","S3:18_S9:66"
"CRI","BX:142","EAR_EMTA_SEX_CUR_NB","SEX_T","CUR_TYPE_USD","2001",401.486,,,"T8:127_T9:133_T10:138_T11:142_T33:396_T30:72","S3:18_S9:66"
"CRI","BX:142","EAR_EMTA_SEX_CUR_NB","SEX_T","CUR_TYPE_LCU","2000",106272,,,"T8:127_T9:133_T10:138_T11:142_T33:396_T30:72","S3:18_S9:66"
"CRI","BX:142","EAR_EMTA_SEX_CUR_NB","SEX_T","CUR_TYPE_PPP","2000",653.674,,,"T8:127_T9:133_T10:138_T11:142_T33:396_T30:72","S3:18_S9:66"
"CRI","BX:142","EAR_EMTA_SEX_CUR_NB","SEX_T","CUR_TYPE_USD","2000",344.83,,,"T8:127_T9:133_T10:138_T11:142_T33:396_T30:72","S3:18_S9:66"
"CRI","BX:142","EAR_EMTA_SEX_CUR_NB","SEX_T","CUR_TYPE_LCU","1999",95235.4,,,"T8:127_T9:133_T10:138_T11:142_T33:396_T30:72","S3:18_S9:66"
"CRI","BX:142","EAR_EMTA_SEX_CUR_NB","SEX_T","CUR_TYPE_PPP","1999",628.768,,,"T8:127_T9:133_T10:138_T11:142_T33:396_T30:72","S3:18_S9:66"
"CRI","BX:142","EAR_EMTA_SEX_CUR_NB","SEX_T","CUR_TYPE_USD","1999",333.358,,,"T8:127_T9:133_T10:138_T11:142_T33:396_T30:72","S3:18_S9:66"
"CRI","BX:142","EAR_EMTA_SEX_CUR_NB","SEX_T","CUR_TYPE_LCU","1998",86161,,,"T8:127_T9:133_T10:138_T11:142_T33:396_T30:72","S3:18_S9:66"
"CRI","BX:142","EAR_EMTA_SEX_CUR_NB","SEX_T","CUR_TYPE_PPP","1998",612.596,,,"T8:127_T9:133_T10:138_T11:142_T33:396_T30:72","S3:18_S9:66"
"CRI","BX:142","EAR_EMTA_SEX_CUR_NB","SEX_T","CUR_TYPE_USD","1998",334.958,,,"T8:127_T9:133_T10:138_T11:142_T33:396_T30:72","S3:18_S9:66"
"CRI","BX:142","EAR_EMTA_SEX_CUR_NB","SEX_T","CUR_TYPE_LCU","1997",75687,,,"T8:127_T9:133_T10:138_T11:142_T33:396_T30:72","S3:18_S9:66"
"CRI","BX:142","EAR_EMTA_SEX_CUR_NB","SEX_T","CUR_TYPE_PPP","1997",591.684,,,"T8:127_T9:133_T10:138_T11:142_T33:396_T30:72","S3:18_S9:66"
"CRI","BX:142","EAR_EMTA_SEX_CUR_NB","SEX_T","CUR_TYPE_USD","1997",325.399,,,"T8:127_T9:133_T10:138_T11:142_T33:396_T30:72","S3:18_S9:66"
"CRI","BX:142","EAR_EMTA_SEX_CUR_NB","SEX_T","CUR_TYPE_LCU","1996",66228,,,"T8:127_T9:133_T10:138_T11:142_T33:396_T30:72","S3:18_S9:66"
"CRI","BX:142","EAR_EMTA_SEX_CUR_NB","SEX_T","CUR_TYPE_PPP","1996",572.935,,,"T8:127_T9:133_T10:138_T11:142_T33:396_T30:72","S3:18_S9:66"
"CRI","BX:142","EAR_EMTA_SEX_CUR_NB","SEX_T","CUR_TYPE_USD","1996",318.88,,,"T8:127_T9:133_T10:138_T11:142_T33:396_T30:72","S3:18_S9:66"
"CRI","BX:142","EAR_EMTA_SEX_CUR_NB","SEX_T","CUR_TYPE_LCU","1995",56907,,,"T8:127_T9:133_T10:138_T11:142_T33:396_T30:72","S3:18_S9:66"
"CRI","BX:142","EAR_EMTA_SEX_CUR_NB","SEX_T","CUR_TYPE_PPP","1995",562.034,,,"T8:127_T9:133_T10:138_T11:142_T33:396_T30:72","S3:18_S9:66"
"CRI","BX:142","EAR_EMTA_SEX_CUR_NB","SEX_T","CUR_TYPE_USD","1995",316.626,,,"T8:127_T9:133_T10:138_T11:142_T33:396_T30:72","S3:18_S9:66"
"CRI","BX:142","EAR_EMTA_SEX_CUR_NB","SEX_T","CUR_TYPE_LCU","1994",47119,,,"T8:127_T9:133_T10:138_T11:142_T33:396_T30:72","S3:18_S9:66"
"CRI","BX:142","EAR_EMTA_SEX_CUR_NB","SEX_T","CUR_TYPE_PPP","1994",557.622,,,"T8:127_T9:133_T10:138_T11:142_T33:396_T30:72","S3:18_S9:66"
"CRI","BX:142","EAR_EMTA_SEX_CUR_NB","SEX_T","CUR_TYPE_USD","1994",299.994,,,"T8:127_T9:133_T10:138_T11:142_T33:396_T30:72","S3:18_S9:66"
"CRI","BX:142","EAR_EMTA_SEX_CUR_NB","SEX_T","CUR_TYPE_LCU","1993",40020,,,"T8:127_T9:133_T10:138_T11:142_T33:396_T30:72","S3:18_S9:66"
"CRI","BX:142","EAR_EMTA_SEX_CUR_NB","SEX_T","CUR_TYPE_PPP","1993",524.046,,,"T8:127_T9:133_T10:138_T11:142_T33:396_T30:72","S3:18_S9:66"
"CRI","BX:142","EAR_EMTA_SEX_CUR_NB","SEX_T","CUR_TYPE_USD","1993",281.491,,,"T8:127_T9:133_T10:138_T11:142_T33:396_T30:72","S3:18_S9:66"
"CRI","BX:142","EAR_EMTA_SEX_CUR_NB","SEX_T","CUR_TYPE_LCU","1992",33070,,,"T8:127_T9:133_T10:138_T11:142_T33:396_T30:72","S3:18_S9:66"
"CRI","BX:142","EAR_EMTA_SEX_CUR_NB","SEX_T","CUR_TYPE_PPP","1992",461.755,,,"T8:127_T9:133_T10:138_T11:142_T33:396_T30:72","S3:18_S9:66"
"CRI","BX:142","EAR_EMTA_SEX_CUR_NB","SEX_T","CUR_TYPE_USD","1992",245.862,,,"T8:127_T9:133_T10:138_T11:142_T33:396_T30:72","S3:18_S9:66"
"CRI","BX:142","EAR_EMTA_SEX_CUR_NB","SEX_T","CUR_TYPE_LCU","1991",26079,,,"T8:127_T9:133_T10:138_T11:142_T33:396_T30:72","S3:18_S9:66"
"CRI","BX:142","EAR_EMTA_SEX_CUR_NB","SEX_T","CUR_TYPE_PPP","1991",430.452,,,"T8:127_T9:133_T10:138_T11:142_T33:396_T30:72","S3:18_S9:66"
"CRI","BX:142","EAR_EMTA_SEX_CUR_NB","SEX_T","CUR_TYPE_USD","1991",213.007,,,"T8:127_T9:133_T10:138_T11:142_T33:396_T30:72","S3:18_S9:66"
"CRI","BX:142","EAR_EMTA_SEX_CUR_NB","SEX_T","CUR_TYPE_LCU","1990",21233,,,"T8:127_T9:133_T10:138_T11:142_T33:396_T30:72","S3:18_S9:66"
"CRI","BX:142","EAR_EMTA_SEX_CUR_NB","SEX_T","CUR_TYPE_PPP","1990",432.755,,,"T8:127_T9:133_T10:138_T11:142_T33:396_T30:72","S3:18_S9:66"
"CRI","BX:142","EAR_EMTA_SEX_CUR_NB","SEX_T","CUR_TYPE_USD","1990",231.854,,,"T8:127_T9:133_T10:138_T11:142_T33:396_T30:72","S3:18_S9:66"
"CRI","BX:142","EAR_EMTA_SEX_CUR_NB","SEX_T","CUR_TYPE_LCU","1989",17532,,,"T8:127_T9:133_T10:138_T11:142_T33:396_T30:72","S3:18_S9:66"
"CRI","BX:142","EAR_EMTA_SEX_CUR_NB","SEX_T","CUR_TYPE_USD","1989",215.106,,,"T8:127_T9:133_T10:138_T11:142_T33:396_T30:72","S3:18_S9:66"
"CUB","BA:361","EAR_EMTA_SEX_CUR_NB","SEX_T","CUR_TYPE_LCU","2010",448,,,"T8:127_T9:133_T10:138_T11:142_T12:145_T33:396_T30:73",
"CUB","BA:361","EAR_EMTA_SEX_CUR_NB","SEX_T","CUR_TYPE_LCU","2009",429,,,"T8:127_T9:133_T10:138_T11:142_T12:145_T33:396_T30:73",
"CUB","FX:362","EAR_EMTA_SEX_CUR_NB","SEX_T","CUR_TYPE_LCU","2006",387,,,"T8:127_T9:133_T10:138_T33:396_T30:73","S7:56_S9:66"
"CUB","FX:362","EAR_EMTA_SEX_CUR_NB","SEX_T","CUR_TYPE_LCU","2005",330,,,"T8:127_T9:133_T10:138_T33:396_T30:73","S7:56_S9:66"
"CUB","FX:362","EAR_EMTA_SEX_CUR_NB","SEX_T","CUR_TYPE_LCU","2004",284,,,"T8:127_T9:133_T10:138_T33:396_T30:73","S7:56_S9:66"
"CUB","FX:362","EAR_EMTA_SEX_CUR_NB","SEX_T","CUR_TYPE_LCU","2003",273,,,"T8:127_T9:133_T10:138_T33:396_T30:73","S7:56_S9:66"
"CUB","FX:362","EAR_EMTA_SEX_CUR_NB","SEX_T","CUR_TYPE_LCU","2002",261,,,"T8:127_T9:133_T10:138_T33:396_T30:73","S7:56_S9:66"
"CUB","FX:362","EAR_EMTA_SEX_CUR_NB","SEX_T","CUR_TYPE_LCU","2001",252,,,"T8:127_T9:133_T10:138_T33:396_T30:73","S7:56_S9:66"
"CUB","FX:362","EAR_EMTA_SEX_CUR_NB","SEX_T","CUR_TYPE_LCU","2000",238,,,"T8:127_T9:133_T10:138_T34:397_T33:396_T30:73_I11:266","S7:56_S9:66"
"CUB","FX:362","EAR_EMTA_SEX_CUR_NB","SEX_T","CUR_TYPE_LCU","1999",222,,,"T8:127_T9:133_T10:138_T33:396_T30:73","S7:56_S9:66"
"CUB","FX:362","EAR_EMTA_SEX_CUR_NB","SEX_T","CUR_TYPE_LCU","1998",207,,,"T8:127_T9:133_T10:138_T33:396_T30:73","S7:56_S9:66"
"CUB","FX:362","EAR_EMTA_SEX_CUR_NB","SEX_T","CUR_TYPE_LCU","1997",206,,,"T8:127_T9:133_T10:138_T33:396_T30:73","S7:56_S9:66"
"CUW","BA:12900","EAR_EMTA_SEX_CUR_NB","SEX_T","CUR_TYPE_LCU","2018",2675.09,,,"I20:3359_T8:252_T9:131_T10:139_T12:145_T30:376","S3:11"
"CUW","BA:12900","EAR_EMTA_SEX_CUR_NB","SEX_T","CUR_TYPE_PPP","2018",1791.206,,,"I20:3359_T8:252_T9:131_T10:139_T12:145_T30:376","S3:11"
"CUW","BA:12900","EAR_EMTA_SEX_CUR_NB","SEX_T","CUR_TYPE_USD","2018",1494.464,,,"I20:3359_T8:252_T9:131_T10:139_T12:145_T30:376","S3:11"
"CYP","BB:459","EAR_EMTA_SEX_CUR_NB","SEX_T","CUR_TYPE_LCU","2025",2908.82,,,"T30:168","R1:3513_T2:85"
"CYP","BB:459","EAR_EMTA_SEX_CUR_NB","SEX_T","CUR_TYPE_PPP","2025",4911.465,,,"T30:168","R1:3513_T2:85"
"CYP","BB:459","EAR_EMTA_SEX_CUR_NB","SEX_T","CUR_TYPE_USD","2025",3286.966,,,"T30:168","R1:3513_T2:85"
"CYP","BB:459","EAR_EMTA_SEX_CUR_NB","SEX_T","CUR_TYPE_LCU","2024",2697.7,,,"T30:168","R1:3513_T2:85"
"CYP","BB:459","EAR_EMTA_SEX_CUR_NB","SEX_T","CUR_TYPE_PPP","2024",4566.28,,,"T30:168","R1:3513_T2:85"
"CYP","BB:459","EAR_EMTA_SEX_CUR_NB","SEX_T","CUR_TYPE_USD","2024",2919.99,,,"T30:168","R1:3513_T2:85"
"CYP","BB:459","EAR_EMTA_SEX_CUR_NB","SEX_T","CUR_TYPE_LCU","2023",2525.936,,,"T30:168","R1:3513_T2:85"
"CYP","BB:459","EAR_EMTA_SEX_CUR_NB","SEX_T","CUR_TYPE_PPP","2023",4257.523,,,"T30:168","R1:3513_T2:85"
"CYP","BB:459","EAR_EMTA_SEX_CUR_NB","SEX_T","CUR_TYPE_USD","2023",2731.294,,,"T30:168","R1:3513_T2:85"
"CYP","BB:459","EAR_EMTA_SEX_CUR_NB","SEX_T","CUR_TYPE_LCU","2022",2449.37,,,"T30:168","R1:3513_T2:85"
"CYP","BB:459","EAR_EMTA_SEX_CUR_NB","SEX_T","CUR_TYPE_PPP","2022",3954.892,,,"T30:168","R1:3513_T2:85"
"CYP","BB:459","EAR_EMTA_SEX_CUR_NB","SEX_T","CUR_TYPE_USD","2022",2579.186,,,"T30:168","R1:3513_T2:85"
"CYP","BB:459","EAR_EMTA_SEX_CUR_NB","SEX_T","CUR_TYPE_LCU","2021",2289.298,,,"T30:168","R1:3513_T2:85"
"CYP","BB:459","EAR_EMTA_SEX_CUR_NB","SEX_T","CUR_TYPE_PPP","2021",3568.332,,,"T30:168","R1:3513_T2:85"
"CYP","BB:459","EAR_EMTA_SEX_CUR_NB","SEX_T","CUR_TYPE_USD","2021",2707.552,,,"T30:168","R1:3513_T2:85"
"CYP","BB:459","EAR_EMTA_SEX_CUR_NB","SEX_T","CUR_TYPE_LCU","2020",2242.566,,,"T30:168","R1:3513_T2:85"
"CYP","BB:459","EAR_EMTA_SEX_CUR_NB","SEX_T","CUR_TYPE_PPP","2020",3523.303,,,"T30:168","R1:3513_T2:85"
"CYP","BB:459","EAR_EMTA_SEX_CUR_NB","SEX_T","CUR_TYPE_USD","2020",2561.459,,,"T30:168","R1:3513_T2:85"
"CYP","BB:459","EAR_EMTA_SEX_CUR_NB","SEX_T","CUR_TYPE_LCU","2019",2098.31,,,"T30:168","R1:3513_T2:85"
"CYP","BB:459","EAR_EMTA_SEX_CUR_NB","SEX_T","CUR_TYPE_PPP","2019",3227.365,,,"T30:168","R1:3513_T2:85"
"CYP","BB:459","EAR_EMTA_SEX_CUR_NB","SEX_T","CUR_TYPE_USD","2019",2349.058,,,"T30:168","R1:3513_T2:85"
"CYP","BB:459","EAR_EMTA_SEX_CUR_NB","SEX_T","CUR_TYPE_LCU","2018",2017.198,,,"T30:168","R1:3513_T2:85"
"CYP","BB:459","EAR_EMTA_SEX_CUR_NB","SEX_T","CUR_TYPE_PPP","2018",3007.272,,,"T30:168","R1:3513_T2:85"
"CYP","BB:459","EAR_EMTA_SEX_CUR_NB","SEX_T","CUR_TYPE_USD","2018",2382.31,,,"T30:168","R1:3513_T2:85"
"CYP","BB:459","EAR_EMTA_SEX_CUR_NB","SEX_T","CUR_TYPE_LCU","2017",2037.965,,,"T30:168","R1:3513_T2:85"
"CYP","BB:459","EAR_EMTA_SEX_CUR_NB","SEX_T","CUR_TYPE_PPP","2017",3024.665,,,"T30:168","R1:3513_T2:85"
"CYP","BB:459","EAR_EMTA_SEX_CUR_NB","SEX_T","CUR_TYPE_USD","2017",2302.289,,,"T30:168","R1:3513_T2:85"
"CYP","BB:459","EAR_EMTA_SEX_CUR_NB","SEX_T","CUR_TYPE_LCU","2016",2071.341,,,"T30:168","R1:3513_T2:85"
"CYP","BB:459","EAR_EMTA_SEX_CUR_NB","SEX_T","CUR_TYPE_PPP","2016",3070.679,,,"T30:168","R1:3513_T2:85"
"CYP","BB:459","EAR_EMTA_SEX_CUR_NB","SEX_T","CUR_TYPE_USD","2016",2292.767,,,"T30:168","R1:3513_T2:85"
"CYP","BB:459","EAR_EMTA_SEX_CUR_NB","SEX_T","CUR_TYPE_LCU","2015",2085.565,,,"T30:168","R1:3513_T2:85"
"CYP","BB:459","EAR_EMTA_SEX_CUR_NB","SEX_T","CUR_TYPE_PPP","2015",2905.325,,,"T30:168","R1:3513_T2:85"
"CYP","BB:459","EAR_EMTA_SEX_CUR_NB","SEX_T","CUR_TYPE_USD","2015",2313.935,,,"T30:168","R1:3513_T2:85"
"CYP","BB:459","EAR_EMTA_SEX_CUR_NB","SEX_T","CUR_TYPE_LCU","2014",2125.001,,,"T30:168","R1:3513_T2:85"
"CYP","BB:459","EAR_EMTA_SEX_CUR_NB","SEX_T","CUR_TYPE_PPP","2014",2900.457,,,"T30:168","R1:3513_T2:85"
"CYP","BB:459","EAR_EMTA_SEX_CUR_NB","SEX_T","CUR_TYPE_USD","2014",2823.064,,,"T30:168","R1:3513_T2:85"
"CYP","BB:459","EAR_EMTA_SEX_CUR_NB","SEX_T","CUR_TYPE_LCU","2013",2281.072,,,"T30:168","R1:3513_T2:85"
"CYP","BB:459","EAR_EMTA_SEX_CUR_NB","SEX_T","CUR_TYPE_PPP","2013",3050.177,,,"T30:168","R1:3513_T2:85"
"CYP","BB:459","EAR_EMTA_SEX_CUR_NB","SEX_T","CUR_TYPE_USD","2013",3029.492,,,"T30:168","R1:3513_T2:85"
"CYP","BB:459","EAR_EMTA_SEX_CUR_NB","SEX_T","CUR_TYPE_LCU","2012",2326.989,,,"T30:168","R1:3513_T2:85"
"CYP","BB:459","EAR_EMTA_SEX_CUR_NB","SEX_T","CUR_TYPE_PPP","2012",3030.831,,,"T30:168","R1:3513_T2:85"
"CYP","BB:459","EAR_EMTA_SEX_CUR_NB","SEX_T","CUR_TYPE_USD","2012",2989.716,,,"T30:168","R1:3513_T2:85"
"CYP","BB:459","EAR_EMTA_SEX_CUR_NB","SEX_T","CUR_TYPE_LCU","2011",2227.478,,,"T30:168","R1:3513_T2:85"
"CYP","BB:459","EAR_EMTA_SEX_CUR_NB","SEX_T","CUR_TYPE_PPP","2011",2921.167,,,"T30:168","R1:3513_T2:85"
"CYP","BB:459","EAR_EMTA_SEX_CUR_NB","SEX_T","CUR_TYPE_USD","2011",3100.65,,,"T30:168","R1:3513_T2:85"
"CYP","BB:459","EAR_EMTA_SEX_CUR_NB","SEX_T","CUR_TYPE_LCU","2010",2129.498,,,"T30:168","R1:3513_T2:85"
"CYP","BB:459","EAR_EMTA_SEX_CUR_NB","SEX_T","CUR_TYPE_PPP","2010",2787.72,,,"T30:168","R1:3513_T2:85"
"CYP","BB:459","EAR_EMTA_SEX_CUR_NB","SEX_T","CUR_TYPE_USD","2010",2823.075,,,"T30:168","R1:3513_T2:85"
"CYP","BB:459","EAR_EMTA_SEX_CUR_NB","SEX_T","CUR_TYPE_LCU","2009",2067.263,,,"T30:168","R1:3513_T2:85"
"CYP","BB:459","EAR_EMTA_SEX_CUR_NB","SEX_T","CUR_TYPE_PPP","2009",2751.632,,,"T30:168","R1:3513_T2:85"
"CYP","BB:459","EAR_EMTA_SEX_CUR_NB","SEX_T","CUR_TYPE_USD","2009",2883.419,,,"T30:168","R1:3513_T2:85"
"CYP","BB:459","EAR_EMTA_SEX_CUR_NB","SEX_T","CUR_TYPE_LCU","2008",1998.422,,,"T30:168","R1:3513_T2:85"
"CYP","BB:459","EAR_EMTA_SEX_CUR_NB","SEX_T","CUR_TYPE_PPP","2008",2660.358,,,"T30:168","R1:3513_T2:85"
"CYP","BB:459","EAR_EMTA_SEX_CUR_NB","SEX_T","CUR_TYPE_USD","2008",2939.28,,,"T30:168","R1:3513_T2:85"
"CYP","BB:459","EAR_EMTA_SEX_CUR_NB","SEX_T","CUR_TYPE_LCU","2007",2041.872,,,"T30:168","R1:3513_T2:85"
"CYP","BB:459","EAR_EMTA_SEX_CUR_NB","SEX_T","CUR_TYPE_PPP","2007",2690.444,,,"T30:168","R1:3513_T2:85"
"CYP","BB:459","EAR_EMTA_SEX_CUR_NB","SEX_T","CUR_TYPE_USD","2007",2798.386,,,"T30:168","R1:3513_T2:85"
"CYP","BB:459","EAR_EMTA_SEX_CUR_NB","SEX_T","CUR_TYPE_LCU","2006",1654.774,,,"T30:168","R1:3513_T2:85"
"CYP","BB:459","EAR_EMTA_SEX_CUR_NB","SEX_T","CUR_TYPE_PPP","2006",2136.21,,,"T30:168","R1:3513_T2:85"
"CYP","BB:459","EAR_EMTA_SEX_CUR_NB","SEX_T","CUR_TYPE_USD","2006",2077.734,,,"T30:168","R1:3513_T2:85"
"CYP","BB:459","EAR_EMTA_SEX_CUR_NB","SEX_T","CUR_TYPE_LCU","2005",1539.471,,,"T30:168","R1:3513_T2:85"
"CYP","BB:459","EAR_EMTA_SEX_CUR_NB","SEX_T","CUR_TYPE_PPP","2005",1989.12,,,"T30:168","R1:3513_T2:85"
"CYP","BB:459","EAR_EMTA_SEX_CUR_NB","SEX_T","CUR_TYPE_USD","2005",1915.256,,,"T30:168","R1:3513_T2:85"
"CYP","DA:1042","EAR_EMTA_SEX_CUR_NB","SEX_T","CUR_TYPE_LCU","2004",1134.69,,,"T8:127_T9:133_T10:138_T33:396_T30:279","S3:21_S9:68_S9:391"
"CYP","DA:1042","EAR_EMTA_SEX_CUR_NB","SEX_T","CUR_TYPE_PPP","2004",2504.203,,,"T8:127_T9:133_T10:138_T33:396_T30:279","S3:21_S9:68_S9:391"
"CYP","DA:1042","EAR_EMTA_SEX_CUR_NB","SEX_T","CUR_TYPE_USD","2004",2421.444,,,"T8:127_T9:133_T10:138_T33:396_T30:279","S3:21_S9:68_S9:391"
"CYP","DA:1042","EAR_EMTA_SEX_CUR_NB","SEX_T","CUR_TYPE_LCU","2003",1108.29,,,"T8:127_T9:133_T10:138_T33:396_T30:279","S3:21_S9:68_S9:391"
"CYP","DA:1042","EAR_EMTA_SEX_CUR_NB","SEX_T","CUR_TYPE_PPP","2003",2442.767,,,"T8:127_T9:133_T10:138_T33:396_T30:279","S3:21_S9:68_S9:391"
"CYP","DA:1042","EAR_EMTA_SEX_CUR_NB","SEX_T","CUR_TYPE_USD","2003",2141.858,,,"T8:127_T9:133_T10:138_T33:396_T30:279","S3:21_S9:68_S9:391"
"CYP","DA:1042","EAR_EMTA_SEX_CUR_NB","SEX_T","CUR_TYPE_LCU","2002",1032.54,,,"T8:127_T9:133_T10:138_T33:396_T30:279","S3:21_S9:68_S9:391"
"CYP","DA:1042","EAR_EMTA_SEX_CUR_NB","SEX_T","CUR_TYPE_PPP","2002",2337.21,,,"T8:127_T9:133_T10:138_T33:396_T30:279","S3:21_S9:68_S9:391"
"CYP","DA:1042","EAR_EMTA_SEX_CUR_NB","SEX_T","CUR_TYPE_USD","2002",1690.859,,,"T8:127_T9:133_T10:138_T33:396_T30:279","S3:21_S9:68_S9:391"
"CYP","DA:1042","EAR_EMTA_SEX_CUR_NB","SEX_T","CUR_TYPE_LCU","2001",998.64,,,"T8:127_T9:133_T10:138_T33:396_T30:279","S3:21_S9:68_S9:391"
"CYP","DA:1042","EAR_EMTA_SEX_CUR_NB","SEX_T","CUR_TYPE_PPP","2001",2266.671,,,"T8:127_T9:133_T10:138_T33:396_T30:279","S3:21_S9:68_S9:391"
"CYP","DA:1042","EAR_EMTA_SEX_CUR_NB","SEX_T","CUR_TYPE_USD","2001",1552.836,,,"T8:127_T9:133_T10:138_T33:396_T30:279","S3:21_S9:68_S9:391"
"CYP","DA:1042","EAR_EMTA_SEX_CUR_NB","SEX_T","CUR_TYPE_LCU","2000",973.97,,,"T8:127_T9:133_T10:138_T33:396_T30:279","S3:21_S9:68_S9:391"
"CYP","DA:1042","EAR_EMTA_SEX_CUR_NB","SEX_T","CUR_TYPE_PPP","2000",2229.74,,,"T8:127_T9:133_T10:138_T33:396_T30:279","S3:21_S9:68_S9:391"
"CYP","DA:1042","EAR_EMTA_SEX_CUR_NB","SEX_T","CUR_TYPE_USD","2000",1564.839,,,"T8:127_T9:133_T10:138_T33:396_T30:279","S3:21_S9:68_S9:391"
"CYP","DA:1042","EAR_EMTA_SEX_CUR_NB","SEX_T","CUR_TYPE_LCU","1999",916.42,,,"T8:127_T9:133_T10:138_T33:396_T30:279","S3:21_S9:68_S9:391"
"CYP","DA:1042","EAR_EMTA_SEX_CUR_NB","SEX_T","CUR_TYPE_PPP","1999",2083.622,,,"T8:127_T9:133_T10:138_T33:396_T30:279","S3:21_S9:68_S9:391"
"CYP","DA:1042","EAR_EMTA_SEX_CUR_NB","SEX_T","CUR_TYPE_USD","1999",1687.86,,,"T8:127_T9:133_T10:138_T33:396_T30:279","S3:21_S9:68_S9:391"
"CYP","DA:1042","EAR_EMTA_SEX_CUR_NB","SEX_T","CUR_TYPE_LCU","1998",884.47,,,"T8:127_T9:133_T10:138_T33:396_T30:279","S3:21_S9:68_S9:391"
"CYP","DA:1042","EAR_EMTA_SEX_CUR_NB","SEX_T","CUR_TYPE_PPP","1998",2017.056,,,"T8:127_T9:133_T10:138_T33:396_T30:279","S3:21_S9:68_S9:391"
"CYP","DA:1042","EAR_EMTA_SEX_CUR_NB","SEX_T","CUR_TYPE_USD","1998",1708.046,,,"T8:127_T9:133_T10:138_T33:396_T30:279","S3:21_S9:68_S9:391"
"CYP","DA:1042","EAR_EMTA_SEX_CUR_NB","SEX_T","CUR_TYPE_LCU","1997",922,,,"T8:127_T9:133_T10:138_T33:396_T30:279","S3:21_S9:68_S9:391"
"CYP","DA:1042","EAR_EMTA_SEX_CUR_NB","SEX_T","CUR_TYPE_PPP","1997",2107.597,,,"T8:127_T9:133_T10:138_T33:396_T30:279","S3:21_S9:68_S9:391"
"CYP","DA:1042","EAR_EMTA_SEX_CUR_NB","SEX_T","CUR_TYPE_USD","1997",1794.133,,,"T8:127_T9:133_T10:138_T33:396_T30:279","S3:21_S9:68_S9:391"
"CYP","DA:1042","EAR_EMTA_SEX_CUR_NB","SEX_T","CUR_TYPE_LCU","1996",870,,,"T8:127_T9:133_T10:138_T33:396_T30:279","S3:21_S9:68_S9:391"
"CYP","DA:1042","EAR_EMTA_SEX_CUR_NB","SEX_T","CUR_TYPE_PPP","1996",1955.218,,,"T8:127_T9:133_T10:138_T33:396_T30:279","S3:21_S9:68_S9:391"
"CYP","DA:1042","EAR_EMTA_SEX_CUR_NB","SEX_T","CUR_TYPE_USD","1996",1865.707,,,"T8:127_T9:133_T10:138_T33:396_T30:279","S3:21_S9:68_S9:391"
"CYP","DA:1042","EAR_EMTA_SEX_CUR_NB","SEX_T","CUR_TYPE_LCU","1995",829,,,"T8:127_T9:133_T10:138_T33:396_T30:279","S3:21_S9:68_S9:391"
"CYP","DA:1042","EAR_EMTA_SEX_CUR_NB","SEX_T","CUR_TYPE_PPP","1995",1875.498,,,"T8:127_T9:133_T10:138_T33:396_T30:279","S3:21_S9:68_S9:391"
"CYP","DA:1042","EAR_EMTA_SEX_CUR_NB","SEX_T","CUR_TYPE_USD","1995",1832.368,,,"T8:127_T9:133_T10:138_T33:396_T30:279","S3:21_S9:68_S9:391"
"CYP","DA:1042","EAR_EMTA_SEX_CUR_NB","SEX_T","CUR_TYPE_LCU","1994",795,,,"T8:127_T9:133_T10:138_T33:396_T30:279","S3:21_S9:68_S9:391"
"CYP","DA:1042","EAR_EMTA_SEX_CUR_NB","SEX_T","CUR_TYPE_PPP","1994",1814.592,,,"T8:127_T9:133_T10:138_T33:396_T30:279","S3:21_S9:68_S9:391"
"CYP","DA:1042","EAR_EMTA_SEX_CUR_NB","SEX_T","CUR_TYPE_USD","1994",1615.227,,,"T8:127_T9:133_T10:138_T33:396_T30:279","S3:21_S9:68_S9:391"
"CYP","DA:1042","EAR_EMTA_SEX_CUR_NB","SEX_T","CUR_TYPE_LCU","1993",764,,,"T8:127_T9:133_T10:138_T33:396_T30:279","S3:21_S9:68_S9:391"
"CYP","DA:1042","EAR_EMTA_SEX_CUR_NB","SEX_T","CUR_TYPE_PPP","1993",1788.538,,,"T8:127_T9:133_T10:138_T33:396_T30:279","S3:21_S9:68_S9:391"
"CYP","DA:1042","EAR_EMTA_SEX_CUR_NB","SEX_T","CUR_TYPE_USD","1993",1535.971,,,"T8:127_T9:133_T10:138_T33:396_T30:279","S3:21_S9:68_S9:391"
"CYP","DA:1042","EAR_EMTA_SEX_CUR_NB","SEX_T","CUR_TYPE_LCU","1992",687,,,"T8:127_T9:133_T10:138_T33:396_T30:279","S3:21_S9:68_S9:391"
"CYP","DA:1042","EAR_EMTA_SEX_CUR_NB","SEX_T","CUR_TYPE_PPP","1992",1634.919,,,"T8:127_T9:133_T10:138_T33:396_T30:279","S3:21_S9:68_S9:391"
"CYP","DA:1042","EAR_EMTA_SEX_CUR_NB","SEX_T","CUR_TYPE_USD","1992",1528.2,,,"T8:127_T9:133_T10:138_T33:396_T30:279","S3:21_S9:68_S9:391"
"CYP","DA:1042","EAR_EMTA_SEX_CUR_NB","SEX_T","CUR_TYPE_LCU","1991",637,,,"T8:127_T9:133_T10:138_T33:396_T30:279","S3:21_S9:68_S9:391"
"CYP","DA:1042","EAR_EMTA_SEX_CUR_NB","SEX_T","CUR_TYPE_PPP","1991",1589.045,,,"T8:127_T9:133_T10:138_T33:396_T30:279","S3:21_S9:68_S9:391"
"CYP","DA:1042","EAR_EMTA_SEX_CUR_NB","SEX_T","CUR_TYPE_USD","1991",1371.578,,,"T8:127_T9:133_T10:138_T33:396_T30:279","S3:21_S9:68_S9:391"
"CYP","DA:1042","EAR_EMTA_SEX_CUR_NB","SEX_T","CUR_TYPE_LCU","1990",585,,,"T8:127_T9:133_T10:138_T33:396_T30:279","S3:21_S9:68_S9:391"
"CYP","DA:1042","EAR_EMTA_SEX_CUR_NB","SEX_T","CUR_TYPE_PPP","1990",1450.87,,,"T8:127_T9:133_T10:138_T33:396_T30:279","S3:21_S9:68_S9:391"
"CYP","DA:1042","EAR_EMTA_SEX_CUR_NB","SEX_T","CUR_TYPE_USD","1990",1277.07,,,"T8:127_T9:133_T10:138_T33:396_T30:279","S3:21_S9:68_S9:391"
"CYP","DA:1042","EAR_EMTA_SEX_CUR_NB","SEX_T","CUR_TYPE_LCU","1989",543,,,"T8:127_T9:133_T10:138_T33:396_T30:279","S3:21_S9:68_S9:391"
"CYP","DA:1042","EAR_EMTA_SEX_CUR_NB","SEX_T","CUR_TYPE_USD","1989",1097.802,,,"T8:127_T9:133_T10:138_T33:396_T30:279","S3:21_S9:68_S9:391"
"CZE","BB:301","EAR_EMTA_SEX_CUR_NB","SEX_T","CUR_TYPE_LCU","2025",2403.911,,,"T30:387","R1:3513_T2:85"
"CZE","BB:301","EAR_EMTA_SEX_CUR_NB","SEX_T","CUR_TYPE_PPP","2025",4055.251,,,"T30:387","R1:3513_T2:85"
"CZE","BB:301","EAR_EMTA_SEX_CUR_NB","SEX_T","CUR_TYPE_USD","2025",2716.419,,,"T30:387","R1:3513_T2:85"
"CZE","BB:301","EAR_EMTA_SEX_CUR_NB","SEX_T","CUR_TYPE_LCU","2024",2378.254,,,"T30:387","R1:3513_T2:85"
"CZE","BB:301","EAR_EMTA_SEX_CUR_NB","SEX_T","CUR_TYPE_PPP","2024",4171.697,,,"T30:387","R1:3513_T2:85"
"CZE","BB:301","EAR_EMTA_SEX_CUR_NB","SEX_T","CUR_TYPE_USD","2024",2574.222,,,"T30:387","R1:3513_T2:85"
"CZE","BB:301","EAR_EMTA_SEX_CUR_NB","SEX_T","CUR_TYPE_LCU","2023",2193.188,,,"T30:387","R1:3513_T2:85"
"CZE","BB:301","EAR_EMTA_SEX_CUR_NB","SEX_T","CUR_TYPE_PPP","2023",3710.578,,,"T30:387","R1:3513_T2:85"
"CZE","BB:301","EAR_EMTA_SEX_CUR_NB","SEX_T","CUR_TYPE_USD","2023",2371.494,,,"T30:387","R1:3513_T2:85"
"CZE","BB:301","EAR_EMTA_SEX_CUR_NB","SEX_T","CUR_TYPE_LCU","2022",1970.678,,,"T30:387","R1:3513_T2:85"
"CZE","BB:301","EAR_EMTA_SEX_CUR_NB","SEX_T","CUR_TYPE_PPP","2022",3318.547,,,"T30:387","R1:3513_T2:85"
"CZE","BB:301","EAR_EMTA_SEX_CUR_NB","SEX_T","CUR_TYPE_USD","2022",2075.124,,,"T30:387","R1:3513_T2:85"
"CZE","BB:301","EAR_EMTA_SEX_CUR_NB","SEX_T","CUR_TYPE_LCU","2021",1838.401,,,"T30:387","R1:3513_T2:85"
"CZE","BB:301","EAR_EMTA_SEX_CUR_NB","SEX_T","CUR_TYPE_PPP","2021",3184.299,,,"T30:387","R1:3513_T2:85"
"CZE","BB:301","EAR_EMTA_SEX_CUR_NB","SEX_T","CUR_TYPE_USD","2021",2174.277,,,"T30:387","R1:3513_T2:85"
"CZE","BB:301","EAR_EMTA_SEX_CUR_NB","SEX_T","CUR_TYPE_LCU","2020",1815.723,,,"T30:387","R1:3513_T2:85"
"CZE","BB:301","EAR_EMTA_SEX_CUR_NB","SEX_T","CUR_TYPE_PPP","2020",3396.715,,,"T30:387","R1:3513_T2:85"
"CZE","BB:301","EAR_EMTA_SEX_CUR_NB","SEX_T","CUR_TYPE_USD","2020",2073.919,,,"T30:387","R1:3513_T2:85"
"CZE","BB:301","EAR_EMTA_SEX_CUR_NB","SEX_T","CUR_TYPE_LCU","2019",1664.638,,,"T30:387","R1:3513_T2:85"
"CZE","BB:301","EAR_EMTA_SEX_CUR_NB","SEX_T","CUR_TYPE_PPP","2019",3115.226,,,"T30:387","R1:3513_T2:85"
"CZE","BB:301","EAR_EMTA_SEX_CUR_NB","SEX_T","CUR_TYPE_USD","2019",1863.562,,,"T30:387","R1:3513_T2:85"
"CZE","BB:301","EAR_EMTA_SEX_CUR_NB","SEX_T","CUR_TYPE_LCU","2018",1477.487,,,"T30:387","R1:3513_T2:85"
"CZE","BB:301","EAR_EMTA_SEX_CUR_NB","SEX_T","CUR_TYPE_PPP","2018",2707.334,,,"T30:387","R1:3513_T2:85"
"CZE","BB:301","EAR_EMTA_SEX_CUR_NB","SEX_T","CUR_TYPE_USD","2018",1744.912,,,"T30:387","R1:3513_T2:85"
"CZE","BB:301","EAR_EMTA_SEX_CUR_NB","SEX_T","CUR_TYPE_LCU","2017",1339.2,,,"T30:387","R1:3513_T2:85"
"CZE","BB:301","EAR_EMTA_SEX_CUR_NB","SEX_T","CUR_TYPE_PPP","2017",2539.67,,,"T30:387","R1:3513_T2:85"
"CZE","BB:301","EAR_EMTA_SEX_CUR_NB","SEX_T","CUR_TYPE_USD","2017",1512.895,,,"T30:387","R1:3513_T2:85"
"CZE","BB:301","EAR_EMTA_SEX_CUR_NB","SEX_T","CUR_TYPE_LCU","2016",1270.884,,,"T30:387","R1:3513_T2:85"
"CZE","BB:301","EAR_EMTA_SEX_CUR_NB","SEX_T","CUR_TYPE_PPP","2016",2471.805,,,"T30:387","R1:3513_T2:85"
"CZE","BB:301","EAR_EMTA_SEX_CUR_NB","SEX_T","CUR_TYPE_USD","2016",1406.742,,,"T30:387","R1:3513_T2:85"
"CZE","BB:301","EAR_EMTA_SEX_CUR_NB","SEX_T","CUR_TYPE_LCU","2015",1210.369,,,"T30:387","R1:3513_T2:85"
"CZE","BB:301","EAR_EMTA_SEX_CUR_NB","SEX_T","CUR_TYPE_PPP","2015",2328.178,,,"T30:387","R1:3513_T2:85"
"CZE","BB:301","EAR_EMTA_SEX_CUR_NB","SEX_T","CUR_TYPE_USD","2015",1342.904,,,"T30:387","R1:3513_T2:85"
"CZE","BB:301","EAR_EMTA_SEX_CUR_NB","SEX_T","CUR_TYPE_LCU","2014",1230.416,,,"T30:387","R1:3513_T2:85"
"CZE","BB:301","EAR_EMTA_SEX_CUR_NB","SEX_T","CUR_TYPE_PPP","2014",2436.048,,,"T30:387","R1:3513_T2:85"
"CZE","BB:301","EAR_EMTA_SEX_CUR_NB","SEX_T","CUR_TYPE_USD","2014",1634.608,,,"T30:387","R1:3513_T2:85"
"CZE","BB:301","EAR_EMTA_SEX_CUR_NB","SEX_T","CUR_TYPE_LCU","2013",1247.865,,,"T30:387","R1:3513_T2:85"
"CZE","BB:301","EAR_EMTA_SEX_CUR_NB","SEX_T","CUR_TYPE_PPP","2013",2284.098,,,"T30:387","R1:3513_T2:85"
"CZE","BB:301","EAR_EMTA_SEX_CUR_NB","SEX_T","CUR_TYPE_USD","2013",1657.29,,,"T30:387","R1:3513_T2:85"
"CZE","BB:301","EAR_EMTA_SEX_CUR_NB","SEX_T","CUR_TYPE_LCU","2012",1277.034,,,"T30:387","R1:3513_T2:85"
"CZE","BB:301","EAR_EMTA_SEX_CUR_NB","SEX_T","CUR_TYPE_PPP","2012",2192.303,,,"T30:387","R1:3513_T2:85"
"CZE","BB:301","EAR_EMTA_SEX_CUR_NB","SEX_T","CUR_TYPE_USD","2012",1640.733,,,"T30:387","R1:3513_T2:85"
"CZE","BB:301","EAR_EMTA_SEX_CUR_NB","SEX_T","CUR_TYPE_LCU","2011",1206.371,,,"T30:387","R1:3513_T2:85"
"CZE","BB:301","EAR_EMTA_SEX_CUR_NB","SEX_T","CUR_TYPE_PPP","2011",2036.149,,,"T30:387","R1:3513_T2:85"
"CZE","BB:301","EAR_EMTA_SEX_CUR_NB","SEX_T","CUR_TYPE_USD","2011",1679.268,,,"T30:387","R1:3513_T2:85"
"CZE","BB:301","EAR_EMTA_SEX_CUR_NB","SEX_T","CUR_TYPE_LCU","2010",1113.785,,,"T30:387","R1:3513_T2:85"
"CZE","BB:301","EAR_EMTA_SEX_CUR_NB","SEX_T","CUR_TYPE_PPP","2010",1901.209,,,"T30:387","R1:3513_T2:85"
"CZE","BB:301","EAR_EMTA_SEX_CUR_NB","SEX_T","CUR_TYPE_USD","2010",1476.544,,,"T30:387","R1:3513_T2:85"
"CZE","BB:301","EAR_EMTA_SEX_CUR_NB","SEX_T","CUR_TYPE_LCU","2009",1185.811,,,"T30:387","R1:3513_T2:85"
"CZE","BB:301","EAR_EMTA_SEX_CUR_NB","SEX_T","CUR_TYPE_PPP","2009",2116.555,,,"T30:387","R1:3513_T2:85"
"CZE","BB:301","EAR_EMTA_SEX_CUR_NB","SEX_T","CUR_TYPE_USD","2009",1653.969,,,"T30:387","R1:3513_T2:85"
"CZE","BB:301","EAR_EMTA_SEX_CUR_NB","SEX_T","CUR_TYPE_LCU","2008",999.148,,,"T30:387","R1:3513_T2:85"
"CZE","BB:301","EAR_EMTA_SEX_CUR_NB","SEX_T","CUR_TYPE_PPP","2008",1641.198,,,"T30:387","R1:3513_T2:85"
"CZE","BB:301","EAR_EMTA_SEX_CUR_NB","SEX_T","CUR_TYPE_USD","2008",1469.547,,,"T30:387","R1:3513_T2:85"
"CZE","BB:301","EAR_EMTA_SEX_CUR_NB","SEX_T","CUR_TYPE_LCU","2007",906.835,,,"T30:387","R1:3513_T2:85"
"CZE","BB:301","EAR_EMTA_SEX_CUR_NB","SEX_T","CUR_TYPE_PPP","2007",1637.331,,,"T30:387","R1:3513_T2:85"
"CZE","BB:301","EAR_EMTA_SEX_CUR_NB","SEX_T","CUR_TYPE_USD","2007",1242.817,,,"T30:387","R1:3513_T2:85"
"CZE","BB:301","EAR_EMTA_SEX_CUR_NB","SEX_T","CUR_TYPE_LCU","2006",592.435,,,"T30:387","R1:3513_T2:85"
"CZE","BB:301","EAR_EMTA_SEX_CUR_NB","SEX_T","CUR_TYPE_PPP","2006",1078.64,,,"T30:387","R1:3513_T2:85"
"CZE","BB:301","EAR_EMTA_SEX_CUR_NB","SEX_T","CUR_TYPE_USD","2006",743.862,,,"T30:387","R1:3513_T2:85"
"CZE","BB:301","EAR_EMTA_SEX_CUR_NB","SEX_T","CUR_TYPE_LCU","2005",517.309,,,"T30:387","R1:3513_T2:85"
"CZE","BB:301","EAR_EMTA_SEX_CUR_NB","SEX_T","CUR_TYPE_PPP","2005",999.316,,,"T30:387","R1:3513_T2:85"
"CZE","BB:301","EAR_EMTA_SEX_CUR_NB","SEX_T","CUR_TYPE_USD","2005",643.585,,,"T30:387","R1:3513_T2:85"
"CZE","DA:1050","EAR_EMTA_SEX_CUR_NB","SEX_T","CUR_TYPE_LCU","2004",16930,,,"T8:127_T9:133_T10:138_T33:396_T30:169","S9:66"
"CZE","DA:1050","EAR_EMTA_SEX_CUR_NB","SEX_T","CUR_TYPE_PPP","2004",1094.368,,,"T8:127_T9:133_T10:138_T33:396_T30:169","S9:66"
"CZE","DA:1050","EAR_EMTA_SEX_CUR_NB","SEX_T","CUR_TYPE_USD","2004",658.761,,,"T8:127_T9:133_T10:138_T33:396_T30:169","S9:66"
"CZE","DA:1050","EAR_EMTA_SEX_CUR_NB","SEX_T","CUR_TYPE_LCU","2003",15906,,,"T8:127_T9:133_T10:138_T33:396_T30:169","S9:66"
"CZE","DA:1050","EAR_EMTA_SEX_CUR_NB","SEX_T","CUR_TYPE_PPP","2003",1034.792,,,"T8:127_T9:133_T10:138_T33:396_T30:169","S9:66"
"CZE","DA:1050","EAR_EMTA_SEX_CUR_NB","SEX_T","CUR_TYPE_USD","2003",563.863,,,"T8:127_T9:133_T10:138_T33:396_T30:169","S9:66"
"CZE","DA:1050","EAR_EMTA_SEX_CUR_NB","SEX_T","CUR_TYPE_LCU","2002",15000,,,"T8:127_T9:133_T10:138_T33:396_T30:169","S9:66"
"CZE","DA:1050","EAR_EMTA_SEX_CUR_NB","SEX_T","CUR_TYPE_PPP","2002",960.089,,,"T8:127_T9:133_T10:138_T33:396_T30:169","S9:66"
"CZE","DA:1050","EAR_EMTA_SEX_CUR_NB","SEX_T","CUR_TYPE_USD","2002",458.176,,,"T8:127_T9:133_T10:138_T33:396_T30:169","S9:66"
"CZE","DA:1050","EAR_EMTA_SEX_CUR_NB","SEX_T","CUR_TYPE_LCU","2001",13914,,,"T8:127_T9:133_T10:138_T33:396_T30:169","S9:66"
"CZE","DA:1050","EAR_EMTA_SEX_CUR_NB","SEX_T","CUR_TYPE_PPP","2001",917.874,,,"T8:127_T9:133_T10:138_T33:396_T30:169","S9:66"
"CZE","DA:1050","EAR_EMTA_SEX_CUR_NB","SEX_T","CUR_TYPE_USD","2001",365.818,,,"T8:127_T9:133_T10:138_T33:396_T30:169","S9:66"
"CZE","DA:1050","EAR_EMTA_SEX_CUR_NB","SEX_T","CUR_TYPE_LCU","2000",12831,,,"T8:127_T9:133_T10:138_T33:396_T30:169","S9:66"
"CZE","DA:1050","EAR_EMTA_SEX_CUR_NB","SEX_T","CUR_TYPE_PPP","2000",831.958,,,"T8:127_T9:133_T10:138_T33:396_T30:169","S9:66"
"CZE","DA:1050","EAR_EMTA_SEX_CUR_NB","SEX_T","CUR_TYPE_USD","2000",332.423,,,"T8:127_T9:133_T10:138_T33:396_T30:169","S9:66"
"CZE","DA:1050","EAR_EMTA_SEX_CUR_NB","SEX_T","CUR_TYPE_LCU","1999",12165,,,"T8:127_T9:133_T10:138_T33:396_T30:169","S9:66"
"CZE","DA:1050","EAR_EMTA_SEX_CUR_NB","SEX_T","CUR_TYPE_PPP","1999",792.316,,,"T8:127_T9:133_T10:138_T33:396_T30:169","S9:66"
"CZE","DA:1050","EAR_EMTA_SEX_CUR_NB","SEX_T","CUR_TYPE_USD","1999",351.902,,,"T8:127_T9:133_T10:138_T33:396_T30:169","S9:66"
"CZE","DA:1050","EAR_EMTA_SEX_CUR_NB","SEX_T","CUR_TYPE_LCU","1998",11371,,,"T8:127_T9:133_T10:138_T33:396_T30:169","S9:66"
"CZE","DA:1050","EAR_EMTA_SEX_CUR_NB","SEX_T","CUR_TYPE_PPP","1998",743.779,,,"T8:127_T9:133_T10:138_T33:396_T30:169","S9:66"
"CZE","DA:1050","EAR_EMTA_SEX_CUR_NB","SEX_T","CUR_TYPE_USD","1998",352.249,,,"T8:127_T9:133_T10:138_T33:396_T30:169","S9:66"
"CZE","DA:1050","EAR_EMTA_SEX_CUR_NB","SEX_T","CUR_TYPE_LCU","1997",10503,,,"T8:127_T9:133_T10:138_T33:396_T30:169","S9:66"
"CZE","DA:1050","EAR_EMTA_SEX_CUR_NB","SEX_T","CUR_TYPE_PPP","1997",734.582,,,"T8:127_T9:133_T10:138_T33:396_T30:169","S9:66"
"CZE","DA:1050","EAR_EMTA_SEX_CUR_NB","SEX_T","CUR_TYPE_USD","1997",331.342,,,"T8:127_T9:133_T10:138_T33:396_T30:169","S9:66"
"CZE","DA:1050","EAR_EMTA_SEX_CUR_NB","SEX_T","CUR_TYPE_LCU","1996",9473,,,"T8:127_T9:133_T10:138_T33:396_T30:169","S9:66"
"CZE","DA:1050","EAR_EMTA_SEX_CUR_NB","SEX_T","CUR_TYPE_PPP","1996",20.543,,,"T8:127_T9:133_T10:138_T33:396_T30:169","S9:66"
"CZE","DA:1050","EAR_EMTA_SEX_CUR_NB","SEX_T","CUR_TYPE_USD","1996",348.979,,,"T8:127_T9:133_T10:138_T33:396_T30:169","S9:66"
"CZE","DA:293","EAR_EMTA_SEX_CUR_NB","SEX_T","CUR_TYPE_LCU","1995",8172,,,"T34:2127_T30:169",
"CZE","DA:293","EAR_EMTA_SEX_CUR_NB","SEX_T","CUR_TYPE_PPP","1995",645.673,,,"T34:2127_T30:169",
"CZE","DA:293","EAR_EMTA_SEX_CUR_NB","SEX_T","CUR_TYPE_USD","1995",307.905,,,"T34:2127_T30:169",
"CZE","DA:293","EAR_EMTA_SEX_CUR_NB","SEX_T","CUR_TYPE_LCU","1994",6896,,,"T34:2127_T30:169",
"CZE","DA:293","EAR_EMTA_SEX_CUR_NB","SEX_T","CUR_TYPE_PPP","1994",17.075,,,"T34:2127_T30:169",
"CZE","DA:293","EAR_EMTA_SEX_CUR_NB","SEX_T","CUR_TYPE_USD","1994",239.568,,,"T34:2127_T30:169",
"CZE","DA:293","EAR_EMTA_SEX_CUR_NB","SEX_T","CUR_TYPE_LCU","1993",5840,,,"T34:2127_T30:169",
"CZE","DA:293","EAR_EMTA_SEX_CUR_NB","SEX_T","CUR_TYPE_PPP","1993",530.748,,,"T34:2127_T30:169",
"CZE","DA:293","EAR_EMTA_SEX_CUR_NB","SEX_T","CUR_TYPE_USD","1993",200.324,,,"T34:2127_T30:169",
"CZE","DA:293","EAR_EMTA_SEX_CUR_NB","SEX_T","CUR_TYPE_LCU","1992",4644,,,"T34:2127_T30:169",
"DEU","BB:5863","EAR_EMTA_SEX_CUR_NB","SEX_T","CUR_TYPE_LCU","2022",4412.67,,,"T30:176","R1:3513_T2:85"
"DEU","BB:5863","EAR_EMTA_SEX_CUR_NB","SEX_T","CUR_TYPE_PPP","2022",6134.911,,,"T30:176","R1:3513_T2:85"
"DEU","BB:5863","EAR_EMTA_SEX_CUR_NB","SEX_T","CUR_TYPE_USD","2022",4646.541,,,"T30:176","R1:3513_T2:85"
"DEU","BB:5863","EAR_EMTA_SEX_CUR_NB","SEX_T","CUR_TYPE_LCU","2021",4328.863,,,"T30:176","R1:3513_T2:85"
"DEU","BB:5863","EAR_EMTA_SEX_CUR_NB","SEX_T","CUR_TYPE_PPP","2021",5828.847,,,"T30:176","R1:3513_T2:85"
"DEU","BB:5863","EAR_EMTA_SEX_CUR_NB","SEX_T","CUR_TYPE_USD","2021",5119.746,,,"T30:176","R1:3513_T2:85"
"DEU","BB:5863","EAR_EMTA_SEX_CUR_NB","SEX_T","CUR_TYPE_LCU","2020",4526.288,,,"T30:176","R1:3513_T2:85"
"DEU","BB:5863","EAR_EMTA_SEX_CUR_NB","SEX_T","CUR_TYPE_PPP","2020",6032.461,,,"T30:176","R1:3513_T2:85"
"DEU","BB:5863","EAR_EMTA_SEX_CUR_NB","SEX_T","CUR_TYPE_USD","2020",5169.927,,,"T30:176","R1:3513_T2:85"
"DEU","BB:5863","EAR_EMTA_SEX_CUR_NB","SEX_T","CUR_TYPE_LCU","2019",3074.658,,,"T30:176","R1:3513_T2:85"
"DEU","BB:5863","EAR_EMTA_SEX_CUR_NB","SEX_T","CUR_TYPE_PPP","2019",4035.535,,,"T30:176","R1:3513_T2:85"
"DEU","BB:5863","EAR_EMTA_SEX_CUR_NB","SEX_T","CUR_TYPE_USD","2019",3442.079,,,"T30:176","R1:3513_T2:85"
"DEU","BB:5863","EAR_EMTA_SEX_CUR_NB","SEX_T","CUR_TYPE_LCU","2018",2941.702,,,"T30:176","R1:3513_T2:85"
"DEU","BB:5863","EAR_EMTA_SEX_CUR_NB","SEX_T","CUR_TYPE_PPP","2018",3768.336,,,"T30:176","R1:3513_T2:85"
"DEU","BB:5863","EAR_EMTA_SEX_CUR_NB","SEX_T","CUR_TYPE_USD","2018",3474.15,,,"T30:176","R1:3513_T2:85"
"DEU","BB:5863","EAR_EMTA_SEX_CUR_NB","SEX_T","CUR_TYPE_LCU","2017",2850.34,,,"T30:176","R1:3513_T2:85"
"DEU","BB:5863","EAR_EMTA_SEX_CUR_NB","SEX_T","CUR_TYPE_PPP","2017",3566.589,,,"T30:176","R1:3513_T2:85"
"DEU","BB:5863","EAR_EMTA_SEX_CUR_NB","SEX_T","CUR_TYPE_USD","2017",3220.028,,,"T30:176","R1:3513_T2:85"
"DEU","BB:5863","EAR_EMTA_SEX_CUR_NB","SEX_T","CUR_TYPE_LCU","2016",2809.846,,,"T30:176","R1:3513_T2:85"
"DEU","BB:5863","EAR_EMTA_SEX_CUR_NB","SEX_T","CUR_TYPE_PPP","2016",3481.898,,,"T30:176","R1:3513_T2:85"
"DEU","BB:5863","EAR_EMTA_SEX_CUR_NB","SEX_T","CUR_TYPE_USD","2016",3110.219,,,"T30:176","R1:3513_T2:85"
"DEU","BB:5863","EAR_EMTA_SEX_CUR_NB","SEX_T","CUR_TYPE_LCU","2015",2778.176,,,"T30:176","R1:3513_T2:85"
"DEU","BB:5863","EAR_EMTA_SEX_CUR_NB","SEX_T","CUR_TYPE_PPP","2015",3335.494,,,"T30:176","R1:3513_T2:85"
"DEU","BB:5863","EAR_EMTA_SEX_CUR_NB","SEX_T","CUR_TYPE_USD","2015",3082.386,,,"T30:176","R1:3513_T2:85"
"DEU","BB:5863","EAR_EMTA_SEX_CUR_NB","SEX_T","CUR_TYPE_LCU","2014",2675.679,,,"T30:176","R1:3513_T2:85"
"DEU","BB:5863","EAR_EMTA_SEX_CUR_NB","SEX_T","CUR_TYPE_PPP","2014",3264.623,,,"T30:176","R1:3513_T2:85"
"DEU","BB:5863","EAR_EMTA_SEX_CUR_NB","SEX_T","CUR_TYPE_USD","2014",3554.639,,,"T30:176","R1:3513_T2:85"
"DEU","BB:5863","EAR_EMTA_SEX_CUR_NB","SEX_T","CUR_TYPE_LCU","2013",2633.832,,,"T30:176","R1:3513_T2:85"
"DEU","BB:5863","EAR_EMTA_SEX_CUR_NB","SEX_T","CUR_TYPE_PPP","2013",3185.261,,,"T30:176","R1:3513_T2:85"
"DEU","BB:5863","EAR_EMTA_SEX_CUR_NB","SEX_T","CUR_TYPE_USD","2013",3497.992,,,"T30:176","R1:3513_T2:85"
"DEU","BB:5863","EAR_EMTA_SEX_CUR_NB","SEX_T","CUR_TYPE_LCU","2012",2557.461,,,"T30:176","R1:3513_T2:85"
"DEU","BB:5863","EAR_EMTA_SEX_CUR_NB","SEX_T","CUR_TYPE_PPP","2012",3077.812,,,"T30:176","R1:3513_T2:85"
"DEU","BB:5863","EAR_EMTA_SEX_CUR_NB","SEX_T","CUR_TYPE_USD","2012",3285.826,,,"T30:176","R1:3513_T2:85"
"DEU","BB:5863","EAR_EMTA_SEX_CUR_NB","SEX_T","CUR_TYPE_LCU","2011",2486.438,,,"T30:176","R1:3513_T2:85"
"DEU","BB:5863","EAR_EMTA_SEX_CUR_NB","SEX_T","CUR_TYPE_PPP","2011",2993.559,,,"T30:176","R1:3513_T2:85"
"DEU","BB:5863","EAR_EMTA_SEX_CUR_NB","SEX_T","CUR_TYPE_USD","2011",3461.122,,,"T30:176","R1:3513_T2:85"
"DEU","BB:5863","EAR_EMTA_SEX_CUR_NB","SEX_T","CUR_TYPE_LCU","2010",2450.176,,,"T30:176","R1:3513_T2:85"
"DEU","BB:5863","EAR_EMTA_SEX_CUR_NB","SEX_T","CUR_TYPE_PPP","2010",2872.833,,,"T30:176","R1:3513_T2:85"
"DEU","BB:5863","EAR_EMTA_SEX_CUR_NB","SEX_T","CUR_TYPE_USD","2010",3248.198,,,"T30:176","R1:3513_T2:85"
"DEU","BB:5863","EAR_EMTA_SEX_CUR_NB","SEX_T","CUR_TYPE_LCU","2009",2466.733,,,"T30:176","R1:3513_T2:85"
"DEU","BB:5863","EAR_EMTA_SEX_CUR_NB","SEX_T","CUR_TYPE_PPP","2009",2854.793,,,"T30:176","R1:3513_T2:85"
"DEU","BB:5863","EAR_EMTA_SEX_CUR_NB","SEX_T","CUR_TYPE_USD","2009",3440.599,,,"T30:176","R1:3513_T2:85"
"DEU","BB:5863","EAR_EMTA_SEX_CUR_NB","SEX_T","CUR_TYPE_LCU","2008",2405.914,,,"T30:176","R1:3513_T2:85"
"DEU","BB:5863","EAR_EMTA_SEX_CUR_NB","SEX_T","CUR_TYPE_PPP","2008",2745.123,,,"T30:176","R1:3513_T2:85"
"DEU","BB:5863","EAR_EMTA_SEX_CUR_NB","SEX_T","CUR_TYPE_USD","2008",3538.618,,,"T30:176","R1:3513_T2:85"
"DEU","BB:5863","EAR_EMTA_SEX_CUR_NB","SEX_T","CUR_TYPE_LCU","2007",2363.375,,,"T30:176","R1:3513_T2:85"
"DEU","BB:5863","EAR_EMTA_SEX_CUR_NB","SEX_T","CUR_TYPE_PPP","2007",2654.073,,,"T30:176","R1:3513_T2:85"
"DEU","BB:5863","EAR_EMTA_SEX_CUR_NB","SEX_T","CUR_TYPE_USD","2007",3239.005,,,"T30:176","R1:3513_T2:85"
"DEU","BB:5863","EAR_EMTA_SEX_CUR_NB","SEX_T","CUR_TYPE_LCU","2006",2084.674,,,"T30:176","R1:3513_T2:85"
"DEU","BB:5863","EAR_EMTA_SEX_CUR_NB","SEX_T","CUR_TYPE_PPP","2006",2321.292,,,"T30:176","R1:3513_T2:85"
"DEU","BB:5863","EAR_EMTA_SEX_CUR_NB","SEX_T","CUR_TYPE_USD","2006",2617.516,,,"T30:176","R1:3513_T2:85"
"DEU","BB:5863","EAR_EMTA_SEX_CUR_NB","SEX_T","CUR_TYPE_LCU","2005",2563.163,,,"T30:176","R1:3513_T2:85"
"DEU","BB:5863","EAR_EMTA_SEX_CUR_NB","SEX_T","CUR_TYPE_PPP","2005",2822.966,,,"T30:176","R1:3513_T2:85"
"DEU","BB:5863","EAR_EMTA_SEX_CUR_NB","SEX_T","CUR_TYPE_USD","2005",3188.831,,,"T30:176","R1:3513_T2:85"
"DEU","DA:3500","EAR_EMTA_SEX_CUR_NB","SEX_T","CUR_TYPE_LCU","2002",2616.02,,,"T30:176","R1:2383_S3:21_S8:2603_S8:3907"
"DEU","DA:3500","EAR_EMTA_SEX_CUR_NB","SEX_T","CUR_TYPE_PPP","2002",2809.436,,,"T30:176","R1:2383_S3:21_S8:2603_S8:3907"
"DEU","DA:3500","EAR_EMTA_SEX_CUR_NB","SEX_T","CUR_TYPE_USD","2002",2473.709,,,"T30:176","R1:2383_S3:21_S8:2603_S8:3907"
"DJI","BX:15732","EAR_EMTA_SEX_CUR_NB","SEX_T","CUR_TYPE_LCU","2017",95504.295,"B",,"T30:14_I11:264","R1:3513"
"DJI","BX:15732","EAR_EMTA_SEX_CUR_NB","SEX_T","CUR_TYPE_PPP","2017",969.763,"B",,"T30:14_I11:264","R1:3513"
"DJI","BX:15732","EAR_EMTA_SEX_CUR_NB","SEX_T","CUR_TYPE_USD","2017",537.383,"B",,"T30:14_I11:264","R1:3513"
"DNK","BB:3070","EAR_EMTA_SEX_CUR_NB","SEX_T","CUR_TYPE_LCU","2025",6187.68,,,"T30:388","R1:3513_T2:85"
"DNK","BB:3070","EAR_EMTA_SEX_CUR_NB","SEX_T","CUR_TYPE_PPP","2025",6689.19,,,"T30:388","R1:3513_T2:85"
"DNK","BB:3070","EAR_EMTA_SEX_CUR_NB","SEX_T","CUR_TYPE_USD","2025",6992.079,,,"T30:388","R1:3513_T2:85"
"DNK","BB:3070","EAR_EMTA_SEX_CUR_NB","SEX_T","CUR_TYPE_LCU","2024",5853.421,,,"T30:388","R1:3513_T2:85"
"DNK","BB:3070","EAR_EMTA_SEX_CUR_NB","SEX_T","CUR_TYPE_PPP","2024",6457.571,,,"T30:388","R1:3513_T2:85"
"DNK","BB:3070","EAR_EMTA_SEX_CUR_NB","SEX_T","CUR_TYPE_USD","2024",6335.743,,,"T30:388","R1:3513_T2:85"
"DNK","BB:3070","EAR_EMTA_SEX_CUR_NB","SEX_T","CUR_TYPE_LCU","2023",5643.147,,,"T30:388","R1:3513_T2:85"
"DNK","BB:3070","EAR_EMTA_SEX_CUR_NB","SEX_T","CUR_TYPE_PPP","2023",6185.205,,,"T30:388","R1:3513_T2:85"
"DNK","BB:3070","EAR_EMTA_SEX_CUR_NB","SEX_T","CUR_TYPE_USD","2023",6101.935,,,"T30:388","R1:3513_T2:85"
"DNK","BB:3070","EAR_EMTA_SEX_CUR_NB","SEX_T","CUR_TYPE_LCU","2022",5591.617,,,"T30:388","R1:3513_T2:85"
"DNK","BB:3070","EAR_EMTA_SEX_CUR_NB","SEX_T","CUR_TYPE_PPP","2022",5768.695,,,"T30:388","R1:3513_T2:85"
"DNK","BB:3070","EAR_EMTA_SEX_CUR_NB","SEX_T","CUR_TYPE_USD","2022",5887.973,,,"T30:388","R1:3513_T2:85"
"DNK","BB:3070","EAR_EMTA_SEX_CUR_NB","SEX_T","CUR_TYPE_LCU","2021",5503.67,,,"T30:388","R1:3513_T2:85"
"DNK","BB:3070","EAR_EMTA_SEX_CUR_NB","SEX_T","CUR_TYPE_PPP","2021",5640.212,,,"T30:388","R1:3513_T2:85"
"DNK","BB:3070","EAR_EMTA_SEX_CUR_NB","SEX_T","CUR_TYPE_USD","2021",6509.19,,,"T30:388","R1:3513_T2:85"
"DNK","BB:3070","EAR_EMTA_SEX_CUR_NB","SEX_T","CUR_TYPE_LCU","2020",5144.75,,,"T30:388","R1:3513_T2:85"
"DNK","BB:3070","EAR_EMTA_SEX_CUR_NB","SEX_T","CUR_TYPE_PPP","2020",5152.6,,,"T30:388","R1:3513_T2:85"
"DNK","BB:3070","EAR_EMTA_SEX_CUR_NB","SEX_T","CUR_TYPE_USD","2020",5876.333,,,"T30:388","R1:3513_T2:85"
"DNK","BB:3070","EAR_EMTA_SEX_CUR_NB","SEX_T","CUR_TYPE_LCU","2019",4703.634,,,"T30:388","R1:3513_T2:85"
"DNK","BB:3070","EAR_EMTA_SEX_CUR_NB","SEX_T","CUR_TYPE_PPP","2019",4607.475,,,"T30:388","R1:3513_T2:85"
"DNK","BB:3070","EAR_EMTA_SEX_CUR_NB","SEX_T","CUR_TYPE_USD","2019",5265.719,,,"T30:388","R1:3513_T2:85"
"DNK","BB:3070","EAR_EMTA_SEX_CUR_NB","SEX_T","CUR_TYPE_LCU","2018",4577.822,,,"T30:388","R1:3513_T2:85"
"DNK","BB:3070","EAR_EMTA_SEX_CUR_NB","SEX_T","CUR_TYPE_PPP","2018",4389.634,,,"T30:388","R1:3513_T2:85"
"DNK","BB:3070","EAR_EMTA_SEX_CUR_NB","SEX_T","CUR_TYPE_USD","2018",5406.408,,,"T30:388","R1:3513_T2:85"
"DNK","BB:3070","EAR_EMTA_SEX_CUR_NB","SEX_T","CUR_TYPE_LCU","2017",4501.776,,,"T30:388","R1:3513_T2:85"
"DNK","BB:3070","EAR_EMTA_SEX_CUR_NB","SEX_T","CUR_TYPE_PPP","2017",4205.354,,,"T30:388","R1:3513_T2:85"
"DNK","BB:3070","EAR_EMTA_SEX_CUR_NB","SEX_T","CUR_TYPE_USD","2017",5085.657,,,"T30:388","R1:3513_T2:85"
"DNK","BB:3070","EAR_EMTA_SEX_CUR_NB","SEX_T","CUR_TYPE_LCU","2016",4431.506,,,"T30:388","R1:3513_T2:85"
"DNK","BB:3070","EAR_EMTA_SEX_CUR_NB","SEX_T","CUR_TYPE_PPP","2016",4027.754,,,"T30:388","R1:3513_T2:85"
"DNK","BB:3070","EAR_EMTA_SEX_CUR_NB","SEX_T","CUR_TYPE_USD","2016",4905.234,,,"T30:388","R1:3513_T2:85"
"DNK","BB:3070","EAR_EMTA_SEX_CUR_NB","SEX_T","CUR_TYPE_LCU","2015",4444.607,,,"T30:388","R1:3513_T2:85"
"DNK","BB:3070","EAR_EMTA_SEX_CUR_NB","SEX_T","CUR_TYPE_PPP","2015",4001.792,,,"T30:388","R1:3513_T2:85"
"DNK","BB:3070","EAR_EMTA_SEX_CUR_NB","SEX_T","CUR_TYPE_USD","2015",4931.292,,,"T30:388","R1:3513_T2:85"
"DNK","BB:3070","EAR_EMTA_SEX_CUR_NB","SEX_T","CUR_TYPE_LCU","2014",4349.565,,,"T30:388","R1:3513_T2:85"
"DNK","BB:3070","EAR_EMTA_SEX_CUR_NB","SEX_T","CUR_TYPE_PPP","2014",3915.687,,,"T30:388","R1:3513_T2:85"
"DNK","BB:3070","EAR_EMTA_SEX_CUR_NB","SEX_T","CUR_TYPE_USD","2014",5778.398,,,"T30:388","R1:3513_T2:85"
"DNK","BB:3070","EAR_EMTA_SEX_CUR_NB","SEX_T","CUR_TYPE_LCU","2013",4228.354,,,"T30:388","R1:3513_T2:85"
"DNK","BB:3070","EAR_EMTA_SEX_CUR_NB","SEX_T","CUR_TYPE_PPP","2013",3817.596,,,"T30:388","R1:3513_T2:85"
"DNK","BB:3070","EAR_EMTA_SEX_CUR_NB","SEX_T","CUR_TYPE_USD","2013",5615.677,,,"T30:388","R1:3513_T2:85"
"DNK","BB:3070","EAR_EMTA_SEX_CUR_NB","SEX_T","CUR_TYPE_LCU","2012",4147.471,,,"T30:388","R1:3513_T2:85"
"DNK","BB:3070","EAR_EMTA_SEX_CUR_NB","SEX_T","CUR_TYPE_PPP","2012",3670.945,,,"T30:388","R1:3513_T2:85"
"DNK","BB:3070","EAR_EMTA_SEX_CUR_NB","SEX_T","CUR_TYPE_USD","2012",5328.671,,,"T30:388","R1:3513_T2:85"
"DNK","BB:3070","EAR_EMTA_SEX_CUR_NB","SEX_T","CUR_TYPE_LCU","2011",4028.668,,,"T30:388","R1:3513_T2:85"
"DNK","BB:3070","EAR_EMTA_SEX_CUR_NB","SEX_T","CUR_TYPE_PPP","2011",3601.206,,,"T30:388","R1:3513_T2:85"
"DNK","BB:3070","EAR_EMTA_SEX_CUR_NB","SEX_T","CUR_TYPE_USD","2011",5607.906,,,"T30:388","R1:3513_T2:85"
"DNK","BB:3070","EAR_EMTA_SEX_CUR_NB","SEX_T","CUR_TYPE_LCU","2010",3878.93,,,"T30:388","R1:3513_T2:85"
"DNK","BB:3070","EAR_EMTA_SEX_CUR_NB","SEX_T","CUR_TYPE_PPP","2010",3447.694,,,"T30:388","R1:3513_T2:85"
"DNK","BB:3070","EAR_EMTA_SEX_CUR_NB","SEX_T","CUR_TYPE_USD","2010",5142.298,,,"T30:388","R1:3513_T2:85"
"DNK","BB:3070","EAR_EMTA_SEX_CUR_NB","SEX_T","CUR_TYPE_LCU","2009",4136.57,,,"T30:388","R1:3513_T2:85"
"DNK","BB:3070","EAR_EMTA_SEX_CUR_NB","SEX_T","CUR_TYPE_PPP","2009",3662.04,,,"T30:388","R1:3513_T2:85"
"DNK","BB:3070","EAR_EMTA_SEX_CUR_NB","SEX_T","CUR_TYPE_USD","2009",5769.687,,,"T30:388","R1:3513_T2:85"
"DNK","BB:3070","EAR_EMTA_SEX_CUR_NB","SEX_T","CUR_TYPE_LCU","2008",3999.197,,,"T30:388","R1:3513_T2:85"
"DNK","BB:3070","EAR_EMTA_SEX_CUR_NB","SEX_T","CUR_TYPE_PPP","2008",3509.084,,,"T30:388","R1:3513_T2:85"
"DNK","BB:3070","EAR_EMTA_SEX_CUR_NB","SEX_T","CUR_TYPE_USD","2008",5882.019,,,"T30:388","R1:3513_T2:85"
"DNK","BB:3070","EAR_EMTA_SEX_CUR_NB","SEX_T","CUR_TYPE_LCU","2007",3837.598,,,"T30:388","R1:3513_T2:85"
"DNK","BB:3070","EAR_EMTA_SEX_CUR_NB","SEX_T","CUR_TYPE_PPP","2007",3306.904,,,"T30:388","R1:3513_T2:85"
"DNK","BB:3070","EAR_EMTA_SEX_CUR_NB","SEX_T","CUR_TYPE_USD","2007",5259.428,,,"T30:388","R1:3513_T2:85"
"DNK","BB:3070","EAR_EMTA_SEX_CUR_NB","SEX_T","CUR_TYPE_LCU","2006",3243.664,,,"T30:388","R1:3513_T2:85"
"DNK","BB:3070","EAR_EMTA_SEX_CUR_NB","SEX_T","CUR_TYPE_PPP","2006",2733.382,,,"T30:388","R1:3513_T2:85"
"DNK","BB:3070","EAR_EMTA_SEX_CUR_NB","SEX_T","CUR_TYPE_USD","2006",4072.744,,,"T30:388","R1:3513_T2:85"
"DNK","BB:3070","EAR_EMTA_SEX_CUR_NB","SEX_T","CUR_TYPE_LCU","2005",3141.032,,,"T30:388","R1:3513_T2:85"
"DNK","BB:3070","EAR_EMTA_SEX_CUR_NB","SEX_T","CUR_TYPE_PPP","2005",2584.858,,,"T30:388","R1:3513_T2:85"
"DNK","BB:3070","EAR_EMTA_SEX_CUR_NB","SEX_T","CUR_TYPE_USD","2005",3907.757,,,"T30:388","R1:3513_T2:85"
"DNK","BB:3070","EAR_EMTA_SEX_CUR_NB","SEX_T","CUR_TYPE_LCU","2004",3081.485,,,"T30:388","R1:3513_T2:85"
"DNK","BB:3070","EAR_EMTA_SEX_CUR_NB","SEX_T","CUR_TYPE_PPP","2004",2556.459,,,"T30:388","R1:3513_T2:85"
"DNK","BB:3070","EAR_EMTA_SEX_CUR_NB","SEX_T","CUR_TYPE_USD","2004",3833.059,,,"T30:388","R1:3513_T2:85"
"DNK","DA:819","EAR_EMTA_SEX_CUR_NB","SEX_T","CUR_TYPE_LCU","2002",3249.98,,,"T30:388","R1:2383_S8:2603_S8:3907_S6:48"
"DNK","DA:819","EAR_EMTA_SEX_CUR_NB","SEX_T","CUR_TYPE_PPP","2002",2671.493,,,"T30:388","R1:2383_S8:2603_S8:3907_S6:48"
"DNK","DA:819","EAR_EMTA_SEX_CUR_NB","SEX_T","CUR_TYPE_USD","2002",3073.181,,,"T30:388","R1:2383_S8:2603_S8:3907_S6:48"
"DNK","DA:1080","EAR_EMTA_SEX_CUR_NB","SEX_T","CUR_TYPE_LCU","1991",16507.295,,"C5:2067_C5:2090","T8:127_T9:133_T10:138_T33:396_T30:170","S3:10_S9:67_S9:391"
"DNK","DA:1080","EAR_EMTA_SEX_CUR_NB","SEX_T","CUR_TYPE_PPP","1991",1784.713,,"C5:2067_C5:2090","T8:127_T9:133_T10:138_T33:396_T30:170","S3:10_S9:67_S9:391"
"DNK","DA:1080","EAR_EMTA_SEX_CUR_NB","SEX_T","CUR_TYPE_USD","1991",2580.693,,"C5:2067_C5:2090","T8:127_T9:133_T10:138_T33:396_T30:170","S3:10_S9:67_S9:391"
"DNK","DA:1080","EAR_EMTA_SEX_CUR_NB","SEX_T","CUR_TYPE_LCU","1990",16312.69,,"C5:2067_C5:2090","T8:127_T9:133_T10:138_T33:396_T30:170","S3:10_S9:67_S9:391"
"DNK","DA:1080","EAR_EMTA_SEX_CUR_NB","SEX_T","CUR_TYPE_PPP","1990",1754.483,,"C5:2067_C5:2090","T8:127_T9:133_T10:138_T33:396_T30:170","S3:10_S9:67_S9:391"
"DNK","DA:1080","EAR_EMTA_SEX_CUR_NB","SEX_T","CUR_TYPE_USD","1990",2635.943,,"C5:2067_C5:2090","T8:127_T9:133_T10:138_T33:396_T30:170","S3:10_S9:67_S9:391"
"DNK","DA:1080","EAR_EMTA_SEX_CUR_NB","SEX_T","CUR_TYPE_LCU","1989",15406.553,,"C5:2067_C5:2090","T8:127_T9:133_T10:138_T33:396_T30:170","S3:10_S9:67_S9:391"
"DNK","DA:1080","EAR_EMTA_SEX_CUR_NB","SEX_T","CUR_TYPE_USD","1989",2107.549,,"C5:2067_C5:2090","T8:127_T9:133_T10:138_T33:396_T30:170","S3:10_S9:67_S9:391"
"DOM","BA:13413","EAR_EMTA_SEX_CUR_NB","SEX_T","CUR_TYPE_LCU","2025",30072.139,,,"T30:76","R1:3513"
"DOM","BA:13413","EAR_EMTA_SEX_CUR_NB","SEX_T","CUR_TYPE_PPP","2025",1263.086,,,"T30:76","R1:3513"
"DOM","BA:13413","EAR_EMTA_SEX_CUR_NB","SEX_T","CUR_TYPE_USD","2025",485.14,,,"T30:76","R1:3513"
"DOM","BA:13413","EAR_EMTA_SEX_CUR_NB","SEX_T","CUR_TYPE_LCU","2024",27621.256,,,"T30:76","R1:3513"
"DOM","BA:13413","EAR_EMTA_SEX_CUR_NB","SEX_T","CUR_TYPE_PPP","2024",1173.417,,,"T30:76","R1:3513"
"DOM","BA:13413","EAR_EMTA_SEX_CUR_NB","SEX_T","CUR_TYPE_USD","2024",463.715,,,"T30:76","R1:3513"
"DOM","BA:13413","EAR_EMTA_SEX_CUR_NB","SEX_T","CUR_TYPE_LCU","2023",25548.746,,,"T30:76","R1:3513"
"DOM","BA:13413","EAR_EMTA_SEX_CUR_NB","SEX_T","CUR_TYPE_PPP","2023",1089.09,,,"T30:76","R1:3513"
"DOM","BA:13413","EAR_EMTA_SEX_CUR_NB","SEX_T","CUR_TYPE_USD","2023",454.947,,,"T30:76","R1:3513"
"DOM","BA:13413","EAR_EMTA_SEX_CUR_NB","SEX_T","CUR_TYPE_LCU","2022",22602.613,,,"T30:76","R1:3513"
"DOM","BA:13413","EAR_EMTA_SEX_CUR_NB","SEX_T","CUR_TYPE_PPP","2022",969.696,,,"T30:76","R1:3513"
"DOM","BA:13413","EAR_EMTA_SEX_CUR_NB","SEX_T","CUR_TYPE_USD","2022",409.906,,,"T30:76","R1:3513"
"DOM","BA:13413","EAR_EMTA_SEX_CUR_NB","SEX_T","CUR_TYPE_LCU","2021",20473.529,,,"T30:76","R1:3513"
"DOM","BA:13413","EAR_EMTA_SEX_CUR_NB","SEX_T","CUR_TYPE_PPP","2021",884.928,,,"T30:76","R1:3513"
"DOM","BA:13413","EAR_EMTA_SEX_CUR_NB","SEX_T","CUR_TYPE_USD","2021",357.797,,,"T30:76","R1:3513"
"DOM","BA:13413","EAR_EMTA_SEX_CUR_NB","SEX_T","CUR_TYPE_LCU","2020",19206.503,"B",,"T30:76_I11:264","R1:3513"
"DOM","BA:13413","EAR_EMTA_SEX_CUR_NB","SEX_T","CUR_TYPE_PPP","2020",837.852,"B",,"T30:76_I11:264","R1:3513"
"DOM","BA:13413","EAR_EMTA_SEX_CUR_NB","SEX_T","CUR_TYPE_USD","2020",339.791,"B",,"T30:76_I11:264","R1:3513"
"DOM","BA:13413","EAR_EMTA_SEX_CUR_NB","SEX_T","CUR_TYPE_LCU","2019",16884.531,,,"T30:76","R1:3513"
"DOM","BA:13413","EAR_EMTA_SEX_CUR_NB","SEX_T","CUR_TYPE_PPP","2019",722.118,,,"T30:76","R1:3513"
"DOM","BA:13413","EAR_EMTA_SEX_CUR_NB","SEX_T","CUR_TYPE_USD","2019",329.166,,,"T30:76","R1:3513"
"DOM","BA:13413","EAR_EMTA_SEX_CUR_NB","SEX_T","CUR_TYPE_LCU","2018",15971.025,,,"T30:76","R1:3513"
"DOM","BA:13413","EAR_EMTA_SEX_CUR_NB","SEX_T","CUR_TYPE_PPP","2018",659.633,,,"T30:76","R1:3513"
"DOM","BA:13413","EAR_EMTA_SEX_CUR_NB","SEX_T","CUR_TYPE_USD","2018",322.582,,,"T30:76","R1:3513"
"DOM","BA:13413","EAR_EMTA_SEX_CUR_NB","SEX_T","CUR_TYPE_LCU","2017",14544.43,,,"T30:76","R1:3513"
"DOM","BA:13413","EAR_EMTA_SEX_CUR_NB","SEX_T","CUR_TYPE_PPP","2017",606.496,,,"T30:76","R1:3513"
"DOM","BA:13413","EAR_EMTA_SEX_CUR_NB","SEX_T","CUR_TYPE_USD","2017",305.977,,,"T30:76","R1:3513"
"DOM","BA:13413","EAR_EMTA_SEX_CUR_NB","SEX_T","CUR_TYPE_LCU","2016",13570.556,,,"T30:76","R1:3513"
"DOM","BA:13413","EAR_EMTA_SEX_CUR_NB","SEX_T","CUR_TYPE_PPP","2016",589.069,,,"T30:76","R1:3513"
"DOM","BA:13413","EAR_EMTA_SEX_CUR_NB","SEX_T","CUR_TYPE_USD","2016",294.599,,,"T30:76","R1:3513"
"DOM","BA:13413","EAR_EMTA_SEX_CUR_NB","SEX_T","CUR_TYPE_LCU","2015",13062.85,"B",,"T30:76_I11:264","R1:3513"
"DOM","BA:13413","EAR_EMTA_SEX_CUR_NB","SEX_T","CUR_TYPE_PPP","2015",573.543,"B",,"T30:76_I11:264","R1:3513"
"DOM","BA:13413","EAR_EMTA_SEX_CUR_NB","SEX_T","CUR_TYPE_USD","2015",289.992,"B",,"T30:76_I11:264","R1:3513"
"DOM","BA:3","EAR_EMTA_SEX_CUR_NB","SEX_T","CUR_TYPE_LCU","2014",13895.798,,,"T30:76","R1:3513"
"DOM","BA:3","EAR_EMTA_SEX_CUR_NB","SEX_T","CUR_TYPE_PPP","2014",617.731,,,"T30:76","R1:3513"
"DOM","BA:3","EAR_EMTA_SEX_CUR_NB","SEX_T","CUR_TYPE_USD","2014",319.079,,,"T30:76","R1:3513"
"DOM","BA:3","EAR_EMTA_SEX_CUR_NB","SEX_T","CUR_TYPE_LCU","2013",13371.922,,,"T30:76","R1:3513"
"DOM","BA:3","EAR_EMTA_SEX_CUR_NB","SEX_T","CUR_TYPE_PPP","2013",610.947,,,"T30:76","R1:3513"
"DOM","BA:3","EAR_EMTA_SEX_CUR_NB","SEX_T","CUR_TYPE_USD","2013",319.944,,,"T30:76","R1:3513"
"DOM","BA:3","EAR_EMTA_SEX_CUR_NB","SEX_T","CUR_TYPE_LCU","2012",13259.004,,,"T30:76","R1:3513"
"DOM","BA:3","EAR_EMTA_SEX_CUR_NB","SEX_T","CUR_TYPE_PPP","2012",643.141,,,"T30:76","R1:3513"
"DOM","BA:3","EAR_EMTA_SEX_CUR_NB","SEX_T","CUR_TYPE_USD","2012",337.205,,,"T30:76","R1:3513"
"DOM","BA:3","EAR_EMTA_SEX_CUR_NB","SEX_T","CUR_TYPE_LCU","2011",12128.816,,,"T30:76","R1:3513"
"DOM","BA:3","EAR_EMTA_SEX_CUR_NB","SEX_T","CUR_TYPE_PPP","2011",584.1,,,"T30:76","R1:3513"
"DOM","BA:3","EAR_EMTA_SEX_CUR_NB","SEX_T","CUR_TYPE_USD","2011",318.445,,,"T30:76","R1:3513"
"DOM","BA:3","EAR_EMTA_SEX_CUR_NB","SEX_T","CUR_TYPE_LCU","2010",11326.755,,,"T30:76","R1:3513"
"DOM","BA:3","EAR_EMTA_SEX_CUR_NB","SEX_T","CUR_TYPE_PPP","2010",559.434,,,"T30:76","R1:3513"
"DOM","BA:3","EAR_EMTA_SEX_CUR_NB","SEX_T","CUR_TYPE_USD","2010",307.614,,,"T30:76","R1:3513"
"DOM","BA:3","EAR_EMTA_SEX_CUR_NB","SEX_T","CUR_TYPE_LCU","2009",11038.588,,,"T30:76","R1:3513"
"DOM","BA:3","EAR_EMTA_SEX_CUR_NB","SEX_T","CUR_TYPE_PPP","2009",570.358,,,"T30:76","R1:3513"
"DOM","BA:3","EAR_EMTA_SEX_CUR_NB","SEX_T","CUR_TYPE_USD","2009",306.867,,,"T30:76","R1:3513"
"DOM","BA:3","EAR_EMTA_SEX_CUR_NB","SEX_T","CUR_TYPE_LCU","2008",10298.722,,,"T30:76","R1:3513"
"DOM","BA:3","EAR_EMTA_SEX_CUR_NB","SEX_T","CUR_TYPE_PPP","2008",541.73,,,"T30:76","R1:3513"
"DOM","BA:3","EAR_EMTA_SEX_CUR_NB","SEX_T","CUR_TYPE_USD","2008",298.26,,,"T30:76","R1:3513"
"DOM","BA:3","EAR_EMTA_SEX_CUR_NB","SEX_T","CUR_TYPE_LCU","2007",9217.967,,,"T30:76","R1:3513"
"DOM","BA:3","EAR_EMTA_SEX_CUR_NB","SEX_T","CUR_TYPE_PPP","2007",516.659,,,"T30:76","R1:3513"
"DOM","BA:3","EAR_EMTA_SEX_CUR_NB","SEX_T","CUR_TYPE_USD","2007",277.885,,,"T30:76","R1:3513"
"DOM","BA:3","EAR_EMTA_SEX_CUR_NB","SEX_T","CUR_TYPE_LCU","2006",8588.013,,,"T30:76","R1:3513"
"DOM","BA:3","EAR_EMTA_SEX_CUR_NB","SEX_T","CUR_TYPE_PPP","2006",496.752,,,"T30:76","R1:3513"
"DOM","BA:3","EAR_EMTA_SEX_CUR_NB","SEX_T","CUR_TYPE_USD","2006",257.898,,,"T30:76","R1:3513"
"DOM","BA:3","EAR_EMTA_SEX_CUR_NB","SEX_T","CUR_TYPE_LCU","2005",7753.122,,,"T30:76","R1:3513"
"DOM","BA:3","EAR_EMTA_SEX_CUR_NB","SEX_T","CUR_TYPE_PPP","2005",467.344,,,"T30:76","R1:3513"
"DOM","BA:3","EAR_EMTA_SEX_CUR_NB","SEX_T","CUR_TYPE_USD","2005",256.024,,,"T30:76","R1:3513"
"DOM","BA:3","EAR_EMTA_SEX_CUR_NB","SEX_T","CUR_TYPE_LCU","2004",6774.098,,,"T30:76","R1:3513"
"DOM","BA:3","EAR_EMTA_SEX_CUR_NB","SEX_T","CUR_TYPE_PPP","2004",411.48,,,"T30:76","R1:3513"
"DOM","BA:3","EAR_EMTA_SEX_CUR_NB","SEX_T","CUR_TYPE_USD","2004",161.556,,,"T30:76","R1:3513"
"DOM","BA:3","EAR_EMTA_SEX_CUR_NB","SEX_T","CUR_TYPE_LCU","2003",5598.878,,,"T30:76","R1:3513"
"DOM","BA:3","EAR_EMTA_SEX_CUR_NB","SEX_T","CUR_TYPE_PPP","2003",501.677,,,"T30:76","R1:3513"
"DOM","BA:3","EAR_EMTA_SEX_CUR_NB","SEX_T","CUR_TYPE_USD","2003",190.633,,,"T30:76","R1:3513"
"DOM","BA:3","EAR_EMTA_SEX_CUR_NB","SEX_T","CUR_TYPE_LCU","2002",5157.613,,,"T30:76","R1:3513"
"DOM","BA:3","EAR_EMTA_SEX_CUR_NB","SEX_T","CUR_TYPE_PPP","2002",575.92,,,"T30:76","R1:3513"
"DOM","BA:3","EAR_EMTA_SEX_CUR_NB","SEX_T","CUR_TYPE_USD","2002",293.162,,,"T30:76","R1:3513"
"DOM","BA:3","EAR_EMTA_SEX_CUR_NB","SEX_T","CUR_TYPE_LCU","2001",5070.581,,,"T30:76","R1:3513"
"DOM","BA:3","EAR_EMTA_SEX_CUR_NB","SEX_T","CUR_TYPE_PPP","2001",586.475,,,"T30:76","R1:3513"
"DOM","BA:3","EAR_EMTA_SEX_CUR_NB","SEX_T","CUR_TYPE_USD","2001",303.792,,,"T30:76","R1:3513"
"DOM","BA:3","EAR_EMTA_SEX_CUR_NB","SEX_T","CUR_TYPE_LCU","2000",4704.57,"B",,"T30:76_I11:264","R1:3513"
"DOM","BA:3","EAR_EMTA_SEX_CUR_NB","SEX_T","CUR_TYPE_PPP","2000",576.194,"B",,"T30:76_I11:264","R1:3513"
"DOM","BA:3","EAR_EMTA_SEX_CUR_NB","SEX_T","CUR_TYPE_USD","2000",290.738,"B",,"T30:76_I11:264","R1:3513"
"DOM","EA:1086","EAR_EMTA_SEX_CUR_NB","SEX_T","CUR_TYPE_LCU","1997",5892.593,,,"T8:127_T9:133_T10:138_T33:396_T30:76",
"DOM","EA:1086","EAR_EMTA_SEX_CUR_NB","SEX_T","CUR_TYPE_PPP","1997",808.866,,,"T8:127_T9:133_T10:138_T33:396_T30:76",
"DOM","EA:1086","EAR_EMTA_SEX_CUR_NB","SEX_T","CUR_TYPE_USD","1997",420.722,,,"T8:127_T9:133_T10:138_T33:396_T30:76",
"DOM","EA:1086","EAR_EMTA_SEX_CUR_NB","SEX_T","CUR_TYPE_LCU","1996",5472.713,,,"T8:127_T9:133_T10:138_T33:396_T30:76",
"DOM","EA:1086","EAR_EMTA_SEX_CUR_NB","SEX_T","CUR_TYPE_PPP","1996",794.973,,,"T8:127_T9:133_T10:138_T33:396_T30:76",
"DOM","EA:1086","EAR_EMTA_SEX_CUR_NB","SEX_T","CUR_TYPE_USD","1996",424.361,,,"T8:127_T9:133_T10:138_T33:396_T30:76",
"ECU","BA:19","EAR_EMTA_SEX_CUR_NB","SEX_T","CUR_TYPE_LCU","2025",538.453,,,"T30:77","R1:3513"
"ECU","BA:19","EAR_EMTA_SEX_CUR_NB","SEX_T","CUR_TYPE_PPP","2025",1219.582,,,"T30:77","R1:3513"
"ECU","BA:19","EAR_EMTA_SEX_CUR_NB","SEX_T","CUR_TYPE_USD","2025",538.453,,,"T30:77","R1:3513"
"ECU","BA:19","EAR_EMTA_SEX_CUR_NB","SEX_T","CUR_TYPE_LCU","2024",525.094,,,"T30:77","R1:3513"
"ECU","BA:19","EAR_EMTA_SEX_CUR_NB","SEX_T","CUR_TYPE_PPP","2024",1166.305,,,"T30:77","R1:3513"
"ECU","BA:19","EAR_EMTA_SEX_CUR_NB","SEX_T","CUR_TYPE_USD","2024",525.094,,,"T30:77","R1:3513"
"ECU","BA:19","EAR_EMTA_SEX_CUR_NB","SEX_T","CUR_TYPE_LCU","2023",509.086,,,"T30:77","R1:3513"
"ECU","BA:19","EAR_EMTA_SEX_CUR_NB","SEX_T","CUR_TYPE_PPP","2023",1115.347,,,"T30:77","R1:3513"
"ECU","BA:19","EAR_EMTA_SEX_CUR_NB","SEX_T","CUR_TYPE_USD","2023",509.086,,,"T30:77","R1:3513"
"ECU","BA:19","EAR_EMTA_SEX_CUR_NB","SEX_T","CUR_TYPE_LCU","2022",499.383,,,"T30:77","R1:3513"
"ECU","BA:19","EAR_EMTA_SEX_CUR_NB","SEX_T","CUR_TYPE_PPP","2022",1074.117,,,"T30:77","R1:3513"
"ECU","BA:19","EAR_EMTA_SEX_CUR_NB","SEX_T","CUR_TYPE_USD","2022",499.383,,,"T30:77","R1:3513"
"ECU","BA:19","EAR_EMTA_SEX_CUR_NB","SEX_T","CUR_TYPE_LCU","2021",482.378,,,"T30:77","R1:3513"
"ECU","BA:19","EAR_EMTA_SEX_CUR_NB","SEX_T","CUR_TYPE_PPP","2021",993.959,,,"T30:77","R1:3513"
"ECU","BA:19","EAR_EMTA_SEX_CUR_NB","SEX_T","CUR_TYPE_USD","2021",482.378,,,"T30:77","R1:3513"
"ECU","BA:19","EAR_EMTA_SEX_CUR_NB","SEX_T","CUR_TYPE_LCU","2020",472.334,"B",,"T30:77_I11:264","R1:3513"
"ECU","BA:19","EAR_EMTA_SEX_CUR_NB","SEX_T","CUR_TYPE_PPP","2020",920.214,"B",,"T30:77_I11:264","R1:3513"
"ECU","BA:19","EAR_EMTA_SEX_CUR_NB","SEX_T","CUR_TYPE_USD","2020",472.334,"B",,"T30:77_I11:264","R1:3513"
"ECU","BA:19","EAR_EMTA_SEX_CUR_NB","SEX_T","CUR_TYPE_LCU","2019",512.064,,,"T30:77","R1:3513"
"ECU","BA:19","EAR_EMTA_SEX_CUR_NB","SEX_T","CUR_TYPE_PPP","2019",954.773,,,"T30:77","R1:3513"
"ECU","BA:19","EAR_EMTA_SEX_CUR_NB","SEX_T","CUR_TYPE_USD","2019",512.064,,,"T30:77","R1:3513"
"ECU","BA:19","EAR_EMTA_SEX_CUR_NB","SEX_T","CUR_TYPE_LCU","2018",514.6,,,"T30:77","R1:3513"
"ECU","BA:19","EAR_EMTA_SEX_CUR_NB","SEX_T","CUR_TYPE_PPP","2018",926.098,,,"T30:77","R1:3513"
"ECU","BA:19","EAR_EMTA_SEX_CUR_NB","SEX_T","CUR_TYPE_USD","2018",514.6,,,"T30:77","R1:3513"
"ECU","BA:19","EAR_EMTA_SEX_CUR_NB","SEX_T","CUR_TYPE_LCU","2017",500.091,,,"T30:77","R1:3513"
"ECU","BA:19","EAR_EMTA_SEX_CUR_NB","SEX_T","CUR_TYPE_PPP","2017",869.35,,,"T30:77","R1:3513"
"ECU","BA:19","EAR_EMTA_SEX_CUR_NB","SEX_T","CUR_TYPE_USD","2017",500.091,,,"T30:77","R1:3513"
"ECU","BA:19","EAR_EMTA_SEX_CUR_NB","SEX_T","CUR_TYPE_LCU","2016",498.023,,,"T30:77","R1:3513"
"ECU","BA:19","EAR_EMTA_SEX_CUR_NB","SEX_T","CUR_TYPE_PPP","2016",860.78,,,"T30:77","R1:3513"
"ECU","BA:19","EAR_EMTA_SEX_CUR_NB","SEX_T","CUR_TYPE_USD","2016",498.023,,,"T30:77","R1:3513"
"ECU","BA:19","EAR_EMTA_SEX_CUR_NB","SEX_T","CUR_TYPE_LCU","2015",498.46,,,"T30:77","R1:3513"
"ECU","BA:19","EAR_EMTA_SEX_CUR_NB","SEX_T","CUR_TYPE_PPP","2015",858.278,,,"T30:77","R1:3513"
"ECU","BA:19","EAR_EMTA_SEX_CUR_NB","SEX_T","CUR_TYPE_USD","2015",498.46,,,"T30:77","R1:3513"
"ECU","BA:19","EAR_EMTA_SEX_CUR_NB","SEX_T","CUR_TYPE_LCU","2014",484.434,,,"T30:77","R1:3513"
"ECU","BA:19","EAR_EMTA_SEX_CUR_NB","SEX_T","CUR_TYPE_PPP","2014",857.805,,,"T30:77","R1:3513"
"ECU","BA:19","EAR_EMTA_SEX_CUR_NB","SEX_T","CUR_TYPE_USD","2014",484.434,,,"T30:77","R1:3513"
"ECU","BA:19","EAR_EMTA_SEX_CUR_NB","SEX_T","CUR_TYPE_LCU","2013",450.818,,,"T30:77","R1:3513"
"ECU","BA:19","EAR_EMTA_SEX_CUR_NB","SEX_T","CUR_TYPE_PPP","2013",812.724,,,"T30:77","R1:3513"
"ECU","BA:19","EAR_EMTA_SEX_CUR_NB","SEX_T","CUR_TYPE_USD","2013",450.818,,,"T30:77","R1:3513"
"ECU","BA:19","EAR_EMTA_SEX_CUR_NB","SEX_T","CUR_TYPE_LCU","2012",408.62,"B",,"T30:77_I11:264","R1:3513"
"ECU","BA:19","EAR_EMTA_SEX_CUR_NB","SEX_T","CUR_TYPE_PPP","2012",754.728,"B",,"T30:77_I11:264","R1:3513"
"ECU","BA:19","EAR_EMTA_SEX_CUR_NB","SEX_T","CUR_TYPE_USD","2012",408.62,"B",,"T30:77_I11:264","R1:3513"
"ECU","BA:19","EAR_EMTA_SEX_CUR_NB","SEX_T","CUR_TYPE_LCU","2011",386.555,,,"T30:77","R1:3513"
"ECU","BA:19","EAR_EMTA_SEX_CUR_NB","SEX_T","CUR_TYPE_PPP","2011",705.707,,,"T30:77","R1:3513"
"ECU","BA:19","EAR_EMTA_SEX_CUR_NB","SEX_T","CUR_TYPE_USD","2011",386.555,,,"T30:77","R1:3513"
"ECU","BA:19","EAR_EMTA_SEX_CUR_NB","SEX_T","CUR_TYPE_LCU","2010",354.506,,,"T30:77","R1:3513"
"ECU","BA:19","EAR_EMTA_SEX_CUR_NB","SEX_T","CUR_TYPE_PPP","2010",655.466,,,"T30:77","R1:3513"
"ECU","BA:19","EAR_EMTA_SEX_CUR_NB","SEX_T","CUR_TYPE_USD","2010",354.506,,,"T30:77","R1:3513"
"ECU","BA:19","EAR_EMTA_SEX_CUR_NB","SEX_T","CUR_TYPE_LCU","2009",317,,,"T30:77","R1:3513"
"ECU","BA:19","EAR_EMTA_SEX_CUR_NB","SEX_T","CUR_TYPE_PPP","2009",597.157,,,"T30:77","R1:3513"
"ECU","BA:19","EAR_EMTA_SEX_CUR_NB","SEX_T","CUR_TYPE_USD","2009",317,,,"T30:77","R1:3513"
"ECU","BA:19","EAR_EMTA_SEX_CUR_NB","SEX_T","CUR_TYPE_LCU","2008",298.705,,,"T30:77","R1:3513"
"ECU","BA:19","EAR_EMTA_SEX_CUR_NB","SEX_T","CUR_TYPE_PPP","2008",593.839,,,"T30:77","R1:3513"
"ECU","BA:19","EAR_EMTA_SEX_CUR_NB","SEX_T","CUR_TYPE_USD","2008",298.705,,,"T30:77","R1:3513"
"ECU","BA:19","EAR_EMTA_SEX_CUR_NB","SEX_T","CUR_TYPE_LCU","2007",280.923,,,"T30:77","R1:3513"
"ECU","BA:19","EAR_EMTA_SEX_CUR_NB","SEX_T","CUR_TYPE_PPP","2007",583.019,,,"T30:77","R1:3513"
"ECU","BA:19","EAR_EMTA_SEX_CUR_NB","SEX_T","CUR_TYPE_USD","2007",280.923,,,"T30:77","R1:3513"
"ECU","BA:19","EAR_EMTA_SEX_CUR_NB","SEX_T","CUR_TYPE_LCU","2006",258.327,"B",,"T30:77_I11:264","R1:3513"
"ECU","BA:19","EAR_EMTA_SEX_CUR_NB","SEX_T","CUR_TYPE_PPP","2006",533.12,"B",,"T30:77_I11:264","R1:3513"
"ECU","BA:19","EAR_EMTA_SEX_CUR_NB","SEX_T","CUR_TYPE_USD","2006",258.327,"B",,"T30:77_I11:264","R1:3513"
"ECU","BA:19","EAR_EMTA_SEX_CUR_NB","SEX_T","CUR_TYPE_LCU","2005",242.427,,,"T30:77","R1:3513"
"ECU","BA:19","EAR_EMTA_SEX_CUR_NB","SEX_T","CUR_TYPE_PPP","2005",500.658,,,"T30:77","R1:3513"
"ECU","BA:19","EAR_EMTA_SEX_CUR_NB","SEX_T","CUR_TYPE_USD","2005",242.427,,,"T30:77","R1:3513"
"ECU","BA:19","EAR_EMTA_SEX_CUR_NB","SEX_T","CUR_TYPE_LCU","2004",229.958,,,"T30:77","R1:3513"
"ECU","BA:19","EAR_EMTA_SEX_CUR_NB","SEX_T","CUR_TYPE_PPP","2004",469.284,,,"T30:77","R1:3513"
"ECU","BA:19","EAR_EMTA_SEX_CUR_NB","SEX_T","CUR_TYPE_USD","2004",229.958,,,"T30:77","R1:3513"
"ECU","BA:19","EAR_EMTA_SEX_CUR_NB","SEX_T","CUR_TYPE_LCU","2003",207.696,,,"T30:77","R1:3513"
"ECU","BA:19","EAR_EMTA_SEX_CUR_NB","SEX_T","CUR_TYPE_PPP","2003",424.126,,,"T30:77","R1:3513"
"ECU","BA:19","EAR_EMTA_SEX_CUR_NB","SEX_T","CUR_TYPE_USD","2003",207.696,,,"T30:77","R1:3513"
"ECU","BA:19","EAR_EMTA_SEX_CUR_NB","SEX_T","CUR_TYPE_LCU","2001",160.006,"B",,"T30:77_I11:264","R1:3513"
"ECU","BA:19","EAR_EMTA_SEX_CUR_NB","SEX_T","CUR_TYPE_PPP","2001",381.811,"B",,"T30:77_I11:264","R1:3513"
"ECU","BA:19","EAR_EMTA_SEX_CUR_NB","SEX_T","CUR_TYPE_USD","2001",160.006,"B",,"T30:77_I11:264","R1:3513"
"EGY","BA:582","EAR_EMTA_SEX_CUR_NB","SEX_T","CUR_TYPE_LCU","2024",4953.561,"B",,"T30:15_I11:264","R1:3513"
"EGY","BA:582","EAR_EMTA_SEX_CUR_NB","SEX_T","CUR_TYPE_PPP","2024",712.555,"B",,"T30:15_I11:264","R1:3513"
"EGY","BA:582","EAR_EMTA_SEX_CUR_NB","SEX_T","CUR_TYPE_USD","2024",109.352,"B",,"T30:15_I11:264","R1:3513"
"EGY","BA:582","EAR_EMTA_SEX_CUR_NB","SEX_T","CUR_TYPE_LCU","2023",3889.176,,,"T30:15","R1:3513"
"EGY","BA:582","EAR_EMTA_SEX_CUR_NB","SEX_T","CUR_TYPE_PPP","2023",697.046,,,"T30:15","R1:3513"
"EGY","BA:582","EAR_EMTA_SEX_CUR_NB","SEX_T","CUR_TYPE_USD","2023",126.988,,,"T30:15","R1:3513"
"EGY","BA:582","EAR_EMTA_SEX_CUR_NB","SEX_T","CUR_TYPE_LCU","2022",3241.331,,,"T30:15","R1:3513"
"EGY","BA:582","EAR_EMTA_SEX_CUR_NB","SEX_T","CUR_TYPE_PPP","2022",747.032,,,"T30:15","R1:3513"
"EGY","BA:582","EAR_EMTA_SEX_CUR_NB","SEX_T","CUR_TYPE_USD","2022",169.168,,,"T30:15","R1:3513"
"EGY","BA:582","EAR_EMTA_SEX_CUR_NB","SEX_T","CUR_TYPE_LCU","2021",2912.839,,,"T30:15","R1:3513"
"EGY","BA:582","EAR_EMTA_SEX_CUR_NB","SEX_T","CUR_TYPE_PPP","2021",707.953,,,"T30:15","R1:3513"
"EGY","BA:582","EAR_EMTA_SEX_CUR_NB","SEX_T","CUR_TYPE_USD","2021",186.189,,,"T30:15","R1:3513"
"EGY","BA:582","EAR_EMTA_SEX_CUR_NB","SEX_T","CUR_TYPE_LCU","2020",2705.454,,,"T30:15","R1:3513"
"EGY","BA:582","EAR_EMTA_SEX_CUR_NB","SEX_T","CUR_TYPE_PPP","2020",664.189,,,"T30:15","R1:3513"
"EGY","BA:582","EAR_EMTA_SEX_CUR_NB","SEX_T","CUR_TYPE_USD","2020",171.675,,,"T30:15","R1:3513"
"EGY","BA:582","EAR_EMTA_SEX_CUR_NB","SEX_T","CUR_TYPE_LCU","2019",2592.565,,,"T30:15","R1:3513"
"EGY","BA:582","EAR_EMTA_SEX_CUR_NB","SEX_T","CUR_TYPE_PPP","2019",651.951,,,"T30:15","R1:3513"
"EGY","BA:582","EAR_EMTA_SEX_CUR_NB","SEX_T","CUR_TYPE_USD","2019",154.59,,,"T30:15","R1:3513"
"EGY","BA:582","EAR_EMTA_SEX_CUR_NB","SEX_T","CUR_TYPE_LCU","2018",2245.307,,,"T30:15","R1:3513"
"EGY","BA:582","EAR_EMTA_SEX_CUR_NB","SEX_T","CUR_TYPE_PPP","2018",612.203,,,"T30:15","R1:3513"
"EGY","BA:582","EAR_EMTA_SEX_CUR_NB","SEX_T","CUR_TYPE_USD","2018",126.373,,,"T30:15","R1:3513"
"EGY","BA:582","EAR_EMTA_SEX_CUR_NB","SEX_T","CUR_TYPE_LCU","2017",2153.413,,,"T30:15","R1:3513"
"EGY","BA:582","EAR_EMTA_SEX_CUR_NB","SEX_T","CUR_TYPE_PPP","2017",629.311,,,"T30:15","R1:3513"
"EGY","BA:582","EAR_EMTA_SEX_CUR_NB","SEX_T","CUR_TYPE_USD","2017",121.097,,,"T30:15","R1:3513"
"EGY","BA:582","EAR_EMTA_SEX_CUR_NB","SEX_T","CUR_TYPE_LCU","2016",1961.061,"B",,"T30:15_I11:264","R1:3513"
"EGY","BA:582","EAR_EMTA_SEX_CUR_NB","SEX_T","CUR_TYPE_PPP","2016",739.303,"B",,"T30:15_I11:264","R1:3513"
"EGY","BA:582","EAR_EMTA_SEX_CUR_NB","SEX_T","CUR_TYPE_USD","2016",195.609,"B",,"T30:15_I11:264","R1:3513"
"EGY","BA:582","EAR_EMTA_SEX_CUR_NB","SEX_T","CUR_TYPE_LCU","2015",1816.641,,,"T30:15","R1:3513"
"EGY","BA:582","EAR_EMTA_SEX_CUR_NB","SEX_T","CUR_TYPE_PPP","2015",774.111,,,"T30:15","R1:3513"
"EGY","BA:582","EAR_EMTA_SEX_CUR_NB","SEX_T","CUR_TYPE_USD","2015",236.196,,,"T30:15","R1:3513"
"EGY","BA:582","EAR_EMTA_SEX_CUR_NB","SEX_T","CUR_TYPE_LCU","2013",1398.949,,,"T30:15","R1:3513"
"EGY","BA:582","EAR_EMTA_SEX_CUR_NB","SEX_T","CUR_TYPE_PPP","2013",729.309,,,"T30:15","R1:3513"
"EGY","BA:582","EAR_EMTA_SEX_CUR_NB","SEX_T","CUR_TYPE_USD","2013",203.622,,,"T30:15","R1:3513"
"EGY","BA:582","EAR_EMTA_SEX_CUR_NB","SEX_T","CUR_TYPE_LCU","2012",1296.577,,,"T30:15","R1:3513"
"EGY","BA:582","EAR_EMTA_SEX_CUR_NB","SEX_T","CUR_TYPE_PPP","2012",750.576,,,"T30:15","R1:3513"
"EGY","BA:582","EAR_EMTA_SEX_CUR_NB","SEX_T","CUR_TYPE_USD","2012",214.096,,,"T30:15","R1:3513"
"EGY","BA:582","EAR_EMTA_SEX_CUR_NB","SEX_T","CUR_TYPE_LCU","2011",953.332,,,"T30:15","R1:3513"
"EGY","BA:582","EAR_EMTA_SEX_CUR_NB","SEX_T","CUR_TYPE_PPP","2011",555.979,,,"T30:15","R1:3513"
"EGY","BA:582","EAR_EMTA_SEX_CUR_NB","SEX_T","CUR_TYPE_USD","2011",160.688,,,"T30:15","R1:3513"
"EGY","BA:582","EAR_EMTA_SEX_CUR_NB","SEX_T","CUR_TYPE_LCU","2010",760.359,,,"T30:15","R1:3513"
"EGY","BA:582","EAR_EMTA_SEX_CUR_NB","SEX_T","CUR_TYPE_PPP","2010",473.133,,,"T30:15","R1:3513"
"EGY","BA:582","EAR_EMTA_SEX_CUR_NB","SEX_T","CUR_TYPE_USD","2010",135.248,,,"T30:15","R1:3513"
"EGY","BA:582","EAR_EMTA_SEX_CUR_NB","SEX_T","CUR_TYPE_LCU","2009",240.272,,,"T30:15","R1:3513"
"EGY","BA:582","EAR_EMTA_SEX_CUR_NB","SEX_T","CUR_TYPE_PPP","2009",163.668,,,"T30:15","R1:3513"
"EGY","BA:582","EAR_EMTA_SEX_CUR_NB","SEX_T","CUR_TYPE_USD","2009",43.335,,,"T30:15","R1:3513"
"EGY","BA:582","EAR_EMTA_SEX_CUR_NB","SEX_T","CUR_TYPE_LCU","2008",71.235,"B",,"T30:15_I11:264","R1:3513"
"EGY","BA:582","EAR_EMTA_SEX_CUR_NB","SEX_T","CUR_TYPE_PPP","2008",54.425,"B",,"T30:15_I11:264","R1:3513"
"EGY","BA:582","EAR_EMTA_SEX_CUR_NB","SEX_T","CUR_TYPE_USD","2008",13.113,"B",,"T30:15_I11:264","R1:3513"
"EGY","CA:1102","EAR_EMTA_SEX_CUR_NB","SEX_T","CUR_TYPE_LCU","2007",1091.16,,,"T8:127_T9:133_T10:138_T33:396_T30:15","S3:21_S9:67_S6:48"
"EGY","CA:1102","EAR_EMTA_SEX_CUR_NB","SEX_T","CUR_TYPE_PPP","2007",949.905,,,"T8:127_T9:133_T10:138_T33:396_T30:15","S3:21_S9:67_S6:48"
"EGY","CA:1102","EAR_EMTA_SEX_CUR_NB","SEX_T","CUR_TYPE_USD","2007",193.625,,,"T8:127_T9:133_T10:138_T33:396_T30:15","S3:21_S9:67_S6:48"
"EGY","CA:1102","EAR_EMTA_SEX_CUR_NB","SEX_T","CUR_TYPE_LCU","2006",991.57,,,"T8:127_T9:133_T10:138_T33:396_T30:15","S3:21_S9:67_S6:48"
"EGY","CA:1102","EAR_EMTA_SEX_CUR_NB","SEX_T","CUR_TYPE_PPP","2006",917.477,,,"T8:127_T9:133_T10:138_T33:396_T30:15","S3:21_S9:67_S6:48"
"EGY","CA:1102","EAR_EMTA_SEX_CUR_NB","SEX_T","CUR_TYPE_USD","2006",172.953,,,"T8:127_T9:133_T10:138_T33:396_T30:15","S3:21_S9:67_S6:48"
"EGY","CA:1102","EAR_EMTA_SEX_CUR_NB","SEX_T","CUR_TYPE_LCU","2005",896.31,,,"T8:127_T9:133_T10:138_T33:396_T30:15","S3:21_S9:67_S6:48"
"EGY","CA:1102","EAR_EMTA_SEX_CUR_NB","SEX_T","CUR_TYPE_PPP","2005",864.835,,,"T8:127_T9:133_T10:138_T33:396_T30:15","S3:21_S9:67_S6:48"
"EGY","CA:1102","EAR_EMTA_SEX_CUR_NB","SEX_T","CUR_TYPE_USD","2005",155.102,,,"T8:127_T9:133_T10:138_T33:396_T30:15","S3:21_S9:67_S6:48"
"EGY","CA:1102","EAR_EMTA_SEX_CUR_NB","SEX_T","CUR_TYPE_LCU","2004",822.7,,,"T8:127_T9:133_T10:138_T33:396_T30:15","S3:21_S9:67_S6:48"
"EGY","CA:1102","EAR_EMTA_SEX_CUR_NB","SEX_T","CUR_TYPE_PPP","2004",805.147,,,"T8:127_T9:133_T10:138_T33:396_T30:15","S3:21_S9:67_S6:48"
"EGY","CA:1102","EAR_EMTA_SEX_CUR_NB","SEX_T","CUR_TYPE_USD","2004",132.774,,,"T8:127_T9:133_T10:138_T33:396_T30:15","S3:21_S9:67_S6:48"
"EGY","CA:1102","EAR_EMTA_SEX_CUR_NB","SEX_T","CUR_TYPE_LCU","2003",753.42,,,"T8:127_T9:133_T10:138_T33:396_T30:15","S3:21_S9:67_S6:48"
"EGY","CA:1102","EAR_EMTA_SEX_CUR_NB","SEX_T","CUR_TYPE_PPP","2003",799.056,,,"T8:127_T9:133_T10:138_T33:396_T30:15","S3:21_S9:67_S6:48"
"EGY","CA:1102","EAR_EMTA_SEX_CUR_NB","SEX_T","CUR_TYPE_USD","2003",128.77,,,"T8:127_T9:133_T10:138_T33:396_T30:15","S3:21_S9:67_S6:48"
"EGY","CA:1102","EAR_EMTA_SEX_CUR_NB","SEX_T","CUR_TYPE_LCU","2002",705.79,,,"T8:127_T9:133_T10:138_T33:396_T30:15","S3:21_S9:67_S6:48"
"EGY","CA:1102","EAR_EMTA_SEX_CUR_NB","SEX_T","CUR_TYPE_PPP","2002",764.919,,,"T8:127_T9:133_T10:138_T33:396_T30:15","S3:21_S9:67_S6:48"
"EGY","CA:1102","EAR_EMTA_SEX_CUR_NB","SEX_T","CUR_TYPE_USD","2002",156.854,,,"T8:127_T9:133_T10:138_T33:396_T30:15","S3:21_S9:67_S6:48"
"EGY","CA:1102","EAR_EMTA_SEX_CUR_NB","SEX_T","CUR_TYPE_LCU","2001",666.82,,,"T8:127_T9:133_T10:138_T33:396_T30:15","S3:21_S9:67_S6:48"
"EGY","CA:1102","EAR_EMTA_SEX_CUR_NB","SEX_T","CUR_TYPE_PPP","2001",730.874,,,"T8:127_T9:133_T10:138_T33:396_T30:15","S3:21_S9:67_S6:48"
"EGY","CA:1102","EAR_EMTA_SEX_CUR_NB","SEX_T","CUR_TYPE_USD","2001",167.838,,,"T8:127_T9:133_T10:138_T33:396_T30:15","S3:21_S9:67_S6:48"
"EGY","CA:1102","EAR_EMTA_SEX_CUR_NB","SEX_T","CUR_TYPE_LCU","2000",701.46,,,"T8:127_T9:133_T10:138_T33:396_T30:15","S3:21_S9:67_S6:48"
"EGY","CA:1102","EAR_EMTA_SEX_CUR_NB","SEX_T","CUR_TYPE_PPP","2000",764.681,,,"T8:127_T9:133_T10:138_T33:396_T30:15","S3:21_S9:67_S6:48"
"EGY","CA:1102","EAR_EMTA_SEX_CUR_NB","SEX_T","CUR_TYPE_USD","2000",202.03,,,"T8:127_T9:133_T10:138_T33:396_T30:15","S3:21_S9:67_S6:48"
"EGY","CA:1102","EAR_EMTA_SEX_CUR_NB","SEX_T","CUR_TYPE_LCU","1999",619.19,,,"T8:127_T9:133_T10:138_T33:396_T30:15","S3:21_S9:67_S6:48"
"EGY","CA:1102","EAR_EMTA_SEX_CUR_NB","SEX_T","CUR_TYPE_PPP","1999",670.471,,,"T8:127_T9:133_T10:138_T33:396_T30:15","S3:21_S9:67_S6:48"
"EGY","CA:1102","EAR_EMTA_SEX_CUR_NB","SEX_T","CUR_TYPE_USD","1999",182.369,,,"T8:127_T9:133_T10:138_T33:396_T30:15","S3:21_S9:67_S6:48"
"EGY","CA:1102","EAR_EMTA_SEX_CUR_NB","SEX_T","CUR_TYPE_LCU","1998",489.29,,,"T8:127_T9:133_T10:138_T33:396_T30:15","S3:21_S9:67_S6:48"
"EGY","CA:1102","EAR_EMTA_SEX_CUR_NB","SEX_T","CUR_TYPE_PPP","1998",534.434,,,"T8:127_T9:133_T10:138_T33:396_T30:15","S3:21_S9:67_S6:48"
"EGY","CA:1102","EAR_EMTA_SEX_CUR_NB","SEX_T","CUR_TYPE_USD","1998",144.418,,,"T8:127_T9:133_T10:138_T33:396_T30:15","S3:21_S9:67_S6:48"
"EGY","CA:1102","EAR_EMTA_SEX_CUR_NB","SEX_T","CUR_TYPE_LCU","1997",463.31,,,"T8:127_T9:133_T10:138_T33:396_T30:15","S3:21_S9:67_S6:48"
"EGY","CA:1102","EAR_EMTA_SEX_CUR_NB","SEX_T","CUR_TYPE_PPP","1997",517.62,,,"T8:127_T9:133_T10:138_T33:396_T30:15","S3:21_S9:67_S6:48"
"EGY","CA:1102","EAR_EMTA_SEX_CUR_NB","SEX_T","CUR_TYPE_USD","1997",136.72,,,"T8:127_T9:133_T10:138_T33:396_T30:15","S3:21_S9:67_S6:48"
"EGY","CA:1102","EAR_EMTA_SEX_CUR_NB","SEX_T","CUR_TYPE_LCU","1996",428.67,,,"T8:127_T9:133_T10:138_T33:396_T30:15","S3:21_S9:67_S6:48"
"EGY","CA:1102","EAR_EMTA_SEX_CUR_NB","SEX_T","CUR_TYPE_PPP","1996",489.626,,,"T8:127_T9:133_T10:138_T33:396_T30:15","S3:21_S9:67_S6:48"
"EGY","CA:1102","EAR_EMTA_SEX_CUR_NB","SEX_T","CUR_TYPE_USD","1996",126.396,,,"T8:127_T9:133_T10:138_T33:396_T30:15","S3:21_S9:67_S6:48"
"EGY","CA:1102","EAR_EMTA_SEX_CUR_NB","SEX_T","CUR_TYPE_LCU","1995",381.04,,"C5:2067","T8:127_T9:133_T10:138_T33:396_T30:15","S3:21_S9:67_S6:48"
"EGY","CA:1102","EAR_EMTA_SEX_CUR_NB","SEX_T","CUR_TYPE_PPP","1995",453.219,,"C5:2067","T8:127_T9:133_T10:138_T33:396_T30:15","S3:21_S9:67_S6:48"
"EGY","CA:1102","EAR_EMTA_SEX_CUR_NB","SEX_T","CUR_TYPE_USD","1995",112.328,,"C5:2067","T8:127_T9:133_T10:138_T33:396_T30:15","S3:21_S9:67_S6:48"
"EGY","CA:1102","EAR_EMTA_SEX_CUR_NB","SEX_T","CUR_TYPE_LCU","1994",355.06,,"C5:2067","T8:127_T9:133_T10:138_T33:396_T30:15","S3:21_S9:67_S6:48"
"EGY","CA:1102","EAR_EMTA_SEX_CUR_NB","SEX_T","CUR_TYPE_PPP","1994",475.461,,"C5:2067","T8:127_T9:133_T10:138_T33:396_T30:15","S3:21_S9:67_S6:48"
"EGY","CA:1102","EAR_EMTA_SEX_CUR_NB","SEX_T","CUR_TYPE_USD","1994",104.888,,"C5:2067","T8:127_T9:133_T10:138_T33:396_T30:15","S3:21_S9:67_S6:48"
"EGY","CA:1102","EAR_EMTA_SEX_CUR_NB","SEX_T","CUR_TYPE_LCU","1993",329.08,,"C5:2067","T8:127_T9:133_T10:138_T33:396_T30:15","S3:21_S9:67_S6:48"
"EGY","CA:1102","EAR_EMTA_SEX_CUR_NB","SEX_T","CUR_TYPE_PPP","1993",464.493,,"C5:2067","T8:127_T9:133_T10:138_T33:396_T30:15","S3:21_S9:67_S6:48"
"EGY","CA:1102","EAR_EMTA_SEX_CUR_NB","SEX_T","CUR_TYPE_USD","1993",98.159,,"C5:2067","T8:127_T9:133_T10:138_T33:396_T30:15","S3:21_S9:67_S6:48"
"EGY","CA:1102","EAR_EMTA_SEX_CUR_NB","SEX_T","CUR_TYPE_LCU","1992",277.12,,"C5:2067","T8:127_T9:133_T10:138_T33:396_T30:15","S3:21_S9:67_S6:48"
"EGY","CA:1102","EAR_EMTA_SEX_CUR_NB","SEX_T","CUR_TYPE_PPP","1992",425.871,,"C5:2067","T8:127_T9:133_T10:138_T33:396_T30:15","S3:21_S9:67_S6:48"
"EGY","CA:1102","EAR_EMTA_SEX_CUR_NB","SEX_T","CUR_TYPE_USD","1992",83.426,,"C5:2067","T8:127_T9:133_T10:138_T33:396_T30:15","S3:21_S9:67_S6:48"
"EGY","CA:1102","EAR_EMTA_SEX_CUR_NB","SEX_T","CUR_TYPE_LCU","1991",255.47,,"C5:2067","T8:127_T9:133_T10:138_T33:396_T30:15","S3:21_S9:67_S6:48"
"EGY","CA:1102","EAR_EMTA_SEX_CUR_NB","SEX_T","CUR_TYPE_PPP","1991",433.025,,"C5:2067","T8:127_T9:133_T10:138_T33:396_T30:15","S3:21_S9:67_S6:48"
"EGY","CA:1102","EAR_EMTA_SEX_CUR_NB","SEX_T","CUR_TYPE_USD","1991",81.412,,"C5:2067","T8:127_T9:133_T10:138_T33:396_T30:15","S3:21_S9:67_S6:48"
"EGY","CA:1102","EAR_EMTA_SEX_CUR_NB","SEX_T","CUR_TYPE_LCU","1990",238.15,,"C5:2067","T8:127_T9:133_T10:138_T33:396_T30:15","S3:21_S9:67_S6:48"
"EGY","CA:1102","EAR_EMTA_SEX_CUR_NB","SEX_T","CUR_TYPE_PPP","1990",463.746,,"C5:2067","T8:127_T9:133_T10:138_T33:396_T30:15","S3:21_S9:67_S6:48"
"EGY","CA:1102","EAR_EMTA_SEX_CUR_NB","SEX_T","CUR_TYPE_USD","1990",153.645,,"C5:2067","T8:127_T9:133_T10:138_T33:396_T30:15","S3:21_S9:67_S6:48"
"EGY","CA:1102","EAR_EMTA_SEX_CUR_NB","SEX_T","CUR_TYPE_LCU","1989",212.17,,"C5:2067","T8:127_T9:133_T10:138_T33:396_T30:15","S3:21_S9:67_S6:48"
"EGY","CA:1102","EAR_EMTA_SEX_CUR_NB","SEX_T","CUR_TYPE_USD","1989",244.811,,"C5:2067","T8:127_T9:133_T10:138_T33:396_T30:15","S3:21_S9:67_S6:48"
"ESP","BB:3071","EAR_EMTA_SEX_CUR_NB","SEX_T","CUR_TYPE_LCU","2025",3162.954,,,"T30:171","R1:3513_T2:85"
"ESP","BB:3071","EAR_EMTA_SEX_CUR_NB","SEX_T","CUR_TYPE_PPP","2025",5203.46,,,"T30:171","R1:3513_T2:85"
"ESP","BB:3071","EAR_EMTA_SEX_CUR_NB","SEX_T","CUR_TYPE_USD","2025",3574.138,,,"T30:171","R1:3513_T2:85"
"ESP","BB:3071","EAR_EMTA_SEX_CUR_NB","SEX_T","CUR_TYPE_LCU","2024",3039.886,,,"T30:171","R1:3513_T2:85"
"ESP","BB:3071","EAR_EMTA_SEX_CUR_NB","SEX_T","CUR_TYPE_PPP","2024",5165.648,,,"T30:171","R1:3513_T2:85"
"ESP","BB:3071","EAR_EMTA_SEX_CUR_NB","SEX_T","CUR_TYPE_USD","2024",3290.372,,,"T30:171","R1:3513_T2:85"
"ESP","BB:3071","EAR_EMTA_SEX_CUR_NB","SEX_T","CUR_TYPE_LCU","2023",2944.256,,,"T30:171","R1:3513_T2:85"
"ESP","BB:3071","EAR_EMTA_SEX_CUR_NB","SEX_T","CUR_TYPE_PPP","2023",5062.922,,,"T30:171","R1:3513_T2:85"
"ESP","BB:3071","EAR_EMTA_SEX_CUR_NB","SEX_T","CUR_TYPE_USD","2023",3183.624,,,"T30:171","R1:3513_T2:85"
"ESP","BB:3071","EAR_EMTA_SEX_CUR_NB","SEX_T","CUR_TYPE_LCU","2022",2708.726,,,"T30:171","R1:3513_T2:85"
"ESP","BB:3071","EAR_EMTA_SEX_CUR_NB","SEX_T","CUR_TYPE_PPP","2022",4351.122,,,"T30:171","R1:3513_T2:85"
"ESP","BB:3071","EAR_EMTA_SEX_CUR_NB","SEX_T","CUR_TYPE_USD","2022",2852.288,,,"T30:171","R1:3513_T2:85"
"ESP","BB:3071","EAR_EMTA_SEX_CUR_NB","SEX_T","CUR_TYPE_LCU","2021",2593.517,,,"T30:171","R1:3513_T2:85"
"ESP","BB:3071","EAR_EMTA_SEX_CUR_NB","SEX_T","CUR_TYPE_PPP","2021",3962.453,,,"T30:171","R1:3513_T2:85"
"ESP","BB:3071","EAR_EMTA_SEX_CUR_NB","SEX_T","CUR_TYPE_USD","2021",3067.352,,,"T30:171","R1:3513_T2:85"
"ESP","BB:3071","EAR_EMTA_SEX_CUR_NB","SEX_T","CUR_TYPE_LCU","2020",2626.703,,,"T30:171","R1:3513_T2:85"
"ESP","BB:3071","EAR_EMTA_SEX_CUR_NB","SEX_T","CUR_TYPE_PPP","2020",3826.18,,,"T30:171","R1:3513_T2:85"
"ESP","BB:3071","EAR_EMTA_SEX_CUR_NB","SEX_T","CUR_TYPE_USD","2020",3000.22,,,"T30:171","R1:3513_T2:85"
"ESP","BB:3071","EAR_EMTA_SEX_CUR_NB","SEX_T","CUR_TYPE_LCU","2019",2435.666,,,"T30:171","R1:3513_T2:85"
"ESP","BB:3071","EAR_EMTA_SEX_CUR_NB","SEX_T","CUR_TYPE_PPP","2019",3566.301,,,"T30:171","R1:3513_T2:85"
"ESP","BB:3071","EAR_EMTA_SEX_CUR_NB","SEX_T","CUR_TYPE_USD","2019",2726.728,,,"T30:171","R1:3513_T2:85"
"ESP","BA:246","EAR_EMTA_SEX_CUR_NB","SEX_T","CUR_TYPE_LCU","2018",1944.42,,,"T8:127_T9:133_T10:138_T11:142_T12:145_T30:171","S8:2566_S9:66"
"ESP","BA:246","EAR_EMTA_SEX_CUR_NB","SEX_T","CUR_TYPE_PPP","2018",2734.072,,,"T8:127_T9:133_T10:138_T11:142_T12:145_T30:171","S8:2566_S9:66"
"ESP","BA:246","EAR_EMTA_SEX_CUR_NB","SEX_T","CUR_TYPE_USD","2018",2296.36,,,"T8:127_T9:133_T10:138_T11:142_T12:145_T30:171","S8:2566_S9:66"
"ESP","BA:246","EAR_EMTA_SEX_CUR_NB","SEX_T","CUR_TYPE_LCU","2017",1888.95,,,"T8:127_T9:133_T10:138_T11:142_T12:145_T30:171","S8:2566_S9:66"
"ESP","BA:246","EAR_EMTA_SEX_CUR_NB","SEX_T","CUR_TYPE_PPP","2017",2658.138,,,"T8:127_T9:133_T10:138_T11:142_T12:145_T30:171","S8:2566_S9:66"
"ESP","BA:246","EAR_EMTA_SEX_CUR_NB","SEX_T","CUR_TYPE_USD","2017",2133.947,,,"T8:127_T9:133_T10:138_T11:142_T12:145_T30:171","S8:2566_S9:66"
"ESP","BA:246","EAR_EMTA_SEX_CUR_NB","SEX_T","CUR_TYPE_LCU","2016",1878.09,,,"T8:127_T9:133_T10:138_T11:142_T12:145_T30:171","S8:2566_S9:66"
"ESP","BA:246","EAR_EMTA_SEX_CUR_NB","SEX_T","CUR_TYPE_PPP","2016",2614.304,,,"T8:127_T9:133_T10:138_T11:142_T12:145_T30:171","S8:2566_S9:66"
"ESP","BA:246","EAR_EMTA_SEX_CUR_NB","SEX_T","CUR_TYPE_USD","2016",2078.858,,,"T8:127_T9:133_T10:138_T11:142_T12:145_T30:171","S8:2566_S9:66"
"ESP","BA:246","EAR_EMTA_SEX_CUR_NB","SEX_T","CUR_TYPE_LCU","2015",1893.7,,,"T8:127_T9:133_T10:138_T11:142_T12:145_T30:171","S8:2566_S9:66"
"ESP","BA:246","EAR_EMTA_SEX_CUR_NB","SEX_T","CUR_TYPE_PPP","2015",2565.374,,,"T8:127_T9:133_T10:138_T11:142_T12:145_T30:171","S8:2566_S9:66"
"ESP","BA:246","EAR_EMTA_SEX_CUR_NB","SEX_T","CUR_TYPE_USD","2015",2101.06,,,"T8:127_T9:133_T10:138_T11:142_T12:145_T30:171","S8:2566_S9:66"
"ESP","BA:246","EAR_EMTA_SEX_CUR_NB","SEX_T","CUR_TYPE_LCU","2014",1881.32,,,"T8:127_T9:133_T10:138_T11:142_T12:145_T30:171","S8:2566_S9:66"
"ESP","BA:246","EAR_EMTA_SEX_CUR_NB","SEX_T","CUR_TYPE_PPP","2014",2527.881,,,"T8:127_T9:133_T10:138_T11:142_T12:145_T30:171","S8:2566_S9:66"
"ESP","BA:246","EAR_EMTA_SEX_CUR_NB","SEX_T","CUR_TYPE_USD","2014",2499.334,,,"T8:127_T9:133_T10:138_T11:142_T12:145_T30:171","S8:2566_S9:66"
"ESP","BA:246","EAR_EMTA_SEX_CUR_NB","SEX_T","CUR_TYPE_LCU","2013",1869.11,,,"T8:127_T9:133_T10:138_T11:142_T12:145_T30:171","S8:2566_S9:66"
"ESP","BA:246","EAR_EMTA_SEX_CUR_NB","SEX_T","CUR_TYPE_PPP","2013",2464.359,,,"T8:127_T9:133_T10:138_T11:142_T12:145_T30:171","S8:2566_S9:66"
"ESP","BA:246","EAR_EMTA_SEX_CUR_NB","SEX_T","CUR_TYPE_USD","2013",2482.365,,,"T8:127_T9:133_T10:138_T11:142_T12:145_T30:171","S8:2566_S9:66"
"ESP","BA:246","EAR_EMTA_SEX_CUR_NB","SEX_T","CUR_TYPE_LCU","2012",1850.26,,,"T8:127_T9:133_T10:138_T11:142_T12:145_T30:171","S8:2566_S9:66"
"ESP","BA:246","EAR_EMTA_SEX_CUR_NB","SEX_T","CUR_TYPE_PPP","2012",2354.56,,,"T8:127_T9:133_T10:138_T11:142_T12:145_T30:171","S8:2566_S9:66"
"ESP","BA:246","EAR_EMTA_SEX_CUR_NB","SEX_T","CUR_TYPE_USD","2012",2377.214,,,"T8:127_T9:133_T10:138_T11:142_T12:145_T30:171","S8:2566_S9:66"
"ESP","BA:246","EAR_EMTA_SEX_CUR_NB","SEX_T","CUR_TYPE_LCU","2011",1841.75,,,"T8:127_T9:133_T10:138_T11:142_T12:145_T30:171","S8:2566_S9:66"
"ESP","BA:246","EAR_EMTA_SEX_CUR_NB","SEX_T","CUR_TYPE_PPP","2011",2326.485,,,"T8:127_T9:133_T10:138_T11:142_T12:145_T30:171","S8:2566_S9:66"
"ESP","BA:246","EAR_EMTA_SEX_CUR_NB","SEX_T","CUR_TYPE_USD","2011",2563.716,,,"T8:127_T9:133_T10:138_T11:142_T12:145_T30:171","S8:2566_S9:66"
"ESP","BA:246","EAR_EMTA_SEX_CUR_NB","SEX_T","CUR_TYPE_LCU","2010",1838.82,,,"T8:127_T9:133_T10:138_T11:142_T12:145_T30:171","S8:2566_S9:66"
"ESP","BA:246","EAR_EMTA_SEX_CUR_NB","SEX_T","CUR_TYPE_PPP","2010",2294.988,,,"T8:127_T9:133_T10:138_T11:142_T12:145_T30:171","S8:2566_S9:66"
"ESP","BA:246","EAR_EMTA_SEX_CUR_NB","SEX_T","CUR_TYPE_USD","2010",2437.724,,,"T8:127_T9:133_T10:138_T11:142_T12:145_T30:171","S8:2566_S9:66"
"ESP","BA:246","EAR_EMTA_SEX_CUR_NB","SEX_T","CUR_TYPE_LCU","2009",1815.18,,,"T8:127_T9:133_T10:138_T11:142_T12:145_T30:171","S8:2566_S9:66"
"ESP","BA:246","EAR_EMTA_SEX_CUR_NB","SEX_T","CUR_TYPE_PPP","2009",2267.674,,,"T8:127_T9:133_T10:138_T11:142_T12:145_T30:171","S8:2566_S9:66"
"ESP","BA:246","EAR_EMTA_SEX_CUR_NB","SEX_T","CUR_TYPE_USD","2009",2531.813,,,"T8:127_T9:133_T10:138_T11:142_T12:145_T30:171","S8:2566_S9:66"
"ESP","BB:3071","EAR_EMTA_SEX_CUR_NB","SEX_T","CUR_TYPE_LCU","2008",2191.667,,,"T30:171","R1:3513_T2:85"
"ESP","BB:3071","EAR_EMTA_SEX_CUR_NB","SEX_T","CUR_TYPE_PPP","2008",2732.19,,,"T30:171","R1:3513_T2:85"
"ESP","BB:3071","EAR_EMTA_SEX_CUR_NB","SEX_T","CUR_TYPE_USD","2008",3223.504,,,"T30:171","R1:3513_T2:85"
"ESP","BB:3071","EAR_EMTA_SEX_CUR_NB","SEX_T","CUR_TYPE_LCU","2007",1975.852,,,"T30:171","R1:3513_T2:85"
"ESP","BB:3071","EAR_EMTA_SEX_CUR_NB","SEX_T","CUR_TYPE_PPP","2007",2444.862,,,"T30:171","R1:3513_T2:85"
"ESP","BB:3071","EAR_EMTA_SEX_CUR_NB","SEX_T","CUR_TYPE_USD","2007",2707.905,,,"T30:171","R1:3513_T2:85"
"ESP","BB:3071","EAR_EMTA_SEX_CUR_NB","SEX_T","CUR_TYPE_LCU","2006",1570.339,,,"T30:171","R1:3513_T2:85"
"ESP","BB:3071","EAR_EMTA_SEX_CUR_NB","SEX_T","CUR_TYPE_PPP","2006",1985.597,,,"T30:171","R1:3513_T2:85"
"ESP","BB:3071","EAR_EMTA_SEX_CUR_NB","SEX_T","CUR_TYPE_USD","2006",1971.717,,,"T30:171","R1:3513_T2:85"
"ESP","DA:1108","EAR_EMTA_SEX_CUR_NB","SEX_T","CUR_TYPE_LCU","1995",193721.761,,"C5:1863_C5:2067","T8:127_T9:133_T10:138_T33:396_T30:284","S9:66"
"ESP","DA:1108","EAR_EMTA_SEX_CUR_NB","SEX_T","CUR_TYPE_LCU","1994",187714.04,,"C5:1863_C5:2067","T8:127_T9:133_T10:138_T33:396_T30:284","S9:66"
"ESP","DA:1108","EAR_EMTA_SEX_CUR_NB","SEX_T","CUR_TYPE_LCU","1993",181495.738,,"C5:1863_C5:2067","T8:127_T9:133_T10:138_T33:396_T30:284","S9:66"
"ESP","DA:1108","EAR_EMTA_SEX_CUR_NB","SEX_T","CUR_TYPE_LCU","1992",166527.978,,"C5:1863_C5:2067","T8:127_T9:133_T10:138_T33:396_T30:284","S9:66"
"ESP","DA:1108","EAR_EMTA_SEX_CUR_NB","SEX_T","CUR_TYPE_LCU","1991",152493.476,,"C5:1863_C5:2067","T8:127_T9:133_T10:138_T33:396_T30:284","S9:66"
"ESP","DA:1108","EAR_EMTA_SEX_CUR_NB","SEX_T","CUR_TYPE_LCU","1990",141852.847,,"C5:1863_C5:2067","T8:127_T9:133_T10:138_T33:396_T30:284","S9:66"
"ESP","DA:1108","EAR_EMTA_SEX_CUR_NB","SEX_T","CUR_TYPE_LCU","1989",129836.159,,"C5:1863_C5:2067","T8:127_T9:133_T10:138_T33:396_T30:284","S9:66"
"EST","BB:44","EAR_EMTA_SEX_CUR_NB","SEX_T","CUR_TYPE_LCU","2025",2847.39,,,"T30:172","R1:3513_T2:85"
"EST","BB:44","EAR_EMTA_SEX_CUR_NB","SEX_T","CUR_TYPE_PPP","2025",4238.821,,,"T30:172","R1:3513_T2:85"
"EST","BB:44","EAR_EMTA_SEX_CUR_NB","SEX_T","CUR_TYPE_USD","2025",3217.551,,,"T30:172","R1:3513_T2:85"
"EST","BB:44","EAR_EMTA_SEX_CUR_NB","SEX_T","CUR_TYPE_LCU","2024",2626.26,,,"T30:172","R1:3513_T2:85"
"EST","BB:44","EAR_EMTA_SEX_CUR_NB","SEX_T","CUR_TYPE_PPP","2024",4064.927,,,"T30:172","R1:3513_T2:85"
"EST","BB:44","EAR_EMTA_SEX_CUR_NB","SEX_T","CUR_TYPE_USD","2024",2842.664,,,"T30:172","R1:3513_T2:85"
"EST","BB:44","EAR_EMTA_SEX_CUR_NB","SEX_T","CUR_TYPE_LCU","2023",2418.598,,,"T30:172","R1:3513_T2:85"
"EST","BB:44","EAR_EMTA_SEX_CUR_NB","SEX_T","CUR_TYPE_PPP","2023",3762.487,,,"T30:172","R1:3513_T2:85"
"EST","BB:44","EAR_EMTA_SEX_CUR_NB","SEX_T","CUR_TYPE_USD","2023",2615.23,,,"T30:172","R1:3513_T2:85"
"EST","BB:44","EAR_EMTA_SEX_CUR_NB","SEX_T","CUR_TYPE_LCU","2022",2132.681,,,"T30:172","R1:3513_T2:85"
"EST","BB:44","EAR_EMTA_SEX_CUR_NB","SEX_T","CUR_TYPE_PPP","2022",3226.939,,,"T30:172","R1:3513_T2:85"
"EST","BB:44","EAR_EMTA_SEX_CUR_NB","SEX_T","CUR_TYPE_USD","2022",2245.713,,,"T30:172","R1:3513_T2:85"
"EST","BB:44","EAR_EMTA_SEX_CUR_NB","SEX_T","CUR_TYPE_LCU","2021",2044.313,,,"T30:172","R1:3513_T2:85"
"EST","BB:44","EAR_EMTA_SEX_CUR_NB","SEX_T","CUR_TYPE_PPP","2021",3240.687,,,"T30:172","R1:3513_T2:85"
"EST","BB:44","EAR_EMTA_SEX_CUR_NB","SEX_T","CUR_TYPE_USD","2021",2417.809,,,"T30:172","R1:3513_T2:85"
"EST","BB:44","EAR_EMTA_SEX_CUR_NB","SEX_T","CUR_TYPE_LCU","2020",1920.384,,,"T30:172","R1:3513_T2:85"
"EST","BB:44","EAR_EMTA_SEX_CUR_NB","SEX_T","CUR_TYPE_PPP","2020",3183.385,,,"T30:172","R1:3513_T2:85"
"EST","BB:44","EAR_EMTA_SEX_CUR_NB","SEX_T","CUR_TYPE_USD","2020",2193.462,,,"T30:172","R1:3513_T2:85"
"EST","BB:44","EAR_EMTA_SEX_CUR_NB","SEX_T","CUR_TYPE_LCU","2019",1693.642,,,"T30:172","R1:3513_T2:85"
"EST","BB:44","EAR_EMTA_SEX_CUR_NB","SEX_T","CUR_TYPE_PPP","2019",2802.994,,,"T30:172","R1:3513_T2:85"
"EST","BB:44","EAR_EMTA_SEX_CUR_NB","SEX_T","CUR_TYPE_USD","2019",1896.032,,,"T30:172","R1:3513_T2:85"
"EST","BB:44","EAR_EMTA_SEX_CUR_NB","SEX_T","CUR_TYPE_LCU","2018",1637.51,,,"T30:172","R1:3513_T2:85"
"EST","BB:44","EAR_EMTA_SEX_CUR_NB","SEX_T","CUR_TYPE_PPP","2018",2673.813,,,"T30:172","R1:3513_T2:85"
"EST","BB:44","EAR_EMTA_SEX_CUR_NB","SEX_T","CUR_TYPE_USD","2018",1933.899,,,"T30:172","R1:3513_T2:85"
"EST","BB:44","EAR_EMTA_SEX_CUR_NB","SEX_T","CUR_TYPE_LCU","2017",1482.831,,,"T30:172","R1:3513_T2:85"
"EST","BB:44","EAR_EMTA_SEX_CUR_NB","SEX_T","CUR_TYPE_PPP","2017",2444.802,,,"T30:172","R1:3513_T2:85"
"EST","BB:44","EAR_EMTA_SEX_CUR_NB","SEX_T","CUR_TYPE_USD","2017",1675.155,,,"T30:172","R1:3513_T2:85"
"EST","BB:44","EAR_EMTA_SEX_CUR_NB","SEX_T","CUR_TYPE_LCU","2016",1471.64,,,"T30:172","R1:3513_T2:85"
"EST","BB:44","EAR_EMTA_SEX_CUR_NB","SEX_T","CUR_TYPE_PPP","2016",2478.915,,,"T30:172","R1:3513_T2:85"
"EST","BB:44","EAR_EMTA_SEX_CUR_NB","SEX_T","CUR_TYPE_USD","2016",1628.959,,,"T30:172","R1:3513_T2:85"
"EST","BB:44","EAR_EMTA_SEX_CUR_NB","SEX_T","CUR_TYPE_LCU","2015",1429.967,,,"T30:172","R1:3513_T2:85"
"EST","BB:44","EAR_EMTA_SEX_CUR_NB","SEX_T","CUR_TYPE_PPP","2015",2370.607,,,"T30:172","R1:3513_T2:85"
"EST","BB:44","EAR_EMTA_SEX_CUR_NB","SEX_T","CUR_TYPE_USD","2015",1586.548,,,"T30:172","R1:3513_T2:85"
"EST","BB:44","EAR_EMTA_SEX_CUR_NB","SEX_T","CUR_TYPE_LCU","2014",1400.517,,,"T30:172","R1:3513_T2:85"
"EST","BB:44","EAR_EMTA_SEX_CUR_NB","SEX_T","CUR_TYPE_PPP","2014",2338.174,,,"T30:172","R1:3513_T2:85"
"EST","BB:44","EAR_EMTA_SEX_CUR_NB","SEX_T","CUR_TYPE_USD","2014",1860.587,,,"T30:172","R1:3513_T2:85"
"EST","BB:44","EAR_EMTA_SEX_CUR_NB","SEX_T","CUR_TYPE_LCU","2013",1218.527,,,"T30:172","R1:3513_T2:85"
"EST","BB:44","EAR_EMTA_SEX_CUR_NB","SEX_T","CUR_TYPE_PPP","2013",2037.092,,,"T30:172","R1:3513_T2:85"
"EST","BB:44","EAR_EMTA_SEX_CUR_NB","SEX_T","CUR_TYPE_USD","2013",1618.326,,,"T30:172","R1:3513_T2:85"
"EST","BB:44","EAR_EMTA_SEX_CUR_NB","SEX_T","CUR_TYPE_LCU","2012",1129.093,,,"T30:172","R1:3513_T2:85"
"EST","BB:44","EAR_EMTA_SEX_CUR_NB","SEX_T","CUR_TYPE_PPP","2012",1887.927,,,"T30:172","R1:3513_T2:85"
"EST","BB:44","EAR_EMTA_SEX_CUR_NB","SEX_T","CUR_TYPE_USD","2012",1450.659,,,"T30:172","R1:3513_T2:85"
"EST","BB:44","EAR_EMTA_SEX_CUR_NB","SEX_T","CUR_TYPE_LCU","2011",1042.875,,,"T30:172","R1:3513_T2:85"
"EST","BB:44","EAR_EMTA_SEX_CUR_NB","SEX_T","CUR_TYPE_PPP","2011",1774.11,,,"T30:172","R1:3513_T2:85"
"EST","BB:44","EAR_EMTA_SEX_CUR_NB","SEX_T","CUR_TYPE_USD","2011",1451.682,,,"T30:172","R1:3513_T2:85"
"EST","BB:44","EAR_EMTA_SEX_CUR_NB","SEX_T","CUR_TYPE_LCU","2010",1040.712,,,"T30:172","R1:3513_T2:85"
"EST","BB:44","EAR_EMTA_SEX_CUR_NB","SEX_T","CUR_TYPE_PPP","2010",1772.882,,,"T30:172","R1:3513_T2:85"
"EST","BB:44","EAR_EMTA_SEX_CUR_NB","SEX_T","CUR_TYPE_USD","2010",1379.672,,,"T30:172","R1:3513_T2:85"
"EST","BB:44","EAR_EMTA_SEX_CUR_NB","SEX_T","CUR_TYPE_LCU","2009",1017.959,,,"T30:172","R1:3513_T2:85"
"EST","BB:44","EAR_EMTA_SEX_CUR_NB","SEX_T","CUR_TYPE_PPP","2009",1700.564,,,"T30:172","R1:3513_T2:85"
"EST","BB:44","EAR_EMTA_SEX_CUR_NB","SEX_T","CUR_TYPE_USD","2009",1419.849,,,"T30:172","R1:3513_T2:85"
"EST","BB:44","EAR_EMTA_SEX_CUR_NB","SEX_T","CUR_TYPE_LCU","2008",948.293,,,"T30:172","R1:3513_T2:85"
"EST","BB:44","EAR_EMTA_SEX_CUR_NB","SEX_T","CUR_TYPE_PPP","2008",1516.985,,,"T30:172","R1:3513_T2:85"
"EST","BB:44","EAR_EMTA_SEX_CUR_NB","SEX_T","CUR_TYPE_USD","2008",1394.749,,,"T30:172","R1:3513_T2:85"
"EST","BB:44","EAR_EMTA_SEX_CUR_NB","SEX_T","CUR_TYPE_LCU","2007",804.916,,,"T30:172","R1:3513_T2:85"
"EST","BB:44","EAR_EMTA_SEX_CUR_NB","SEX_T","CUR_TYPE_PPP","2007",1309.813,,,"T30:172","R1:3513_T2:85"
"EST","BB:44","EAR_EMTA_SEX_CUR_NB","SEX_T","CUR_TYPE_USD","2007",1103.137,,,"T30:172","R1:3513_T2:85"
"EST","BB:44","EAR_EMTA_SEX_CUR_NB","SEX_T","CUR_TYPE_LCU","2006",512.271,,,"T30:172","R1:3513_T2:85"
"EST","BB:44","EAR_EMTA_SEX_CUR_NB","SEX_T","CUR_TYPE_PPP","2006",875.849,,,"T30:172","R1:3513_T2:85"
"EST","BB:44","EAR_EMTA_SEX_CUR_NB","SEX_T","CUR_TYPE_USD","2006",643.208,,,"T30:172","R1:3513_T2:85"
"EST","BB:44","EAR_EMTA_SEX_CUR_NB","SEX_T","CUR_TYPE_LCU","2005",445.478,,,"T30:172","R1:3513_T2:85"
"EST","BB:44","EAR_EMTA_SEX_CUR_NB","SEX_T","CUR_TYPE_PPP","2005",803.959,,,"T30:172","R1:3513_T2:85"
"EST","BB:44","EAR_EMTA_SEX_CUR_NB","SEX_T","CUR_TYPE_USD","2005",554.219,,,"T30:172","R1:3513_T2:85"
"EST","BB:44","EAR_EMTA_SEX_CUR_NB","SEX_T","CUR_TYPE_LCU","2004",414.163,,,"T30:172","R1:3513_T2:85"
"EST","BB:44","EAR_EMTA_SEX_CUR_NB","SEX_T","CUR_TYPE_PPP","2004",768.711,,,"T30:172","R1:3513_T2:85"
"EST","BB:44","EAR_EMTA_SEX_CUR_NB","SEX_T","CUR_TYPE_USD","2004",515.177,,,"T30:172","R1:3513_T2:85"
"EST","DA:1114","EAR_EMTA_SEX_CUR_NB","SEX_T","CUR_TYPE_LCU","2003",6723,,,"T8:127_T9:133_T10:138_T33:396_T30:285","S9:66"
"EST","DA:1114","EAR_EMTA_SEX_CUR_NB","SEX_T","CUR_TYPE_PPP","2003",809.171,,,"T8:127_T9:133_T10:138_T33:396_T30:285","S9:66"
"EST","DA:1114","EAR_EMTA_SEX_CUR_NB","SEX_T","CUR_TYPE_USD","2003",485.191,,,"T8:127_T9:133_T10:138_T33:396_T30:285","S9:66"
"EST","DA:3113","EAR_EMTA_SEX_CUR_NB","SEX_T","CUR_TYPE_LCU","2002",395.33,,,"T30:172","R1:2383_S3:21_S8:2603_S8:3907"
"EST","DA:3113","EAR_EMTA_SEX_CUR_NB","SEX_T","CUR_TYPE_PPP","2002",750.197,,,"T30:172","R1:2383_S3:21_S8:2603_S8:3907"
"EST","DA:3113","EAR_EMTA_SEX_CUR_NB","SEX_T","CUR_TYPE_USD","2002",373.824,,,"T30:172","R1:2383_S3:21_S8:2603_S8:3907"
"EST","DA:1114","EAR_EMTA_SEX_CUR_NB","SEX_T","CUR_TYPE_LCU","2001",5510,,,"T8:127_T9:133_T10:138_T33:396_T30:285","S9:66"
"EST","DA:1114","EAR_EMTA_SEX_CUR_NB","SEX_T","CUR_TYPE_PPP","2001",659.847,,,"T8:127_T9:133_T10:138_T33:396_T30:285","S9:66"
"EST","DA:1114","EAR_EMTA_SEX_CUR_NB","SEX_T","CUR_TYPE_USD","2001",315.252,,,"T8:127_T9:133_T10:138_T33:396_T30:285","S9:66"
"EST","DA:1114","EAR_EMTA_SEX_CUR_NB","SEX_T","CUR_TYPE_LCU","2000",4907,,,"T8:127_T9:133_T10:138_T33:396_T30:285","S9:66"
"EST","DA:1114","EAR_EMTA_SEX_CUR_NB","SEX_T","CUR_TYPE_PPP","2000",614.901,,,"T8:127_T9:133_T10:138_T33:396_T30:285","S9:66"
"EST","DA:1114","EAR_EMTA_SEX_CUR_NB","SEX_T","CUR_TYPE_USD","2000",289.181,,,"T8:127_T9:133_T10:138_T33:396_T30:285","S9:66"
"EST","DA:1114","EAR_EMTA_SEX_CUR_NB","SEX_T","CUR_TYPE_LCU","1999",4440,,,"T8:127_T9:133_T10:138_T33:396_T30:285","S9:66"
"EST","DA:1114","EAR_EMTA_SEX_CUR_NB","SEX_T","CUR_TYPE_PPP","1999",554.972,,,"T8:127_T9:133_T10:138_T33:396_T30:285","S9:66"
"EST","DA:1114","EAR_EMTA_SEX_CUR_NB","SEX_T","CUR_TYPE_USD","1999",302.502,,,"T8:127_T9:133_T10:138_T33:396_T30:285","S9:66"
"EST","DA:1114","EAR_EMTA_SEX_CUR_NB","SEX_T","CUR_TYPE_LCU","1998",4125,,,"T8:127_T9:133_T10:138_T33:396_T30:285","S9:66"
"EST","DA:1114","EAR_EMTA_SEX_CUR_NB","SEX_T","CUR_TYPE_PPP","1998",521.886,,,"T8:127_T9:133_T10:138_T33:396_T30:285","S9:66"
"EST","DA:1114","EAR_EMTA_SEX_CUR_NB","SEX_T","CUR_TYPE_USD","1998",293.08,,,"T8:127_T9:133_T10:138_T33:396_T30:285","S9:66"
"EST","DA:1114","EAR_EMTA_SEX_CUR_NB","SEX_T","CUR_TYPE_LCU","1997",3573,,,"T8:127_T9:133_T10:138_T33:396_T30:285","S9:66"
"EST","DA:1114","EAR_EMTA_SEX_CUR_NB","SEX_T","CUR_TYPE_PPP","1997",478.693,,,"T8:127_T9:133_T10:138_T33:396_T30:285","S9:66"
"EST","DA:1114","EAR_EMTA_SEX_CUR_NB","SEX_T","CUR_TYPE_USD","1997",257.388,,,"T8:127_T9:133_T10:138_T33:396_T30:285","S9:66"
"EST","DA:1114","EAR_EMTA_SEX_CUR_NB","SEX_T","CUR_TYPE_LCU","1996",2985,,,"T8:127_T9:133_T10:138_T33:396_T30:285","S9:66"
"EST","DA:1114","EAR_EMTA_SEX_CUR_NB","SEX_T","CUR_TYPE_PPP","1996",444.623,,,"T8:127_T9:133_T10:138_T33:396_T30:285","S9:66"
"EST","DA:1114","EAR_EMTA_SEX_CUR_NB","SEX_T","CUR_TYPE_USD","1996",247.965,,,"T8:127_T9:133_T10:138_T33:396_T30:285","S9:66"
"EST","DA:1114","EAR_EMTA_SEX_CUR_NB","SEX_T","CUR_TYPE_LCU","1995",2375,,,"T8:127_T9:133_T10:138_T33:396_T30:285","S9:66"
"EST","DA:1114","EAR_EMTA_SEX_CUR_NB","SEX_T","CUR_TYPE_PPP","1995",439.088,,,"T8:127_T9:133_T10:138_T33:396_T30:285","S9:66"
"EST","DA:1114","EAR_EMTA_SEX_CUR_NB","SEX_T","CUR_TYPE_USD","1995",207.157,,,"T8:127_T9:133_T10:138_T33:396_T30:285","S9:66"
"EST","DA:1114","EAR_EMTA_SEX_CUR_NB","SEX_T","CUR_TYPE_LCU","1994",1734,,,"T8:127_T9:133_T10:138_T33:396_T30:285","S9:66"
"EST","DA:1114","EAR_EMTA_SEX_CUR_NB","SEX_T","CUR_TYPE_PPP","1994",379.734,,,"T8:127_T9:133_T10:138_T33:396_T30:285","S9:66"
"EST","DA:1114","EAR_EMTA_SEX_CUR_NB","SEX_T","CUR_TYPE_USD","1994",133.475,,,"T8:127_T9:133_T10:138_T33:396_T30:285","S9:66"
"EST","DA:1114","EAR_EMTA_SEX_CUR_NB","SEX_T","CUR_TYPE_LCU","1993",1066,,,"T30:285",
"EST","DA:1114","EAR_EMTA_SEX_CUR_NB","SEX_T","CUR_TYPE_PPP","1993",335.268,,,"T30:285",
"EST","DA:1114","EAR_EMTA_SEX_CUR_NB","SEX_T","CUR_TYPE_USD","1993",80.619,,,"T30:285",
"EST","DA:1114","EAR_EMTA_SEX_CUR_NB","SEX_T","CUR_TYPE_LCU","1992",549,,,"T8:127_T9:133_T10:138_T33:396_T30:285_I11:268",
"ETH","BA:1126","EAR_EMTA_SEX_CUR_NB","SEX_T","CUR_TYPE_LCU","2021",4195.965,,,"T30:17","R1:3513"
"ETH","BA:1126","EAR_EMTA_SEX_CUR_NB","SEX_T","CUR_TYPE_PPP","2021",312.275,,,"T30:17","R1:3513"
"ETH","BA:1126","EAR_EMTA_SEX_CUR_NB","SEX_T","CUR_TYPE_USD","2021",95.943,,,"T30:17","R1:3513"
"ETH","BA:1126","EAR_EMTA_SEX_CUR_NB","SEX_T","CUR_TYPE_LCU","2013",1345.499,,,"T30:17","R1:3513"
"ETH","BA:1126","EAR_EMTA_SEX_CUR_NB","SEX_T","CUR_TYPE_PPP","2013",187.774,,,"T30:17","R1:3513"
"ETH","BA:1126","EAR_EMTA_SEX_CUR_NB","SEX_T","CUR_TYPE_USD","2013",72.235,,,"T30:17","R1:3513"
"ETH","BA:1126","EAR_EMTA_SEX_CUR_NB","SEX_T","CUR_TYPE_LCU","2005",334.991,,,"T30:17","R1:3513"
"ETH","BA:1126","EAR_EMTA_SEX_CUR_NB","SEX_T","CUR_TYPE_PPP","2005",155.015,,,"T30:17","R1:3513"
"ETH","BA:1126","EAR_EMTA_SEX_CUR_NB","SEX_T","CUR_TYPE_USD","2005",38.654,,,"T30:17","R1:3513"
"FIN","BB:6210","EAR_EMTA_SEX_CUR_NB","SEX_T","CUR_TYPE_LCU","2025",5097.386,,,"T30:174","R1:3513_T2:85"
"FIN","BB:6210","EAR_EMTA_SEX_CUR_NB","SEX_T","CUR_TYPE_PPP","2025",6355.763,,,"T30:174","R1:3513_T2:85"
"FIN","BB:6210","EAR_EMTA_SEX_CUR_NB","SEX_T","CUR_TYPE_USD","2025",5760.046,,,"T30:174","R1:3513_T2:85"
"FIN","BB:6210","EAR_EMTA_SEX_CUR_NB","SEX_T","CUR_TYPE_LCU","2024",4928.678,,,"T30:174","R1:3513_T2:85"
"FIN","BB:6210","EAR_EMTA_SEX_CUR_NB","SEX_T","CUR_TYPE_PPP","2024",6252.794,,,"T30:174","R1:3513_T2:85"
"FIN","BB:6210","EAR_EMTA_SEX_CUR_NB","SEX_T","CUR_TYPE_USD","2024",5334.801,,,"T30:174","R1:3513_T2:85"
"FIN","BB:6210","EAR_EMTA_SEX_CUR_NB","SEX_T","CUR_TYPE_LCU","2023",4759.639,,,"T30:174","R1:3513_T2:85"
"FIN","BB:6210","EAR_EMTA_SEX_CUR_NB","SEX_T","CUR_TYPE_PPP","2023",5969.292,,,"T30:174","R1:3513_T2:85"
"FIN","BB:6210","EAR_EMTA_SEX_CUR_NB","SEX_T","CUR_TYPE_USD","2023",5146.598,,,"T30:174","R1:3513_T2:85"
"FIN","BB:6210","EAR_EMTA_SEX_CUR_NB","SEX_T","CUR_TYPE_LCU","2022",4620.305,,,"T30:174","R1:3513_T2:85"
"FIN","BB:6210","EAR_EMTA_SEX_CUR_NB","SEX_T","CUR_TYPE_PPP","2022",5566.994,,,"T30:174","R1:3513_T2:85"
"FIN","BB:6210","EAR_EMTA_SEX_CUR_NB","SEX_T","CUR_TYPE_USD","2022",4865.181,,,"T30:174","R1:3513_T2:85"
"FIN","BB:6210","EAR_EMTA_SEX_CUR_NB","SEX_T","CUR_TYPE_LCU","2021",4308.58,,,"T30:174","R1:3513_T2:85"
"FIN","BB:6210","EAR_EMTA_SEX_CUR_NB","SEX_T","CUR_TYPE_PPP","2021",4941.724,,,"T30:174","R1:3513_T2:85"
"FIN","BB:6210","EAR_EMTA_SEX_CUR_NB","SEX_T","CUR_TYPE_USD","2021",5095.758,,,"T30:174","R1:3513_T2:85"
"FIN","BB:6210","EAR_EMTA_SEX_CUR_NB","SEX_T","CUR_TYPE_LCU","2020",4230.347,,,"T30:174","R1:3513_T2:85"
"FIN","BB:6210","EAR_EMTA_SEX_CUR_NB","SEX_T","CUR_TYPE_PPP","2020",4769.636,,,"T30:174","R1:3513_T2:85"
"FIN","BB:6210","EAR_EMTA_SEX_CUR_NB","SEX_T","CUR_TYPE_USD","2020",4831.903,,,"T30:174","R1:3513_T2:85"
"FIN","BB:6210","EAR_EMTA_SEX_CUR_NB","SEX_T","CUR_TYPE_LCU","2019",4130.428,,,"T30:174","R1:3513_T2:85"
"FIN","BB:6210","EAR_EMTA_SEX_CUR_NB","SEX_T","CUR_TYPE_PPP","2019",4595.042,,,"T30:174","R1:3513_T2:85"
"FIN","BB:6210","EAR_EMTA_SEX_CUR_NB","SEX_T","CUR_TYPE_USD","2019",4624.014,,,"T30:174","R1:3513_T2:85"
"FIN","BB:6210","EAR_EMTA_SEX_CUR_NB","SEX_T","CUR_TYPE_LCU","2018",4097.623,,,"T30:174","R1:3513_T2:85"
"FIN","BB:6210","EAR_EMTA_SEX_CUR_NB","SEX_T","CUR_TYPE_PPP","2018",4416.97,,,"T30:174","R1:3513_T2:85"
"FIN","BB:6210","EAR_EMTA_SEX_CUR_NB","SEX_T","CUR_TYPE_USD","2018",4839.292,,,"T30:174","R1:3513_T2:85"
"FIN","BB:6210","EAR_EMTA_SEX_CUR_NB","SEX_T","CUR_TYPE_LCU","2017",4088.035,,,"T30:174","R1:3513_T2:85"
"FIN","BB:6210","EAR_EMTA_SEX_CUR_NB","SEX_T","CUR_TYPE_PPP","2017",4356.226,,,"T30:174","R1:3513_T2:85"
"FIN","BB:6210","EAR_EMTA_SEX_CUR_NB","SEX_T","CUR_TYPE_USD","2017",4618.253,,,"T30:174","R1:3513_T2:85"
"FIN","BB:6210","EAR_EMTA_SEX_CUR_NB","SEX_T","CUR_TYPE_LCU","2016",4081.181,,,"T30:174","R1:3513_T2:85"
"FIN","BB:6210","EAR_EMTA_SEX_CUR_NB","SEX_T","CUR_TYPE_PPP","2016",4295.772,,,"T30:174","R1:3513_T2:85"
"FIN","BB:6210","EAR_EMTA_SEX_CUR_NB","SEX_T","CUR_TYPE_USD","2016",4517.459,,,"T30:174","R1:3513_T2:85"
"FIN","BB:6210","EAR_EMTA_SEX_CUR_NB","SEX_T","CUR_TYPE_LCU","2015",4010.117,,,"T30:174","R1:3513_T2:85"
"FIN","BB:6210","EAR_EMTA_SEX_CUR_NB","SEX_T","CUR_TYPE_PPP","2015",4094.714,,,"T30:174","R1:3513_T2:85"
"FIN","BB:6210","EAR_EMTA_SEX_CUR_NB","SEX_T","CUR_TYPE_USD","2015",4449.225,,,"T30:174","R1:3513_T2:85"
"FIN","BB:6210","EAR_EMTA_SEX_CUR_NB","SEX_T","CUR_TYPE_LCU","2014",3918.729,,,"T30:174","R1:3513_T2:85"
"FIN","BB:6210","EAR_EMTA_SEX_CUR_NB","SEX_T","CUR_TYPE_PPP","2014",4005.017,,,"T30:174","R1:3513_T2:85"
"FIN","BB:6210","EAR_EMTA_SEX_CUR_NB","SEX_T","CUR_TYPE_USD","2014",5206.032,,,"T30:174","R1:3513_T2:85"
"FIN","BB:6210","EAR_EMTA_SEX_CUR_NB","SEX_T","CUR_TYPE_LCU","2013",3809.484,,,"T30:174","R1:3513_T2:85"
"FIN","BB:6210","EAR_EMTA_SEX_CUR_NB","SEX_T","CUR_TYPE_PPP","2013",3876.438,,,"T30:174","R1:3513_T2:85"
"FIN","BB:6210","EAR_EMTA_SEX_CUR_NB","SEX_T","CUR_TYPE_USD","2013",5059.376,,,"T30:174","R1:3513_T2:85"
"FIN","BB:6210","EAR_EMTA_SEX_CUR_NB","SEX_T","CUR_TYPE_LCU","2012",3691.604,,,"T30:174","R1:3513_T2:85"
"FIN","BB:6210","EAR_EMTA_SEX_CUR_NB","SEX_T","CUR_TYPE_PPP","2012",3727.462,,,"T30:174","R1:3513_T2:85"
"FIN","BB:6210","EAR_EMTA_SEX_CUR_NB","SEX_T","CUR_TYPE_USD","2012",4742.973,,,"T30:174","R1:3513_T2:85"
"FIN","BB:6210","EAR_EMTA_SEX_CUR_NB","SEX_T","CUR_TYPE_LCU","2011",3541.288,,,"T30:174","R1:3513_T2:85"
"FIN","BB:6210","EAR_EMTA_SEX_CUR_NB","SEX_T","CUR_TYPE_PPP","2011",3636.192,,,"T30:174","R1:3513_T2:85"
"FIN","BB:6210","EAR_EMTA_SEX_CUR_NB","SEX_T","CUR_TYPE_USD","2011",4929.472,,,"T30:174","R1:3513_T2:85"
"FIN","BB:6210","EAR_EMTA_SEX_CUR_NB","SEX_T","CUR_TYPE_LCU","2010",3452.691,,,"T30:174","R1:3513_T2:85"
"FIN","BB:6210","EAR_EMTA_SEX_CUR_NB","SEX_T","CUR_TYPE_PPP","2010",3525.359,,,"T30:174","R1:3513_T2:85"
"FIN","BB:6210","EAR_EMTA_SEX_CUR_NB","SEX_T","CUR_TYPE_USD","2010",4577.232,,,"T30:174","R1:3513_T2:85"
"FIN","BB:6210","EAR_EMTA_SEX_CUR_NB","SEX_T","CUR_TYPE_LCU","2009",3396.454,,,"T30:174","R1:3513_T2:85"
"FIN","BB:6210","EAR_EMTA_SEX_CUR_NB","SEX_T","CUR_TYPE_PPP","2009",3451.081,,,"T30:174","R1:3513_T2:85"
"FIN","BB:6210","EAR_EMTA_SEX_CUR_NB","SEX_T","CUR_TYPE_USD","2009",4737.373,,,"T30:174","R1:3513_T2:85"
"FIN","BB:6210","EAR_EMTA_SEX_CUR_NB","SEX_T","CUR_TYPE_LCU","2008",3156.464,,,"T30:174","R1:3513_T2:85"
"FIN","BB:6210","EAR_EMTA_SEX_CUR_NB","SEX_T","CUR_TYPE_PPP","2008",3181.108,,,"T30:174","R1:3513_T2:85"
"FIN","BB:6210","EAR_EMTA_SEX_CUR_NB","SEX_T","CUR_TYPE_USD","2008",4642.528,,,"T30:174","R1:3513_T2:85"
"FIN","BB:6210","EAR_EMTA_SEX_CUR_NB","SEX_T","CUR_TYPE_LCU","2007",3052.066,,,"T30:174","R1:3513_T2:85"
"FIN","BB:6210","EAR_EMTA_SEX_CUR_NB","SEX_T","CUR_TYPE_PPP","2007",3018.835,,,"T30:174","R1:3513_T2:85"
"FIN","BB:6210","EAR_EMTA_SEX_CUR_NB","SEX_T","CUR_TYPE_USD","2007",4182.857,,,"T30:174","R1:3513_T2:85"
"FIN","BB:6210","EAR_EMTA_SEX_CUR_NB","SEX_T","CUR_TYPE_LCU","2006",2336.174,,,"T30:174","R1:3513_T2:85"
"FIN","BB:6210","EAR_EMTA_SEX_CUR_NB","SEX_T","CUR_TYPE_PPP","2006",2236.414,,,"T30:174","R1:3513_T2:85"
"FIN","BB:6210","EAR_EMTA_SEX_CUR_NB","SEX_T","CUR_TYPE_USD","2006",2933.299,,,"T30:174","R1:3513_T2:85"
"FIN","BB:6210","EAR_EMTA_SEX_CUR_NB","SEX_T","CUR_TYPE_LCU","2005",2265.635,,,"T30:174","R1:3513_T2:85"
"FIN","BB:6210","EAR_EMTA_SEX_CUR_NB","SEX_T","CUR_TYPE_PPP","2005",2121.361,,,"T30:174","R1:3513_T2:85"
"FIN","BB:6210","EAR_EMTA_SEX_CUR_NB","SEX_T","CUR_TYPE_USD","2005",2818.677,,,"T30:174","R1:3513_T2:85"
"FIN","BB:6210","EAR_EMTA_SEX_CUR_NB","SEX_T","CUR_TYPE_LCU","2004",2227.584,,,"T30:174","R1:3513_T2:85"
"FIN","BB:6210","EAR_EMTA_SEX_CUR_NB","SEX_T","CUR_TYPE_PPP","2004",2093.82,,,"T30:174","R1:3513_T2:85"
"FIN","BB:6210","EAR_EMTA_SEX_CUR_NB","SEX_T","CUR_TYPE_USD","2004",2770.891,,,"T30:174","R1:3513_T2:85"
"FJI","BA:1135","EAR_EMTA_SEX_CUR_NB","SEX_T","CUR_TYPE_LCU","2024",1566.604,,,"T30:214","R1:3513"
"FJI","BA:1135","EAR_EMTA_SEX_CUR_NB","SEX_T","CUR_TYPE_PPP","2024",1691.319,,,"T30:214","R1:3513"
"FJI","BA:1135","EAR_EMTA_SEX_CUR_NB","SEX_T","CUR_TYPE_USD","2024",690.651,,,"T30:214","R1:3513"
"FJI","BA:1135","EAR_EMTA_SEX_CUR_NB","SEX_T","CUR_TYPE_LCU","2016",1060.948,,,"T30:214","R1:3513"
"FJI","BA:1135","EAR_EMTA_SEX_CUR_NB","SEX_T","CUR_TYPE_PPP","2016",1076.824,,,"T30:214","R1:3513"
"FJI","BA:1135","EAR_EMTA_SEX_CUR_NB","SEX_T","CUR_TYPE_USD","2016",506.493,,,"T30:214","R1:3513"
"FJI","BA:1135","EAR_EMTA_SEX_CUR_NB","SEX_T","CUR_TYPE_LCU","2011",922.178,,,"T30:214","R1:3513"
"FJI","BA:1135","EAR_EMTA_SEX_CUR_NB","SEX_T","CUR_TYPE_PPP","2011",907.435,,,"T30:214","R1:3513"
"FJI","BA:1135","EAR_EMTA_SEX_CUR_NB","SEX_T","CUR_TYPE_USD","2011",514.929,,,"T30:214","R1:3513"
"FJI","BA:1135","EAR_EMTA_SEX_CUR_NB","SEX_T","CUR_TYPE_LCU","2005",590.101,"B",,"T30:214_I11:264","R1:3513"
"FJI","BA:1135","EAR_EMTA_SEX_CUR_NB","SEX_T","CUR_TYPE_PPP","2005",669.247,"B",,"T30:214_I11:264","R1:3513"
"FJI","BA:1135","EAR_EMTA_SEX_CUR_NB","SEX_T","CUR_TYPE_USD","2005",348.956,"B",,"T30:214_I11:264","R1:3513"
"FLK","AA:1140","EAR_EMTA_SEX_CUR_NB","SEX_T","CUR_TYPE_LCU","2016",2154.167,,,"T8:252_T30:79","S5:41"
"FLK","AA:1140","EAR_EMTA_SEX_CUR_NB","SEX_T","CUR_TYPE_LCU","2012",139.583,,,"T8:252_T9:133_T10:138_T12:145_T30:79","S5:41"
"FRA","BB:3067","EAR_EMTA_SEX_CUR_NB","SEX_T","CUR_TYPE_LCU","2025",4445.62,,,"T30:175","R1:3513_T2:85"
"FRA","BB:3067","EAR_EMTA_SEX_CUR_NB","SEX_T","CUR_TYPE_PPP","2025",6069.098,,,"T30:175","R1:3513_T2:85"
"FRA","BB:3067","EAR_EMTA_SEX_CUR_NB","SEX_T","CUR_TYPE_USD","2025",5023.551,,,"T30:175","R1:3513_T2:85"
"FRA","BA:148","EAR_EMTA_SEX_CUR_NB","SEX_T","CUR_TYPE_LCU","2024",2196.954,,,"T30:175","R1:3513"
"FRA","BA:148","EAR_EMTA_SEX_CUR_NB","SEX_T","CUR_TYPE_PPP","2024",3064.374,,,"T30:175","R1:3513"
"FRA","BA:148","EAR_EMTA_SEX_CUR_NB","SEX_T","CUR_TYPE_USD","2024",2377.983,,,"T30:175","R1:3513"
"FRA","BA:148","EAR_EMTA_SEX_CUR_NB","SEX_T","CUR_TYPE_LCU","2023",2114.854,,,"T30:175","R1:3513"
"FRA","BA:148","EAR_EMTA_SEX_CUR_NB","SEX_T","CUR_TYPE_PPP","2023",2939.576,,,"T30:175","R1:3513"
"FRA","BA:148","EAR_EMTA_SEX_CUR_NB","SEX_T","CUR_TYPE_USD","2023",2286.792,,,"T30:175","R1:3513"
"FRA","BA:148","EAR_EMTA_SEX_CUR_NB","SEX_T","CUR_TYPE_LCU","2022",2027.804,,,"T30:175","R1:3513"
"FRA","BA:148","EAR_EMTA_SEX_CUR_NB","SEX_T","CUR_TYPE_PPP","2022",2724.419,,,"T30:175","R1:3513"
"FRA","BA:148","EAR_EMTA_SEX_CUR_NB","SEX_T","CUR_TYPE_USD","2022",2135.278,,,"T30:175","R1:3513"
"FRA","BA:148","EAR_EMTA_SEX_CUR_NB","SEX_T","CUR_TYPE_LCU","2021",1985.781,,,"T30:175","R1:3513"
"FRA","BA:148","EAR_EMTA_SEX_CUR_NB","SEX_T","CUR_TYPE_PPP","2021",2506.688,,,"T30:175","R1:3513"
"FRA","BA:148","EAR_EMTA_SEX_CUR_NB","SEX_T","CUR_TYPE_USD","2021",2348.583,,,"T30:175","R1:3513"
"FRA","BA:148","EAR_EMTA_SEX_CUR_NB","SEX_T","CUR_TYPE_LCU","2020",2015.55,,,"T30:175","R1:3513"
"FRA","BA:148","EAR_EMTA_SEX_CUR_NB","SEX_T","CUR_TYPE_PPP","2020",2542.694,,,"T30:175","R1:3513"
"FRA","BA:148","EAR_EMTA_SEX_CUR_NB","SEX_T","CUR_TYPE_USD","2020",2302.161,,,"T30:175","R1:3513"
"FRA","BA:148","EAR_EMTA_SEX_CUR_NB","SEX_T","CUR_TYPE_LCU","2019",1986.284,,,"T30:175","R1:3513"
"FRA","BA:148","EAR_EMTA_SEX_CUR_NB","SEX_T","CUR_TYPE_PPP","2019",2460.105,,,"T30:175","R1:3513"
"FRA","BA:148","EAR_EMTA_SEX_CUR_NB","SEX_T","CUR_TYPE_USD","2019",2223.645,,,"T30:175","R1:3513"
"FRA","BA:148","EAR_EMTA_SEX_CUR_NB","SEX_T","CUR_TYPE_LCU","2018",1931.652,,,"T30:175","R1:3513"
"FRA","BA:148","EAR_EMTA_SEX_CUR_NB","SEX_T","CUR_TYPE_PPP","2018",2297.633,,,"T30:175","R1:3513"
"FRA","BA:148","EAR_EMTA_SEX_CUR_NB","SEX_T","CUR_TYPE_USD","2018",2281.281,,,"T30:175","R1:3513"
"FRA","BA:148","EAR_EMTA_SEX_CUR_NB","SEX_T","CUR_TYPE_LCU","2017",1889.213,,,"T30:175","R1:3513"
"FRA","BA:148","EAR_EMTA_SEX_CUR_NB","SEX_T","CUR_TYPE_PPP","2017",2228.277,,,"T30:175","R1:3513"
"FRA","BA:148","EAR_EMTA_SEX_CUR_NB","SEX_T","CUR_TYPE_USD","2017",2134.244,,,"T30:175","R1:3513"
"FRA","BA:148","EAR_EMTA_SEX_CUR_NB","SEX_T","CUR_TYPE_LCU","2016",1866.954,,,"T30:175","R1:3513"
"FRA","BA:148","EAR_EMTA_SEX_CUR_NB","SEX_T","CUR_TYPE_PPP","2016",2203.814,,,"T30:175","R1:3513"
"FRA","BA:148","EAR_EMTA_SEX_CUR_NB","SEX_T","CUR_TYPE_USD","2016",2066.532,,,"T30:175","R1:3513"
"FRA","BA:148","EAR_EMTA_SEX_CUR_NB","SEX_T","CUR_TYPE_LCU","2015",1851.132,,,"T30:175","R1:3513"
"FRA","BA:148","EAR_EMTA_SEX_CUR_NB","SEX_T","CUR_TYPE_PPP","2015",2123.006,,,"T30:175","R1:3513"
"FRA","BA:148","EAR_EMTA_SEX_CUR_NB","SEX_T","CUR_TYPE_USD","2015",2053.831,,,"T30:175","R1:3513"
"FRA","BA:148","EAR_EMTA_SEX_CUR_NB","SEX_T","CUR_TYPE_LCU","2014",1843.536,,,"T30:175","R1:3513"
"FRA","BA:148","EAR_EMTA_SEX_CUR_NB","SEX_T","CUR_TYPE_PPP","2014",2144.964,,,"T30:175","R1:3513"
"FRA","BA:148","EAR_EMTA_SEX_CUR_NB","SEX_T","CUR_TYPE_USD","2014",2449.138,,,"T30:175","R1:3513"
"FRA","BA:148","EAR_EMTA_SEX_CUR_NB","SEX_T","CUR_TYPE_LCU","2013",1826.341,,,"T30:175","R1:3513"
"FRA","BA:148","EAR_EMTA_SEX_CUR_NB","SEX_T","CUR_TYPE_PPP","2013",2120.959,,,"T30:175","R1:3513"
"FRA","BA:148","EAR_EMTA_SEX_CUR_NB","SEX_T","CUR_TYPE_USD","2013",2425.563,,,"T30:175","R1:3513"
"FRA","BA:148","EAR_EMTA_SEX_CUR_NB","SEX_T","CUR_TYPE_LCU","2012",1819.133,,,"T30:175","R1:3513"
"FRA","BA:148","EAR_EMTA_SEX_CUR_NB","SEX_T","CUR_TYPE_PPP","2012",2052.076,,,"T30:175","R1:3513"
"FRA","BA:148","EAR_EMTA_SEX_CUR_NB","SEX_T","CUR_TYPE_USD","2012",2337.222,,,"T30:175","R1:3513"
"FRA","BA:148","EAR_EMTA_SEX_CUR_NB","SEX_T","CUR_TYPE_LCU","2011",1784.44,,,"T30:175","R1:3513"
"FRA","BA:148","EAR_EMTA_SEX_CUR_NB","SEX_T","CUR_TYPE_PPP","2011",2021.646,,,"T30:175","R1:3513"
"FRA","BA:148","EAR_EMTA_SEX_CUR_NB","SEX_T","CUR_TYPE_USD","2011",2483.941,,,"T30:175","R1:3513"
"FRA","BA:148","EAR_EMTA_SEX_CUR_NB","SEX_T","CUR_TYPE_LCU","2010",1738.951,,,"T30:175","R1:3513"
"FRA","BA:148","EAR_EMTA_SEX_CUR_NB","SEX_T","CUR_TYPE_PPP","2010",1936.685,,,"T30:175","R1:3513"
"FRA","BA:148","EAR_EMTA_SEX_CUR_NB","SEX_T","CUR_TYPE_USD","2010",2305.328,,,"T30:175","R1:3513"
"FRA","BA:148","EAR_EMTA_SEX_CUR_NB","SEX_T","CUR_TYPE_LCU","2009",1717.239,,,"T30:175","R1:3513"
"FRA","BA:148","EAR_EMTA_SEX_CUR_NB","SEX_T","CUR_TYPE_PPP","2009",1891.724,,,"T30:175","R1:3513"
"FRA","BA:148","EAR_EMTA_SEX_CUR_NB","SEX_T","CUR_TYPE_USD","2009",2395.205,,,"T30:175","R1:3513"
"FRA","BA:148","EAR_EMTA_SEX_CUR_NB","SEX_T","CUR_TYPE_LCU","2008",1676.993,,,"T30:175","R1:3513"
"FRA","BA:148","EAR_EMTA_SEX_CUR_NB","SEX_T","CUR_TYPE_PPP","2008",1812.578,,,"T30:175","R1:3513"
"FRA","BA:148","EAR_EMTA_SEX_CUR_NB","SEX_T","CUR_TYPE_USD","2008",2466.522,,,"T30:175","R1:3513"
"FRA","BA:148","EAR_EMTA_SEX_CUR_NB","SEX_T","CUR_TYPE_LCU","2007",1633.953,,,"T30:175","R1:3513"
"FRA","BA:148","EAR_EMTA_SEX_CUR_NB","SEX_T","CUR_TYPE_PPP","2007",1764.252,,,"T30:175","R1:3513"
"FRA","BA:148","EAR_EMTA_SEX_CUR_NB","SEX_T","CUR_TYPE_USD","2007",2239.333,,,"T30:175","R1:3513"
"FRA","BA:148","EAR_EMTA_SEX_CUR_NB","SEX_T","CUR_TYPE_LCU","2006",1592.678,,,"T30:175","R1:3513"
"FRA","BA:148","EAR_EMTA_SEX_CUR_NB","SEX_T","CUR_TYPE_PPP","2006",1716.581,,,"T30:175","R1:3513"
"FRA","BA:148","EAR_EMTA_SEX_CUR_NB","SEX_T","CUR_TYPE_USD","2006",1999.766,,,"T30:175","R1:3513"
"FRA","BA:148","EAR_EMTA_SEX_CUR_NB","SEX_T","CUR_TYPE_LCU","2005",1557.414,"B",,"T30:175_I11:264","R1:3513"
"FRA","BA:148","EAR_EMTA_SEX_CUR_NB","SEX_T","CUR_TYPE_PPP","2005",1676.206,"B",,"T30:175_I11:264","R1:3513"
"FRA","BA:148","EAR_EMTA_SEX_CUR_NB","SEX_T","CUR_TYPE_USD","2005",1937.578,"B",,"T30:175_I11:264","R1:3513"
"FRA","BB:3067","EAR_EMTA_SEX_CUR_NB","SEX_T","CUR_TYPE_LCU","2004",1992.726,,,"T30:175","R1:3513_T2:85"
"FRA","BB:3067","EAR_EMTA_SEX_CUR_NB","SEX_T","CUR_TYPE_PPP","2004",2112.042,,,"T30:175","R1:3513_T2:85"
"FRA","BB:3067","EAR_EMTA_SEX_CUR_NB","SEX_T","CUR_TYPE_USD","2004",2478.752,,,"T30:175","R1:3513_T2:85"
"FRA","DA:13042","EAR_EMTA_SEX_CUR_NB","SEX_T","CUR_TYPE_LCU","2002",2203.8,,,"T30:175","R1:2383_S3:21_S8:2603_S8:3907_S6:48"
"FRA","DA:13042","EAR_EMTA_SEX_CUR_NB","SEX_T","CUR_TYPE_PPP","2002",2433.667,,,"T30:175","R1:2383_S3:21_S8:2603_S8:3907_S6:48"
"FRA","DA:13042","EAR_EMTA_SEX_CUR_NB","SEX_T","CUR_TYPE_USD","2002",2083.913,,,"T30:175","R1:2383_S3:21_S8:2603_S8:3907_S6:48"
"FRA","BA:148","EAR_EMTA_SEX_CUR_NB","SEX_T","CUR_TYPE_LCU","2001",1434.7,,,"T8:127_T9:133_T10:138_T33:396_T30:175","S9:66"
"FRA","BA:148","EAR_EMTA_SEX_CUR_NB","SEX_T","CUR_TYPE_PPP","2001",1574.488,,,"T8:127_T9:133_T10:138_T33:396_T30:175","S9:66"
"FRA","BA:148","EAR_EMTA_SEX_CUR_NB","SEX_T","CUR_TYPE_USD","2001",1284.917,,,"T8:127_T9:133_T10:138_T33:396_T30:175","S9:66"
"FRA","BA:148","EAR_EMTA_SEX_CUR_NB","SEX_T","CUR_TYPE_LCU","2000",1396.3,,,"T8:127_T9:133_T10:138_T33:396_T30:175","S9:66"
"FRA","BA:148","EAR_EMTA_SEX_CUR_NB","SEX_T","CUR_TYPE_PPP","2000",1492.917,,,"T8:127_T9:133_T10:138_T33:396_T30:175","S9:66"
"FRA","BA:148","EAR_EMTA_SEX_CUR_NB","SEX_T","CUR_TYPE_USD","2000",1289.623,,,"T8:127_T9:133_T10:138_T33:396_T30:175","S9:66"
"FRA","BA:148","EAR_EMTA_SEX_CUR_NB","SEX_T","CUR_TYPE_LCU","1999",1366.9,,,"T8:127_T9:133_T10:138_T33:396_T30:175","S9:66"
"FRA","BA:148","EAR_EMTA_SEX_CUR_NB","SEX_T","CUR_TYPE_PPP","1999",1414.88,,,"T8:127_T9:133_T10:138_T33:396_T30:175","S9:66"
"FRA","BA:148","EAR_EMTA_SEX_CUR_NB","SEX_T","CUR_TYPE_USD","1999",1456.842,,,"T8:127_T9:133_T10:138_T33:396_T30:175","S9:66"
"GBR","BA:666","EAR_EMTA_SEX_CUR_NB","SEX_T","CUR_TYPE_LCU","2025",3156.794,,,"T30:397","R1:3513"
"GBR","BA:666","EAR_EMTA_SEX_CUR_NB","SEX_T","CUR_TYPE_PPP","2025",3861.819,,,"T30:397","R1:3513"
"GBR","BA:666","EAR_EMTA_SEX_CUR_NB","SEX_T","CUR_TYPE_USD","2025",3567.177,,,"T30:397","R1:3513"
"GBR","BA:666","EAR_EMTA_SEX_CUR_NB","SEX_T","CUR_TYPE_LCU","2024",3036.588,,,"T30:397","R1:3513"
"GBR","BA:666","EAR_EMTA_SEX_CUR_NB","SEX_T","CUR_TYPE_PPP","2024",3766.656,,,"T30:397","R1:3513"
"GBR","BA:666","EAR_EMTA_SEX_CUR_NB","SEX_T","CUR_TYPE_USD","2024",3286.803,,,"T30:397","R1:3513"
"GBR","BA:666","EAR_EMTA_SEX_CUR_NB","SEX_T","CUR_TYPE_LCU","2023",2913.212,,,"T30:397","R1:3513"
"GBR","BA:666","EAR_EMTA_SEX_CUR_NB","SEX_T","CUR_TYPE_PPP","2023",3762.111,,,"T30:397","R1:3513"
"GBR","BA:666","EAR_EMTA_SEX_CUR_NB","SEX_T","CUR_TYPE_USD","2023",3150.056,,,"T30:397","R1:3513"
"GBR","BA:666","EAR_EMTA_SEX_CUR_NB","SEX_T","CUR_TYPE_LCU","2022",2744.647,,,"T30:397","R1:3513"
"GBR","BA:666","EAR_EMTA_SEX_CUR_NB","SEX_T","CUR_TYPE_PPP","2022",3371.404,,,"T30:397","R1:3513"
"GBR","BA:666","EAR_EMTA_SEX_CUR_NB","SEX_T","CUR_TYPE_USD","2022",2890.114,,,"T30:397","R1:3513"
"GBR","BA:666","EAR_EMTA_SEX_CUR_NB","SEX_T","CUR_TYPE_LCU","2021",2553.992,,,"T30:397","R1:3513"
"GBR","BA:666","EAR_EMTA_SEX_CUR_NB","SEX_T","CUR_TYPE_PPP","2021",2985.814,,,"T30:397","R1:3513"
"GBR","BA:666","EAR_EMTA_SEX_CUR_NB","SEX_T","CUR_TYPE_USD","2021",3020.606,,,"T30:397","R1:3513"
"GBR","BA:666","EAR_EMTA_SEX_CUR_NB","SEX_T","CUR_TYPE_LCU","2020",2543.343,,,"T30:397","R1:3513"
"GBR","BA:666","EAR_EMTA_SEX_CUR_NB","SEX_T","CUR_TYPE_PPP","2020",3016.07,,,"T30:397","R1:3513"
"GBR","BA:666","EAR_EMTA_SEX_CUR_NB","SEX_T","CUR_TYPE_USD","2020",2905.006,,,"T30:397","R1:3513"
"GBR","DA:670","EAR_EMTA_SEX_CUR_NB","SEX_T","CUR_TYPE_LCU","2019",2482,,,"T8:127_T9:133_T10:138_T12:145_T30:210","S3:15_S9:66"
"GBR","DA:670","EAR_EMTA_SEX_CUR_NB","SEX_T","CUR_TYPE_PPP","2019",3285.181,,,"T8:127_T9:133_T10:138_T12:145_T30:210","S3:15_S9:66"
"GBR","DA:670","EAR_EMTA_SEX_CUR_NB","SEX_T","CUR_TYPE_USD","2019",3168.059,,,"T8:127_T9:133_T10:138_T12:145_T30:210","S3:15_S9:66"
"GBR","BA:666","EAR_EMTA_SEX_CUR_NB","SEX_T","CUR_TYPE_LCU","2018",2315.906,,,"T30:397","R1:3513"
"GBR","BA:666","EAR_EMTA_SEX_CUR_NB","SEX_T","CUR_TYPE_PPP","2018",2624.721,,,"T30:397","R1:3513"
"GBR","BA:666","EAR_EMTA_SEX_CUR_NB","SEX_T","CUR_TYPE_USD","2018",2735.085,,,"T30:397","R1:3513"
"GBR","BA:666","EAR_EMTA_SEX_CUR_NB","SEX_T","CUR_TYPE_LCU","2017",2243.247,,,"T30:397","R1:3513"
"GBR","BA:666","EAR_EMTA_SEX_CUR_NB","SEX_T","CUR_TYPE_PPP","2017",2502.69,,,"T30:397","R1:3513"
"GBR","BA:666","EAR_EMTA_SEX_CUR_NB","SEX_T","CUR_TYPE_USD","2017",2534.196,,,"T30:397","R1:3513"
"GBR","BA:666","EAR_EMTA_SEX_CUR_NB","SEX_T","CUR_TYPE_LCU","2016",2173.03,,,"T30:397","R1:3513"
"GBR","BA:666","EAR_EMTA_SEX_CUR_NB","SEX_T","CUR_TYPE_PPP","2016",2259.023,,,"T30:397","R1:3513"
"GBR","BA:666","EAR_EMTA_SEX_CUR_NB","SEX_T","CUR_TYPE_USD","2016",2405.326,,,"T30:397","R1:3513"
"GBR","BA:666","EAR_EMTA_SEX_CUR_NB","SEX_T","CUR_TYPE_LCU","2015",2131.64,,,"T30:397","R1:3513"
"GBR","BA:666","EAR_EMTA_SEX_CUR_NB","SEX_T","CUR_TYPE_PPP","2015",1921.119,,,"T30:397","R1:3513"
"GBR","BA:666","EAR_EMTA_SEX_CUR_NB","SEX_T","CUR_TYPE_USD","2015",2365.055,,,"T30:397","R1:3513"
"GBR","BA:666","EAR_EMTA_SEX_CUR_NB","SEX_T","CUR_TYPE_LCU","2014",2086.503,,,"T30:397","R1:3513"
"GBR","BA:666","EAR_EMTA_SEX_CUR_NB","SEX_T","CUR_TYPE_PPP","2014",2109.632,,,"T30:397","R1:3513"
"GBR","BA:666","EAR_EMTA_SEX_CUR_NB","SEX_T","CUR_TYPE_USD","2014",2771.919,,,"T30:397","R1:3513"
"GBR","BA:666","EAR_EMTA_SEX_CUR_NB","SEX_T","CUR_TYPE_LCU","2013",2057.561,,,"T30:397","R1:3513"
"GBR","BA:666","EAR_EMTA_SEX_CUR_NB","SEX_T","CUR_TYPE_PPP","2013",2204.565,,,"T30:397","R1:3513"
"GBR","BA:666","EAR_EMTA_SEX_CUR_NB","SEX_T","CUR_TYPE_USD","2013",2732.647,,,"T30:397","R1:3513"
"GBR","BA:666","EAR_EMTA_SEX_CUR_NB","SEX_T","CUR_TYPE_LCU","2012",2014.78,,,"T30:397","R1:3513"
"GBR","BA:666","EAR_EMTA_SEX_CUR_NB","SEX_T","CUR_TYPE_PPP","2012",2081.662,,,"T30:397","R1:3513"
"GBR","BA:666","EAR_EMTA_SEX_CUR_NB","SEX_T","CUR_TYPE_USD","2012",2588.59,,,"T30:397","R1:3513"
"GBR","BA:666","EAR_EMTA_SEX_CUR_NB","SEX_T","CUR_TYPE_LCU","2011",1973.769,,,"T30:397","R1:3513"
"GBR","BA:666","EAR_EMTA_SEX_CUR_NB","SEX_T","CUR_TYPE_PPP","2011",2205.052,,,"T30:397","R1:3513"
"GBR","BA:666","EAR_EMTA_SEX_CUR_NB","SEX_T","CUR_TYPE_USD","2011",2747.487,,,"T30:397","R1:3513"
"GBR","BA:666","EAR_EMTA_SEX_CUR_NB","SEX_T","CUR_TYPE_LCU","2010",1944.876,,,"T30:397","R1:3513"
"GBR","BA:666","EAR_EMTA_SEX_CUR_NB","SEX_T","CUR_TYPE_PPP","2010",2143.86,,,"T30:397","R1:3513"
"GBR","BA:666","EAR_EMTA_SEX_CUR_NB","SEX_T","CUR_TYPE_USD","2010",2578.322,,,"T30:397","R1:3513"
"GBR","BA:666","EAR_EMTA_SEX_CUR_NB","SEX_T","CUR_TYPE_LCU","2009",1912.966,,,"T30:397","R1:3513"
"GBR","BA:666","EAR_EMTA_SEX_CUR_NB","SEX_T","CUR_TYPE_PPP","2009",2189.578,,,"T30:397","R1:3513"
"GBR","BA:666","EAR_EMTA_SEX_CUR_NB","SEX_T","CUR_TYPE_USD","2009",2668.205,,,"T30:397","R1:3513"
"GBR","BA:666","EAR_EMTA_SEX_CUR_NB","SEX_T","CUR_TYPE_LCU","2008",1890.482,,,"T30:397","R1:3513"
"GBR","BA:666","EAR_EMTA_SEX_CUR_NB","SEX_T","CUR_TYPE_PPP","2008",1981.276,,,"T30:397","R1:3513"
"GBR","BA:666","EAR_EMTA_SEX_CUR_NB","SEX_T","CUR_TYPE_USD","2008",2780.521,,,"T30:397","R1:3513"
"GBR","BA:666","EAR_EMTA_SEX_CUR_NB","SEX_T","CUR_TYPE_LCU","2007",1819.758,,,"T30:397","R1:3513"
"GBR","BA:666","EAR_EMTA_SEX_CUR_NB","SEX_T","CUR_TYPE_PPP","2007",1642.684,,,"T30:397","R1:3513"
"GBR","BA:666","EAR_EMTA_SEX_CUR_NB","SEX_T","CUR_TYPE_USD","2007",2493.978,,,"T30:397","R1:3513"
"GBR","BA:666","EAR_EMTA_SEX_CUR_NB","SEX_T","CUR_TYPE_LCU","2006",1750.45,,,"T30:397","R1:3513"
"GBR","BA:666","EAR_EMTA_SEX_CUR_NB","SEX_T","CUR_TYPE_PPP","2006",1593.296,,,"T30:397","R1:3513"
"GBR","BA:666","EAR_EMTA_SEX_CUR_NB","SEX_T","CUR_TYPE_USD","2006",2197.866,,,"T30:397","R1:3513"
"GBR","BA:666","EAR_EMTA_SEX_CUR_NB","SEX_T","CUR_TYPE_LCU","2005",1680.222,"B",,"T30:397_I11:264","R1:3513"
"GBR","BA:666","EAR_EMTA_SEX_CUR_NB","SEX_T","CUR_TYPE_PPP","2005",1507.005,"B",,"T30:397_I11:264","R1:3513"
"GBR","BA:666","EAR_EMTA_SEX_CUR_NB","SEX_T","CUR_TYPE_USD","2005",2090.364,"B",,"T30:397_I11:264","R1:3513"
"GBR","DA:1154","EAR_EMTA_SEX_CUR_NB","SEX_T","CUR_TYPE_LCU","2004",2193.1,,,"T8:252_T9:133_T10:138_T12:146_T33:396_T30:210_I33:3771","S3:15_S9:66"
"GBR","DA:1154","EAR_EMTA_SEX_CUR_NB","SEX_T","CUR_TYPE_PPP","2004",2952.127,,,"T8:252_T9:133_T10:138_T12:146_T33:396_T30:210_I33:3771","S3:15_S9:66"
"GBR","DA:1154","EAR_EMTA_SEX_CUR_NB","SEX_T","CUR_TYPE_USD","2004",4015.343,,,"T8:252_T9:133_T10:138_T12:146_T33:396_T30:210_I33:3771","S3:15_S9:66"
"GBR","DA:1154","EAR_EMTA_SEX_CUR_NB","SEX_T","CUR_TYPE_LCU","2003",2112.933,,,"T8:252_T9:133_T10:138_T12:146_T33:396_T30:210_I33:3771","S3:15_S9:66"
"GBR","DA:1154","EAR_EMTA_SEX_CUR_NB","SEX_T","CUR_TYPE_PPP","2003",2779.276,,,"T8:252_T9:133_T10:138_T12:146_T33:396_T30:210_I33:3771","S3:15_S9:66"
"GBR","DA:1154","EAR_EMTA_SEX_CUR_NB","SEX_T","CUR_TYPE_USD","2003",3449.842,,,"T8:252_T9:133_T10:138_T12:146_T33:396_T30:210_I33:3771","S3:15_S9:66"
"GBR","DA:1154","EAR_EMTA_SEX_CUR_NB","SEX_T","CUR_TYPE_LCU","2002",2046.2,,,"T8:252_T9:133_T10:138_T12:146_T33:396_T30:210_I33:3771","S3:15_S9:66"
"GBR","DA:1154","EAR_EMTA_SEX_CUR_NB","SEX_T","CUR_TYPE_PPP","2002",2678.349,,,"T8:252_T9:133_T10:138_T12:146_T33:396_T30:210_I33:3771","S3:15_S9:66"
"GBR","DA:1154","EAR_EMTA_SEX_CUR_NB","SEX_T","CUR_TYPE_USD","2002",3066.739,,,"T8:252_T9:133_T10:138_T12:146_T33:396_T30:210_I33:3771","S3:15_S9:66"
"GBR","DA:1154","EAR_EMTA_SEX_CUR_NB","SEX_T","CUR_TYPE_LCU","2001",1949.133,,,"T8:252_T9:133_T10:138_T12:146_T33:396_T30:210_I33:3771","S3:15_S9:66"
"GBR","DA:1154","EAR_EMTA_SEX_CUR_NB","SEX_T","CUR_TYPE_PPP","2001",2578.42,,,"T8:252_T9:133_T10:138_T12:146_T33:396_T30:210_I33:3771","S3:15_S9:66"
"GBR","DA:1154","EAR_EMTA_SEX_CUR_NB","SEX_T","CUR_TYPE_USD","2001",2805.901,,,"T8:252_T9:133_T10:138_T12:146_T33:396_T30:210_I33:3771","S3:15_S9:66"
"GBR","DA:1154","EAR_EMTA_SEX_CUR_NB","SEX_T","CUR_TYPE_LCU","2000",1959.533,,,"T8:252_T9:133_T10:138_T12:146_T33:396_T30:210_I33:3771","S3:15_S9:66"
"GBR","DA:1154","EAR_EMTA_SEX_CUR_NB","SEX_T","CUR_TYPE_PPP","2000",2520.446,,,"T8:252_T9:133_T10:138_T12:146_T33:396_T30:210_I33:3771","S3:15_S9:66"
"GBR","DA:1154","EAR_EMTA_SEX_CUR_NB","SEX_T","CUR_TYPE_USD","2000",2964.808,,,"T8:252_T9:133_T10:138_T12:146_T33:396_T30:210_I33:3771","S3:15_S9:66"
"GBR","DA:1154","EAR_EMTA_SEX_CUR_NB","SEX_T","CUR_TYPE_LCU","1999",1767.567,,,"T8:252_T9:133_T10:138_T12:146_T33:396_T30:210_I33:3771","S3:15_S9:66"
"GBR","DA:1154","EAR_EMTA_SEX_CUR_NB","SEX_T","CUR_TYPE_PPP","1999",2186.955,,,"T8:252_T9:133_T10:138_T12:146_T33:396_T30:210_I33:3771","S3:15_S9:66"
"GBR","DA:1154","EAR_EMTA_SEX_CUR_NB","SEX_T","CUR_TYPE_USD","1999",2859.877,,,"T8:252_T9:133_T10:138_T12:146_T33:396_T30:210_I33:3771","S3:15_S9:66"
"GBR","DA:1154","EAR_EMTA_SEX_CUR_NB","SEX_T","CUR_TYPE_LCU","1991",1057.126,,"C5:2067_C5:1942","T8:127_T9:133_T10:138_T12:146_T33:396_T30:210","S3:21_S4:34_S9:66"
"GBR","DA:1154","EAR_EMTA_SEX_CUR_NB","SEX_T","CUR_TYPE_PPP","1991",1346.822,,"C5:2067_C5:1942","T8:127_T9:133_T10:138_T12:146_T33:396_T30:210","S3:21_S4:34_S9:66"
"GBR","DA:1154","EAR_EMTA_SEX_CUR_NB","SEX_T","CUR_TYPE_USD","1991",1864.37,,"C5:2067_C5:1942","T8:127_T9:133_T10:138_T12:146_T33:396_T30:210","S3:21_S4:34_S9:66"
"GBR","DA:1154","EAR_EMTA_SEX_CUR_NB","SEX_T","CUR_TYPE_LCU","1990",1003.91,,"C5:2067_C5:1942","T8:127_T9:133_T10:138_T12:146_T33:396_T30:210","S3:21_S4:34_S9:66"
"GBR","DA:1154","EAR_EMTA_SEX_CUR_NB","SEX_T","CUR_TYPE_PPP","1990",1342.805,,"C5:2067_C5:1942","T8:127_T9:133_T10:138_T12:146_T33:396_T30:210","S3:21_S4:34_S9:66"
"GBR","DA:1154","EAR_EMTA_SEX_CUR_NB","SEX_T","CUR_TYPE_USD","1990",1782.584,,"C5:2067_C5:1942","T8:127_T9:133_T10:138_T12:146_T33:396_T30:210","S3:21_S4:34_S9:66"
"GBR","DA:1154","EAR_EMTA_SEX_CUR_NB","SEX_T","CUR_TYPE_LCU","1989",928.655,,"C5:2067_C5:1942","T8:127_T9:133_T10:138_T12:146_T33:396_T30:210","S3:21_S4:34_S9:66"
"GBR","DA:1154","EAR_EMTA_SEX_CUR_NB","SEX_T","CUR_TYPE_USD","1989",1519.464,,"C5:2067_C5:1942","T8:127_T9:133_T10:138_T12:146_T33:396_T30:210","S3:21_S4:34_S9:66"
"GEO","BB:16121","EAR_EMTA_SEX_CUR_NB","SEX_T","CUR_TYPE_LCU","2023",866.97,,,"T30:119","R1:3513"
"GEO","BB:16121","EAR_EMTA_SEX_CUR_NB","SEX_T","CUR_TYPE_PPP","2023",791.899,,,"T30:119","R1:3513"
"GEO","BB:16121","EAR_EMTA_SEX_CUR_NB","SEX_T","CUR_TYPE_USD","2023",329.902,,,"T30:119","R1:3513"
"GEO","BB:16121","EAR_EMTA_SEX_CUR_NB","SEX_T","CUR_TYPE_LCU","2022",745.602,,,"T30:119","R1:3513"
"GEO","BB:16121","EAR_EMTA_SEX_CUR_NB","SEX_T","CUR_TYPE_PPP","2022",670.388,,,"T30:119","R1:3513"
"GEO","BB:16121","EAR_EMTA_SEX_CUR_NB","SEX_T","CUR_TYPE_USD","2022",255.676,,,"T30:119","R1:3513"
"GEO","BB:16121","EAR_EMTA_SEX_CUR_NB","SEX_T","CUR_TYPE_LCU","2021",663.756,,,"T30:119","R1:3513"
"GEO","BB:16121","EAR_EMTA_SEX_CUR_NB","SEX_T","CUR_TYPE_PPP","2021",618.324,,,"T30:119","R1:3513"
"GEO","BB:16121","EAR_EMTA_SEX_CUR_NB","SEX_T","CUR_TYPE_USD","2021",206.036,,,"T30:119","R1:3513"
"GEO","BB:16121","EAR_EMTA_SEX_CUR_NB","SEX_T","CUR_TYPE_LCU","2020",613.599,,,"T30:119","R1:3513"
"GEO","BB:16121","EAR_EMTA_SEX_CUR_NB","SEX_T","CUR_TYPE_PPP","2020",610.776,,,"T30:119","R1:3513"
"GEO","BB:16121","EAR_EMTA_SEX_CUR_NB","SEX_T","CUR_TYPE_USD","2020",197.361,,,"T30:119","R1:3513"
"GEO","BB:16121","EAR_EMTA_SEX_CUR_NB","SEX_T","CUR_TYPE_LCU","2019",599.346,,,"T30:119","R1:3513"
"GEO","BB:16121","EAR_EMTA_SEX_CUR_NB","SEX_T","CUR_TYPE_PPP","2019",625.664,,,"T30:119","R1:3513"
"GEO","BB:16121","EAR_EMTA_SEX_CUR_NB","SEX_T","CUR_TYPE_USD","2019",212.674,,,"T30:119","R1:3513"
"GEO","BB:16121","EAR_EMTA_SEX_CUR_NB","SEX_T","CUR_TYPE_LCU","2018",556.574,,,"T30:119","R1:3513"
"GEO","BB:16121","EAR_EMTA_SEX_CUR_NB","SEX_T","CUR_TYPE_PPP","2018",593.154,,,"T30:119","R1:3513"
"GEO","BB:16121","EAR_EMTA_SEX_CUR_NB","SEX_T","CUR_TYPE_USD","2018",219.633,,,"T30:119","R1:3513"
"GEO","BB:16121","EAR_EMTA_SEX_CUR_NB","SEX_T","CUR_TYPE_LCU","2017",546.466,,,"T30:119","R1:3513"
"GEO","BB:16121","EAR_EMTA_SEX_CUR_NB","SEX_T","CUR_TYPE_PPP","2017",582.791,,,"T30:119","R1:3513"
"GEO","BB:16121","EAR_EMTA_SEX_CUR_NB","SEX_T","CUR_TYPE_USD","2017",217.755,,,"T30:119","R1:3513"
"GEO","DA:181","EAR_EMTA_SEX_CUR_NB","SEX_T","CUR_TYPE_LCU","2016",940.01,,,"T8:127_T9:133_T10:138_T11:142_T12:145_T33:396_T30:119","S4:34_S9:66"
"GEO","DA:181","EAR_EMTA_SEX_CUR_NB","SEX_T","CUR_TYPE_PPP","2016",1080.752,,,"T8:127_T9:133_T10:138_T11:142_T12:145_T33:396_T30:119","S4:34_S9:66"
"GEO","DA:181","EAR_EMTA_SEX_CUR_NB","SEX_T","CUR_TYPE_USD","2016",397.178,,,"T8:127_T9:133_T10:138_T11:142_T12:145_T33:396_T30:119","S4:34_S9:66"
"GEO","DA:181","EAR_EMTA_SEX_CUR_NB","SEX_T","CUR_TYPE_LCU","2015",900.416,,,"T8:127_T9:133_T10:138_T11:142_T12:145_T33:396_T30:119","S4:34_S9:66"
"GEO","DA:181","EAR_EMTA_SEX_CUR_NB","SEX_T","CUR_TYPE_PPP","2015",1056.055,,,"T8:127_T9:133_T10:138_T11:142_T12:145_T33:396_T30:119","S4:34_S9:66"
"GEO","DA:181","EAR_EMTA_SEX_CUR_NB","SEX_T","CUR_TYPE_USD","2015",396.774,,,"T8:127_T9:133_T10:138_T11:142_T12:145_T33:396_T30:119","S4:34_S9:66"
"GEO","DA:181","EAR_EMTA_SEX_CUR_NB","SEX_T","CUR_TYPE_LCU","2014",818.021,,,"T8:127_T9:133_T10:138_T11:142_T12:145_T33:396_T30:119","S4:34_S9:66"
"GEO","DA:181","EAR_EMTA_SEX_CUR_NB","SEX_T","CUR_TYPE_PPP","2014",1010.117,,,"T8:127_T9:133_T10:138_T11:142_T12:145_T33:396_T30:119","S4:34_S9:66"
"GEO","DA:181","EAR_EMTA_SEX_CUR_NB","SEX_T","CUR_TYPE_USD","2014",463.293,,,"T8:127_T9:133_T10:138_T11:142_T12:145_T33:396_T30:119","S4:34_S9:66"
"GEO","DA:181","EAR_EMTA_SEX_CUR_NB","SEX_T","CUR_TYPE_LCU","2013",773.1,,,"T8:127_T9:133_T10:138_T11:142_T12:145_T33:396_T30:119","S4:34_S9:66"
"GEO","DA:181","EAR_EMTA_SEX_CUR_NB","SEX_T","CUR_TYPE_PPP","2013",985.743,,,"T8:127_T9:133_T10:138_T11:142_T12:145_T33:396_T30:119","S4:34_S9:66"
"GEO","DA:181","EAR_EMTA_SEX_CUR_NB","SEX_T","CUR_TYPE_USD","2013",464.785,,,"T8:127_T9:133_T10:138_T11:142_T12:145_T33:396_T30:119","S4:34_S9:66"
"GEO","DA:181","EAR_EMTA_SEX_CUR_NB","SEX_T","CUR_TYPE_LCU","2012",712.5,,,"T8:127_T9:133_T10:138_T11:142_T12:145_T33:396_T30:119","S4:34_S9:66"
"GEO","DA:181","EAR_EMTA_SEX_CUR_NB","SEX_T","CUR_TYPE_PPP","2012",929.672,,,"T8:127_T9:133_T10:138_T11:142_T12:145_T33:396_T30:119","S4:34_S9:66"
"GEO","DA:181","EAR_EMTA_SEX_CUR_NB","SEX_T","CUR_TYPE_USD","2012",431.489,,,"T8:127_T9:133_T10:138_T11:142_T12:145_T33:396_T30:119","S4:34_S9:66"
"GEO","DA:181","EAR_EMTA_SEX_CUR_NB","SEX_T","CUR_TYPE_LCU","2011",635.967,,,"T8:127_T9:133_T10:138_T11:142_T12:145_T33:396_T30:119","S4:34_S9:66"
"GEO","DA:181","EAR_EMTA_SEX_CUR_NB","SEX_T","CUR_TYPE_PPP","2011",761.424,,,"T8:127_T9:133_T10:138_T11:142_T12:145_T33:396_T30:119","S4:34_S9:66"
"GEO","DA:181","EAR_EMTA_SEX_CUR_NB","SEX_T","CUR_TYPE_USD","2011",377.094,,,"T8:127_T9:133_T10:138_T11:142_T12:145_T33:396_T30:119","S4:34_S9:66"
"GEO","DA:181","EAR_EMTA_SEX_CUR_NB","SEX_T","CUR_TYPE_LCU","2010",597.6,,,"T8:127_T9:133_T10:138_T11:142_T12:145_T33:396_T30:119","S4:34_S9:66"
"GEO","DA:181","EAR_EMTA_SEX_CUR_NB","SEX_T","CUR_TYPE_PPP","2010",752.846,,,"T8:127_T9:133_T10:138_T11:142_T12:145_T33:396_T30:119","S4:34_S9:66"
"GEO","DA:181","EAR_EMTA_SEX_CUR_NB","SEX_T","CUR_TYPE_USD","2010",335.289,,,"T8:127_T9:133_T10:138_T11:142_T12:145_T33:396_T30:119","S4:34_S9:66"
"GEO","DA:181","EAR_EMTA_SEX_CUR_NB","SEX_T","CUR_TYPE_LCU","2009",556.8,,,"T8:127_T9:133_T10:138_T11:142_T12:145_T33:396_T30:119","S4:34_S9:66"
"GEO","DA:181","EAR_EMTA_SEX_CUR_NB","SEX_T","CUR_TYPE_PPP","2009",739.198,,,"T8:127_T9:133_T10:138_T11:142_T12:145_T33:396_T30:119","S4:34_S9:66"
"GEO","DA:181","EAR_EMTA_SEX_CUR_NB","SEX_T","CUR_TYPE_USD","2009",333.316,,,"T8:127_T9:133_T10:138_T11:142_T12:145_T33:396_T30:119","S4:34_S9:66"
"GEO","DA:181","EAR_EMTA_SEX_CUR_NB","SEX_T","CUR_TYPE_LCU","2008",534.9,,,"T8:127_T9:133_T10:138_T11:142_T12:145_T33:396_T30:119","S4:34_S9:66"
"GEO","DA:181","EAR_EMTA_SEX_CUR_NB","SEX_T","CUR_TYPE_PPP","2008",724.968,,,"T8:127_T9:133_T10:138_T11:142_T12:145_T33:396_T30:119","S4:34_S9:66"
"GEO","DA:181","EAR_EMTA_SEX_CUR_NB","SEX_T","CUR_TYPE_USD","2008",358.803,,,"T8:127_T9:133_T10:138_T11:142_T12:145_T33:396_T30:119","S4:34_S9:66"
"GEO","DA:181","EAR_EMTA_SEX_CUR_NB","SEX_T","CUR_TYPE_LCU","2007",368.1,,,"T8:127_T9:133_T10:138_T11:142_T12:145_T33:396_T30:119","S4:34_S9:66"
"GEO","DA:181","EAR_EMTA_SEX_CUR_NB","SEX_T","CUR_TYPE_PPP","2007",528.496,,,"T8:127_T9:133_T10:138_T11:142_T12:145_T33:396_T30:119","S4:34_S9:66"
"GEO","DA:181","EAR_EMTA_SEX_CUR_NB","SEX_T","CUR_TYPE_USD","2007",220.354,,,"T8:127_T9:133_T10:138_T11:142_T12:145_T33:396_T30:119","S4:34_S9:66"
"GEO","DA:181","EAR_EMTA_SEX_CUR_NB","SEX_T","CUR_TYPE_LCU","2006",277.9,,,"T8:127_T9:133_T10:138_T11:142_T12:145_T33:396_T30:119","S4:34_S9:66"
"GEO","DA:181","EAR_EMTA_SEX_CUR_NB","SEX_T","CUR_TYPE_PPP","2006",423.79,,,"T8:127_T9:133_T10:138_T11:142_T12:145_T33:396_T30:119","S4:34_S9:66"
"GEO","DA:181","EAR_EMTA_SEX_CUR_NB","SEX_T","CUR_TYPE_USD","2006",156.086,,,"T8:127_T9:133_T10:138_T11:142_T12:145_T33:396_T30:119","S4:34_S9:66"
"GEO","DA:181","EAR_EMTA_SEX_CUR_NB","SEX_T","CUR_TYPE_LCU","2005",204.2,,,"T8:127_T9:133_T10:138_T11:142_T12:145_T33:396_T30:119","S4:34_S9:66"
"GEO","DA:181","EAR_EMTA_SEX_CUR_NB","SEX_T","CUR_TYPE_PPP","2005",329.303,,,"T8:127_T9:133_T10:138_T11:142_T12:145_T33:396_T30:119","S4:34_S9:66"
"GEO","DA:181","EAR_EMTA_SEX_CUR_NB","SEX_T","CUR_TYPE_USD","2005",112.651,,,"T8:127_T9:133_T10:138_T11:142_T12:145_T33:396_T30:119","S4:34_S9:66"
"GEO","DA:181","EAR_EMTA_SEX_CUR_NB","SEX_T","CUR_TYPE_LCU","2004",156.6,,,"T8:127_T9:133_T10:138_T11:142_T12:145_T33:396_T30:119","S4:34_S9:66"
"GEO","DA:181","EAR_EMTA_SEX_CUR_NB","SEX_T","CUR_TYPE_PPP","2004",264.398,,,"T8:127_T9:133_T10:138_T11:142_T12:145_T33:396_T30:119","S4:34_S9:66"
"GEO","DA:181","EAR_EMTA_SEX_CUR_NB","SEX_T","CUR_TYPE_USD","2004",81.705,,,"T8:127_T9:133_T10:138_T11:142_T12:145_T33:396_T30:119","S4:34_S9:66"
"GEO","DA:181","EAR_EMTA_SEX_CUR_NB","SEX_T","CUR_TYPE_LCU","2003",125.9,,,"T8:127_T9:133_T10:138_T11:142_T12:145_T33:396_T30:119","S4:34_S9:66"
"GEO","DA:181","EAR_EMTA_SEX_CUR_NB","SEX_T","CUR_TYPE_PPP","2003",218.733,,,"T8:127_T9:133_T10:138_T11:142_T12:145_T33:396_T30:119","S4:34_S9:66"
"GEO","DA:181","EAR_EMTA_SEX_CUR_NB","SEX_T","CUR_TYPE_USD","2003",58.677,,,"T8:127_T9:133_T10:138_T11:142_T12:145_T33:396_T30:119","S4:34_S9:66"
"GEO","DA:181","EAR_EMTA_SEX_CUR_NB","SEX_T","CUR_TYPE_LCU","2002",113.5,,,"T8:127_T9:133_T10:138_T11:142_T12:145_T33:396_T30:119","S4:34_S9:66"
"GEO","DA:181","EAR_EMTA_SEX_CUR_NB","SEX_T","CUR_TYPE_PPP","2002",194.428,,,"T8:127_T9:133_T10:138_T11:142_T12:145_T33:396_T30:119","S4:34_S9:66"
"GEO","DA:181","EAR_EMTA_SEX_CUR_NB","SEX_T","CUR_TYPE_USD","2002",51.693,,,"T8:127_T9:133_T10:138_T11:142_T12:145_T33:396_T30:119","S4:34_S9:66"
"GEO","DA:181","EAR_EMTA_SEX_CUR_NB","SEX_T","CUR_TYPE_LCU","2001",94.6,,,"T8:127_T9:133_T10:138_T11:142_T12:145_T33:396_T30:119","S4:34_S9:66"
"GEO","DA:181","EAR_EMTA_SEX_CUR_NB","SEX_T","CUR_TYPE_PPP","2001",168.435,,,"T8:127_T9:133_T10:138_T11:142_T12:145_T33:396_T30:119","S4:34_S9:66"
"GEO","DA:181","EAR_EMTA_SEX_CUR_NB","SEX_T","CUR_TYPE_USD","2001",45.634,,,"T8:127_T9:133_T10:138_T11:142_T12:145_T33:396_T30:119","S4:34_S9:66"
"GEO","DA:181","EAR_EMTA_SEX_CUR_NB","SEX_T","CUR_TYPE_LCU","2000",72.3,,,"T8:127_T9:133_T10:138_T11:142_T12:145_T33:396_T30:119","S4:34_S9:66"
"GEO","DA:181","EAR_EMTA_SEX_CUR_NB","SEX_T","CUR_TYPE_PPP","2000",131.009,,,"T8:127_T9:133_T10:138_T11:142_T12:145_T33:396_T30:119","S4:34_S9:66"
"GEO","DA:181","EAR_EMTA_SEX_CUR_NB","SEX_T","CUR_TYPE_USD","2000",36.586,,,"T8:127_T9:133_T10:138_T11:142_T12:145_T33:396_T30:119","S4:34_S9:66"
"GEO","DA:181","EAR_EMTA_SEX_CUR_NB","SEX_T","CUR_TYPE_LCU","1999",67.5,,,"T8:127_T9:133_T10:138_T33:396_T30:119","S9:66"
"GEO","DA:181","EAR_EMTA_SEX_CUR_NB","SEX_T","CUR_TYPE_PPP","1999",123.124,,,"T8:127_T9:133_T10:138_T33:396_T30:119","S9:66"
"GEO","DA:181","EAR_EMTA_SEX_CUR_NB","SEX_T","CUR_TYPE_USD","1999",33.341,,,"T8:127_T9:133_T10:138_T33:396_T30:119","S9:66"
"GEO","DA:181","EAR_EMTA_SEX_CUR_NB","SEX_T","CUR_TYPE_LCU","1998",55.4,,,"T8:127_T9:133_T10:138_T33:396_T30:119","S9:66"
"GEO","DA:181","EAR_EMTA_SEX_CUR_NB","SEX_T","CUR_TYPE_PPP","1998",117.868,,,"T8:127_T9:133_T10:138_T33:396_T30:119","S9:66"
"GEO","DA:181","EAR_EMTA_SEX_CUR_NB","SEX_T","CUR_TYPE_USD","1998",39.861,,,"T8:127_T9:133_T10:138_T33:396_T30:119","S9:66"
"GEO","DA:181","EAR_EMTA_SEX_CUR_NB","SEX_T","CUR_TYPE_LCU","1997",43.4,,,"T8:127_T9:133_T10:138_T33:396_T30:119","S9:66"
"GEO","DA:181","EAR_EMTA_SEX_CUR_NB","SEX_T","CUR_TYPE_PPP","1997",94.169,,,"T8:127_T9:133_T10:138_T33:396_T30:119","S9:66"
"GEO","DA:181","EAR_EMTA_SEX_CUR_NB","SEX_T","CUR_TYPE_USD","1997",33.449,,,"T8:127_T9:133_T10:138_T33:396_T30:119","S9:66"
"GGY","FX:2566","EAR_EMTA_SEX_CUR_NB","SEX_T","CUR_TYPE_LCU","2016",2620,,,"T8:128_T9:133_T10:138_T11:142_T12:145_T30:179","S3:24_S4:30"
"GGY","FX:2566","EAR_EMTA_SEX_CUR_NB","SEX_T","CUR_TYPE_LCU","2015",2545.833,,,"T8:128_T9:133_T10:138_T12:145_T33:396_T30:179","S9:66"
"GGY","FX:2566","EAR_EMTA_SEX_CUR_NB","SEX_T","CUR_TYPE_LCU","2014",2524.167,,,"T8:128_T9:133_T10:138_T12:145_T33:396_T30:179","S9:66"
"GGY","FX:2566","EAR_EMTA_SEX_CUR_NB","SEX_T","CUR_TYPE_LCU","2013",2470,,,"T8:128_T9:133_T10:138_T12:145_T33:396_T30:179","S9:66"
"GGY","FX:2566","EAR_EMTA_SEX_CUR_NB","SEX_T","CUR_TYPE_LCU","2012",2437.5,,,"T8:128_T9:133_T10:138_T12:145_T33:396_T30:179","S9:66"
"GGY","FX:2566","EAR_EMTA_SEX_CUR_NB","SEX_T","CUR_TYPE_LCU","2011",2361.667,,,"T8:128_T9:133_T10:138_T12:145_T33:396_T30:179","S9:66"
"GGY","FX:2566","EAR_EMTA_SEX_CUR_NB","SEX_T","CUR_TYPE_LCU","2010",2285.833,,,"T8:128_T33:396_T30:179","S9:66"
"GGY","FX:2566","EAR_EMTA_SEX_CUR_NB","SEX_T","CUR_TYPE_LCU","2009",2253.333,,,"T8:128_T33:396_T30:179","S9:66"
"GGY","FX:2566","EAR_EMTA_SEX_CUR_NB","SEX_T","CUR_TYPE_LCU","2008",2177.5,,,"T8:128_T33:396_T30:179","S9:66"
"GGY","FX:2566","EAR_EMTA_SEX_CUR_NB","SEX_T","CUR_TYPE_LCU","2007",2080,,,"T8:128_T33:396_T30:179","S9:66"
"GGY","FX:2566","EAR_EMTA_SEX_CUR_NB","SEX_T","CUR_TYPE_LCU","2006",1971.667,,,"T8:128_T33:396_T30:179","S9:66"
"GGY","FX:2566","EAR_EMTA_SEX_CUR_NB","SEX_T","CUR_TYPE_LCU","2005",1906.667,,,"T8:128_T33:396_T30:179","S9:66"
"GHA","BB:16203","EAR_EMTA_SEX_CUR_NB","SEX_T","CUR_TYPE_LCU","2024",2578.889,,,"T30:20","R1:3513"
"GHA","BB:16203","EAR_EMTA_SEX_CUR_NB","SEX_T","CUR_TYPE_PPP","2024",546.258,,,"T30:20","R1:3513"
"GHA","BB:16203","EAR_EMTA_SEX_CUR_NB","SEX_T","CUR_TYPE_USD","2024",181.843,,,"T30:20","R1:3513"
"GHA","BB:16203","EAR_EMTA_SEX_CUR_NB","SEX_T","CUR_TYPE_LCU","2023",3095.953,,,"T30:20","R1:3513"
"GHA","BB:16203","EAR_EMTA_SEX_CUR_NB","SEX_T","CUR_TYPE_PPP","2023",782.537,,,"T30:20","R1:3513"
"GHA","BB:16203","EAR_EMTA_SEX_CUR_NB","SEX_T","CUR_TYPE_USD","2023",280.929,,,"T30:20","R1:3513"
"GHA","BB:16203","EAR_EMTA_SEX_CUR_NB","SEX_T","CUR_TYPE_LCU","2022",1797.204,,,"T30:20","R1:3513"
"GHA","BB:16203","EAR_EMTA_SEX_CUR_NB","SEX_T","CUR_TYPE_PPP","2022",602.566,,,"T30:20","R1:3513"
"GHA","BB:16203","EAR_EMTA_SEX_CUR_NB","SEX_T","CUR_TYPE_USD","2022",217.253,,,"T30:20","R1:3513"
"GHA","BB:3078","EAR_EMTA_SEX_CUR_NB","SEX_T","CUR_TYPE_LCU","2017",849.39,"B",,"T30:20_I11:264","R1:3513"
"GHA","BB:3078","EAR_EMTA_SEX_CUR_NB","SEX_T","CUR_TYPE_PPP","2017",496.944,"B",,"T30:20_I11:264","R1:3513"
"GHA","BB:3078","EAR_EMTA_SEX_CUR_NB","SEX_T","CUR_TYPE_USD","2017",195.238,"B",,"T30:20_I11:264","R1:3513"
"GHA","BA:1163","EAR_EMTA_SEX_CUR_NB","SEX_T","CUR_TYPE_LCU","2015",895.608,"B",,"T30:20_I11:264","R1:3513"
"GHA","BA:1163","EAR_EMTA_SEX_CUR_NB","SEX_T","CUR_TYPE_PPP","2015",679.624,"B",,"T30:20_I11:264","R1:3513"
"GHA","BA:1163","EAR_EMTA_SEX_CUR_NB","SEX_T","CUR_TYPE_USD","2015",241.102,"B",,"T30:20_I11:264","R1:3513"
"GHA","BB:3078","EAR_EMTA_SEX_CUR_NB","SEX_T","CUR_TYPE_LCU","2013",625.753,"B",,"T30:20_I11:264","R1:3513"
"GHA","BB:3078","EAR_EMTA_SEX_CUR_NB","SEX_T","CUR_TYPE_PPP","2013",665.672,"B",,"T30:20_I11:264","R1:3513"
"GHA","BB:3078","EAR_EMTA_SEX_CUR_NB","SEX_T","CUR_TYPE_USD","2013",315.822,"B",,"T30:20_I11:264","R1:3513"
"GHA","BB:3078","EAR_EMTA_SEX_CUR_NB","SEX_T","CUR_TYPE_LCU","2006",1159860.505,"B",,"T30:291_I11:264","R1:3513"
"GHA","BB:3078","EAR_EMTA_SEX_CUR_NB","SEX_T","CUR_TYPE_LCU","1991",31533.845,,,"T30:291","R1:3513"
"GHA","CA:1164","EAR_EMTA_SEX_CUR_NB","SEX_T","CUR_TYPE_LCU","1990",30056,,,"T8:127_T9:133_T10:138_T33:396_T30:291","S3:23_S9:66"
"GHA","CA:1164","EAR_EMTA_SEX_CUR_NB","SEX_T","CUR_TYPE_LCU","1989",24257,,,"T8:127_T9:133_T10:138_T33:396_T30:291","S3:23_S9:66"
"GIB","DA:33","EAR_EMTA_SEX_CUR_NB","SEX_T","CUR_TYPE_LCU","2017",1298.177,,,"T11:142_T12:146_T33:396_T30:177","S3:21_S9:67"
"GIB","DA:33","EAR_EMTA_SEX_CUR_NB","SEX_T","CUR_TYPE_LCU","2016",1260.636,,,"T11:142_T12:146_T33:396_T30:177","S3:21_S9:67"
"GIB","DA:33","EAR_EMTA_SEX_CUR_NB","SEX_T","CUR_TYPE_LCU","2015",1277.133,,,"T11:142_T12:146_T33:396_T30:177","S3:21_S9:67"
"GIB","DA:33","EAR_EMTA_SEX_CUR_NB","SEX_T","CUR_TYPE_LCU","2014",1235.955,,,"T11:142_T12:146_T33:396_T30:177","S3:21_S9:67"
"GIB","DA:33","EAR_EMTA_SEX_CUR_NB","SEX_T","CUR_TYPE_LCU","2013",1240.502,,,"T11:142_T12:146_T33:396_T30:177","S3:21_S9:67"
"GIB","DA:33","EAR_EMTA_SEX_CUR_NB","SEX_T","CUR_TYPE_LCU","2012",1201.099,,,"T8:127_T9:133_T10:138_T11:142_T12:146_T33:396_T30:177","S3:21_S9:67"
"GIB","DA:33","EAR_EMTA_SEX_CUR_NB","SEX_T","CUR_TYPE_USD","2012",1897.33,,,"T8:127_T9:133_T10:138_T11:142_T12:146_T33:396_T30:177","S3:21_S9:67"
"GIB","DA:33","EAR_EMTA_SEX_CUR_NB","SEX_T","CUR_TYPE_LCU","2005",1258.298,,"C5:2067_C5:1941","T8:127_T9:133_T10:138_T12:146_T33:396_T30:177","S3:21_S9:67"
"GIB","DA:33","EAR_EMTA_SEX_CUR_NB","SEX_T","CUR_TYPE_USD","2005",2287.822,,"C5:2067_C5:1941","T8:127_T9:133_T10:138_T12:146_T33:396_T30:177","S3:21_S9:67"
"GIB","DA:33","EAR_EMTA_SEX_CUR_NB","SEX_T","CUR_TYPE_LCU","2004",1176.591,,"C5:2067_C5:1941","T8:127_T9:133_T10:138_T12:146_T33:396_T30:177","S3:21_S9:67"
"GIB","DA:33","EAR_EMTA_SEX_CUR_NB","SEX_T","CUR_TYPE_USD","2004",2154.218,,"C5:2067_C5:1941","T8:127_T9:133_T10:138_T12:146_T33:396_T30:177","S3:21_S9:67"
"GIB","DA:33","EAR_EMTA_SEX_CUR_NB","SEX_T","CUR_TYPE_LCU","2003",1194.214,,"C5:2067_C5:1941","T8:127_T9:133_T10:138_T12:146_T33:396_T30:177","S3:21_S9:67"
"GIB","DA:33","EAR_EMTA_SEX_CUR_NB","SEX_T","CUR_TYPE_USD","2003",1949.825,,"C5:2067_C5:1941","T8:127_T9:133_T10:138_T12:146_T33:396_T30:177","S3:21_S9:67"
"GIB","DA:33","EAR_EMTA_SEX_CUR_NB","SEX_T","CUR_TYPE_LCU","2002",1139.31,,"C5:2067_C5:1941","T8:127_T9:133_T10:138_T12:146_T33:396_T30:177","S3:21_S9:67"
"GIB","DA:33","EAR_EMTA_SEX_CUR_NB","SEX_T","CUR_TYPE_USD","2002",1707.539,,"C5:2067_C5:1941","T8:127_T9:133_T10:138_T12:146_T33:396_T30:177","S3:21_S9:67"
"GIB","DA:33","EAR_EMTA_SEX_CUR_NB","SEX_T","CUR_TYPE_LCU","2001",1143.64,,"C5:2067_C5:1941","T8:127_T9:133_T10:138_T12:146_T33:396_T30:177","S3:21_S9:67"
"GIB","DA:33","EAR_EMTA_SEX_CUR_NB","SEX_T","CUR_TYPE_USD","2001",1646.342,,"C5:2067_C5:1941","T8:127_T9:133_T10:138_T12:146_T33:396_T30:177","S3:21_S9:67"
"GIB","DA:33","EAR_EMTA_SEX_CUR_NB","SEX_T","CUR_TYPE_LCU","2000",1056.13,,"C5:2067_C5:1941","T8:127_T9:133_T10:138_T12:146_T33:396_T30:177","S3:21_S9:67"
"GIB","DA:33","EAR_EMTA_SEX_CUR_NB","SEX_T","CUR_TYPE_USD","2000",1597.944,,"C5:2067_C5:1941","T8:127_T9:133_T10:138_T12:146_T33:396_T30:177","S3:21_S9:67"
"GIB","DA:33","EAR_EMTA_SEX_CUR_NB","SEX_T","CUR_TYPE_LCU","1999",1067.302,,"C5:2067_C5:1941","T8:127_T9:133_T10:138_T12:146_T33:396_T30:177","S3:21_S9:67"
"GIB","DA:33","EAR_EMTA_SEX_CUR_NB","SEX_T","CUR_TYPE_USD","1999",1726.867,,"C5:2067_C5:1941","T8:127_T9:133_T10:138_T12:146_T33:396_T30:177","S3:21_S9:67"
"GIB","DA:33","EAR_EMTA_SEX_CUR_NB","SEX_T","CUR_TYPE_LCU","1998",1009.15,,"C5:2067_C5:1941","T8:127_T9:133_T10:138_T12:146_T33:396_T30:177","S3:21_S9:67"
"GIB","DA:33","EAR_EMTA_SEX_CUR_NB","SEX_T","CUR_TYPE_USD","1998",1671.266,,"C5:2067_C5:1941","T8:127_T9:133_T10:138_T12:146_T33:396_T30:177","S3:21_S9:67"
"GIB","DA:33","EAR_EMTA_SEX_CUR_NB","SEX_T","CUR_TYPE_LCU","1997",930.95,,"C5:2067_C5:1941","T8:127_T9:133_T10:138_T12:146_T33:396_T30:177","S3:21_S9:67"
"GIB","DA:33","EAR_EMTA_SEX_CUR_NB","SEX_T","CUR_TYPE_USD","1997",1524.059,,"C5:2067_C5:1941","T8:127_T9:133_T10:138_T12:146_T33:396_T30:177","S3:21_S9:67"
"GIB","DA:33","EAR_EMTA_SEX_CUR_NB","SEX_T","CUR_TYPE_LCU","1996",992.912,,"C5:2067_C5:1941","T8:127_T9:133_T10:138_T12:146_T33:396_T30:177","S3:21_S9:67"
"GIB","DA:33","EAR_EMTA_SEX_CUR_NB","SEX_T","CUR_TYPE_USD","1996",1549.106,,"C5:2067_C5:1941","T8:127_T9:133_T10:138_T12:146_T33:396_T30:177","S3:21_S9:67"
"GIB","DA:33","EAR_EMTA_SEX_CUR_NB","SEX_T","CUR_TYPE_LCU","1995",934.847,,"C5:2067_C5:1941","T8:127_T9:133_T10:138_T12:146_T33:396_T30:177","S3:21_S9:67"
"GIB","DA:33","EAR_EMTA_SEX_CUR_NB","SEX_T","CUR_TYPE_USD","1995",1475.294,,"C5:2067_C5:1941","T8:127_T9:133_T10:138_T12:146_T33:396_T30:177","S3:21_S9:67"
"GIB","DA:33","EAR_EMTA_SEX_CUR_NB","SEX_T","CUR_TYPE_LCU","1994",939.653,,"C5:2067_C5:1941","T8:127_T9:133_T10:138_T12:146_T33:396_T30:177","S3:21_S9:67"
"GIB","DA:33","EAR_EMTA_SEX_CUR_NB","SEX_T","CUR_TYPE_USD","1994",1438.04,,"C5:2067_C5:1941","T8:127_T9:133_T10:138_T12:146_T33:396_T30:177","S3:21_S9:67"
"GIB","DA:33","EAR_EMTA_SEX_CUR_NB","SEX_T","CUR_TYPE_LCU","1993",887.044,,"C5:2067_C5:1941","T8:127_T9:133_T10:138_T12:146_T33:396_T30:177","S3:21_S9:67"
"GIB","DA:33","EAR_EMTA_SEX_CUR_NB","SEX_T","CUR_TYPE_USD","1993",1330.386,,"C5:2067_C5:1941","T8:127_T9:133_T10:138_T12:146_T33:396_T30:177","S3:21_S9:67"
"GIB","DA:33","EAR_EMTA_SEX_CUR_NB","SEX_T","CUR_TYPE_LCU","1992",892.759,,"C5:2067_C5:1941","T8:127_T9:133_T10:138_T12:146_T33:396_T30:177","S3:21_S9:67"
"GIB","DA:33","EAR_EMTA_SEX_CUR_NB","SEX_T","CUR_TYPE_USD","1992",1566.865,,"C5:2067_C5:1941","T8:127_T9:133_T10:138_T12:146_T33:396_T30:177","S3:21_S9:67"
"GIB","DA:33","EAR_EMTA_SEX_CUR_NB","SEX_T","CUR_TYPE_LCU","1991",905.143,,"C5:2067_C5:1941","T8:127_T9:133_T10:138_T12:146_T33:396_T30:177","S3:21_S9:67"
"GIB","DA:33","EAR_EMTA_SEX_CUR_NB","SEX_T","CUR_TYPE_USD","1991",1596.329,,"C5:2067_C5:1941","T8:127_T9:133_T10:138_T12:146_T33:396_T30:177","S3:21_S9:67"
"GIB","DA:33","EAR_EMTA_SEX_CUR_NB","SEX_T","CUR_TYPE_LCU","1990",796.33,,"C5:2067_C5:1941","T8:127_T9:133_T10:138_T12:146_T33:396_T30:177","S3:21_S9:67"
"GIB","DA:33","EAR_EMTA_SEX_CUR_NB","SEX_T","CUR_TYPE_USD","1990",1413.996,,"C5:2067_C5:1941","T8:127_T9:133_T10:138_T12:146_T33:396_T30:177","S3:21_S9:67"
"GIB","DA:33","EAR_EMTA_SEX_CUR_NB","SEX_T","CUR_TYPE_LCU","1989",750.172,,"C5:2067_C5:1941","T8:127_T9:133_T10:138_T12:146_T33:396_T30:177","S3:21_S9:67"
"GIB","DA:33","EAR_EMTA_SEX_CUR_NB","SEX_T","CUR_TYPE_USD","1989",1227.431,,"C5:2067_C5:1941","T8:127_T9:133_T10:138_T12:146_T33:396_T30:177","S3:21_S9:67"
"GIN","BA:15631","EAR_EMTA_SEX_CUR_NB","SEX_T","CUR_TYPE_LCU","2019",1765988.126,,,"T30:22","R1:3513"
"GIN","BA:15631","EAR_EMTA_SEX_CUR_NB","SEX_T","CUR_TYPE_PPP","2019",586.523,,,"T30:22","R1:3513"
"GIN","BA:15631","EAR_EMTA_SEX_CUR_NB","SEX_T","CUR_TYPE_USD","2019",192.292,,,"T30:22","R1:3513"
"GMB","BA:7014","EAR_EMTA_SEX_CUR_NB","SEX_T","CUR_TYPE_LCU","2018",3988.236,"B",,"T30:19_I11:264","R1:3513"
"GMB","BA:7014","EAR_EMTA_SEX_CUR_NB","SEX_T","CUR_TYPE_PPP","2018",267.582,"B",,"T30:19_I11:264","R1:3513"
"GMB","BA:7014","EAR_EMTA_SEX_CUR_NB","SEX_T","CUR_TYPE_USD","2018",82.826,"B",,"T30:19_I11:264","R1:3513"
"GMB","BA:7014","EAR_EMTA_SEX_CUR_NB","SEX_T","CUR_TYPE_LCU","2012",3603.209,"B",,"T30:19_I11:264","R1:3513"
"GMB","BA:7014","EAR_EMTA_SEX_CUR_NB","SEX_T","CUR_TYPE_PPP","2012",326.845,"B",,"T30:19_I11:264","R1:3513"
"GMB","BA:7014","EAR_EMTA_SEX_CUR_NB","SEX_T","CUR_TYPE_USD","2012",112.33,"B",,"T30:19_I11:264","R1:3513"
"GMB","DA:1179","EAR_EMTA_SEX_CUR_NB","SEX_T","CUR_TYPE_LCU","1998",1975.42,,,"T8:127_T9:133_T10:138_T33:396_T30:19_I13:280","S9:66_S6:47"
"GMB","DA:1179","EAR_EMTA_SEX_CUR_NB","SEX_T","CUR_TYPE_PPP","1998",282.382,,,"T8:127_T9:133_T10:138_T33:396_T30:19_I13:280","S9:66_S6:47"
"GMB","DA:1179","EAR_EMTA_SEX_CUR_NB","SEX_T","CUR_TYPE_USD","1998",185.606,,,"T8:127_T9:133_T10:138_T33:396_T30:19_I13:280","S9:66_S6:47"
"GMB","DA:1179","EAR_EMTA_SEX_CUR_NB","SEX_T","CUR_TYPE_LCU","1994",1133.04,,,"T8:127_T9:133_T10:138_T33:396_T30:19_I13:280","S9:66_S6:47"
"GMB","DA:1179","EAR_EMTA_SEX_CUR_NB","SEX_T","CUR_TYPE_PPP","1994",165.545,,,"T8:127_T9:133_T10:138_T33:396_T30:19_I13:280","S9:66_S6:47"
"GMB","DA:1179","EAR_EMTA_SEX_CUR_NB","SEX_T","CUR_TYPE_USD","1994",118.25,,,"T8:127_T9:133_T10:138_T33:396_T30:19_I13:280","S9:66_S6:47"
"GMB","DA:1179","EAR_EMTA_SEX_CUR_NB","SEX_T","CUR_TYPE_LCU","1993",681.04,,,"T8:127_T9:133_T10:138_T33:396_T30:19_I13:280","S9:66_S6:47"
"GMB","DA:1179","EAR_EMTA_SEX_CUR_NB","SEX_T","CUR_TYPE_PPP","1993",98.635,,,"T8:127_T9:133_T10:138_T33:396_T30:19_I13:280","S9:66_S6:47"
"GMB","DA:1179","EAR_EMTA_SEX_CUR_NB","SEX_T","CUR_TYPE_USD","1993",74.721,,,"T8:127_T9:133_T10:138_T33:396_T30:19_I13:280","S9:66_S6:47"
"GNB","BB:15952","EAR_EMTA_SEX_CUR_NB","SEX_T","CUR_TYPE_LCU","2022",87940.423,,,"T30:23","R1:3513"
"GNB","BB:15952","EAR_EMTA_SEX_CUR_NB","SEX_T","CUR_TYPE_PPP","2022",398.306,,,"T30:23","R1:3513"
"GNB","BB:15952","EAR_EMTA_SEX_CUR_NB","SEX_T","CUR_TYPE_USD","2022",140.984,,,"T30:23","R1:3513"
"GNB","BB:15952","EAR_EMTA_SEX_CUR_NB","SEX_T","CUR_TYPE_LCU","2019",90587.472,,,"T30:23","R1:3513"
"GNB","BB:15952","EAR_EMTA_SEX_CUR_NB","SEX_T","CUR_TYPE_PPP","2019",408.948,,,"T30:23","R1:3513"
"GNB","BB:15952","EAR_EMTA_SEX_CUR_NB","SEX_T","CUR_TYPE_USD","2019",154.61,,,"T30:23","R1:3513"
"GNQ","BB:16937","EAR_EMTA_SEX_CUR_NB","SEX_T","CUR_TYPE_LCU","2023",235536.519,,,"T30:21","R1:3513"
"GNQ","BB:16937","EAR_EMTA_SEX_CUR_NB","SEX_T","CUR_TYPE_PPP","2023",854.153,,,"T30:21","R1:3513"
"GNQ","BB:16937","EAR_EMTA_SEX_CUR_NB","SEX_T","CUR_TYPE_USD","2023",388.309,,,"T30:21","R1:3513"
"GRC","BB:319","EAR_EMTA_SEX_CUR_NB","SEX_T","CUR_TYPE_LCU","2025",1933.671,,,"T30:178","R1:3513_T2:85"
"GRC","BB:319","EAR_EMTA_SEX_CUR_NB","SEX_T","CUR_TYPE_PPP","2025",3333.599,,,"T30:178","R1:3513_T2:85"
"GRC","BB:319","EAR_EMTA_SEX_CUR_NB","SEX_T","CUR_TYPE_USD","2025",2185.048,,,"T30:178","R1:3513_T2:85"
"GRC","BB:319","EAR_EMTA_SEX_CUR_NB","SEX_T","CUR_TYPE_LCU","2024",1977.876,,,"T30:178","R1:3513_T2:85"
"GRC","BB:319","EAR_EMTA_SEX_CUR_NB","SEX_T","CUR_TYPE_PPP","2024",3545.884,,,"T30:178","R1:3513_T2:85"
"GRC","BB:319","EAR_EMTA_SEX_CUR_NB","SEX_T","CUR_TYPE_USD","2024",2140.853,,,"T30:178","R1:3513_T2:85"
"GRC","BB:319","EAR_EMTA_SEX_CUR_NB","SEX_T","CUR_TYPE_LCU","2023",1893.231,,,"T30:178","R1:3513_T2:85"
"GRC","BB:319","EAR_EMTA_SEX_CUR_NB","SEX_T","CUR_TYPE_PPP","2023",3424.276,,,"T30:178","R1:3513_T2:85"
"GRC","BB:319","EAR_EMTA_SEX_CUR_NB","SEX_T","CUR_TYPE_USD","2023",2047.151,,,"T30:178","R1:3513_T2:85"
"GRC","BB:319","EAR_EMTA_SEX_CUR_NB","SEX_T","CUR_TYPE_LCU","2022",1863.911,,,"T30:178","R1:3513_T2:85"
"GRC","BB:319","EAR_EMTA_SEX_CUR_NB","SEX_T","CUR_TYPE_PPP","2022",3214.721,,,"T30:178","R1:3513_T2:85"
"GRC","BB:319","EAR_EMTA_SEX_CUR_NB","SEX_T","CUR_TYPE_USD","2022",1962.699,,,"T30:178","R1:3513_T2:85"
"GRC","BB:319","EAR_EMTA_SEX_CUR_NB","SEX_T","CUR_TYPE_LCU","2021",1933.513,,,"T30:178","R1:3513_T2:85"
"GRC","BB:319","EAR_EMTA_SEX_CUR_NB","SEX_T","CUR_TYPE_PPP","2021",3198.167,,,"T30:178","R1:3513_T2:85"
"GRC","BB:319","EAR_EMTA_SEX_CUR_NB","SEX_T","CUR_TYPE_USD","2021",2286.766,,,"T30:178","R1:3513_T2:85"
"GRC","BA:317","EAR_EMTA_SEX_CUR_NB","SEX_T","CUR_TYPE_LCU","2020",905.562,,,"T30:178","R1:3513"
"GRC","BA:317","EAR_EMTA_SEX_CUR_NB","SEX_T","CUR_TYPE_PPP","2020",1459.996,,,"T30:178","R1:3513"
"GRC","BA:317","EAR_EMTA_SEX_CUR_NB","SEX_T","CUR_TYPE_USD","2020",1034.333,,,"T30:178","R1:3513"
"GRC","BA:317","EAR_EMTA_SEX_CUR_NB","SEX_T","CUR_TYPE_LCU","2019",885.524,,,"T30:178","R1:3513"
"GRC","BA:317","EAR_EMTA_SEX_CUR_NB","SEX_T","CUR_TYPE_PPP","2019",1431.766,,,"T30:178","R1:3513"
"GRC","BA:317","EAR_EMTA_SEX_CUR_NB","SEX_T","CUR_TYPE_USD","2019",991.344,,,"T30:178","R1:3513"
"GRC","BA:317","EAR_EMTA_SEX_CUR_NB","SEX_T","CUR_TYPE_LCU","2018",886.053,,,"T30:178","R1:3513"
"GRC","BA:317","EAR_EMTA_SEX_CUR_NB","SEX_T","CUR_TYPE_PPP","2018",1382.812,,,"T30:178","R1:3513"
"GRC","BA:317","EAR_EMTA_SEX_CUR_NB","SEX_T","CUR_TYPE_USD","2018",1046.429,,,"T30:178","R1:3513"
"GRC","BA:317","EAR_EMTA_SEX_CUR_NB","SEX_T","CUR_TYPE_LCU","2017",877.024,,,"T30:178","R1:3513"
"GRC","BA:317","EAR_EMTA_SEX_CUR_NB","SEX_T","CUR_TYPE_PPP","2017",1345.308,,,"T30:178","R1:3513"
"GRC","BA:317","EAR_EMTA_SEX_CUR_NB","SEX_T","CUR_TYPE_USD","2017",990.774,,,"T30:178","R1:3513"
"GRC","BA:317","EAR_EMTA_SEX_CUR_NB","SEX_T","CUR_TYPE_LCU","2016",873.344,,,"T30:178","R1:3513"
"GRC","BA:317","EAR_EMTA_SEX_CUR_NB","SEX_T","CUR_TYPE_PPP","2016",1322.081,,,"T30:178","R1:3513"
"GRC","BA:317","EAR_EMTA_SEX_CUR_NB","SEX_T","CUR_TYPE_USD","2016",966.705,,,"T30:178","R1:3513"
"GRC","BA:317","EAR_EMTA_SEX_CUR_NB","SEX_T","CUR_TYPE_LCU","2015",864.998,,,"T30:178","R1:3513"
"GRC","BA:317","EAR_EMTA_SEX_CUR_NB","SEX_T","CUR_TYPE_PPP","2015",1260.169,,,"T30:178","R1:3513"
"GRC","BA:317","EAR_EMTA_SEX_CUR_NB","SEX_T","CUR_TYPE_USD","2015",959.715,,,"T30:178","R1:3513"
"GRC","BA:317","EAR_EMTA_SEX_CUR_NB","SEX_T","CUR_TYPE_LCU","2014",880.729,,,"T8:127_T9:131_T10:139_T11:142_T12:145_T30:178","S5:40"
"GRC","BA:317","EAR_EMTA_SEX_CUR_NB","SEX_T","CUR_TYPE_PPP","2014",1283.951,,,"T8:127_T9:131_T10:139_T11:142_T12:145_T30:178","S5:40"
"GRC","BA:317","EAR_EMTA_SEX_CUR_NB","SEX_T","CUR_TYPE_USD","2014",1170.048,,,"T8:127_T9:131_T10:139_T11:142_T12:145_T30:178","S5:40"
"GRC","BA:317","EAR_EMTA_SEX_CUR_NB","SEX_T","CUR_TYPE_LCU","2013",903.227,,,"T8:127_T9:131_T10:139_T11:142_T12:145_T30:178","S5:40"
"GRC","BA:317","EAR_EMTA_SEX_CUR_NB","SEX_T","CUR_TYPE_PPP","2013",1254.724,,,"T8:127_T9:131_T10:139_T11:142_T12:145_T30:178","S5:40"
"GRC","BA:317","EAR_EMTA_SEX_CUR_NB","SEX_T","CUR_TYPE_USD","2013",1199.575,,,"T8:127_T9:131_T10:139_T11:142_T12:145_T30:178","S5:40"
"GRC","BA:317","EAR_EMTA_SEX_CUR_NB","SEX_T","CUR_TYPE_LCU","2012",954.143,,,"T8:127_T9:131_T10:139_T11:142_T12:145_T30:178","S5:40"
"GRC","BA:317","EAR_EMTA_SEX_CUR_NB","SEX_T","CUR_TYPE_PPP","2012",1252,,,"T8:127_T9:131_T10:139_T11:142_T12:145_T30:178","S5:40"
"GRC","BA:317","EAR_EMTA_SEX_CUR_NB","SEX_T","CUR_TYPE_USD","2012",1225.882,,,"T8:127_T9:131_T10:139_T11:142_T12:145_T30:178","S5:40"
"GRC","BA:317","EAR_EMTA_SEX_CUR_NB","SEX_T","CUR_TYPE_LCU","2011",1051.049,,,"T8:127_T9:131_T10:139_T11:142_T12:145_T30:178","S5:40"
"GRC","BA:317","EAR_EMTA_SEX_CUR_NB","SEX_T","CUR_TYPE_PPP","2011",1359.998,,,"T8:127_T9:131_T10:139_T11:142_T12:145_T30:178","S5:40"
"GRC","BA:317","EAR_EMTA_SEX_CUR_NB","SEX_T","CUR_TYPE_USD","2011",1463.06,,,"T8:127_T9:131_T10:139_T11:142_T12:145_T30:178","S5:40"
"GRC","BA:317","EAR_EMTA_SEX_CUR_NB","SEX_T","CUR_TYPE_LCU","2010",1065.925,,,"T8:127_T9:131_T10:139_T11:142_T12:145_T30:178","S5:40"
"GRC","BA:317","EAR_EMTA_SEX_CUR_NB","SEX_T","CUR_TYPE_PPP","2010",1359.088,,,"T8:127_T9:131_T10:139_T11:142_T12:145_T30:178","S5:40"
"GRC","BA:317","EAR_EMTA_SEX_CUR_NB","SEX_T","CUR_TYPE_USD","2010",1413.096,,,"T8:127_T9:131_T10:139_T11:142_T12:145_T30:178","S5:40"
"GRC","BA:317","EAR_EMTA_SEX_CUR_NB","SEX_T","CUR_TYPE_LCU","2009",1054.278,,,"T8:127_T9:131_T10:139_T11:142_T12:145_T30:178","S5:40"
"GRC","BA:317","EAR_EMTA_SEX_CUR_NB","SEX_T","CUR_TYPE_PPP","2009",1368.941,,,"T8:127_T9:131_T10:139_T11:142_T12:145_T30:178","S5:40"
"GRC","BA:317","EAR_EMTA_SEX_CUR_NB","SEX_T","CUR_TYPE_USD","2009",1470.506,,,"T8:127_T9:131_T10:139_T11:142_T12:145_T30:178","S5:40"
"GRC","BA:317","EAR_EMTA_SEX_CUR_NB","SEX_T","CUR_TYPE_LCU","2008",1010.075,,,"T8:127_T9:131_T10:139_T11:142_T12:145_T30:178","S5:40"
"GRC","BA:317","EAR_EMTA_SEX_CUR_NB","SEX_T","CUR_TYPE_PPP","2008",1315.291,,,"T8:127_T9:131_T10:139_T11:142_T12:145_T30:178","S5:40"
"GRC","BA:317","EAR_EMTA_SEX_CUR_NB","SEX_T","CUR_TYPE_USD","2008",1485.619,,,"T8:127_T9:131_T10:139_T11:142_T12:145_T30:178","S5:40"
"GRC","BA:317","EAR_EMTA_SEX_CUR_NB","SEX_T","CUR_TYPE_LCU","2007",973.424,,,"T9:131_T10:139_T11:142_T30:178","S5:40"
"GRC","BA:317","EAR_EMTA_SEX_CUR_NB","SEX_T","CUR_TYPE_PPP","2007",1248.572,,,"T9:131_T10:139_T11:142_T30:178","S5:40"
"GRC","BA:317","EAR_EMTA_SEX_CUR_NB","SEX_T","CUR_TYPE_USD","2007",1334.056,,,"T9:131_T10:139_T11:142_T30:178","S5:40"
"GRC","DA:3088","EAR_EMTA_SEX_CUR_NB","SEX_T","CUR_TYPE_LCU","2006",1651,,,"T30:178","R1:2383_S3:21_S8:3211_S8:3907_S6:48"
"GRC","DA:3088","EAR_EMTA_SEX_CUR_NB","SEX_T","CUR_TYPE_PPP","2006",2181.45,,,"T30:178","R1:2383_S3:21_S8:3211_S8:3907_S6:48"
"GRC","DA:3088","EAR_EMTA_SEX_CUR_NB","SEX_T","CUR_TYPE_USD","2006",2072.996,,,"T30:178","R1:2383_S3:21_S8:3211_S8:3907_S6:48"
"GRC","DA:3088","EAR_EMTA_SEX_CUR_NB","SEX_T","CUR_TYPE_LCU","2002",1263.72,,,"T30:178","R1:2383_S3:21_S8:2603_S8:3907_S6:48"
"GRC","DA:3088","EAR_EMTA_SEX_CUR_NB","SEX_T","CUR_TYPE_PPP","2002",1775.506,,,"T30:178","R1:2383_S3:21_S8:2603_S8:3907_S6:48"
"GRC","DA:3088","EAR_EMTA_SEX_CUR_NB","SEX_T","CUR_TYPE_USD","2002",1194.974,,,"T30:178","R1:2383_S3:21_S8:2603_S8:3907_S6:48"
"GTM","BA:660","EAR_EMTA_SEX_CUR_NB","SEX_T","CUR_TYPE_LCU","2024",3604.843,"B",,"T30:83_I11:264","R1:3513"
"GTM","BA:660","EAR_EMTA_SEX_CUR_NB","SEX_T","CUR_TYPE_PPP","2024",1037.935,"B",,"T30:83_I11:264","R1:3513"
"GTM","BA:660","EAR_EMTA_SEX_CUR_NB","SEX_T","CUR_TYPE_USD","2024",464.629,"B",,"T30:83_I11:264","R1:3513"
"GTM","BB:16732","EAR_EMTA_SEX_CUR_NB","SEX_T","CUR_TYPE_LCU","2023",2792.624,,,"T30:83","R1:3513"
"GTM","BB:16732","EAR_EMTA_SEX_CUR_NB","SEX_T","CUR_TYPE_PPP","2023",803.453,,,"T30:83","R1:3513"
"GTM","BB:16732","EAR_EMTA_SEX_CUR_NB","SEX_T","CUR_TYPE_USD","2023",356.567,,,"T30:83","R1:3513"
"GTM","BA:660","EAR_EMTA_SEX_CUR_NB","SEX_T","CUR_TYPE_LCU","2022",2982.123,"B",,"T5:1429_T30:83_I11:264","R1:3513"
"GTM","BA:660","EAR_EMTA_SEX_CUR_NB","SEX_T","CUR_TYPE_PPP","2022",875.198,"B",,"T5:1429_T30:83_I11:264","R1:3513"
"GTM","BA:660","EAR_EMTA_SEX_CUR_NB","SEX_T","CUR_TYPE_USD","2022",384.877,"B",,"T5:1429_T30:83_I11:264","R1:3513"
"GTM","BA:660","EAR_EMTA_SEX_CUR_NB","SEX_T","CUR_TYPE_LCU","2021",2780.84,,,"T30:83","R1:3513"
"GTM","BA:660","EAR_EMTA_SEX_CUR_NB","SEX_T","CUR_TYPE_PPP","2021",807.679,,,"T30:83","R1:3513"
"GTM","BA:660","EAR_EMTA_SEX_CUR_NB","SEX_T","CUR_TYPE_USD","2021",359.542,,,"T30:83","R1:3513"
"GTM","BA:660","EAR_EMTA_SEX_CUR_NB","SEX_T","CUR_TYPE_LCU","2019",2750.711,,,"T30:83","R1:3513"
"GTM","BA:660","EAR_EMTA_SEX_CUR_NB","SEX_T","CUR_TYPE_PPP","2019",766.059,,,"T30:83","R1:3513"
"GTM","BA:660","EAR_EMTA_SEX_CUR_NB","SEX_T","CUR_TYPE_USD","2019",357.388,,,"T30:83","R1:3513"
"GTM","BA:660","EAR_EMTA_SEX_CUR_NB","SEX_T","CUR_TYPE_LCU","2018",2662.159,,,"T30:83","R1:3513"
"GTM","BA:660","EAR_EMTA_SEX_CUR_NB","SEX_T","CUR_TYPE_PPP","2018",723.931,,,"T30:83","R1:3513"
"GTM","BA:660","EAR_EMTA_SEX_CUR_NB","SEX_T","CUR_TYPE_USD","2018",354.05,,,"T30:83","R1:3513"
"GTM","BA:660","EAR_EMTA_SEX_CUR_NB","SEX_T","CUR_TYPE_LCU","2017",2602.034,,,"T30:83","R1:3513"
"GTM","BA:660","EAR_EMTA_SEX_CUR_NB","SEX_T","CUR_TYPE_PPP","2017",700.325,,,"T30:83","R1:3513"
"GTM","BA:660","EAR_EMTA_SEX_CUR_NB","SEX_T","CUR_TYPE_USD","2017",354.118,,,"T30:83","R1:3513"
"GTM","BA:660","EAR_EMTA_SEX_CUR_NB","SEX_T","CUR_TYPE_LCU","2016",2584.206,,,"T30:83","R1:3513"
"GTM","BA:660","EAR_EMTA_SEX_CUR_NB","SEX_T","CUR_TYPE_PPP","2016",698.954,,,"T30:83","R1:3513"
"GTM","BA:660","EAR_EMTA_SEX_CUR_NB","SEX_T","CUR_TYPE_USD","2016",340.03,,,"T30:83","R1:3513"
"GTM","BA:660","EAR_EMTA_SEX_CUR_NB","SEX_T","CUR_TYPE_LCU","2015",2536.131,,,"T30:83","R1:3513"
"GTM","BA:660","EAR_EMTA_SEX_CUR_NB","SEX_T","CUR_TYPE_PPP","2015",682.415,,,"T30:83","R1:3513"
"GTM","BA:660","EAR_EMTA_SEX_CUR_NB","SEX_T","CUR_TYPE_USD","2015",331.312,,,"T30:83","R1:3513"
"GTM","BA:660","EAR_EMTA_SEX_CUR_NB","SEX_T","CUR_TYPE_LCU","2014",2577.006,"B",,"T30:83_I11:264","R1:3513"
"GTM","BA:660","EAR_EMTA_SEX_CUR_NB","SEX_T","CUR_TYPE_PPP","2014",681.095,"B",,"T30:83_I11:264","R1:3513"
"GTM","BA:660","EAR_EMTA_SEX_CUR_NB","SEX_T","CUR_TYPE_USD","2014",333.281,"B",,"T30:83_I11:264","R1:3513"
"GTM","BA:660","EAR_EMTA_SEX_CUR_NB","SEX_T","CUR_TYPE_LCU","2013",2457.578,"B",,"T30:83_I11:264","R1:3513"
"GTM","BA:660","EAR_EMTA_SEX_CUR_NB","SEX_T","CUR_TYPE_PPP","2013",644.318,"B",,"T30:83_I11:264","R1:3513"
"GTM","BA:660","EAR_EMTA_SEX_CUR_NB","SEX_T","CUR_TYPE_USD","2013",312.796,"B",,"T30:83_I11:264","R1:3513"
"GTM","BA:660","EAR_EMTA_SEX_CUR_NB","SEX_T","CUR_TYPE_LCU","2012",2264.647,,,"T30:83","R1:3513"
"GTM","BA:660","EAR_EMTA_SEX_CUR_NB","SEX_T","CUR_TYPE_PPP","2012",604.289,,,"T30:83","R1:3513"
"GTM","BA:660","EAR_EMTA_SEX_CUR_NB","SEX_T","CUR_TYPE_USD","2012",289.094,,,"T30:83","R1:3513"
"GTM","BA:660","EAR_EMTA_SEX_CUR_NB","SEX_T","CUR_TYPE_LCU","2011",2173.883,,,"T30:83","R1:3513"
"GTM","BA:660","EAR_EMTA_SEX_CUR_NB","SEX_T","CUR_TYPE_PPP","2011",558.493,,,"T30:83","R1:3513"
"GTM","BA:660","EAR_EMTA_SEX_CUR_NB","SEX_T","CUR_TYPE_USD","2011",279.225,,,"T30:83","R1:3513"
"GTM","BA:660","EAR_EMTA_SEX_CUR_NB","SEX_T","CUR_TYPE_LCU","2010",2166.921,"B",,"T30:83_I11:264","R1:3513"
"GTM","BA:660","EAR_EMTA_SEX_CUR_NB","SEX_T","CUR_TYPE_PPP","2010",573.204,"B",,"T30:83_I11:264","R1:3513"
"GTM","BA:660","EAR_EMTA_SEX_CUR_NB","SEX_T","CUR_TYPE_USD","2010",268.923,"B",,"T30:83_I11:264","R1:3513"
"GTM","FA:1203","EAR_EMTA_SEX_CUR_NB","SEX_T","CUR_TYPE_LCU","2008",2677.93,,,"T8:127_T9:133_T10:138_T33:396_T30:83","S9:66"
"GTM","FA:1203","EAR_EMTA_SEX_CUR_NB","SEX_T","CUR_TYPE_PPP","2008",739.934,,,"T8:127_T9:133_T10:138_T33:396_T30:83","S9:66"
"GTM","FA:1203","EAR_EMTA_SEX_CUR_NB","SEX_T","CUR_TYPE_USD","2008",354.222,,,"T8:127_T9:133_T10:138_T33:396_T30:83","S9:66"
"GTM","FA:1203","EAR_EMTA_SEX_CUR_NB","SEX_T","CUR_TYPE_LCU","2007",2564.12,,,"T8:127_T9:133_T10:138_T33:396_T30:83","S9:66"
"GTM","FA:1203","EAR_EMTA_SEX_CUR_NB","SEX_T","CUR_TYPE_PPP","2007",759.774,,,"T8:127_T9:133_T10:138_T33:396_T30:83","S9:66"
"GTM","FA:1203","EAR_EMTA_SEX_CUR_NB","SEX_T","CUR_TYPE_USD","2007",334.161,,,"T8:127_T9:133_T10:138_T33:396_T30:83","S9:66"
"GTM","BX:5867","EAR_EMTA_SEX_CUR_NB","SEX_T","CUR_TYPE_LCU","2006",2131.916,"B",,"T30:83_I11:264","R1:3513"
"GTM","BX:5867","EAR_EMTA_SEX_CUR_NB","SEX_T","CUR_TYPE_PPP","2006",656.084,"B",,"T30:83_I11:264","R1:3513"
"GTM","BX:5867","EAR_EMTA_SEX_CUR_NB","SEX_T","CUR_TYPE_USD","2006",280.418,"B",,"T30:83_I11:264","R1:3513"
"GTM","FA:1203","EAR_EMTA_SEX_CUR_NB","SEX_T","CUR_TYPE_LCU","2005",2329.16,,,"T8:127_T9:133_T10:138_T33:396_T30:83","S9:66"
"GTM","FA:1203","EAR_EMTA_SEX_CUR_NB","SEX_T","CUR_TYPE_PPP","2005",739.942,,,"T8:127_T9:133_T10:138_T33:396_T30:83","S9:66"
"GTM","FA:1203","EAR_EMTA_SEX_CUR_NB","SEX_T","CUR_TYPE_USD","2005",305.106,,,"T8:127_T9:133_T10:138_T33:396_T30:83","S9:66"
"GTM","BA:660","EAR_EMTA_SEX_CUR_NB","SEX_T","CUR_TYPE_LCU","2004",1684.397,"B",,"T30:83_I11:264","R1:3513"
"GTM","BA:660","EAR_EMTA_SEX_CUR_NB","SEX_T","CUR_TYPE_PPP","2004",564.692,"B",,"T30:83_I11:264","R1:3513"
"GTM","BA:660","EAR_EMTA_SEX_CUR_NB","SEX_T","CUR_TYPE_USD","2004",211.967,"B",,"T30:83_I11:264","R1:3513"
"GTM","BA:660","EAR_EMTA_SEX_CUR_NB","SEX_T","CUR_TYPE_LCU","2003",1746.948,"B",,"T30:83_I11:264","R1:3513"
"GTM","BA:660","EAR_EMTA_SEX_CUR_NB","SEX_T","CUR_TYPE_PPP","2003",613.619,"B",,"T30:83_I11:264","R1:3513"
"GTM","BA:660","EAR_EMTA_SEX_CUR_NB","SEX_T","CUR_TYPE_USD","2003",219.995,"B",,"T30:83_I11:264","R1:3513"
"GTM","BA:660","EAR_EMTA_SEX_CUR_NB","SEX_T","CUR_TYPE_LCU","2002",1678.841,"B",,"T30:83_I11:264","R1:3513"
"GTM","BA:660","EAR_EMTA_SEX_CUR_NB","SEX_T","CUR_TYPE_PPP","2002",608.917,"B",,"T30:83_I11:264","R1:3513"
"GTM","BA:660","EAR_EMTA_SEX_CUR_NB","SEX_T","CUR_TYPE_USD","2002",214.64,"B",,"T30:83_I11:264","R1:3513"
"GTM","FA:1203","EAR_EMTA_SEX_CUR_NB","SEX_T","CUR_TYPE_LCU","2001",1859.8,,,"T8:127_T9:133_T10:138_T33:396_T30:83","S9:66"
"GTM","FA:1203","EAR_EMTA_SEX_CUR_NB","SEX_T","CUR_TYPE_PPP","2001",718.022,,,"T8:127_T9:133_T10:138_T33:396_T30:83","S9:66"
"GTM","FA:1203","EAR_EMTA_SEX_CUR_NB","SEX_T","CUR_TYPE_USD","2001",236.658,,,"T8:127_T9:133_T10:138_T33:396_T30:83","S9:66"
"GTM","FA:1203","EAR_EMTA_SEX_CUR_NB","SEX_T","CUR_TYPE_LCU","2000",1724.8,,,"T8:127_T9:133_T10:138_T33:396_T30:83","S9:66"
"GTM","FA:1203","EAR_EMTA_SEX_CUR_NB","SEX_T","CUR_TYPE_PPP","2000",694.783,,,"T8:127_T9:133_T10:138_T33:396_T30:83","S9:66"
"GTM","FA:1203","EAR_EMTA_SEX_CUR_NB","SEX_T","CUR_TYPE_USD","2000",222.178,,,"T8:127_T9:133_T10:138_T33:396_T30:83","S9:66"
"GTM","FA:1203","EAR_EMTA_SEX_CUR_NB","SEX_T","CUR_TYPE_LCU","1999",1567.78,,,"T8:127_T9:133_T10:138_T33:396_T30:83","S9:66"
"GTM","FA:1203","EAR_EMTA_SEX_CUR_NB","SEX_T","CUR_TYPE_PPP","1999",647.42,,,"T8:127_T9:133_T10:138_T33:396_T30:83","S9:66"
"GTM","FA:1203","EAR_EMTA_SEX_CUR_NB","SEX_T","CUR_TYPE_USD","1999",212.275,,,"T8:127_T9:133_T10:138_T33:396_T30:83","S9:66"
"GTM","FA:1203","EAR_EMTA_SEX_CUR_NB","SEX_T","CUR_TYPE_LCU","1998",1408.51,,,"T8:127_T9:133_T10:138_T33:396_T30:83","S9:66"
"GTM","FA:1203","EAR_EMTA_SEX_CUR_NB","SEX_T","CUR_TYPE_PPP","1998",598.87,,,"T8:127_T9:133_T10:138_T33:396_T30:83","S9:66"
"GTM","FA:1203","EAR_EMTA_SEX_CUR_NB","SEX_T","CUR_TYPE_USD","1998",220.264,,,"T8:127_T9:133_T10:138_T33:396_T30:83","S9:66"
"GTM","FA:1203","EAR_EMTA_SEX_CUR_NB","SEX_T","CUR_TYPE_LCU","1997",1275.08,,,"T8:127_T9:133_T10:138_T33:396_T30:83","S9:66"
"GTM","FA:1203","EAR_EMTA_SEX_CUR_NB","SEX_T","CUR_TYPE_PPP","1997",569.158,,,"T8:127_T9:133_T10:138_T33:396_T30:83","S9:66"
"GTM","FA:1203","EAR_EMTA_SEX_CUR_NB","SEX_T","CUR_TYPE_USD","1997",210.226,,,"T8:127_T9:133_T10:138_T33:396_T30:83","S9:66"
"GTM","FA:1203","EAR_EMTA_SEX_CUR_NB","SEX_T","CUR_TYPE_LCU","1996",1136.02,,,"T8:127_T9:133_T10:138_T33:396_T30:83","S9:66"
"GTM","FA:1203","EAR_EMTA_SEX_CUR_NB","SEX_T","CUR_TYPE_PPP","1996",541.252,,,"T8:127_T9:133_T10:138_T33:396_T30:83","S9:66"
"GTM","FA:1203","EAR_EMTA_SEX_CUR_NB","SEX_T","CUR_TYPE_USD","1996",187.787,,,"T8:127_T9:133_T10:138_T33:396_T30:83","S9:66"
"GTM","FA:1203","EAR_EMTA_SEX_CUR_NB","SEX_T","CUR_TYPE_LCU","1995",932.76,,,"T8:127_T9:133_T10:138_T33:396_T30:83","S9:66"
"GTM","FA:1203","EAR_EMTA_SEX_CUR_NB","SEX_T","CUR_TYPE_PPP","1995",479.492,,,"T8:127_T9:133_T10:138_T33:396_T30:83","S9:66"
"GTM","FA:1203","EAR_EMTA_SEX_CUR_NB","SEX_T","CUR_TYPE_USD","1995",160.534,,,"T8:127_T9:133_T10:138_T33:396_T30:83","S9:66"
"GTM","FA:1203","EAR_EMTA_SEX_CUR_NB","SEX_T","CUR_TYPE_LCU","1994",768.13,,,"T8:127_T9:133_T10:138_T33:396_T30:83","S9:66"
"GTM","FA:1203","EAR_EMTA_SEX_CUR_NB","SEX_T","CUR_TYPE_PPP","1994",416.395,,,"T8:127_T9:133_T10:138_T33:396_T30:83","S9:66"
"GTM","FA:1203","EAR_EMTA_SEX_CUR_NB","SEX_T","CUR_TYPE_USD","1994",133.56,,,"T8:127_T9:133_T10:138_T33:396_T30:83","S9:66"
"GTM","FA:1203","EAR_EMTA_SEX_CUR_NB","SEX_T","CUR_TYPE_LCU","1993",678.45,,,"T8:127_T9:133_T10:138_T33:396_T30:83","S9:66"
"GTM","FA:1203","EAR_EMTA_SEX_CUR_NB","SEX_T","CUR_TYPE_PPP","1993",397.344,,,"T8:127_T9:133_T10:138_T33:396_T30:83","S9:66"
"GTM","FA:1203","EAR_EMTA_SEX_CUR_NB","SEX_T","CUR_TYPE_USD","1993",120.391,,,"T8:127_T9:133_T10:138_T33:396_T30:83","S9:66"
"GTM","FA:1203","EAR_EMTA_SEX_CUR_NB","SEX_T","CUR_TYPE_LCU","1992",559.08,,,"T8:127_T9:133_T10:138_T33:396_T30:83","S9:66"
"GTM","FA:1203","EAR_EMTA_SEX_CUR_NB","SEX_T","CUR_TYPE_PPP","1992",355.637,,,"T8:127_T9:133_T10:138_T33:396_T30:83","S9:66"
"GTM","FA:1203","EAR_EMTA_SEX_CUR_NB","SEX_T","CUR_TYPE_USD","1992",108.126,,,"T8:127_T9:133_T10:138_T33:396_T30:83","S9:66"
"GTM","FA:1203","EAR_EMTA_SEX_CUR_NB","SEX_T","CUR_TYPE_LCU","1991",441.05,,,"T8:127_T9:133_T10:138_T33:396_T30:83","S9:66"
"GTM","FA:1203","EAR_EMTA_SEX_CUR_NB","SEX_T","CUR_TYPE_PPP","1991",299.665,,,"T8:127_T9:133_T10:138_T33:396_T30:83","S9:66"
"GTM","FA:1203","EAR_EMTA_SEX_CUR_NB","SEX_T","CUR_TYPE_USD","1991",87.703,,,"T8:127_T9:133_T10:138_T33:396_T30:83","S9:66"
"GTM","FA:1203","EAR_EMTA_SEX_CUR_NB","SEX_T","CUR_TYPE_LCU","1990",348.86,,,"T8:127_T9:133_T10:138_T33:396_T30:83","S9:66"
"GTM","FA:1203","EAR_EMTA_SEX_CUR_NB","SEX_T","CUR_TYPE_PPP","1990",302.818,,,"T8:127_T9:133_T10:138_T33:396_T30:83","S9:66"
"GTM","FA:1203","EAR_EMTA_SEX_CUR_NB","SEX_T","CUR_TYPE_USD","1990",77.771,,,"T8:127_T9:133_T10:138_T33:396_T30:83","S9:66"
"GTM","FA:1203","EAR_EMTA_SEX_CUR_NB","SEX_T","CUR_TYPE_LCU","1989",302.15,,,"T8:127_T9:133_T10:138_T33:396_T30:83","S9:66"
"GTM","FA:1203","EAR_EMTA_SEX_CUR_NB","SEX_T","CUR_TYPE_USD","1989",107.293,,,"T8:127_T9:133_T10:138_T33:396_T30:83","S9:66"
"GUM","DA:1211","EAR_EMTA_SEX_CUR_NB","SEX_T","CUR_TYPE_LCU","2016",2065.332,,,"T34:2127_T30:215","S3:23_S7:57"
"GUM","DA:1211","EAR_EMTA_SEX_CUR_NB","SEX_T","CUR_TYPE_PPP","2016",1858.975,,,"T34:2127_T30:215","S3:23_S7:57"
"GUM","DA:1211","EAR_EMTA_SEX_CUR_NB","SEX_T","CUR_TYPE_USD","2016",2065.332,,,"T34:2127_T30:215","S3:23_S7:57"
"GUM","DA:1211","EAR_EMTA_SEX_CUR_NB","SEX_T","CUR_TYPE_LCU","2015",2082.622,,,"T34:2127_T30:215","S3:23_S7:57"
"GUM","DA:1211","EAR_EMTA_SEX_CUR_NB","SEX_T","CUR_TYPE_PPP","2015",1962.254,,,"T34:2127_T30:215","S3:23_S7:57"
"GUM","DA:1211","EAR_EMTA_SEX_CUR_NB","SEX_T","CUR_TYPE_USD","2015",2082.622,,,"T34:2127_T30:215","S3:23_S7:57"
"GUM","DA:1211","EAR_EMTA_SEX_CUR_NB","SEX_T","CUR_TYPE_LCU","2014",2074.763,,,"T34:2127_T30:215","S3:23_S7:57"
"GUM","DA:1211","EAR_EMTA_SEX_CUR_NB","SEX_T","CUR_TYPE_PPP","2014",1934.96,,,"T34:2127_T30:215","S3:23_S7:57"
"GUM","DA:1211","EAR_EMTA_SEX_CUR_NB","SEX_T","CUR_TYPE_USD","2014",2074.763,,,"T34:2127_T30:215","S3:23_S7:57"
"GUM","DA:1211","EAR_EMTA_SEX_CUR_NB","SEX_T","CUR_TYPE_LCU","2013",2007.176,,,"T34:2127_T30:215","S3:23_S7:57"
"GUM","DA:1211","EAR_EMTA_SEX_CUR_NB","SEX_T","CUR_TYPE_PPP","2013",1856.781,,,"T34:2127_T30:215","S3:23_S7:57"
"GUM","DA:1211","EAR_EMTA_SEX_CUR_NB","SEX_T","CUR_TYPE_USD","2013",2007.176,,,"T34:2127_T30:215","S3:23_S7:57"
"GUM","DA:1211","EAR_EMTA_SEX_CUR_NB","SEX_T","CUR_TYPE_LCU","2012",2035.468,,,"T34:2127_T30:215","S3:23_S7:57"
"GUM","DA:1211","EAR_EMTA_SEX_CUR_NB","SEX_T","CUR_TYPE_PPP","2012",1855.77,,,"T34:2127_T30:215","S3:23_S7:57"
"GUM","DA:1211","EAR_EMTA_SEX_CUR_NB","SEX_T","CUR_TYPE_USD","2012",2035.468,,,"T34:2127_T30:215","S3:23_S7:57"
"GUM","DA:1211","EAR_EMTA_SEX_CUR_NB","SEX_T","CUR_TYPE_LCU","2011",1942.732,"U",,"T34:2127_T30:215","S3:23_S7:57"
"GUM","DA:1211","EAR_EMTA_SEX_CUR_NB","SEX_T","CUR_TYPE_PPP","2011",1790.842,"U",,"T34:2127_T30:215","S3:23_S7:57"
"GUM","DA:1211","EAR_EMTA_SEX_CUR_NB","SEX_T","CUR_TYPE_USD","2011",1942.732,"U",,"T34:2127_T30:215","S3:23_S7:57"
"GUM","DA:1211","EAR_EMTA_SEX_CUR_NB","SEX_T","CUR_TYPE_LCU","2010",1944.304,,,"T34:2127_T30:215","S3:23_S7:57"
"GUM","DA:1211","EAR_EMTA_SEX_CUR_NB","SEX_T","CUR_TYPE_USD","2010",1944.304,,,"T34:2127_T30:215","S3:23_S7:57"
"GUM","DA:1211","EAR_EMTA_SEX_CUR_NB","SEX_T","CUR_TYPE_LCU","2009",1911.297,,,"T34:2127_T30:215","S3:23_S7:57"
"GUM","DA:1211","EAR_EMTA_SEX_CUR_NB","SEX_T","CUR_TYPE_USD","2009",1911.297,,,"T34:2127_T30:215","S3:23_S7:57"
"GUM","DA:1211","EAR_EMTA_SEX_CUR_NB","SEX_T","CUR_TYPE_LCU","2008",1802.843,,,"T8:127_T9:133_T10:138_T33:396_T30:215","S3:23_S7:57_S9:67"
"GUM","DA:1211","EAR_EMTA_SEX_CUR_NB","SEX_T","CUR_TYPE_USD","2008",1802.843,,,"T8:127_T9:133_T10:138_T33:396_T30:215","S3:23_S7:57_S9:67"
"GUM","DA:1211","EAR_EMTA_SEX_CUR_NB","SEX_T","CUR_TYPE_LCU","2007",1779.439,,,"T8:127_T9:133_T10:138_T33:396_T30:215","S3:23_S7:57_S9:67"
"GUM","DA:1211","EAR_EMTA_SEX_CUR_NB","SEX_T","CUR_TYPE_USD","2007",1779.439,,,"T8:127_T9:133_T10:138_T33:396_T30:215","S3:23_S7:57_S9:67"
"GUM","DA:1211","EAR_EMTA_SEX_CUR_NB","SEX_T","CUR_TYPE_LCU","2006",1671.021,,,"T8:127_T9:133_T10:138_T33:396_T30:215","S3:23_S7:57_S9:67"
"GUM","DA:1211","EAR_EMTA_SEX_CUR_NB","SEX_T","CUR_TYPE_USD","2006",1671.021,,,"T8:127_T9:133_T10:138_T33:396_T30:215","S3:23_S7:57_S9:67"
"GUM","DA:1211","EAR_EMTA_SEX_CUR_NB","SEX_T","CUR_TYPE_LCU","2005",1686.6,,,"T8:127_T9:133_T10:138_T33:396_T30:215","S3:23_S7:57_S9:67"
"GUM","DA:1211","EAR_EMTA_SEX_CUR_NB","SEX_T","CUR_TYPE_USD","2005",1686.6,,,"T8:127_T9:133_T10:138_T33:396_T30:215","S3:23_S7:57_S9:67"
"GUM","DA:1211","EAR_EMTA_SEX_CUR_NB","SEX_T","CUR_TYPE_LCU","2004",1733.684,,,"T8:127_T9:133_T10:138_T33:396_T30:215","S3:23_S7:57_S9:67"
"GUM","DA:1211","EAR_EMTA_SEX_CUR_NB","SEX_T","CUR_TYPE_USD","2004",1733.684,,,"T8:127_T9:133_T10:138_T33:396_T30:215","S3:23_S7:57_S9:67"
"GUM","DA:1211","EAR_EMTA_SEX_CUR_NB","SEX_T","CUR_TYPE_LCU","2003",1706.938,,,"T8:127_T9:133_T10:138_T33:396_T30:215","S3:23_S7:57_S9:67"
"GUM","DA:1211","EAR_EMTA_SEX_CUR_NB","SEX_T","CUR_TYPE_USD","2003",1706.938,,,"T8:127_T9:133_T10:138_T33:396_T30:215","S3:23_S7:57_S9:67"
"GUM","DA:1211","EAR_EMTA_SEX_CUR_NB","SEX_T","CUR_TYPE_LCU","2002",1506.156,,,"T8:127_T9:133_T10:138_T33:396_T30:215","S3:23_S7:57_S9:67"
"GUM","DA:1211","EAR_EMTA_SEX_CUR_NB","SEX_T","CUR_TYPE_USD","2002",1506.156,,,"T8:127_T9:133_T10:138_T33:396_T30:215","S3:23_S7:57_S9:67"
"GUM","DA:1211","EAR_EMTA_SEX_CUR_NB","SEX_T","CUR_TYPE_LCU","2001",1511.876,,,"T8:127_T9:133_T10:138_T33:396_T30:215","S3:23_S7:57_S9:67"
"GUM","DA:1211","EAR_EMTA_SEX_CUR_NB","SEX_T","CUR_TYPE_USD","2001",1511.876,,,"T8:127_T9:133_T10:138_T33:396_T30:215","S3:23_S7:57_S9:67"
"GUM","DA:1211","EAR_EMTA_SEX_CUR_NB","SEX_T","CUR_TYPE_LCU","2000",1630.938,,,"T8:127_T9:133_T10:138_T33:396_T30:215","S3:23_S7:57_S9:67"
"GUM","DA:1211","EAR_EMTA_SEX_CUR_NB","SEX_T","CUR_TYPE_USD","2000",1630.938,,,"T8:127_T9:133_T10:138_T33:396_T30:215","S3:23_S7:57_S9:67"
"GUM","DA:1211","EAR_EMTA_SEX_CUR_NB","SEX_T","CUR_TYPE_LCU","1995",1545.083,,,"T8:127_T9:133_T10:138_T33:396_T30:215","S3:23_S7:57_S9:67"
"GUM","DA:1211","EAR_EMTA_SEX_CUR_NB","SEX_T","CUR_TYPE_USD","1995",1545.083,,,"T8:127_T9:133_T10:138_T33:396_T30:215","S3:23_S7:57_S9:67"
"GUM","DA:1211","EAR_EMTA_SEX_CUR_NB","SEX_T","CUR_TYPE_LCU","1994",1525.286,,,"T8:127_T9:133_T10:138_T33:396_T30:215","S3:23_S7:57_S9:67"
"GUM","DA:1211","EAR_EMTA_SEX_CUR_NB","SEX_T","CUR_TYPE_USD","1994",1525.286,,,"T8:127_T9:133_T10:138_T33:396_T30:215","S3:23_S7:57_S9:67"
"GUM","DA:1211","EAR_EMTA_SEX_CUR_NB","SEX_T","CUR_TYPE_LCU","1993",1430.909,,,"T8:127_T9:133_T10:138_T33:396_T30:215","S3:23_S7:57_S9:67"
"GUM","DA:1211","EAR_EMTA_SEX_CUR_NB","SEX_T","CUR_TYPE_USD","1993",1430.909,,,"T8:127_T9:133_T10:138_T33:396_T30:215","S3:23_S7:57_S9:67"
"GUM","DA:1211","EAR_EMTA_SEX_CUR_NB","SEX_T","CUR_TYPE_LCU","1992",1409.233,,,"T8:127_T9:133_T10:138_T33:396_T30:215","S3:23_S7:57_S9:67"
"GUM","DA:1211","EAR_EMTA_SEX_CUR_NB","SEX_T","CUR_TYPE_USD","1992",1409.233,,,"T8:127_T9:133_T10:138_T33:396_T30:215","S3:23_S7:57_S9:67"
"GUM","DA:1211","EAR_EMTA_SEX_CUR_NB","SEX_T","CUR_TYPE_LCU","1991",1374.489,,,"T8:127_T9:133_T10:138_T33:396_T30:215","S3:23_S7:57_S9:67"
"GUM","DA:1211","EAR_EMTA_SEX_CUR_NB","SEX_T","CUR_TYPE_USD","1991",1374.489,,,"T8:127_T9:133_T10:138_T33:396_T30:215","S3:23_S7:57_S9:67"
"GUM","DA:1211","EAR_EMTA_SEX_CUR_NB","SEX_T","CUR_TYPE_LCU","1990",1273.02,,,"T8:127_T9:133_T10:138_T33:396_T30:215","S3:23_S7:57_S9:67"
"GUM","DA:1211","EAR_EMTA_SEX_CUR_NB","SEX_T","CUR_TYPE_USD","1990",1273.02,,,"T8:127_T9:133_T10:138_T33:396_T30:215","S3:23_S7:57_S9:67"
"GUM","DA:1211","EAR_EMTA_SEX_CUR_NB","SEX_T","CUR_TYPE_LCU","1989",1156.526,,,"T8:127_T9:133_T10:138_T33:396_T30:215","S3:23_S7:57_S9:67"
"GUM","DA:1211","EAR_EMTA_SEX_CUR_NB","SEX_T","CUR_TYPE_USD","1989",1156.526,,,"T8:127_T9:133_T10:138_T33:396_T30:215","S3:23_S7:57_S9:67"
"GUY","BA:1214","EAR_EMTA_SEX_CUR_NB","SEX_T","CUR_TYPE_LCU","2021",88397.604,,,"T30:84","R1:3513"
"GUY","BA:1214","EAR_EMTA_SEX_CUR_NB","SEX_T","CUR_TYPE_PPP","2021",888.778,,,"T30:84","R1:3513"
"GUY","BA:1214","EAR_EMTA_SEX_CUR_NB","SEX_T","CUR_TYPE_USD","2021",423.969,,,"T30:84","R1:3513"
"GUY","BA:1214","EAR_EMTA_SEX_CUR_NB","SEX_T","CUR_TYPE_LCU","2020",83561.373,,,"T30:84","R1:3513"
"GUY","BA:1214","EAR_EMTA_SEX_CUR_NB","SEX_T","CUR_TYPE_PPP","2020",808.265,,,"T30:84","R1:3513"
"GUY","BA:1214","EAR_EMTA_SEX_CUR_NB","SEX_T","CUR_TYPE_USD","2020",400.774,,,"T30:84","R1:3513"
"GUY","BA:1214","EAR_EMTA_SEX_CUR_NB","SEX_T","CUR_TYPE_LCU","2019",81920.778,,,"T30:84","R1:3513"
"GUY","BA:1214","EAR_EMTA_SEX_CUR_NB","SEX_T","CUR_TYPE_PPP","2019",749.325,,,"T30:84","R1:3513"
"GUY","BA:1214","EAR_EMTA_SEX_CUR_NB","SEX_T","CUR_TYPE_USD","2019",392.905,,,"T30:84","R1:3513"
"GUY","BA:1214","EAR_EMTA_SEX_CUR_NB","SEX_T","CUR_TYPE_LCU","2018",76799.898,"B",,"T30:84_I11:264","R1:3513"
"GUY","BA:1214","EAR_EMTA_SEX_CUR_NB","SEX_T","CUR_TYPE_PPP","2018",678.706,"B",,"T30:84_I11:264","R1:3513"
"GUY","BA:1214","EAR_EMTA_SEX_CUR_NB","SEX_T","CUR_TYPE_USD","2018",369.734,"B",,"T30:84_I11:264","R1:3513"
"GUY","DA:1215","EAR_EMTA_SEX_CUR_NB","SEX_T","CUR_TYPE_LCU","2007",77750,,,"T8:127_T9:133_T10:138_T33:396_T30:84","S3:18_S9:66"
"GUY","DA:1215","EAR_EMTA_SEX_CUR_NB","SEX_T","CUR_TYPE_PPP","2007",718.834,,,"T8:127_T9:133_T10:138_T33:396_T30:84","S3:18_S9:66"
"GUY","DA:1215","EAR_EMTA_SEX_CUR_NB","SEX_T","CUR_TYPE_USD","2007",384.242,,,"T8:127_T9:133_T10:138_T33:396_T30:84","S3:18_S9:66"
"GUY","DA:1215","EAR_EMTA_SEX_CUR_NB","SEX_T","CUR_TYPE_LCU","2006",62624,,,"T8:127_T9:133_T10:138_T33:396_T30:84","S3:18_S9:66"
"GUY","DA:1215","EAR_EMTA_SEX_CUR_NB","SEX_T","CUR_TYPE_PPP","2006",631.607,,,"T8:127_T9:133_T10:138_T33:396_T30:84","S3:18_S9:66"
"GUY","DA:1215","EAR_EMTA_SEX_CUR_NB","SEX_T","CUR_TYPE_USD","2006",312.825,,,"T8:127_T9:133_T10:138_T33:396_T30:84","S3:18_S9:66"
"GUY","DA:1215","EAR_EMTA_SEX_CUR_NB","SEX_T","CUR_TYPE_LCU","2004",73922,,,"T8:127_T9:133_T10:138_T33:396_T30:84","S3:18_S9:66"
"GUY","DA:1215","EAR_EMTA_SEX_CUR_NB","SEX_T","CUR_TYPE_PPP","2004",796.808,,,"T8:127_T9:133_T10:138_T33:396_T30:84","S3:18_S9:66"
"GUY","DA:1215","EAR_EMTA_SEX_CUR_NB","SEX_T","CUR_TYPE_USD","2004",372.764,,,"T8:127_T9:133_T10:138_T33:396_T30:84","S3:18_S9:66"
"GUY","DA:1215","EAR_EMTA_SEX_CUR_NB","SEX_T","CUR_TYPE_LCU","2003",53910,,,"T8:127_T9:133_T10:138_T33:396_T30:84","S3:18_S9:66"
"GUY","DA:1215","EAR_EMTA_SEX_CUR_NB","SEX_T","CUR_TYPE_PPP","2003",592.367,,,"T8:127_T9:133_T10:138_T33:396_T30:84","S3:18_S9:66"
"GUY","DA:1215","EAR_EMTA_SEX_CUR_NB","SEX_T","CUR_TYPE_USD","2003",278.061,,,"T8:127_T9:133_T10:138_T33:396_T30:84","S3:18_S9:66"
"HKG","BA:231","EAR_EMTA_SEX_CUR_NB","SEX_T","CUR_TYPE_LCU","2016",15000,,,"T8:128_T9:133_T10:138_T12:145_T30:120","S4:1437_S5:40"
"HKG","BA:231","EAR_EMTA_SEX_CUR_NB","SEX_T","CUR_TYPE_PPP","2016",2323.573,,,"T8:128_T9:133_T10:138_T12:145_T30:120","S4:1437_S5:40"
"HKG","BA:231","EAR_EMTA_SEX_CUR_NB","SEX_T","CUR_TYPE_USD","2016",1932.429,,,"T8:128_T9:133_T10:138_T12:145_T30:120","S4:1437_S5:40"
"HKG","BA:231","EAR_EMTA_SEX_CUR_NB","SEX_T","CUR_TYPE_LCU","2015",14200,,,"T8:128_T9:133_T10:138_T12:145_T30:120","S4:1437_S5:40"
"HKG","BA:231","EAR_EMTA_SEX_CUR_NB","SEX_T","CUR_TYPE_PPP","2015",2244.407,,,"T8:128_T9:133_T10:138_T12:145_T30:120","S4:1437_S5:40"
"HKG","BA:231","EAR_EMTA_SEX_CUR_NB","SEX_T","CUR_TYPE_USD","2015",1831.844,,,"T8:128_T9:133_T10:138_T12:145_T30:120","S4:1437_S5:40"
"HKG","BA:231","EAR_EMTA_SEX_CUR_NB","SEX_T","CUR_TYPE_LCU","2014",13000,,,"T8:128_T9:133_T10:138_T12:145_T30:120","S4:1437_S5:40"
"HKG","BA:231","EAR_EMTA_SEX_CUR_NB","SEX_T","CUR_TYPE_PPP","2014",2059.038,,,"T8:128_T9:133_T10:138_T12:145_T30:120","S4:1437_S5:40"
"HKG","BA:231","EAR_EMTA_SEX_CUR_NB","SEX_T","CUR_TYPE_USD","2014",1676.536,,,"T8:128_T9:133_T10:138_T12:145_T30:120","S4:1437_S5:40"
"HKG","BA:231","EAR_EMTA_SEX_CUR_NB","SEX_T","CUR_TYPE_LCU","2013",12600,,,"T8:128_T9:133_T10:138_T12:145_T30:120","S4:1437_S5:40"
"HKG","BA:231","EAR_EMTA_SEX_CUR_NB","SEX_T","CUR_TYPE_PPP","2013",2066.963,,,"T8:128_T9:133_T10:138_T12:145_T30:120","S4:1437_S5:40"
"HKG","BA:231","EAR_EMTA_SEX_CUR_NB","SEX_T","CUR_TYPE_USD","2013",1624.549,,,"T8:128_T9:133_T10:138_T12:145_T30:120","S4:1437_S5:40"
"HKG","BA:231","EAR_EMTA_SEX_CUR_NB","SEX_T","CUR_TYPE_LCU","2012",12000,,,"T8:128_T9:133_T10:138_T12:145_T30:120","S4:1437_S5:40"
"HKG","BA:231","EAR_EMTA_SEX_CUR_NB","SEX_T","CUR_TYPE_PPP","2012",2088.934,,,"T8:128_T9:133_T10:138_T12:145_T30:120","S4:1437_S5:40"
"HKG","BA:231","EAR_EMTA_SEX_CUR_NB","SEX_T","CUR_TYPE_USD","2012",1547.106,,,"T8:128_T9:133_T10:138_T12:145_T30:120","S4:1437_S5:40"
"HKG","BA:231","EAR_EMTA_SEX_CUR_NB","SEX_T","CUR_TYPE_LCU","2011",11000,,,"T8:128_T9:133_T10:138_T12:145_T30:120","S4:1437_S5:40"
"HKG","BA:231","EAR_EMTA_SEX_CUR_NB","SEX_T","CUR_TYPE_PPP","2011",1947.938,,,"T8:128_T9:133_T10:138_T12:145_T30:120","S4:1437_S5:40"
"HKG","BA:231","EAR_EMTA_SEX_CUR_NB","SEX_T","CUR_TYPE_USD","2011",1413.155,,,"T8:128_T9:133_T10:138_T12:145_T30:120","S4:1437_S5:40"
"HKG","BA:231","EAR_EMTA_SEX_CUR_NB","SEX_T","CUR_TYPE_LCU","2010",11000,,,"T8:128_T9:133_T10:138_T12:145_T30:120","S4:1437_S5:40"
"HKG","BA:231","EAR_EMTA_SEX_CUR_NB","SEX_T","CUR_TYPE_PPP","2010",1988.507,,,"T8:128_T9:133_T10:138_T12:145_T30:120","S4:1437_S5:40"
"HKG","BA:231","EAR_EMTA_SEX_CUR_NB","SEX_T","CUR_TYPE_USD","2010",1415.853,,,"T8:128_T9:133_T10:138_T12:145_T30:120","S4:1437_S5:40"
"HKG","BA:231","EAR_EMTA_SEX_CUR_NB","SEX_T","CUR_TYPE_LCU","2009",10500,,,"T8:128_T9:133_T10:138_T12:145_T30:120","S4:1437_S5:40"
"HKG","BA:231","EAR_EMTA_SEX_CUR_NB","SEX_T","CUR_TYPE_PPP","2009",1910.312,,,"T8:128_T9:133_T10:138_T12:145_T30:120","S4:1437_S5:40"
"HKG","BA:231","EAR_EMTA_SEX_CUR_NB","SEX_T","CUR_TYPE_USD","2009",1354.533,,,"T8:128_T9:133_T10:138_T12:145_T30:120","S4:1437_S5:40"
"HKG","BA:231","EAR_EMTA_SEX_CUR_NB","SEX_T","CUR_TYPE_LCU","2007",10000.1,,,"T8:128_T9:133_T10:138_T33:396_T30:120","S9:66"
"HKG","BA:231","EAR_EMTA_SEX_CUR_NB","SEX_T","CUR_TYPE_PPP","2007",1844.642,,,"T8:128_T9:133_T10:138_T33:396_T30:120","S9:66"
"HKG","BA:231","EAR_EMTA_SEX_CUR_NB","SEX_T","CUR_TYPE_USD","2007",1281.831,,,"T8:128_T9:133_T10:138_T33:396_T30:120","S9:66"
"HKG","BA:231","EAR_EMTA_SEX_CUR_NB","SEX_T","CUR_TYPE_LCU","2004",9500,,,"T8:128_T9:133_T10:138_T33:396_T30:120","S9:66"
"HKG","BA:231","EAR_EMTA_SEX_CUR_NB","SEX_T","CUR_TYPE_PPP","2004",1675.181,,,"T8:128_T9:133_T10:138_T33:396_T30:120","S9:66"
"HKG","BA:231","EAR_EMTA_SEX_CUR_NB","SEX_T","CUR_TYPE_USD","2004",1219.825,,,"T8:128_T9:133_T10:138_T33:396_T30:120","S9:66"
"HKG","BA:231","EAR_EMTA_SEX_CUR_NB","SEX_T","CUR_TYPE_LCU","2003",10000,,,"T8:128_T9:133_T10:138_T33:396_T30:120","S9:66"
"HKG","BA:231","EAR_EMTA_SEX_CUR_NB","SEX_T","CUR_TYPE_PPP","2003",1712.652,,,"T8:128_T9:133_T10:138_T33:396_T30:120","S9:66"
"HKG","BA:231","EAR_EMTA_SEX_CUR_NB","SEX_T","CUR_TYPE_USD","2003",1284.233,,,"T8:128_T9:133_T10:138_T33:396_T30:120","S9:66"
"HND","BX:504","EAR_EMTA_SEX_CUR_NB","SEX_T","CUR_TYPE_LCU","2025",11248.067,,,"T30:87","R1:3513_S3:9"
"HND","BX:504","EAR_EMTA_SEX_CUR_NB","SEX_T","CUR_TYPE_PPP","2025",891.501,,,"T30:87","R1:3513_S3:9"
"HND","BX:504","EAR_EMTA_SEX_CUR_NB","SEX_T","CUR_TYPE_USD","2025",433.407,,,"T30:87","R1:3513_S3:9"
"HND","BX:504","EAR_EMTA_SEX_CUR_NB","SEX_T","CUR_TYPE_LCU","2024",10674.584,,,"T30:87","R1:3513_S3:9"
"HND","BX:504","EAR_EMTA_SEX_CUR_NB","SEX_T","CUR_TYPE_PPP","2024",861.687,,,"T30:87","R1:3513_S3:9"
"HND","BX:504","EAR_EMTA_SEX_CUR_NB","SEX_T","CUR_TYPE_USD","2024",430.439,,,"T30:87","R1:3513_S3:9"
"HND","BX:504","EAR_EMTA_SEX_CUR_NB","SEX_T","CUR_TYPE_LCU","2023",9542.655,,,"T30:87","R1:3513_S3:9"
"HND","BX:504","EAR_EMTA_SEX_CUR_NB","SEX_T","CUR_TYPE_PPP","2023",782.71,,,"T30:87","R1:3513_S3:9"
"HND","BX:504","EAR_EMTA_SEX_CUR_NB","SEX_T","CUR_TYPE_USD","2023",387.887,,,"T30:87","R1:3513_S3:9"
"HND","BX:504","EAR_EMTA_SEX_CUR_NB","SEX_T","CUR_TYPE_LCU","2022",9217.472,,,"T30:87","R1:3513_S3:9"
"HND","BX:504","EAR_EMTA_SEX_CUR_NB","SEX_T","CUR_TYPE_PPP","2022",774.532,,,"T30:87","R1:3513_S3:9"
"HND","BX:504","EAR_EMTA_SEX_CUR_NB","SEX_T","CUR_TYPE_USD","2022",376.44,,,"T30:87","R1:3513_S3:9"
"HND","BX:504","EAR_EMTA_SEX_CUR_NB","SEX_T","CUR_TYPE_LCU","2021",8413.258,,,"T30:87","R1:3513_S3:9"
"HND","BX:504","EAR_EMTA_SEX_CUR_NB","SEX_T","CUR_TYPE_PPP","2021",714.069,,,"T30:87","R1:3513_S3:9"
"HND","BX:504","EAR_EMTA_SEX_CUR_NB","SEX_T","CUR_TYPE_USD","2021",350.309,,,"T30:87","R1:3513_S3:9"
"HND","BX:504","EAR_EMTA_SEX_CUR_NB","SEX_T","CUR_TYPE_LCU","2020",8296.334,"B",,"T30:87_I11:264","R1:3513_S3:9"
"HND","BX:504","EAR_EMTA_SEX_CUR_NB","SEX_T","CUR_TYPE_PPP","2020",716.084,"B",,"T30:87_I11:264","R1:3513_S3:9"
"HND","BX:504","EAR_EMTA_SEX_CUR_NB","SEX_T","CUR_TYPE_USD","2020",337.498,"B",,"T30:87_I11:264","R1:3513_S3:9"
"HND","BX:504","EAR_EMTA_SEX_CUR_NB","SEX_T","CUR_TYPE_LCU","2019",7338.608,,,"T30:87","R1:3513_S3:9"
"HND","BX:504","EAR_EMTA_SEX_CUR_NB","SEX_T","CUR_TYPE_PPP","2019",641.912,,,"T30:87","R1:3513_S3:9"
"HND","BX:504","EAR_EMTA_SEX_CUR_NB","SEX_T","CUR_TYPE_USD","2019",299.431,,,"T30:87","R1:3513_S3:9"
"HND","BX:504","EAR_EMTA_SEX_CUR_NB","SEX_T","CUR_TYPE_LCU","2018",6650.171,"B",,"T30:87_I11:264","R1:3513_S3:9"
"HND","BX:504","EAR_EMTA_SEX_CUR_NB","SEX_T","CUR_TYPE_PPP","2018",596.48,"B",,"T30:87_I11:264","R1:3513_S3:9"
"HND","BX:504","EAR_EMTA_SEX_CUR_NB","SEX_T","CUR_TYPE_USD","2018",278.218,"B",,"T30:87_I11:264","R1:3513_S3:9"
"HND","BX:504","EAR_EMTA_SEX_CUR_NB","SEX_T","CUR_TYPE_LCU","2017",6875.838,,,"T30:87","R1:3513_S3:9"
"HND","BX:504","EAR_EMTA_SEX_CUR_NB","SEX_T","CUR_TYPE_PPP","2017",644.038,,,"T30:87","R1:3513_S3:9"
"HND","BX:504","EAR_EMTA_SEX_CUR_NB","SEX_T","CUR_TYPE_USD","2017",292.75,,,"T30:87","R1:3513_S3:9"
"HND","BX:504","EAR_EMTA_SEX_CUR_NB","SEX_T","CUR_TYPE_LCU","2016",7024.417,,,"T30:87","R1:3513"
"HND","BX:504","EAR_EMTA_SEX_CUR_NB","SEX_T","CUR_TYPE_PPP","2016",669.5,,,"T30:87","R1:3513"
"HND","BX:504","EAR_EMTA_SEX_CUR_NB","SEX_T","CUR_TYPE_USD","2016",307.616,,,"T30:87","R1:3513"
"HND","BX:504","EAR_EMTA_SEX_CUR_NB","SEX_T","CUR_TYPE_LCU","2015",6660.392,,,"T30:87","R1:3513"
"HND","BX:504","EAR_EMTA_SEX_CUR_NB","SEX_T","CUR_TYPE_PPP","2015",627.444,,,"T30:87","R1:3513"
"HND","BX:504","EAR_EMTA_SEX_CUR_NB","SEX_T","CUR_TYPE_USD","2015",303.502,,,"T30:87","R1:3513"
"HND","BX:504","EAR_EMTA_SEX_CUR_NB","SEX_T","CUR_TYPE_LCU","2014",6678.121,,,"T30:87","R1:3513"
"HND","BX:504","EAR_EMTA_SEX_CUR_NB","SEX_T","CUR_TYPE_PPP","2014",630.602,,,"T30:87","R1:3513"
"HND","BX:504","EAR_EMTA_SEX_CUR_NB","SEX_T","CUR_TYPE_USD","2014",318.2,,,"T30:87","R1:3513"
"HND","BX:504","EAR_EMTA_SEX_CUR_NB","SEX_T","CUR_TYPE_LCU","2013",6045.341,,,"T30:87","R1:3513"
"HND","BX:504","EAR_EMTA_SEX_CUR_NB","SEX_T","CUR_TYPE_PPP","2013",585.756,,,"T30:87","R1:3513"
"HND","BX:504","EAR_EMTA_SEX_CUR_NB","SEX_T","CUR_TYPE_USD","2013",297.013,,,"T30:87","R1:3513"
"HND","BX:504","EAR_EMTA_SEX_CUR_NB","SEX_T","CUR_TYPE_LCU","2012",6945.277,,,"T30:87","R1:3513"
"HND","BX:504","EAR_EMTA_SEX_CUR_NB","SEX_T","CUR_TYPE_PPP","2012",694.512,,,"T30:87","R1:3513"
"HND","BX:504","EAR_EMTA_SEX_CUR_NB","SEX_T","CUR_TYPE_USD","2012",356.127,,,"T30:87","R1:3513"
"HND","BX:504","EAR_EMTA_SEX_CUR_NB","SEX_T","CUR_TYPE_LCU","2011",7385.085,,,"T30:87","R1:3513"
"HND","BX:504","EAR_EMTA_SEX_CUR_NB","SEX_T","CUR_TYPE_PPP","2011",719.521,,,"T30:87","R1:3513"
"HND","BX:504","EAR_EMTA_SEX_CUR_NB","SEX_T","CUR_TYPE_USD","2011",390.391,,,"T30:87","R1:3513"
"HND","BX:504","EAR_EMTA_SEX_CUR_NB","SEX_T","CUR_TYPE_LCU","2010",6255.095,,,"T30:87","R1:3513"
"HND","BX:504","EAR_EMTA_SEX_CUR_NB","SEX_T","CUR_TYPE_PPP","2010",630.728,,,"T30:87","R1:3513"
"HND","BX:504","EAR_EMTA_SEX_CUR_NB","SEX_T","CUR_TYPE_USD","2010",331.043,,,"T30:87","R1:3513"
"HND","BX:504","EAR_EMTA_SEX_CUR_NB","SEX_T","CUR_TYPE_LCU","2009",5860.792,,,"T30:87","R1:3513"
"HND","BX:504","EAR_EMTA_SEX_CUR_NB","SEX_T","CUR_TYPE_PPP","2009",608.754,,,"T30:87","R1:3513"
"HND","BX:504","EAR_EMTA_SEX_CUR_NB","SEX_T","CUR_TYPE_USD","2009",310.175,,,"T30:87","R1:3513"
"HND","BX:504","EAR_EMTA_SEX_CUR_NB","SEX_T","CUR_TYPE_LCU","2008",5696.523,"B",,"T30:87_I11:264","R1:3513"
"HND","BX:504","EAR_EMTA_SEX_CUR_NB","SEX_T","CUR_TYPE_PPP","2008",626.44,"B",,"T30:87_I11:264","R1:3513"
"HND","BX:504","EAR_EMTA_SEX_CUR_NB","SEX_T","CUR_TYPE_USD","2008",301.343,"B",,"T30:87_I11:264","R1:3513"
"HND","BX:504","EAR_EMTA_SEX_CUR_NB","SEX_T","CUR_TYPE_LCU","2007",5035.409,,,"T30:87","R1:3513"
"HND","BX:504","EAR_EMTA_SEX_CUR_NB","SEX_T","CUR_TYPE_PPP","2007",594.076,,,"T30:87","R1:3513"
"HND","BX:504","EAR_EMTA_SEX_CUR_NB","SEX_T","CUR_TYPE_USD","2007",266.493,,,"T30:87","R1:3513"
"HND","BX:504","EAR_EMTA_SEX_CUR_NB","SEX_T","CUR_TYPE_LCU","2006",4561.445,,,"T30:87","R1:3513"
"HND","BX:504","EAR_EMTA_SEX_CUR_NB","SEX_T","CUR_TYPE_PPP","2006",559.524,,,"T30:87","R1:3513"
"HND","BX:504","EAR_EMTA_SEX_CUR_NB","SEX_T","CUR_TYPE_USD","2006",241.408,,,"T30:87","R1:3513"
"HND","BX:504","EAR_EMTA_SEX_CUR_NB","SEX_T","CUR_TYPE_LCU","2005",4243.588,"B",,"T30:87_I11:264","R1:3513"
"HND","BX:504","EAR_EMTA_SEX_CUR_NB","SEX_T","CUR_TYPE_PPP","2005",532.394,"B",,"T30:87_I11:264","R1:3513"
"HND","BX:504","EAR_EMTA_SEX_CUR_NB","SEX_T","CUR_TYPE_USD","2005",225.335,"B",,"T30:87_I11:264","R1:3513"
"HRV","BB:5862","EAR_EMTA_SEX_CUR_NB","SEX_T","CUR_TYPE_LCU","2025",2206.746,,,"T30:386","R1:3513_T2:85"
"HRV","BB:5862","EAR_EMTA_SEX_CUR_NB","SEX_T","CUR_TYPE_PPP","2025",4237.475,,,"T30:386","R1:3513_T2:85"
"HRV","BB:5862","EAR_EMTA_SEX_CUR_NB","SEX_T","CUR_TYPE_USD","2025",2493.623,,,"T30:386","R1:3513_T2:85"
"HRV","BB:5862","EAR_EMTA_SEX_CUR_NB","SEX_T","CUR_TYPE_LCU","2024",2283.342,,,"T30:386","R1:3513_T2:85"
"HRV","BB:5862","EAR_EMTA_SEX_CUR_NB","SEX_T","CUR_TYPE_PPP","2024",4621.819,,,"T30:386","R1:3513_T2:85"
"HRV","BB:5862","EAR_EMTA_SEX_CUR_NB","SEX_T","CUR_TYPE_USD","2024",2471.49,,,"T30:386","R1:3513_T2:85"
"HRV","BB:5862","EAR_EMTA_SEX_CUR_NB","SEX_T","CUR_TYPE_LCU","2023",1430.873,,,"T30:386","R1:3513_T2:85"
"HRV","BB:5862","EAR_EMTA_SEX_CUR_NB","SEX_T","CUR_TYPE_PPP","2023",2965.276,,,"T30:386","R1:3513_T2:85"
"HRV","BB:5862","EAR_EMTA_SEX_CUR_NB","SEX_T","CUR_TYPE_USD","2023",1547.203,,,"T30:386","R1:3513_T2:85"
"HRV","BB:5862","EAR_EMTA_SEX_CUR_NB","SEX_T","CUR_TYPE_LCU","2022",1682.082,,,"T30:386","R1:3513_T2:85"
"HRV","BB:5862","EAR_EMTA_SEX_CUR_NB","SEX_T","CUR_TYPE_PPP","2022",3465.7,,,"T30:386","R1:3513_T2:85"
"HRV","BB:5862","EAR_EMTA_SEX_CUR_NB","SEX_T","CUR_TYPE_USD","2022",1771.233,,,"T30:386","R1:3513_T2:85"
"HRV","BB:5862","EAR_EMTA_SEX_CUR_NB","SEX_T","CUR_TYPE_LCU","2021",1619.726,,,"T30:386","R1:3513_T2:85"
"HRV","BB:5862","EAR_EMTA_SEX_CUR_NB","SEX_T","CUR_TYPE_PPP","2021",3370.316,,,"T30:386","R1:3513_T2:85"
"HRV","BB:5862","EAR_EMTA_SEX_CUR_NB","SEX_T","CUR_TYPE_USD","2021",1915.65,,,"T30:386","R1:3513_T2:85"
"HRV","BB:5862","EAR_EMTA_SEX_CUR_NB","SEX_T","CUR_TYPE_LCU","2020",1517.3,,,"T30:386","R1:3513_T2:85"
"HRV","BB:5862","EAR_EMTA_SEX_CUR_NB","SEX_T","CUR_TYPE_PPP","2020",3057.13,,,"T30:386","R1:3513_T2:85"
"HRV","BB:5862","EAR_EMTA_SEX_CUR_NB","SEX_T","CUR_TYPE_USD","2020",1733.06,,,"T30:386","R1:3513_T2:85"
"HRV","BB:5862","EAR_EMTA_SEX_CUR_NB","SEX_T","CUR_TYPE_LCU","2019",1433.857,,,"T30:386","R1:3513_T2:85"
"HRV","BB:5862","EAR_EMTA_SEX_CUR_NB","SEX_T","CUR_TYPE_PPP","2019",2871.214,,,"T30:386","R1:3513_T2:85"
"HRV","BB:5862","EAR_EMTA_SEX_CUR_NB","SEX_T","CUR_TYPE_USD","2019",1605.203,,,"T30:386","R1:3513_T2:85"
"HRV","BB:5862","EAR_EMTA_SEX_CUR_NB","SEX_T","CUR_TYPE_LCU","2018",1346.86,,,"T30:386","R1:3513_T2:85"
"HRV","BB:5862","EAR_EMTA_SEX_CUR_NB","SEX_T","CUR_TYPE_PPP","2018",2624.653,,,"T30:386","R1:3513_T2:85"
"HRV","BB:5862","EAR_EMTA_SEX_CUR_NB","SEX_T","CUR_TYPE_USD","2018",1590.641,,,"T30:386","R1:3513_T2:85"
"HRV","BB:5862","EAR_EMTA_SEX_CUR_NB","SEX_T","CUR_TYPE_LCU","2017",1339.385,,,"T30:386","R1:3513_T2:85"
"HRV","BB:5862","EAR_EMTA_SEX_CUR_NB","SEX_T","CUR_TYPE_PPP","2017",2603.577,,,"T30:386","R1:3513_T2:85"
"HRV","BB:5862","EAR_EMTA_SEX_CUR_NB","SEX_T","CUR_TYPE_USD","2017",1513.103,,,"T30:386","R1:3513_T2:85"
"HRV","BB:5862","EAR_EMTA_SEX_CUR_NB","SEX_T","CUR_TYPE_LCU","2016",1269.084,,,"T30:386","R1:3513_T2:85"
"HRV","BB:5862","EAR_EMTA_SEX_CUR_NB","SEX_T","CUR_TYPE_PPP","2016",2457.879,,,"T30:386","R1:3513_T2:85"
"HRV","BB:5862","EAR_EMTA_SEX_CUR_NB","SEX_T","CUR_TYPE_USD","2016",1404.749,,,"T30:386","R1:3513_T2:85"
"HRV","BB:5862","EAR_EMTA_SEX_CUR_NB","SEX_T","CUR_TYPE_LCU","2015",1291.229,,,"T30:386","R1:3513_T2:85"
"HRV","BB:5862","EAR_EMTA_SEX_CUR_NB","SEX_T","CUR_TYPE_PPP","2015",2421.493,,,"T30:386","R1:3513_T2:85"
"HRV","BB:5862","EAR_EMTA_SEX_CUR_NB","SEX_T","CUR_TYPE_USD","2015",1432.618,,,"T30:386","R1:3513_T2:85"
"HRV","BB:5862","EAR_EMTA_SEX_CUR_NB","SEX_T","CUR_TYPE_LCU","2014",1173.669,,,"T30:386","R1:3513_T2:85"
"HRV","BB:5862","EAR_EMTA_SEX_CUR_NB","SEX_T","CUR_TYPE_PPP","2014",2188.167,,,"T30:386","R1:3513_T2:85"
"HRV","BB:5862","EAR_EMTA_SEX_CUR_NB","SEX_T","CUR_TYPE_USD","2014",1559.22,,,"T30:386","R1:3513_T2:85"
"HRV","BB:5862","EAR_EMTA_SEX_CUR_NB","SEX_T","CUR_TYPE_LCU","2013",1190.134,,,"T30:386","R1:3513_T2:85"
"HRV","BB:5862","EAR_EMTA_SEX_CUR_NB","SEX_T","CUR_TYPE_PPP","2013",2169.481,,,"T30:386","R1:3513_T2:85"
"HRV","BB:5862","EAR_EMTA_SEX_CUR_NB","SEX_T","CUR_TYPE_USD","2013",1580.618,,,"T30:386","R1:3513_T2:85"
"HRV","BB:5862","EAR_EMTA_SEX_CUR_NB","SEX_T","CUR_TYPE_LCU","2012",1239.342,,,"T30:386","R1:3513_T2:85"
"HRV","BB:5862","EAR_EMTA_SEX_CUR_NB","SEX_T","CUR_TYPE_PPP","2012",2205.312,,,"T30:386","R1:3513_T2:85"
"HRV","BB:5862","EAR_EMTA_SEX_CUR_NB","SEX_T","CUR_TYPE_USD","2012",1592.307,,,"T30:386","R1:3513_T2:85"
"HRV","BB:5862","EAR_EMTA_SEX_CUR_NB","SEX_T","CUR_TYPE_LCU","2011",1248.726,,,"T30:386","R1:3513_T2:85"
"HRV","BB:5862","EAR_EMTA_SEX_CUR_NB","SEX_T","CUR_TYPE_PPP","2011",2192.706,,,"T30:386","R1:3513_T2:85"
"HRV","BB:5862","EAR_EMTA_SEX_CUR_NB","SEX_T","CUR_TYPE_USD","2011",1738.227,,,"T30:386","R1:3513_T2:85"
"HRV","BB:5862","EAR_EMTA_SEX_CUR_NB","SEX_T","CUR_TYPE_LCU","2010",1262.145,,,"T30:386","R1:3513_T2:85"
"HRV","BB:5862","EAR_EMTA_SEX_CUR_NB","SEX_T","CUR_TYPE_PPP","2010",2170.476,,,"T30:386","R1:3513_T2:85"
"HRV","BB:5862","EAR_EMTA_SEX_CUR_NB","SEX_T","CUR_TYPE_USD","2010",1673.226,,,"T30:386","R1:3513_T2:85"
"HRV","DA:562","EAR_EMTA_SEX_CUR_NB","SEX_T","CUR_TYPE_LCU","2009",7655,,,"T8:127_T9:133_T10:138_T11:142_T12:145_T33:396_T30:167","S3:20_S9:66"
"HRV","DA:562","EAR_EMTA_SEX_CUR_NB","SEX_T","CUR_TYPE_PPP","2009",1761.475,,,"T8:127_T9:133_T10:138_T11:142_T12:145_T33:396_T30:167","S3:20_S9:66"
"HRV","DA:562","EAR_EMTA_SEX_CUR_NB","SEX_T","CUR_TYPE_USD","2009",1448.728,,,"T8:127_T9:133_T10:138_T11:142_T12:145_T33:396_T30:167","S3:20_S9:66"
"HRV","DA:562","EAR_EMTA_SEX_CUR_NB","SEX_T","CUR_TYPE_LCU","2008",7507,,,"T8:127_T9:133_T10:138_T11:142_T12:145_T33:396_T30:167","S3:20_S9:66"
"HRV","DA:562","EAR_EMTA_SEX_CUR_NB","SEX_T","CUR_TYPE_PPP","2008",1739.338,,,"T8:127_T9:133_T10:138_T11:142_T12:145_T33:396_T30:167","S3:20_S9:66"
"HRV","DA:562","EAR_EMTA_SEX_CUR_NB","SEX_T","CUR_TYPE_USD","2008",1521.163,,,"T8:127_T9:133_T10:138_T11:142_T12:145_T33:396_T30:167","S3:20_S9:66"
"HRV","DA:562","EAR_EMTA_SEX_CUR_NB","SEX_T","CUR_TYPE_LCU","2007",6995,,,"T8:127_T9:133_T10:138_T33:396_T30:167","S9:66"
"HRV","DA:562","EAR_EMTA_SEX_CUR_NB","SEX_T","CUR_TYPE_PPP","2007",1573.437,,,"T8:127_T9:133_T10:138_T33:396_T30:167","S9:66"
"HRV","DA:562","EAR_EMTA_SEX_CUR_NB","SEX_T","CUR_TYPE_USD","2007",1303.934,,,"T8:127_T9:133_T10:138_T33:396_T30:167","S9:66"
"HRV","DA:562","EAR_EMTA_SEX_CUR_NB","SEX_T","CUR_TYPE_LCU","2006",6575,,,"T8:127_T9:133_T10:138_T33:396_T30:167","S9:66"
"HRV","DA:562","EAR_EMTA_SEX_CUR_NB","SEX_T","CUR_TYPE_PPP","2006",1477.627,,,"T8:127_T9:133_T10:138_T33:396_T30:167","S9:66"
"HRV","DA:562","EAR_EMTA_SEX_CUR_NB","SEX_T","CUR_TYPE_USD","2006",1126.282,,,"T8:127_T9:133_T10:138_T33:396_T30:167","S9:66"
"HRV","DA:562","EAR_EMTA_SEX_CUR_NB","SEX_T","CUR_TYPE_LCU","2005",6191.67,,,"T8:127_T9:133_T10:138_T33:396_T30:167","S9:66"
"HRV","DA:562","EAR_EMTA_SEX_CUR_NB","SEX_T","CUR_TYPE_PPP","2005",1359.788,,,"T8:127_T9:133_T10:138_T33:396_T30:167","S9:66"
"HRV","DA:562","EAR_EMTA_SEX_CUR_NB","SEX_T","CUR_TYPE_USD","2005",1040.75,,,"T8:127_T9:133_T10:138_T33:396_T30:167","S9:66"
"HRV","DA:562","EAR_EMTA_SEX_CUR_NB","SEX_T","CUR_TYPE_LCU","2004",5916,,,"T8:127_T9:133_T10:138_T33:396_T30:167","S9:66"
"HRV","DA:562","EAR_EMTA_SEX_CUR_NB","SEX_T","CUR_TYPE_PPP","2004",1326.168,,,"T8:127_T9:133_T10:138_T33:396_T30:167","S9:66"
"HRV","DA:562","EAR_EMTA_SEX_CUR_NB","SEX_T","CUR_TYPE_USD","2004",980.389,,,"T8:127_T9:133_T10:138_T33:396_T30:167","S9:66"
"HRV","DA:562","EAR_EMTA_SEX_CUR_NB","SEX_T","CUR_TYPE_LCU","2003",5599,,,"T8:127_T9:133_T10:138_T33:396_T30:167_I11:266","S9:66"
"HRV","DA:562","EAR_EMTA_SEX_CUR_NB","SEX_T","CUR_TYPE_PPP","2003",1257.014,,,"T8:127_T9:133_T10:138_T33:396_T30:167_I11:266","S9:66"
"HRV","DA:562","EAR_EMTA_SEX_CUR_NB","SEX_T","CUR_TYPE_USD","2003",835.052,,,"T8:127_T9:133_T10:138_T33:396_T30:167_I11:266","S9:66"
"HRV","DA:562","EAR_EMTA_SEX_CUR_NB","SEX_T","CUR_TYPE_LCU","2002",5366,,,"T8:127_T9:133_T10:138_T33:396_T30:167","S9:66"
"HRV","DA:562","EAR_EMTA_SEX_CUR_NB","SEX_T","CUR_TYPE_PPP","2002",1238.802,,,"T8:127_T9:133_T10:138_T33:396_T30:167","S9:66"
"HRV","DA:562","EAR_EMTA_SEX_CUR_NB","SEX_T","CUR_TYPE_USD","2002",681.684,,,"T8:127_T9:133_T10:138_T33:396_T30:167","S9:66"
"HRV","DA:562","EAR_EMTA_SEX_CUR_NB","SEX_T","CUR_TYPE_LCU","2001",5061,,,"T8:127_T9:133_T10:138_T33:396_T30:167","S9:66"
"HRV","DA:562","EAR_EMTA_SEX_CUR_NB","SEX_T","CUR_TYPE_PPP","2001",1160.535,,,"T8:127_T9:133_T10:138_T33:396_T30:167","S9:66"
"HRV","DA:562","EAR_EMTA_SEX_CUR_NB","SEX_T","CUR_TYPE_USD","2001",606.722,,,"T8:127_T9:133_T10:138_T33:396_T30:167","S9:66"
"HRV","DA:562","EAR_EMTA_SEX_CUR_NB","SEX_T","CUR_TYPE_LCU","2000",4869,,,"T8:127_T9:133_T10:138_T33:396_T30:167","S9:66"
"HRV","DA:562","EAR_EMTA_SEX_CUR_NB","SEX_T","CUR_TYPE_PPP","2000",1120.233,,,"T8:127_T9:133_T10:138_T33:396_T30:167","S9:66"
"HRV","DA:562","EAR_EMTA_SEX_CUR_NB","SEX_T","CUR_TYPE_USD","2000",588.209,,,"T8:127_T9:133_T10:138_T33:396_T30:167","S9:66"
"HRV","DA:562","EAR_EMTA_SEX_CUR_NB","SEX_T","CUR_TYPE_LCU","1999",4551,,,"T8:127_T9:133_T10:138_T33:396_T30:167","S9:66"
"HRV","DA:562","EAR_EMTA_SEX_CUR_NB","SEX_T","CUR_TYPE_PPP","1999",1072.639,,,"T8:127_T9:133_T10:138_T33:396_T30:167","S9:66"
"HRV","DA:562","EAR_EMTA_SEX_CUR_NB","SEX_T","CUR_TYPE_USD","1999",639.928,,,"T8:127_T9:133_T10:138_T33:396_T30:167","S9:66"
"HRV","DA:562","EAR_EMTA_SEX_CUR_NB","SEX_T","CUR_TYPE_LCU","1998",4131,,,"T8:127_T9:133_T10:138_T33:396_T30:167","S9:66"
"HRV","DA:562","EAR_EMTA_SEX_CUR_NB","SEX_T","CUR_TYPE_PPP","1998",1053.143,,,"T8:127_T9:133_T10:138_T33:396_T30:167","S9:66"
"HRV","DA:562","EAR_EMTA_SEX_CUR_NB","SEX_T","CUR_TYPE_USD","1998",649.193,,,"T8:127_T9:133_T10:138_T33:396_T30:167","S9:66"
"HRV","DA:562","EAR_EMTA_SEX_CUR_NB","SEX_T","CUR_TYPE_LCU","1997",3668,,,"T8:127_T9:133_T10:138_T33:396_T30:167","S9:66"
"HRV","DA:562","EAR_EMTA_SEX_CUR_NB","SEX_T","CUR_TYPE_PPP","1997",999.389,,,"T8:127_T9:133_T10:138_T33:396_T30:167","S9:66"
"HRV","DA:562","EAR_EMTA_SEX_CUR_NB","SEX_T","CUR_TYPE_USD","1997",595.398,,,"T8:127_T9:133_T10:138_T33:396_T30:167","S9:66"
"HRV","DA:562","EAR_EMTA_SEX_CUR_NB","SEX_T","CUR_TYPE_LCU","1996",3243,,,"T30:167",
"HRV","DA:562","EAR_EMTA_SEX_CUR_NB","SEX_T","CUR_TYPE_PPP","1996",920.022,,,"T30:167",
"HRV","DA:562","EAR_EMTA_SEX_CUR_NB","SEX_T","CUR_TYPE_USD","1996",596.78,,,"T30:167",
"HRV","DA:562","EAR_EMTA_SEX_CUR_NB","SEX_T","CUR_TYPE_LCU","1995",1818,,,"T8:127_T9:133_T10:138_T33:396_T30:167","S9:66"
"HRV","DA:562","EAR_EMTA_SEX_CUR_NB","SEX_T","CUR_TYPE_PPP","1995",528.413,,,"T8:127_T9:133_T10:138_T33:396_T30:167","S9:66"
"HRV","DA:562","EAR_EMTA_SEX_CUR_NB","SEX_T","CUR_TYPE_USD","1995",347.56,,,"T8:127_T9:133_T10:138_T33:396_T30:167","S9:66"
"HRV","DA:562","EAR_EMTA_SEX_CUR_NB","SEX_T","CUR_TYPE_LCU","1994",1247,,,"T8:127_T9:133_T10:138_T33:396_T30:167","S9:66"
"HRV","DA:562","EAR_EMTA_SEX_CUR_NB","SEX_T","CUR_TYPE_PPP","1994",351.443,,,"T8:127_T9:133_T10:138_T33:396_T30:167","S9:66"
"HRV","DA:562","EAR_EMTA_SEX_CUR_NB","SEX_T","CUR_TYPE_USD","1994",207.902,,,"T8:127_T9:133_T10:138_T33:396_T30:167","S9:66"
"HRV","DA:562","EAR_EMTA_SEX_CUR_NB","SEX_T","CUR_TYPE_LCU","1993",526,,,"T8:127_T9:133_T10:138_T33:396_T30:167_I11:268","S9:66"
"HRV","DA:562","EAR_EMTA_SEX_CUR_NB","SEX_T","CUR_TYPE_PPP","1993",509.903,,,"T8:127_T9:133_T10:138_T33:396_T30:167_I11:268","S9:66"
"HRV","DA:562","EAR_EMTA_SEX_CUR_NB","SEX_T","CUR_TYPE_USD","1993",146.962,,,"T8:127_T9:133_T10:138_T33:396_T30:167_I11:268","S9:66"
"HRV","DA:562","EAR_EMTA_SEX_CUR_NB","SEX_T","CUR_TYPE_LCU","1992",33340,,,"T8:127_T9:133_T10:138_T33:396_T30:300","S9:66"
"HRV","DA:562","EAR_EMTA_SEX_CUR_NB","SEX_T","CUR_TYPE_LCU","1991",8045,,,"T8:127_T9:133_T10:138_T33:396_T30:300","S9:66"
"HRV","DA:562","EAR_EMTA_SEX_CUR_NB","SEX_T","CUR_TYPE_LCU","1990",4786,,,"T8:127_T9:133_T10:138_T33:396_T30:300","S9:66"
"HRV","DA:562","EAR_EMTA_SEX_CUR_NB","SEX_T","CUR_TYPE_LCU","1989",823,,,"T8:127_T9:133_T10:138_T33:396_T30:300","S9:66"
"HUN","BB:3062","EAR_EMTA_SEX_CUR_NB","SEX_T","CUR_TYPE_LCU","2025",1141.872,,,"T30:389","R1:3513_T2:85"
"HUN","BB:3062","EAR_EMTA_SEX_CUR_NB","SEX_T","CUR_TYPE_PPP","2025",2227.732,,,"T30:389","R1:3513_T2:85"
"HUN","BB:3062","EAR_EMTA_SEX_CUR_NB","SEX_T","CUR_TYPE_USD","2025",1290.315,,,"T30:389","R1:3513_T2:85"
"HUN","BB:3062","EAR_EMTA_SEX_CUR_NB","SEX_T","CUR_TYPE_LCU","2024",1105.324,,,"T30:389","R1:3513_T2:85"
"HUN","BB:3062","EAR_EMTA_SEX_CUR_NB","SEX_T","CUR_TYPE_PPP","2024",2311.045,,,"T30:389","R1:3513_T2:85"
"HUN","BB:3062","EAR_EMTA_SEX_CUR_NB","SEX_T","CUR_TYPE_USD","2024",1196.403,,,"T30:389","R1:3513_T2:85"
"HUN","BB:3062","EAR_EMTA_SEX_CUR_NB","SEX_T","CUR_TYPE_LCU","2023",947.315,,,"T30:389","R1:3513_T2:85"
"HUN","BB:3062","EAR_EMTA_SEX_CUR_NB","SEX_T","CUR_TYPE_PPP","2023",1981.448,,,"T30:389","R1:3513_T2:85"
"HUN","BB:3062","EAR_EMTA_SEX_CUR_NB","SEX_T","CUR_TYPE_USD","2023",1024.331,,,"T30:389","R1:3513_T2:85"
"HUN","BB:3062","EAR_EMTA_SEX_CUR_NB","SEX_T","CUR_TYPE_LCU","2022",960.032,,,"T30:389","R1:3513_T2:85"
"HUN","BB:3062","EAR_EMTA_SEX_CUR_NB","SEX_T","CUR_TYPE_PPP","2022",2141.19,,,"T30:389","R1:3513_T2:85"
"HUN","BB:3062","EAR_EMTA_SEX_CUR_NB","SEX_T","CUR_TYPE_USD","2022",1010.914,,,"T30:389","R1:3513_T2:85"
"HUN","BB:3062","EAR_EMTA_SEX_CUR_NB","SEX_T","CUR_TYPE_LCU","2021",884.572,,,"T30:389","R1:3513_T2:85"
"HUN","BB:3062","EAR_EMTA_SEX_CUR_NB","SEX_T","CUR_TYPE_PPP","2021",1872.756,,,"T30:389","R1:3513_T2:85"
"HUN","BB:3062","EAR_EMTA_SEX_CUR_NB","SEX_T","CUR_TYPE_USD","2021",1046.184,,,"T30:389","R1:3513_T2:85"
"HUN","BB:3062","EAR_EMTA_SEX_CUR_NB","SEX_T","CUR_TYPE_LCU","2020",978.668,,,"T30:389","R1:3513_T2:85"
"HUN","BB:3062","EAR_EMTA_SEX_CUR_NB","SEX_T","CUR_TYPE_PPP","2020",2107.972,,,"T30:389","R1:3513_T2:85"
"HUN","BB:3062","EAR_EMTA_SEX_CUR_NB","SEX_T","CUR_TYPE_USD","2020",1117.834,,,"T30:389","R1:3513_T2:85"
"HUN","BB:3062","EAR_EMTA_SEX_CUR_NB","SEX_T","CUR_TYPE_LCU","2019",1127.874,,,"T30:389","R1:3513_T2:85"
"HUN","BB:3062","EAR_EMTA_SEX_CUR_NB","SEX_T","CUR_TYPE_PPP","2019",2352.268,,,"T30:389","R1:3513_T2:85"
"HUN","BB:3062","EAR_EMTA_SEX_CUR_NB","SEX_T","CUR_TYPE_USD","2019",1262.655,,,"T30:389","R1:3513_T2:85"
"HUN","BB:3062","EAR_EMTA_SEX_CUR_NB","SEX_T","CUR_TYPE_LCU","2018",847.867,,,"T30:389","R1:3513_T2:85"
"HUN","BB:3062","EAR_EMTA_SEX_CUR_NB","SEX_T","CUR_TYPE_PPP","2018",1743.328,,,"T30:389","R1:3513_T2:85"
"HUN","BB:3062","EAR_EMTA_SEX_CUR_NB","SEX_T","CUR_TYPE_USD","2018",1001.331,,,"T30:389","R1:3513_T2:85"
"HUN","BB:3062","EAR_EMTA_SEX_CUR_NB","SEX_T","CUR_TYPE_LCU","2017",837.408,,,"T30:389","R1:3513_T2:85"
"HUN","BB:3062","EAR_EMTA_SEX_CUR_NB","SEX_T","CUR_TYPE_PPP","2017",1698.227,,,"T30:389","R1:3513_T2:85"
"HUN","BB:3062","EAR_EMTA_SEX_CUR_NB","SEX_T","CUR_TYPE_USD","2017",946.02,,,"T30:389","R1:3513_T2:85"
"HUN","BB:3062","EAR_EMTA_SEX_CUR_NB","SEX_T","CUR_TYPE_LCU","2016",779.873,,,"T30:389","R1:3513_T2:85"
"HUN","BB:3062","EAR_EMTA_SEX_CUR_NB","SEX_T","CUR_TYPE_PPP","2016",1659.59,,,"T30:389","R1:3513_T2:85"
"HUN","BB:3062","EAR_EMTA_SEX_CUR_NB","SEX_T","CUR_TYPE_USD","2016",863.242,,,"T30:389","R1:3513_T2:85"
"HUN","BB:3062","EAR_EMTA_SEX_CUR_NB","SEX_T","CUR_TYPE_LCU","2015",753.44,,,"T30:389","R1:3513_T2:85"
"HUN","BB:3062","EAR_EMTA_SEX_CUR_NB","SEX_T","CUR_TYPE_PPP","2015",1577.274,,,"T30:389","R1:3513_T2:85"
"HUN","BB:3062","EAR_EMTA_SEX_CUR_NB","SEX_T","CUR_TYPE_USD","2015",835.942,,,"T30:389","R1:3513_T2:85"
"HUN","BB:3062","EAR_EMTA_SEX_CUR_NB","SEX_T","CUR_TYPE_LCU","2014",782.144,,,"T30:389","R1:3513_T2:85"
"HUN","BB:3062","EAR_EMTA_SEX_CUR_NB","SEX_T","CUR_TYPE_PPP","2014",1680.204,,,"T30:389","R1:3513_T2:85"
"HUN","BB:3062","EAR_EMTA_SEX_CUR_NB","SEX_T","CUR_TYPE_USD","2014",1039.079,,,"T30:389","R1:3513_T2:85"
"HUN","BB:3062","EAR_EMTA_SEX_CUR_NB","SEX_T","CUR_TYPE_LCU","2013",760.44,,,"T30:389","R1:3513_T2:85"
"HUN","BB:3062","EAR_EMTA_SEX_CUR_NB","SEX_T","CUR_TYPE_PPP","2013",1599.649,,,"T30:389","R1:3513_T2:85"
"HUN","BB:3062","EAR_EMTA_SEX_CUR_NB","SEX_T","CUR_TYPE_USD","2013",1009.941,,,"T30:389","R1:3513_T2:85"
"HUN","BB:3062","EAR_EMTA_SEX_CUR_NB","SEX_T","CUR_TYPE_LCU","2012",774.353,,,"T30:389","R1:3513_T2:85"
"HUN","BB:3062","EAR_EMTA_SEX_CUR_NB","SEX_T","CUR_TYPE_PPP","2012",1561.246,,,"T30:389","R1:3513_T2:85"
"HUN","BB:3062","EAR_EMTA_SEX_CUR_NB","SEX_T","CUR_TYPE_USD","2012",994.888,,,"T30:389","R1:3513_T2:85"
"HUN","BB:3062","EAR_EMTA_SEX_CUR_NB","SEX_T","CUR_TYPE_LCU","2011",760.199,,,"T30:389","R1:3513_T2:85"
"HUN","BB:3062","EAR_EMTA_SEX_CUR_NB","SEX_T","CUR_TYPE_PPP","2011",1524.367,,,"T30:389","R1:3513_T2:85"
"HUN","BB:3062","EAR_EMTA_SEX_CUR_NB","SEX_T","CUR_TYPE_USD","2011",1058.197,,,"T30:389","R1:3513_T2:85"
"HUN","BB:3062","EAR_EMTA_SEX_CUR_NB","SEX_T","CUR_TYPE_LCU","2010",720.388,,,"T30:389","R1:3513_T2:85"
"HUN","BB:3062","EAR_EMTA_SEX_CUR_NB","SEX_T","CUR_TYPE_PPP","2010",1387.784,,,"T30:389","R1:3513_T2:85"
"HUN","BB:3062","EAR_EMTA_SEX_CUR_NB","SEX_T","CUR_TYPE_USD","2010",955.018,,,"T30:389","R1:3513_T2:85"
"HUN","BB:3062","EAR_EMTA_SEX_CUR_NB","SEX_T","CUR_TYPE_LCU","2009",798.765,,,"T30:389","R1:3513_T2:85"
"HUN","BB:3062","EAR_EMTA_SEX_CUR_NB","SEX_T","CUR_TYPE_PPP","2009",1564.207,,,"T30:389","R1:3513_T2:85"
"HUN","BB:3062","EAR_EMTA_SEX_CUR_NB","SEX_T","CUR_TYPE_USD","2009",1114.117,,,"T30:389","R1:3513_T2:85"
"HUN","BB:3062","EAR_EMTA_SEX_CUR_NB","SEX_T","CUR_TYPE_LCU","2008",743.632,,,"T30:389","R1:3513_T2:85"
"HUN","BB:3062","EAR_EMTA_SEX_CUR_NB","SEX_T","CUR_TYPE_PPP","2008",1288.362,,,"T30:389","R1:3513_T2:85"
"HUN","BB:3062","EAR_EMTA_SEX_CUR_NB","SEX_T","CUR_TYPE_USD","2008",1093.734,,,"T30:389","R1:3513_T2:85"
"HUN","BB:3062","EAR_EMTA_SEX_CUR_NB","SEX_T","CUR_TYPE_LCU","2007",633.315,,,"T30:389","R1:3513_T2:85"
"HUN","BB:3062","EAR_EMTA_SEX_CUR_NB","SEX_T","CUR_TYPE_PPP","2007",1083.993,,,"T30:389","R1:3513_T2:85"
"HUN","BB:3062","EAR_EMTA_SEX_CUR_NB","SEX_T","CUR_TYPE_USD","2007",867.958,,,"T30:389","R1:3513_T2:85"
"HUN","BB:3062","EAR_EMTA_SEX_CUR_NB","SEX_T","CUR_TYPE_LCU","2006",506.616,,,"T30:389","R1:3513_T2:85"
"HUN","BB:3062","EAR_EMTA_SEX_CUR_NB","SEX_T","CUR_TYPE_PPP","2006",957.404,,,"T30:389","R1:3513_T2:85"
"HUN","BB:3062","EAR_EMTA_SEX_CUR_NB","SEX_T","CUR_TYPE_USD","2006",636.107,,,"T30:389","R1:3513_T2:85"
"HUN","BB:3062","EAR_EMTA_SEX_CUR_NB","SEX_T","CUR_TYPE_LCU","2005",459.119,,,"T30:389","R1:3513_T2:85"
"HUN","BB:3062","EAR_EMTA_SEX_CUR_NB","SEX_T","CUR_TYPE_PPP","2005",828.692,,,"T30:389","R1:3513_T2:85"
"HUN","BB:3062","EAR_EMTA_SEX_CUR_NB","SEX_T","CUR_TYPE_USD","2005",571.19,,,"T30:389","R1:3513_T2:85"
"HUN","CA:1237","EAR_EMTA_SEX_CUR_NB","SEX_T","CUR_TYPE_LCU","2004",145187,,,"T8:127_T9:133_T10:138_T12:146_T33:396_T30:180","S9:66_S6:47"
"HUN","CA:1237","EAR_EMTA_SEX_CUR_NB","SEX_T","CUR_TYPE_PPP","2004",1075.433,,,"T8:127_T9:133_T10:138_T12:146_T33:396_T30:180","S9:66_S6:47"
"HUN","CA:1237","EAR_EMTA_SEX_CUR_NB","SEX_T","CUR_TYPE_USD","2004",716.104,,,"T8:127_T9:133_T10:138_T12:146_T33:396_T30:180","S9:66_S6:47"
"HUN","CA:1237","EAR_EMTA_SEX_CUR_NB","SEX_T","CUR_TYPE_LCU","2003",138003,,,"T8:127_T9:133_T10:138_T12:146_T33:396_T30:180","S9:66_S6:47"
"HUN","CA:1237","EAR_EMTA_SEX_CUR_NB","SEX_T","CUR_TYPE_PPP","2003",1070.729,,,"T8:127_T9:133_T10:138_T12:146_T33:396_T30:180","S9:66_S6:47"
"HUN","CA:1237","EAR_EMTA_SEX_CUR_NB","SEX_T","CUR_TYPE_USD","2003",615.242,,,"T8:127_T9:133_T10:138_T12:146_T33:396_T30:180","S9:66_S6:47"
"HUN","CA:1237","EAR_EMTA_SEX_CUR_NB","SEX_T","CUR_TYPE_LCU","2002",122266,,,"T8:127_T9:133_T10:138_T12:146_T33:396_T30:180","S9:66_S6:47"
"HUN","CA:1237","EAR_EMTA_SEX_CUR_NB","SEX_T","CUR_TYPE_PPP","2002",4.019,,,"T8:127_T9:133_T10:138_T12:146_T33:396_T30:180","S9:66_S6:47"
"HUN","CA:1237","EAR_EMTA_SEX_CUR_NB","SEX_T","CUR_TYPE_USD","2002",474.108,,,"T8:127_T9:133_T10:138_T12:146_T33:396_T30:180","S9:66_S6:47"
"HUN","CA:1237","EAR_EMTA_SEX_CUR_NB","SEX_T","CUR_TYPE_LCU","2001",103280,,,"T8:127_T9:133_T10:138_T12:146_T33:396_T30:180","S9:66_S6:47"
"HUN","CA:1237","EAR_EMTA_SEX_CUR_NB","SEX_T","CUR_TYPE_PPP","2001",854.247,,,"T8:127_T9:133_T10:138_T12:146_T33:396_T30:180","S9:66_S6:47"
"HUN","CA:1237","EAR_EMTA_SEX_CUR_NB","SEX_T","CUR_TYPE_USD","2001",360.501,,,"T8:127_T9:133_T10:138_T12:146_T33:396_T30:180","S9:66_S6:47"
"HUN","CA:1237","EAR_EMTA_SEX_CUR_NB","SEX_T","CUR_TYPE_LCU","2000",87566,,,"T8:127_T9:133_T10:138_T12:146_T33:396_T30:180","S9:66_S6:47"
"HUN","CA:1237","EAR_EMTA_SEX_CUR_NB","SEX_T","CUR_TYPE_PPP","2000",764.679,,,"T8:127_T9:133_T10:138_T12:146_T33:396_T30:180","S9:66_S6:47"
"HUN","CA:1237","EAR_EMTA_SEX_CUR_NB","SEX_T","CUR_TYPE_USD","2000",310.321,,,"T8:127_T9:133_T10:138_T12:146_T33:396_T30:180","S9:66_S6:47"
"HUN","CA:1237","EAR_EMTA_SEX_CUR_NB","SEX_T","CUR_TYPE_LCU","1999",76973,,,"T8:127_T9:133_T10:138_T12:146_T33:396_T30:180_I11:266","S9:66_S6:47"
"HUN","CA:1237","EAR_EMTA_SEX_CUR_NB","SEX_T","CUR_TYPE_PPP","1999",708.498,,,"T8:127_T9:133_T10:138_T12:146_T33:396_T30:180_I11:266","S9:66_S6:47"
"HUN","CA:1237","EAR_EMTA_SEX_CUR_NB","SEX_T","CUR_TYPE_USD","1999",324.581,,,"T8:127_T9:133_T10:138_T12:146_T33:396_T30:180_I11:266","S9:66_S6:47"
"HUN","CA:1237","EAR_EMTA_SEX_CUR_NB","SEX_T","CUR_TYPE_LCU","1998",68718,,,"T8:127_T9:133_T10:138_T12:146_T33:396_T30:180","S9:66_S6:49"
"HUN","CA:1237","EAR_EMTA_SEX_CUR_NB","SEX_T","CUR_TYPE_PPP","1998",678.074,,,"T8:127_T9:133_T10:138_T12:146_T33:396_T30:180","S9:66_S6:49"
"HUN","CA:1237","EAR_EMTA_SEX_CUR_NB","SEX_T","CUR_TYPE_USD","1998",320.511,,,"T8:127_T9:133_T10:138_T12:146_T33:396_T30:180","S9:66_S6:49"
"HUN","CA:1237","EAR_EMTA_SEX_CUR_NB","SEX_T","CUR_TYPE_LCU","1997",58259,,,"T8:127_T9:133_T10:138_T12:146_T33:396_T30:180","S9:66_S6:49"
"HUN","CA:1237","EAR_EMTA_SEX_CUR_NB","SEX_T","CUR_TYPE_PPP","1997",644.142,,,"T8:127_T9:133_T10:138_T12:146_T33:396_T30:180","S9:66_S6:49"
"HUN","CA:1237","EAR_EMTA_SEX_CUR_NB","SEX_T","CUR_TYPE_USD","1997",311.897,,,"T8:127_T9:133_T10:138_T12:146_T33:396_T30:180","S9:66_S6:49"
"HUN","CA:1237","EAR_EMTA_SEX_CUR_NB","SEX_T","CUR_TYPE_LCU","1996",47491,,,"T8:127_T9:133_T10:138_T12:146_T33:396_T30:180","S9:66_S6:49"
"HUN","CA:1237","EAR_EMTA_SEX_CUR_NB","SEX_T","CUR_TYPE_PPP","1996",608.643,,,"T8:127_T9:133_T10:138_T12:146_T33:396_T30:180","S9:66_S6:49"
"HUN","CA:1237","EAR_EMTA_SEX_CUR_NB","SEX_T","CUR_TYPE_USD","1996",311.117,,,"T8:127_T9:133_T10:138_T12:146_T33:396_T30:180","S9:66_S6:49"
"HUN","CA:1237","EAR_EMTA_SEX_CUR_NB","SEX_T","CUR_TYPE_LCU","1995",39854,,,"T8:127_T9:133_T10:138_T12:146_T33:396_T30:180","S9:66_S6:49"
"HUN","CA:1237","EAR_EMTA_SEX_CUR_NB","SEX_T","CUR_TYPE_PPP","1995",3.744,,,"T8:127_T9:133_T10:138_T12:146_T33:396_T30:180","S9:66_S6:49"
"HUN","CA:1237","EAR_EMTA_SEX_CUR_NB","SEX_T","CUR_TYPE_USD","1995",317.103,,,"T8:127_T9:133_T10:138_T12:146_T33:396_T30:180","S9:66_S6:49"
"HUN","CA:1237","EAR_EMTA_SEX_CUR_NB","SEX_T","CUR_TYPE_LCU","1994",33939,,,"T8:127_T9:133_T10:138_T12:146_T33:396_T30:180","S9:66_S6:49"
"HUN","CA:1237","EAR_EMTA_SEX_CUR_NB","SEX_T","CUR_TYPE_PPP","1994",5.286,,,"T8:127_T9:133_T10:138_T12:146_T33:396_T30:180","S9:66_S6:49"
"HUN","CA:1237","EAR_EMTA_SEX_CUR_NB","SEX_T","CUR_TYPE_USD","1994",322.735,,,"T8:127_T9:133_T10:138_T12:146_T33:396_T30:180","S9:66_S6:49"
"HUN","CA:1237","EAR_EMTA_SEX_CUR_NB","SEX_T","CUR_TYPE_LCU","1993",27173,,,"T8:127_T9:133_T10:138_T12:146_T33:396_T30:180","S9:66_S6:49"
"HUN","CA:1237","EAR_EMTA_SEX_CUR_NB","SEX_T","CUR_TYPE_PPP","1993",617.512,,,"T8:127_T9:133_T10:138_T12:146_T33:396_T30:180","S9:66_S6:49"
"HUN","CA:1237","EAR_EMTA_SEX_CUR_NB","SEX_T","CUR_TYPE_USD","1993",295.573,,,"T8:127_T9:133_T10:138_T12:146_T33:396_T30:180","S9:66_S6:49"
"HUN","CA:1237","EAR_EMTA_SEX_CUR_NB","SEX_T","CUR_TYPE_LCU","1992",22294,,,"T8:127_T9:133_T10:138_T12:146_T33:396_T30:180","S9:66_S6:49"
"HUN","CA:1237","EAR_EMTA_SEX_CUR_NB","SEX_T","CUR_TYPE_PPP","1992",591.066,,,"T8:127_T9:133_T10:138_T12:146_T33:396_T30:180","S9:66_S6:49"
"HUN","CA:1237","EAR_EMTA_SEX_CUR_NB","SEX_T","CUR_TYPE_USD","1992",282.244,,,"T8:127_T9:133_T10:138_T12:146_T33:396_T30:180","S9:66_S6:49"
"HUN","CA:1237","EAR_EMTA_SEX_CUR_NB","SEX_T","CUR_TYPE_LCU","1991",16752,,"C5:2067","T33:396_T30:180","S9:66"
"HUN","CA:1237","EAR_EMTA_SEX_CUR_NB","SEX_T","CUR_TYPE_PPP","1991",526.418,,"C5:2067","T33:396_T30:180","S9:66"
"HUN","CA:1237","EAR_EMTA_SEX_CUR_NB","SEX_T","CUR_TYPE_USD","1991",224.151,,"C5:2067","T33:396_T30:180","S9:66"
"HUN","CA:1237","EAR_EMTA_SEX_CUR_NB","SEX_T","CUR_TYPE_LCU","1990",13107,,"C5:2067","T33:396_T30:180","S9:66"
"HUN","CA:1237","EAR_EMTA_SEX_CUR_NB","SEX_T","CUR_TYPE_PPP","1990",532.722,,"C5:2067","T33:396_T30:180","S9:66"
"HUN","CA:1237","EAR_EMTA_SEX_CUR_NB","SEX_T","CUR_TYPE_USD","1990",207.37,,"C5:2067","T33:396_T30:180","S9:66"
"HUN","CA:1237","EAR_EMTA_SEX_CUR_NB","SEX_T","CUR_TYPE_LCU","1989",10461,,"C5:2067","T33:396_T30:180","S9:66"
"IDN","BA:510","EAR_EMTA_SEX_CUR_NB","SEX_T","CUR_TYPE_LCU","2023",2776803.875,,,"T30:122","R1:3513"
"IDN","BA:510","EAR_EMTA_SEX_CUR_NB","SEX_T","CUR_TYPE_PPP","2023",539.882,,,"T30:122","R1:3513"
"IDN","BA:510","EAR_EMTA_SEX_CUR_NB","SEX_T","CUR_TYPE_USD","2023",182.242,,,"T30:122","R1:3513"
"IDN","BA:510","EAR_EMTA_SEX_CUR_NB","SEX_T","CUR_TYPE_LCU","2022",2690034.686,,,"T30:122","R1:3513"
"IDN","BA:510","EAR_EMTA_SEX_CUR_NB","SEX_T","CUR_TYPE_PPP","2022",520.767,,,"T30:122","R1:3513"
"IDN","BA:510","EAR_EMTA_SEX_CUR_NB","SEX_T","CUR_TYPE_USD","2022",181.149,,,"T30:122","R1:3513"
"IDN","BA:510","EAR_EMTA_SEX_CUR_NB","SEX_T","CUR_TYPE_LCU","2021",2511508.115,"B",,"T30:122_I11:264","R1:3513"
"IDN","BA:510","EAR_EMTA_SEX_CUR_NB","SEX_T","CUR_TYPE_PPP","2021",469.129,"B",,"T30:122_I11:264","R1:3513"
"IDN","BA:510","EAR_EMTA_SEX_CUR_NB","SEX_T","CUR_TYPE_USD","2021",175.53,"B",,"T30:122_I11:264","R1:3513"
"IDN","BA:510","EAR_EMTA_SEX_CUR_NB","SEX_T","CUR_TYPE_LCU","2020",2561509.932,,,"T30:122","R1:3513"
"IDN","BA:510","EAR_EMTA_SEX_CUR_NB","SEX_T","CUR_TYPE_PPP","2020",475.549,,,"T30:122","R1:3513"
"IDN","BA:510","EAR_EMTA_SEX_CUR_NB","SEX_T","CUR_TYPE_USD","2020",175.66,,,"T30:122","R1:3513"
"IDN","BA:510","EAR_EMTA_SEX_CUR_NB","SEX_T","CUR_TYPE_LCU","2019",2589312.729,,,"T30:122","R1:3513"
"IDN","BA:510","EAR_EMTA_SEX_CUR_NB","SEX_T","CUR_TYPE_PPP","2019",480.231,,,"T30:122","R1:3513"
"IDN","BA:510","EAR_EMTA_SEX_CUR_NB","SEX_T","CUR_TYPE_USD","2019",183.02,,,"T30:122","R1:3513"
"IDN","BA:510","EAR_EMTA_SEX_CUR_NB","SEX_T","CUR_TYPE_LCU","2018",2465848.915,,,"T30:122","R1:3513"
"IDN","BA:510","EAR_EMTA_SEX_CUR_NB","SEX_T","CUR_TYPE_PPP","2018",463.911,,,"T30:122","R1:3513"
"IDN","BA:510","EAR_EMTA_SEX_CUR_NB","SEX_T","CUR_TYPE_USD","2018",173.201,,,"T30:122","R1:3513"
"IDN","BA:510","EAR_EMTA_SEX_CUR_NB","SEX_T","CUR_TYPE_LCU","2017",2433700.752,,,"T30:122","R1:3513"
"IDN","BA:510","EAR_EMTA_SEX_CUR_NB","SEX_T","CUR_TYPE_PPP","2017",467.813,,,"T30:122","R1:3513"
"IDN","BA:510","EAR_EMTA_SEX_CUR_NB","SEX_T","CUR_TYPE_USD","2017",181.88,,,"T30:122","R1:3513"
"IDN","BA:510","EAR_EMTA_SEX_CUR_NB","SEX_T","CUR_TYPE_LCU","2016",2125593.661,,,"T30:122","R1:3513"
"IDN","BA:510","EAR_EMTA_SEX_CUR_NB","SEX_T","CUR_TYPE_PPP","2016",427.902,,,"T30:122","R1:3513"
"IDN","BA:510","EAR_EMTA_SEX_CUR_NB","SEX_T","CUR_TYPE_USD","2016",159.719,,,"T30:122","R1:3513"
"IDN","BA:510","EAR_EMTA_SEX_CUR_NB","SEX_T","CUR_TYPE_LCU","2015",1818033.31,,,"T30:122","R1:3513"
"IDN","BA:510","EAR_EMTA_SEX_CUR_NB","SEX_T","CUR_TYPE_PPP","2015",379.533,,,"T30:122","R1:3513"
"IDN","BA:510","EAR_EMTA_SEX_CUR_NB","SEX_T","CUR_TYPE_USD","2015",135.781,,,"T30:122","R1:3513"
"IDN","BA:510","EAR_EMTA_SEX_CUR_NB","SEX_T","CUR_TYPE_LCU","2014",1703837.072,,,"T30:122","R1:3513"
"IDN","BA:510","EAR_EMTA_SEX_CUR_NB","SEX_T","CUR_TYPE_PPP","2014",381.91,,,"T30:122","R1:3513"
"IDN","BA:510","EAR_EMTA_SEX_CUR_NB","SEX_T","CUR_TYPE_USD","2014",143.599,,,"T30:122","R1:3513"
"IDN","BA:510","EAR_EMTA_SEX_CUR_NB","SEX_T","CUR_TYPE_LCU","2013",1575305.674,"B",,"T30:122_I11:264","R1:3513"
"IDN","BA:510","EAR_EMTA_SEX_CUR_NB","SEX_T","CUR_TYPE_PPP","2013",375.586,"B",,"T30:122_I11:264","R1:3513"
"IDN","BA:510","EAR_EMTA_SEX_CUR_NB","SEX_T","CUR_TYPE_USD","2013",150.585,"B",,"T30:122_I11:264","R1:3513"
"IDN","BA:510","EAR_EMTA_SEX_CUR_NB","SEX_T","CUR_TYPE_LCU","2012",1416851.816,,,"T30:122","R1:3513"
"IDN","BA:510","EAR_EMTA_SEX_CUR_NB","SEX_T","CUR_TYPE_PPP","2012",368.272,,,"T30:122","R1:3513"
"IDN","BA:510","EAR_EMTA_SEX_CUR_NB","SEX_T","CUR_TYPE_USD","2012",150.944,,,"T30:122","R1:3513"
"IDN","BA:510","EAR_EMTA_SEX_CUR_NB","SEX_T","CUR_TYPE_LCU","2011",1331778.138,,,"T30:122","R1:3513"
"IDN","BA:510","EAR_EMTA_SEX_CUR_NB","SEX_T","CUR_TYPE_PPP","2011",342.164,,,"T30:122","R1:3513"
"IDN","BA:510","EAR_EMTA_SEX_CUR_NB","SEX_T","CUR_TYPE_USD","2011",151.849,,,"T30:122","R1:3513"
"IDN","BA:510","EAR_EMTA_SEX_CUR_NB","SEX_T","CUR_TYPE_LCU","2010",1373249.226,,,"T30:122","R1:3513"
"IDN","BA:510","EAR_EMTA_SEX_CUR_NB","SEX_T","CUR_TYPE_PPP","2010",360.341,,,"T30:122","R1:3513"
"IDN","BA:510","EAR_EMTA_SEX_CUR_NB","SEX_T","CUR_TYPE_USD","2010",151.065,,,"T30:122","R1:3513"
"IDN","BA:510","EAR_EMTA_SEX_CUR_NB","SEX_T","CUR_TYPE_LCU","2009",1305004.134,,,"T30:122","R1:3513"
"IDN","BA:510","EAR_EMTA_SEX_CUR_NB","SEX_T","CUR_TYPE_PPP","2009",354.206,,,"T30:122","R1:3513"
"IDN","BA:510","EAR_EMTA_SEX_CUR_NB","SEX_T","CUR_TYPE_USD","2009",125.603,,,"T30:122","R1:3513"
"IDN","BA:510","EAR_EMTA_SEX_CUR_NB","SEX_T","CUR_TYPE_LCU","2008",1139076.349,"B",,"T30:122_I11:264","R1:3513"
"IDN","BA:510","EAR_EMTA_SEX_CUR_NB","SEX_T","CUR_TYPE_PPP","2008",323.882,"B",,"T30:122_I11:264","R1:3513"
"IDN","BA:510","EAR_EMTA_SEX_CUR_NB","SEX_T","CUR_TYPE_USD","2008",117.443,"B",,"T30:122_I11:264","R1:3513"
"IDN","BA:510","EAR_EMTA_SEX_CUR_NB","SEX_T","CUR_TYPE_LCU","2007",1075350.928,,,"T30:122","R1:3513"
"IDN","BA:510","EAR_EMTA_SEX_CUR_NB","SEX_T","CUR_TYPE_PPP","2007",324.572,,,"T30:122","R1:3513"
"IDN","BA:510","EAR_EMTA_SEX_CUR_NB","SEX_T","CUR_TYPE_USD","2007",117.64,,,"T30:122","R1:3513"
"IDN","BA:510","EAR_EMTA_SEX_CUR_NB","SEX_T","CUR_TYPE_LCU","2006",995447.946,,,"T30:122","R1:3513"
"IDN","BA:510","EAR_EMTA_SEX_CUR_NB","SEX_T","CUR_TYPE_PPP","2006",310.836,,,"T30:122","R1:3513"
"IDN","BA:510","EAR_EMTA_SEX_CUR_NB","SEX_T","CUR_TYPE_USD","2006",108.682,,,"T30:122","R1:3513"
"IDN","BA:510","EAR_EMTA_SEX_CUR_NB","SEX_T","CUR_TYPE_LCU","2005",850790.049,,,"T30:122","R1:3513"
"IDN","BA:510","EAR_EMTA_SEX_CUR_NB","SEX_T","CUR_TYPE_PPP","2005",291.1,,,"T30:122","R1:3513"
"IDN","BA:510","EAR_EMTA_SEX_CUR_NB","SEX_T","CUR_TYPE_USD","2005",87.668,,,"T30:122","R1:3513"
"IDN","BA:510","EAR_EMTA_SEX_CUR_NB","SEX_T","CUR_TYPE_LCU","2004",840021.08,,,"T30:122","R1:3513"
"IDN","BA:510","EAR_EMTA_SEX_CUR_NB","SEX_T","CUR_TYPE_PPP","2004",307.042,,,"T30:122","R1:3513"
"IDN","BA:510","EAR_EMTA_SEX_CUR_NB","SEX_T","CUR_TYPE_USD","2004",93.974,,,"T30:122","R1:3513"
"IDN","BA:510","EAR_EMTA_SEX_CUR_NB","SEX_T","CUR_TYPE_LCU","2003",786859.657,,,"T30:122","R1:3513"
"IDN","BA:510","EAR_EMTA_SEX_CUR_NB","SEX_T","CUR_TYPE_PPP","2003",297.098,,,"T30:122","R1:3513"
"IDN","BA:510","EAR_EMTA_SEX_CUR_NB","SEX_T","CUR_TYPE_USD","2003",91.739,,,"T30:122","R1:3513"
"IDN","BA:510","EAR_EMTA_SEX_CUR_NB","SEX_T","CUR_TYPE_LCU","2002",691766.912,,,"T30:122","R1:3513"
"IDN","BA:510","EAR_EMTA_SEX_CUR_NB","SEX_T","CUR_TYPE_PPP","2002",272.654,,,"T30:122","R1:3513"
"IDN","BA:510","EAR_EMTA_SEX_CUR_NB","SEX_T","CUR_TYPE_USD","2002",74.294,,,"T30:122","R1:3513"
"IDN","BA:510","EAR_EMTA_SEX_CUR_NB","SEX_T","CUR_TYPE_LCU","2001",590866.355,,,"T30:122","R1:3513"
"IDN","BA:510","EAR_EMTA_SEX_CUR_NB","SEX_T","CUR_TYPE_PPP","2001",256.529,,,"T30:122","R1:3513"
"IDN","BA:510","EAR_EMTA_SEX_CUR_NB","SEX_T","CUR_TYPE_USD","2001",57.584,,,"T30:122","R1:3513"
"IDN","BA:510","EAR_EMTA_SEX_CUR_NB","SEX_T","CUR_TYPE_LCU","2000",430196.73,,,"T30:122","R1:3513"
"IDN","BA:510","EAR_EMTA_SEX_CUR_NB","SEX_T","CUR_TYPE_PPP","2000",202.529,,,"T30:122","R1:3513"
"IDN","BA:510","EAR_EMTA_SEX_CUR_NB","SEX_T","CUR_TYPE_USD","2000",51.081,,,"T30:122","R1:3513"
"IDN","BA:510","EAR_EMTA_SEX_CUR_NB","SEX_T","CUR_TYPE_LCU","1999",677691.823,,,"T30:122","R1:3513"
"IDN","BA:510","EAR_EMTA_SEX_CUR_NB","SEX_T","CUR_TYPE_PPP","1999",320.007,,,"T30:122","R1:3513"
"IDN","BA:510","EAR_EMTA_SEX_CUR_NB","SEX_T","CUR_TYPE_USD","1999",86.274,,,"T30:122","R1:3513"
"IDN","BA:510","EAR_EMTA_SEX_CUR_NB","SEX_T","CUR_TYPE_LCU","1998",553069.117,,,"T30:122","R1:3513"
"IDN","BA:510","EAR_EMTA_SEX_CUR_NB","SEX_T","CUR_TYPE_PPP","1998",307.903,,,"T30:122","R1:3513"
"IDN","BA:510","EAR_EMTA_SEX_CUR_NB","SEX_T","CUR_TYPE_USD","1998",55.232,,,"T30:122","R1:3513"
"IDN","BA:510","EAR_EMTA_SEX_CUR_NB","SEX_T","CUR_TYPE_LCU","1997",464434.204,,,"T30:122","R1:3513"
"IDN","BA:510","EAR_EMTA_SEX_CUR_NB","SEX_T","CUR_TYPE_PPP","1997",403.426,,,"T30:122","R1:3513"
"IDN","BA:510","EAR_EMTA_SEX_CUR_NB","SEX_T","CUR_TYPE_USD","1997",159.633,,,"T30:122","R1:3513"
"IDN","BA:510","EAR_EMTA_SEX_CUR_NB","SEX_T","CUR_TYPE_LCU","1996",404770.879,,,"T30:122","R1:3513"
"IDN","BA:510","EAR_EMTA_SEX_CUR_NB","SEX_T","CUR_TYPE_PPP","1996",364.96,,,"T30:122","R1:3513"
"IDN","BA:510","EAR_EMTA_SEX_CUR_NB","SEX_T","CUR_TYPE_USD","1996",172.809,,,"T30:122","R1:3513"
"IDN","BA:510","EAR_EMTA_SEX_CUR_NB","SEX_T","CUR_TYPE_LCU","1990",126453,,"C5:2067","T8:127_T9:133_T10:138_T33:396_T30:122","S9:66"
"IDN","BA:510","EAR_EMTA_SEX_CUR_NB","SEX_T","CUR_TYPE_PPP","1990",157.138,,"C5:2067","T8:127_T9:133_T10:138_T33:396_T30:122","S9:66"
"IDN","BA:510","EAR_EMTA_SEX_CUR_NB","SEX_T","CUR_TYPE_USD","1990",68.62,,"C5:2067","T8:127_T9:133_T10:138_T33:396_T30:122","S9:66"
"IDN","BA:510","EAR_EMTA_SEX_CUR_NB","SEX_T","CUR_TYPE_LCU","1989",108230,,"C5:2067","T8:127_T9:133_T10:138_T33:396_T30:122","S9:66"
"IDN","BA:510","EAR_EMTA_SEX_CUR_NB","SEX_T","CUR_TYPE_USD","1989",61.145,,"C5:2067","T8:127_T9:133_T10:138_T33:396_T30:122","S9:66"
"IMN","JA:7422","EAR_EMTA_SEX_CUR_NB","SEX_T","CUR_TYPE_LCU","2016",2966.464,,,"T8:127_T9:133_T10:138_T11:142_T12:146_T30:183",
"IMN","JA:7422","EAR_EMTA_SEX_CUR_NB","SEX_T","CUR_TYPE_USD","2016",4005.301,,,"T8:127_T9:133_T10:138_T11:142_T12:146_T30:183",
"IMN","JA:7422","EAR_EMTA_SEX_CUR_NB","SEX_T","CUR_TYPE_LCU","2014",2895.298,,,"T8:127_T9:133_T10:138_T11:142_T12:146_T30:183",
"IMN","JA:7422","EAR_EMTA_SEX_CUR_NB","SEX_T","CUR_TYPE_USD","2014",4764.122,,,"T8:127_T9:133_T10:138_T11:142_T12:146_T30:183",
"IMN","DA:1249","EAR_EMTA_SEX_CUR_NB","SEX_T","CUR_TYPE_LCU","2013",2689.203,,,"T8:127_T9:133_T10:138_T11:142_T12:146_T30:183","S9:66"
"IMN","DA:1249","EAR_EMTA_SEX_CUR_NB","SEX_T","CUR_TYPE_USD","2013",4204.109,,,"T8:127_T9:133_T10:138_T11:142_T12:146_T30:183","S9:66"
"IMN","DA:1249","EAR_EMTA_SEX_CUR_NB","SEX_T","CUR_TYPE_LCU","2008",2154.392,,,"T8:127_T9:133_T10:138_T33:396_T30:183","S3:17_S9:66"
"IMN","DA:1249","EAR_EMTA_SEX_CUR_NB","SEX_T","CUR_TYPE_USD","2008",3960.524,,,"T8:127_T9:133_T10:138_T33:396_T30:183","S3:17_S9:66"
"IMN","DA:1249","EAR_EMTA_SEX_CUR_NB","SEX_T","CUR_TYPE_LCU","2007",2080.132,,,"T8:127_T9:133_T10:138_T33:396_T30:183","S3:17_S9:66"
"IMN","DA:1249","EAR_EMTA_SEX_CUR_NB","SEX_T","CUR_TYPE_USD","2007",4162.165,,,"T8:127_T9:133_T10:138_T33:396_T30:183","S3:17_S9:66"
"IMN","DA:1249","EAR_EMTA_SEX_CUR_NB","SEX_T","CUR_TYPE_LCU","2006",2011.285,,,"T8:127_T9:133_T10:138_T33:396_T30:183","S3:17_S9:66"
"IMN","DA:1249","EAR_EMTA_SEX_CUR_NB","SEX_T","CUR_TYPE_USD","2006",3700.707,,,"T8:127_T9:133_T10:138_T33:396_T30:183","S3:17_S9:66"
"IMN","DA:1249","EAR_EMTA_SEX_CUR_NB","SEX_T","CUR_TYPE_LCU","2005",1857.57,,,"T8:127_T9:133_T10:138_T33:396_T30:183","S3:17_S9:66"
"IMN","DA:1249","EAR_EMTA_SEX_CUR_NB","SEX_T","CUR_TYPE_USD","2005",3377.41,,,"T8:127_T9:133_T10:138_T33:396_T30:183","S3:17_S9:66"
"IMN","DA:1249","EAR_EMTA_SEX_CUR_NB","SEX_T","CUR_TYPE_LCU","2004",1821.891,,,"T8:127_T9:133_T10:138_T33:396_T30:183","S3:17_S9:66"
"IMN","DA:1249","EAR_EMTA_SEX_CUR_NB","SEX_T","CUR_TYPE_USD","2004",3335.697,,,"T8:127_T9:133_T10:138_T33:396_T30:183","S3:17_S9:66"
"IMN","DA:1249","EAR_EMTA_SEX_CUR_NB","SEX_T","CUR_TYPE_LCU","2003",1798.855,,,"T8:127_T9:133_T10:138_T33:396_T30:183","S3:17_S9:66"
"IMN","DA:1249","EAR_EMTA_SEX_CUR_NB","SEX_T","CUR_TYPE_USD","2003",2937.038,,,"T8:127_T9:133_T10:138_T33:396_T30:183","S3:17_S9:66"
"IMN","DA:1249","EAR_EMTA_SEX_CUR_NB","SEX_T","CUR_TYPE_LCU","2002",1656.355,,,"T8:127_T9:133_T10:138_T33:396_T30:183","S3:17_S9:66"
"IMN","DA:1249","EAR_EMTA_SEX_CUR_NB","SEX_T","CUR_TYPE_USD","2002",2482.46,,,"T8:127_T9:133_T10:138_T33:396_T30:183","S3:17_S9:66"
"IMN","DA:1249","EAR_EMTA_SEX_CUR_NB","SEX_T","CUR_TYPE_LCU","2001",1596.558,,,"T8:127_T9:133_T10:138_T33:396_T30:183","S3:17_S9:66"
"IMN","DA:1249","EAR_EMTA_SEX_CUR_NB","SEX_T","CUR_TYPE_USD","2001",2298.346,,,"T8:127_T9:133_T10:138_T33:396_T30:183","S3:17_S9:66"
"IMN","DA:1249","EAR_EMTA_SEX_CUR_NB","SEX_T","CUR_TYPE_LCU","2000",1513.638,,,"T8:127_T9:133_T10:138_T33:396_T30:183","S3:17_S9:66"
"IMN","DA:1249","EAR_EMTA_SEX_CUR_NB","SEX_T","CUR_TYPE_USD","2000",2290.161,,,"T8:127_T9:133_T10:138_T33:396_T30:183","S3:17_S9:66"
"IMN","DA:1249","EAR_EMTA_SEX_CUR_NB","SEX_T","CUR_TYPE_LCU","1999",1492.075,,,"T8:127_T9:133_T10:138_T33:396_T30:183","S3:17_S9:66"
"IMN","DA:1249","EAR_EMTA_SEX_CUR_NB","SEX_T","CUR_TYPE_USD","1999",2414.138,,,"T8:127_T9:133_T10:138_T33:396_T30:183","S3:17_S9:66"
"IMN","DA:1249","EAR_EMTA_SEX_CUR_NB","SEX_T","CUR_TYPE_LCU","1998",1396.382,,,"T8:127_T9:133_T10:138_T33:396_T30:183","S3:17_S9:66"
"IMN","DA:1249","EAR_EMTA_SEX_CUR_NB","SEX_T","CUR_TYPE_USD","1998",2312.566,,,"T8:127_T9:133_T10:138_T33:396_T30:183","S3:17_S9:66"
"IMN","DA:1249","EAR_EMTA_SEX_CUR_NB","SEX_T","CUR_TYPE_LCU","1997",306.84,,,"T30:183",
"IMN","DA:1249","EAR_EMTA_SEX_CUR_NB","SEX_T","CUR_TYPE_USD","1997",502.328,,,"T30:183",
"IMN","DA:1249","EAR_EMTA_SEX_CUR_NB","SEX_T","CUR_TYPE_LCU","1996",1246.607,,,"T8:127_T9:133_T10:138_T33:396_T30:183","S3:17_S9:66"
"IMN","DA:1249","EAR_EMTA_SEX_CUR_NB","SEX_T","CUR_TYPE_USD","1996",1944.911,,,"T8:127_T9:133_T10:138_T33:396_T30:183","S3:17_S9:66"
"IMN","DA:1249","EAR_EMTA_SEX_CUR_NB","SEX_T","CUR_TYPE_LCU","1995",1199.28,,,"T8:127_T9:133_T10:138_T33:396_T30:183","S3:17_S9:66"
"IMN","DA:1249","EAR_EMTA_SEX_CUR_NB","SEX_T","CUR_TYPE_USD","1995",1892.6,,,"T8:127_T9:133_T10:138_T33:396_T30:183","S3:17_S9:66"
"IMN","DA:1249","EAR_EMTA_SEX_CUR_NB","SEX_T","CUR_TYPE_LCU","1994",1134.373,,"C5:2067","T8:127_T9:133_T10:138_T33:396_T30:183","S3:17_S9:66"
"IMN","DA:1249","EAR_EMTA_SEX_CUR_NB","SEX_T","CUR_TYPE_USD","1994",1736.038,,"C5:2067","T8:127_T9:133_T10:138_T33:396_T30:183","S3:17_S9:66"
"IMN","DA:1249","EAR_EMTA_SEX_CUR_NB","SEX_T","CUR_TYPE_LCU","1993",1147.45,,"C5:2067","T8:127_T9:133_T10:138_T33:396_T30:183","S3:17_S9:66"
"IMN","DA:1249","EAR_EMTA_SEX_CUR_NB","SEX_T","CUR_TYPE_USD","1993",1720.943,,"C5:2067","T8:127_T9:133_T10:138_T33:396_T30:183","S3:17_S9:66"
"IMN","DA:1249","EAR_EMTA_SEX_CUR_NB","SEX_T","CUR_TYPE_LCU","1992",1030.54,,"C5:2067","T8:127_T9:133_T10:138_T33:396_T30:183","S3:17_S9:66"
"IMN","DA:1249","EAR_EMTA_SEX_CUR_NB","SEX_T","CUR_TYPE_USD","1992",1808.681,,"C5:2067","T8:127_T9:133_T10:138_T33:396_T30:183","S3:17_S9:66"
"IND","BA:14121","EAR_EMTA_SEX_CUR_NB","SEX_T","CUR_TYPE_LCU","2025",22219.99,,,"T30:121","R1:3513"
"IND","BA:14121","EAR_EMTA_SEX_CUR_NB","SEX_T","CUR_TYPE_PPP","2025",1120.02,,,"T30:121","R1:3513"
"IND","BA:14121","EAR_EMTA_SEX_CUR_NB","SEX_T","CUR_TYPE_USD","2025",254.938,,,"T30:121","R1:3513"
"IND","BA:14121","EAR_EMTA_SEX_CUR_NB","SEX_T","CUR_TYPE_LCU","2024",20811.6,,,"T30:121","R1:3513"
"IND","BA:14121","EAR_EMTA_SEX_CUR_NB","SEX_T","CUR_TYPE_PPP","2024",1045.971,,,"T30:121","R1:3513"
"IND","BA:14121","EAR_EMTA_SEX_CUR_NB","SEX_T","CUR_TYPE_USD","2024",248.737,,,"T30:121","R1:3513"
"IND","BA:14121","EAR_EMTA_SEX_CUR_NB","SEX_T","CUR_TYPE_LCU","2023",19783.492,,,"T30:121","R1:3513"
"IND","BA:14121","EAR_EMTA_SEX_CUR_NB","SEX_T","CUR_TYPE_PPP","2023",1013.65,,,"T30:121","R1:3513"
"IND","BA:14121","EAR_EMTA_SEX_CUR_NB","SEX_T","CUR_TYPE_USD","2023",239.512,,,"T30:121","R1:3513"
"IND","BA:14121","EAR_EMTA_SEX_CUR_NB","SEX_T","CUR_TYPE_LCU","2022",18799.404,,,"T30:121","R1:3513"
"IND","BA:14121","EAR_EMTA_SEX_CUR_NB","SEX_T","CUR_TYPE_PPP","2022",977.408,,,"T30:121","R1:3513"
"IND","BA:14121","EAR_EMTA_SEX_CUR_NB","SEX_T","CUR_TYPE_USD","2022",239.165,,,"T30:121","R1:3513"
"IND","BA:14121","EAR_EMTA_SEX_CUR_NB","SEX_T","CUR_TYPE_LCU","2021",17583.076,,,"T30:121","R1:3513"
"IND","BA:14121","EAR_EMTA_SEX_CUR_NB","SEX_T","CUR_TYPE_PPP","2021",903.134,,,"T30:121","R1:3513"
"IND","BA:14121","EAR_EMTA_SEX_CUR_NB","SEX_T","CUR_TYPE_USD","2021",237.873,,,"T30:121","R1:3513"
"IND","BA:14121","EAR_EMTA_SEX_CUR_NB","SEX_T","CUR_TYPE_LCU","2020",17037.051,,,"T30:121","R1:3513"
"IND","BA:14121","EAR_EMTA_SEX_CUR_NB","SEX_T","CUR_TYPE_PPP","2020",861.556,,,"T30:121","R1:3513"
"IND","BA:14121","EAR_EMTA_SEX_CUR_NB","SEX_T","CUR_TYPE_USD","2020",229.921,,,"T30:121","R1:3513"
"IND","BA:14121","EAR_EMTA_SEX_CUR_NB","SEX_T","CUR_TYPE_LCU","2019",15799.338,,,"T30:121","R1:3513"
"IND","BA:14121","EAR_EMTA_SEX_CUR_NB","SEX_T","CUR_TYPE_PPP","2019",809.056,,,"T30:121","R1:3513"
"IND","BA:14121","EAR_EMTA_SEX_CUR_NB","SEX_T","CUR_TYPE_USD","2019",224.358,,,"T30:121","R1:3513"
"IND","BA:14121","EAR_EMTA_SEX_CUR_NB","SEX_T","CUR_TYPE_LCU","2018",15678.987,,,"T30:121","R1:3513"
"IND","BA:14121","EAR_EMTA_SEX_CUR_NB","SEX_T","CUR_TYPE_PPP","2018",791.023,,,"T30:121","R1:3513"
"IND","BA:14121","EAR_EMTA_SEX_CUR_NB","SEX_T","CUR_TYPE_USD","2018",229.26,,,"T30:121","R1:3513"
"IND","BX:2228","EAR_EMTA_SEX_CUR_NB","SEX_T","CUR_TYPE_LCU","2012",11910.637,,,"T30:121","R1:3513"
"IND","BX:2228","EAR_EMTA_SEX_CUR_NB","SEX_T","CUR_TYPE_PPP","2012",766.785,,,"T30:121","R1:3513"
"IND","BX:2228","EAR_EMTA_SEX_CUR_NB","SEX_T","CUR_TYPE_USD","2012",222.89,,,"T30:121","R1:3513"
"IND","BX:2228","EAR_EMTA_SEX_CUR_NB","SEX_T","CUR_TYPE_LCU","2010",9585.423,,,"T30:121","R1:3513"
"IND","BX:2228","EAR_EMTA_SEX_CUR_NB","SEX_T","CUR_TYPE_PPP","2010",662.19,,,"T30:121","R1:3513"
"IND","BX:2228","EAR_EMTA_SEX_CUR_NB","SEX_T","CUR_TYPE_USD","2010",209.628,,,"T30:121","R1:3513"
"IND","BX:2228","EAR_EMTA_SEX_CUR_NB","SEX_T","CUR_TYPE_LCU","2005",5121.703,,,"T30:121","R1:3513_S3:26"
"IND","BX:2228","EAR_EMTA_SEX_CUR_NB","SEX_T","CUR_TYPE_PPP","2005",479.811,,,"T30:121","R1:3513_S3:26"
"IND","BX:2228","EAR_EMTA_SEX_CUR_NB","SEX_T","CUR_TYPE_USD","2005",116.138,,,"T30:121","R1:3513_S3:26"
"IRL","BB:3073","EAR_EMTA_SEX_CUR_NB","SEX_T","CUR_TYPE_LCU","2025",5041.263,,,"T30:182","R1:3513_T2:85"
"IRL","BB:3073","EAR_EMTA_SEX_CUR_NB","SEX_T","CUR_TYPE_PPP","2025",5576.847,,,"T30:182","R1:3513_T2:85"
"IRL","BB:3073","EAR_EMTA_SEX_CUR_NB","SEX_T","CUR_TYPE_USD","2025",5696.627,,,"T30:182","R1:3513_T2:85"
"IRL","BB:3073","EAR_EMTA_SEX_CUR_NB","SEX_T","CUR_TYPE_LCU","2024",4799.091,,,"T30:182","R1:3513_T2:85"
"IRL","BB:3073","EAR_EMTA_SEX_CUR_NB","SEX_T","CUR_TYPE_PPP","2024",5441.454,,,"T30:182","R1:3513_T2:85"
"IRL","BB:3073","EAR_EMTA_SEX_CUR_NB","SEX_T","CUR_TYPE_USD","2024",5194.536,,,"T30:182","R1:3513_T2:85"
"IRL","BB:3073","EAR_EMTA_SEX_CUR_NB","SEX_T","CUR_TYPE_LCU","2023",4494.462,,,"T30:182","R1:3513_T2:85"
"IRL","BB:3073","EAR_EMTA_SEX_CUR_NB","SEX_T","CUR_TYPE_PPP","2023",5071.091,,,"T30:182","R1:3513_T2:85"
"IRL","BB:3073","EAR_EMTA_SEX_CUR_NB","SEX_T","CUR_TYPE_USD","2023",4859.862,,,"T30:182","R1:3513_T2:85"
"IRL","BB:3073","EAR_EMTA_SEX_CUR_NB","SEX_T","CUR_TYPE_LCU","2022",4393.891,,,"T30:182","R1:3513_T2:85"
"IRL","BB:3073","EAR_EMTA_SEX_CUR_NB","SEX_T","CUR_TYPE_PPP","2022",4836.519,,,"T30:182","R1:3513_T2:85"
"IRL","BB:3073","EAR_EMTA_SEX_CUR_NB","SEX_T","CUR_TYPE_USD","2022",4626.767,,,"T30:182","R1:3513_T2:85"
"IRL","BB:3073","EAR_EMTA_SEX_CUR_NB","SEX_T","CUR_TYPE_LCU","2021",4242.997,,,"T30:182","R1:3513_T2:85"
"IRL","BB:3073","EAR_EMTA_SEX_CUR_NB","SEX_T","CUR_TYPE_PPP","2021",4426.909,,,"T30:182","R1:3513_T2:85"
"IRL","BB:3073","EAR_EMTA_SEX_CUR_NB","SEX_T","CUR_TYPE_USD","2021",5018.193,,,"T30:182","R1:3513_T2:85"
"IRL","BB:3073","EAR_EMTA_SEX_CUR_NB","SEX_T","CUR_TYPE_LCU","2020",3974.495,,,"T30:182","R1:3513_T2:85"
"IRL","BB:3073","EAR_EMTA_SEX_CUR_NB","SEX_T","CUR_TYPE_PPP","2020",3996.685,,,"T30:182","R1:3513_T2:85"
"IRL","BB:3073","EAR_EMTA_SEX_CUR_NB","SEX_T","CUR_TYPE_USD","2020",4539.668,,,"T30:182","R1:3513_T2:85"
"IRL","BB:3073","EAR_EMTA_SEX_CUR_NB","SEX_T","CUR_TYPE_LCU","2019",3546.263,,,"T30:182","R1:3513_T2:85"
"IRL","BB:3073","EAR_EMTA_SEX_CUR_NB","SEX_T","CUR_TYPE_PPP","2019",3654.028,,,"T30:182","R1:3513_T2:85"
"IRL","BB:3073","EAR_EMTA_SEX_CUR_NB","SEX_T","CUR_TYPE_USD","2019",3970.041,,,"T30:182","R1:3513_T2:85"
"IRL","BB:3073","EAR_EMTA_SEX_CUR_NB","SEX_T","CUR_TYPE_LCU","2018",3887.973,,,"T30:182","R1:3513_T2:85"
"IRL","BB:3073","EAR_EMTA_SEX_CUR_NB","SEX_T","CUR_TYPE_PPP","2018",3927.737,,,"T30:182","R1:3513_T2:85"
"IRL","BB:3073","EAR_EMTA_SEX_CUR_NB","SEX_T","CUR_TYPE_USD","2018",4591.696,,,"T30:182","R1:3513_T2:85"
"IRL","BB:3073","EAR_EMTA_SEX_CUR_NB","SEX_T","CUR_TYPE_LCU","2017",3721.719,,,"T30:182","R1:3513_T2:85"
"IRL","BB:3073","EAR_EMTA_SEX_CUR_NB","SEX_T","CUR_TYPE_PPP","2017",3771.873,,,"T30:182","R1:3513_T2:85"
"IRL","BB:3073","EAR_EMTA_SEX_CUR_NB","SEX_T","CUR_TYPE_USD","2017",4204.426,,,"T30:182","R1:3513_T2:85"
"IRL","BB:3073","EAR_EMTA_SEX_CUR_NB","SEX_T","CUR_TYPE_LCU","2016",3678.744,,,"T30:182","R1:3513_T2:85"
"IRL","BB:3073","EAR_EMTA_SEX_CUR_NB","SEX_T","CUR_TYPE_PPP","2016",3774.604,,,"T30:182","R1:3513_T2:85"
"IRL","BB:3073","EAR_EMTA_SEX_CUR_NB","SEX_T","CUR_TYPE_USD","2016",4072.002,,,"T30:182","R1:3513_T2:85"
"IRL","BB:3073","EAR_EMTA_SEX_CUR_NB","SEX_T","CUR_TYPE_LCU","2015",3560.568,,,"T30:182","R1:3513_T2:85"
"IRL","BB:3073","EAR_EMTA_SEX_CUR_NB","SEX_T","CUR_TYPE_PPP","2015",3564.014,,,"T30:182","R1:3513_T2:85"
"IRL","BB:3073","EAR_EMTA_SEX_CUR_NB","SEX_T","CUR_TYPE_USD","2015",3950.45,,,"T30:182","R1:3513_T2:85"
"IRL","BB:3073","EAR_EMTA_SEX_CUR_NB","SEX_T","CUR_TYPE_LCU","2014",3595.739,,,"T30:182","R1:3513_T2:85"
"IRL","BB:3073","EAR_EMTA_SEX_CUR_NB","SEX_T","CUR_TYPE_PPP","2014",3633.855,,,"T30:182","R1:3513_T2:85"
"IRL","BB:3073","EAR_EMTA_SEX_CUR_NB","SEX_T","CUR_TYPE_USD","2014",4776.94,,,"T30:182","R1:3513_T2:85"
"IRL","BB:3073","EAR_EMTA_SEX_CUR_NB","SEX_T","CUR_TYPE_LCU","2013",3626.69,,,"T30:182","R1:3513_T2:85"
"IRL","BB:3073","EAR_EMTA_SEX_CUR_NB","SEX_T","CUR_TYPE_PPP","2013",3753.168,,,"T30:182","R1:3513_T2:85"
"IRL","BB:3073","EAR_EMTA_SEX_CUR_NB","SEX_T","CUR_TYPE_USD","2013",4816.607,,,"T30:182","R1:3513_T2:85"
"IRL","BB:3073","EAR_EMTA_SEX_CUR_NB","SEX_T","CUR_TYPE_LCU","2012",3417.691,,,"T30:182","R1:3513_T2:85"
"IRL","BB:3073","EAR_EMTA_SEX_CUR_NB","SEX_T","CUR_TYPE_PPP","2012",3540.584,,,"T30:182","R1:3513_T2:85"
"IRL","BB:3073","EAR_EMTA_SEX_CUR_NB","SEX_T","CUR_TYPE_USD","2012",4391.049,,,"T30:182","R1:3513_T2:85"
"IRL","BB:3073","EAR_EMTA_SEX_CUR_NB","SEX_T","CUR_TYPE_LCU","2011",3423.298,,,"T30:182","R1:3513_T2:85"
"IRL","BB:3073","EAR_EMTA_SEX_CUR_NB","SEX_T","CUR_TYPE_PPP","2011",3568.072,,,"T30:182","R1:3513_T2:85"
"IRL","BB:3073","EAR_EMTA_SEX_CUR_NB","SEX_T","CUR_TYPE_USD","2011",4765.23,,,"T30:182","R1:3513_T2:85"
"IRL","BB:3073","EAR_EMTA_SEX_CUR_NB","SEX_T","CUR_TYPE_LCU","2010",3350.99,,,"T30:182","R1:3513_T2:85"
"IRL","BB:3073","EAR_EMTA_SEX_CUR_NB","SEX_T","CUR_TYPE_PPP","2010",3467.684,,,"T30:182","R1:3513_T2:85"
"IRL","BB:3073","EAR_EMTA_SEX_CUR_NB","SEX_T","CUR_TYPE_USD","2010",4442.407,,,"T30:182","R1:3513_T2:85"
"IRL","BB:3073","EAR_EMTA_SEX_CUR_NB","SEX_T","CUR_TYPE_LCU","2009",3227.006,,,"T30:182","R1:3513_T2:85"
"IRL","BB:3073","EAR_EMTA_SEX_CUR_NB","SEX_T","CUR_TYPE_PPP","2009",3173.707,,,"T30:182","R1:3513_T2:85"
"IRL","BB:3073","EAR_EMTA_SEX_CUR_NB","SEX_T","CUR_TYPE_USD","2009",4501.028,,,"T30:182","R1:3513_T2:85"
"IRL","BB:3073","EAR_EMTA_SEX_CUR_NB","SEX_T","CUR_TYPE_LCU","2008",3361.255,,,"T30:182","R1:3513_T2:85"
"IRL","BB:3073","EAR_EMTA_SEX_CUR_NB","SEX_T","CUR_TYPE_PPP","2008",3134.464,,,"T30:182","R1:3513_T2:85"
"IRL","BB:3073","EAR_EMTA_SEX_CUR_NB","SEX_T","CUR_TYPE_USD","2008",4943.734,,,"T30:182","R1:3513_T2:85"
"IRL","BB:3073","EAR_EMTA_SEX_CUR_NB","SEX_T","CUR_TYPE_LCU","2007",3224.751,,,"T30:182","R1:3513_T2:85"
"IRL","BB:3073","EAR_EMTA_SEX_CUR_NB","SEX_T","CUR_TYPE_PPP","2007",3025.268,,,"T30:182","R1:3513_T2:85"
"IRL","BB:3073","EAR_EMTA_SEX_CUR_NB","SEX_T","CUR_TYPE_USD","2007",4419.522,,,"T30:182","R1:3513_T2:85"
"IRL","BB:3073","EAR_EMTA_SEX_CUR_NB","SEX_T","CUR_TYPE_LCU","2006",2521.797,,,"T30:182","R1:3513_T2:85"
"IRL","BB:3073","EAR_EMTA_SEX_CUR_NB","SEX_T","CUR_TYPE_PPP","2006",2371.51,,,"T30:182","R1:3513_T2:85"
"IRL","BB:3073","EAR_EMTA_SEX_CUR_NB","SEX_T","CUR_TYPE_USD","2006",3166.369,,,"T30:182","R1:3513_T2:85"
"IRL","BB:3073","EAR_EMTA_SEX_CUR_NB","SEX_T","CUR_TYPE_LCU","2005",2372.294,,,"T30:182","R1:3513_T2:85"
"IRL","BB:3073","EAR_EMTA_SEX_CUR_NB","SEX_T","CUR_TYPE_PPP","2005",2221.43,,,"T30:182","R1:3513_T2:85"
"IRL","BB:3073","EAR_EMTA_SEX_CUR_NB","SEX_T","CUR_TYPE_USD","2005",2951.37,,,"T30:182","R1:3513_T2:85"
"IRL","BB:3073","EAR_EMTA_SEX_CUR_NB","SEX_T","CUR_TYPE_LCU","2004",2336.965,,,"T30:182","R1:3513_T2:85"
"IRL","BB:3073","EAR_EMTA_SEX_CUR_NB","SEX_T","CUR_TYPE_PPP","2004",2189.57,,,"T30:182","R1:3513_T2:85"
"IRL","BB:3073","EAR_EMTA_SEX_CUR_NB","SEX_T","CUR_TYPE_USD","2004",2906.951,,,"T30:182","R1:3513_T2:85"
"IRL","DA:3107","EAR_EMTA_SEX_CUR_NB","SEX_T","CUR_TYPE_LCU","2002",2641.09,,,"T30:182","R1:2383_S3:21"
"IRL","DA:3107","EAR_EMTA_SEX_CUR_NB","SEX_T","CUR_TYPE_PPP","2002",2461.061,,,"T30:182","R1:2383_S3:21"
"IRL","DA:3107","EAR_EMTA_SEX_CUR_NB","SEX_T","CUR_TYPE_USD","2002",2497.415,,,"T30:182","R1:2383_S3:21"
"ISL","BB:3061","EAR_EMTA_SEX_CUR_NB","SEX_T","CUR_TYPE_LCU","2020",5558.226,,,"T30:390","R1:3513_T2:85"
"ISL","BB:3061","EAR_EMTA_SEX_CUR_NB","SEX_T","CUR_TYPE_PPP","2020",5551.63,,,"T30:390","R1:3513_T2:85"
"ISL","BB:3061","EAR_EMTA_SEX_CUR_NB","SEX_T","CUR_TYPE_USD","2020",6348.606,,,"T30:390","R1:3513_T2:85"
"ISL","BB:3061","EAR_EMTA_SEX_CUR_NB","SEX_T","CUR_TYPE_LCU","2019",5716.377,,,"T30:390","R1:3513_T2:85"
"ISL","BB:3061","EAR_EMTA_SEX_CUR_NB","SEX_T","CUR_TYPE_PPP","2019",4962.25,,,"T30:390","R1:3513_T2:85"
"ISL","BB:3061","EAR_EMTA_SEX_CUR_NB","SEX_T","CUR_TYPE_USD","2019",6399.484,,,"T30:390","R1:3513_T2:85"
"ISL","BB:3061","EAR_EMTA_SEX_CUR_NB","SEX_T","CUR_TYPE_LCU","2018",6034.88,,,"T30:390","R1:3513_T2:85"
"ISL","BB:3061","EAR_EMTA_SEX_CUR_NB","SEX_T","CUR_TYPE_PPP","2018",4855.264,,,"T30:390","R1:3513_T2:85"
"ISL","BB:3061","EAR_EMTA_SEX_CUR_NB","SEX_T","CUR_TYPE_USD","2018",7127.194,,,"T30:390","R1:3513_T2:85"
"ISL","BB:3061","EAR_EMTA_SEX_CUR_NB","SEX_T","CUR_TYPE_LCU","2017",5180.819,,,"T30:390","R1:3513_T2:85"
"ISL","BB:3061","EAR_EMTA_SEX_CUR_NB","SEX_T","CUR_TYPE_PPP","2017",3970.058,,,"T30:390","R1:3513_T2:85"
"ISL","BB:3061","EAR_EMTA_SEX_CUR_NB","SEX_T","CUR_TYPE_USD","2017",5852.771,,,"T30:390","R1:3513_T2:85"
"ISL","BB:3061","EAR_EMTA_SEX_CUR_NB","SEX_T","CUR_TYPE_LCU","2016",4129.583,,,"T30:390","R1:3513_T2:85"
"ISL","BB:3061","EAR_EMTA_SEX_CUR_NB","SEX_T","CUR_TYPE_PPP","2016",3454.525,,,"T30:390","R1:3513_T2:85"
"ISL","BB:3061","EAR_EMTA_SEX_CUR_NB","SEX_T","CUR_TYPE_USD","2016",4571.036,,,"T30:390","R1:3513_T2:85"
"ISL","BB:3061","EAR_EMTA_SEX_CUR_NB","SEX_T","CUR_TYPE_LCU","2015",3345.323,,,"T30:390","R1:3513_T2:85"
"ISL","BB:3061","EAR_EMTA_SEX_CUR_NB","SEX_T","CUR_TYPE_PPP","2015",3159.003,,,"T30:390","R1:3513_T2:85"
"ISL","BB:3061","EAR_EMTA_SEX_CUR_NB","SEX_T","CUR_TYPE_USD","2015",3711.635,,,"T30:390","R1:3513_T2:85"
"ISL","BB:3061","EAR_EMTA_SEX_CUR_NB","SEX_T","CUR_TYPE_LCU","2014",3360.81,,,"T30:390","R1:3513_T2:85"
"ISL","BB:3061","EAR_EMTA_SEX_CUR_NB","SEX_T","CUR_TYPE_PPP","2014",3473.362,,,"T30:390","R1:3513_T2:85"
"ISL","BB:3061","EAR_EMTA_SEX_CUR_NB","SEX_T","CUR_TYPE_USD","2014",4464.836,,,"T30:390","R1:3513_T2:85"
"ISL","BB:3061","EAR_EMTA_SEX_CUR_NB","SEX_T","CUR_TYPE_LCU","2013",2746.691,,,"T30:390","R1:3513_T2:85"
"ISL","BB:3061","EAR_EMTA_SEX_CUR_NB","SEX_T","CUR_TYPE_PPP","2013",3008.046,,,"T30:390","R1:3513_T2:85"
"ISL","BB:3061","EAR_EMTA_SEX_CUR_NB","SEX_T","CUR_TYPE_USD","2013",3647.881,,,"T30:390","R1:3513_T2:85"
"ISL","BB:3061","EAR_EMTA_SEX_CUR_NB","SEX_T","CUR_TYPE_LCU","2012",2921.164,,,"T30:390","R1:3513_T2:85"
"ISL","BB:3061","EAR_EMTA_SEX_CUR_NB","SEX_T","CUR_TYPE_PPP","2012",3234.159,,,"T30:390","R1:3513_T2:85"
"ISL","BB:3061","EAR_EMTA_SEX_CUR_NB","SEX_T","CUR_TYPE_USD","2012",3753.112,,,"T30:390","R1:3513_T2:85"
"ISL","BB:3061","EAR_EMTA_SEX_CUR_NB","SEX_T","CUR_TYPE_LCU","2011",2730.881,,,"T30:390","R1:3513_T2:85"
"ISL","BB:3061","EAR_EMTA_SEX_CUR_NB","SEX_T","CUR_TYPE_PPP","2011",3117.941,,,"T30:390","R1:3513_T2:85"
"ISL","BB:3061","EAR_EMTA_SEX_CUR_NB","SEX_T","CUR_TYPE_USD","2011",3801.387,,,"T30:390","R1:3513_T2:85"
"ISL","BB:3061","EAR_EMTA_SEX_CUR_NB","SEX_T","CUR_TYPE_LCU","2010",2541.736,,,"T30:390","R1:3513_T2:85"
"ISL","BB:3061","EAR_EMTA_SEX_CUR_NB","SEX_T","CUR_TYPE_PPP","2010",2912.744,,,"T30:390","R1:3513_T2:85"
"ISL","BB:3061","EAR_EMTA_SEX_CUR_NB","SEX_T","CUR_TYPE_USD","2010",3369.579,,,"T30:390","R1:3513_T2:85"
"ISL","BB:3061","EAR_EMTA_SEX_CUR_NB","SEX_T","CUR_TYPE_LCU","2009",3104.274,,,"T30:390","R1:3513_T2:85"
"ISL","BB:3061","EAR_EMTA_SEX_CUR_NB","SEX_T","CUR_TYPE_PPP","2009",3951.082,,,"T30:390","R1:3513_T2:85"
"ISL","BB:3061","EAR_EMTA_SEX_CUR_NB","SEX_T","CUR_TYPE_USD","2009",4329.842,,,"T30:390","R1:3513_T2:85"
"ISL","BB:3061","EAR_EMTA_SEX_CUR_NB","SEX_T","CUR_TYPE_LCU","2008",4611.25,,,"T30:390","R1:3513_T2:85"
"ISL","BB:3061","EAR_EMTA_SEX_CUR_NB","SEX_T","CUR_TYPE_PPP","2008",5005.466,,,"T30:390","R1:3513_T2:85"
"ISL","BB:3061","EAR_EMTA_SEX_CUR_NB","SEX_T","CUR_TYPE_USD","2008",6782.227,,,"T30:390","R1:3513_T2:85"
"ISL","BB:3061","EAR_EMTA_SEX_CUR_NB","SEX_T","CUR_TYPE_LCU","2007",4219.754,,,"T30:390","R1:3513_T2:85"
"ISL","BB:3061","EAR_EMTA_SEX_CUR_NB","SEX_T","CUR_TYPE_PPP","2007",3446.667,,,"T30:390","R1:3513_T2:85"
"ISL","BB:3061","EAR_EMTA_SEX_CUR_NB","SEX_T","CUR_TYPE_USD","2007",5783.173,,,"T30:390","R1:3513_T2:85"
"ISL","BB:3061","EAR_EMTA_SEX_CUR_NB","SEX_T","CUR_TYPE_LCU","2006",3738.59,,,"T30:390","R1:3513_T2:85"
"ISL","BB:3061","EAR_EMTA_SEX_CUR_NB","SEX_T","CUR_TYPE_PPP","2006",3152.446,,,"T30:390","R1:3513_T2:85"
"ISL","BB:3061","EAR_EMTA_SEX_CUR_NB","SEX_T","CUR_TYPE_USD","2006",4694.173,,,"T30:390","R1:3513_T2:85"
"ISL","BB:3061","EAR_EMTA_SEX_CUR_NB","SEX_T","CUR_TYPE_LCU","2005",2849.297,,,"T30:390","R1:3513_T2:85"
"ISL","BB:3061","EAR_EMTA_SEX_CUR_NB","SEX_T","CUR_TYPE_PPP","2005",2202.995,,,"T30:390","R1:3513_T2:85"
"ISL","BB:3061","EAR_EMTA_SEX_CUR_NB","SEX_T","CUR_TYPE_USD","2005",3544.81,,,"T30:390","R1:3513_T2:85"
"ISL","BB:3061","EAR_EMTA_SEX_CUR_NB","SEX_T","CUR_TYPE_LCU","2004",2673.212,,,"T30:390","R1:3513_T2:85"
"ISL","BB:3061","EAR_EMTA_SEX_CUR_NB","SEX_T","CUR_TYPE_PPP","2004",2303.134,,,"T30:390","R1:3513_T2:85"
"ISL","BB:3061","EAR_EMTA_SEX_CUR_NB","SEX_T","CUR_TYPE_USD","2004",3325.208,,,"T30:390","R1:3513_T2:85"
"ISR","BB:711","EAR_EMTA_SEX_CUR_NB","SEX_T","CUR_TYPE_LCU","2021",10928,,,"I20:3359_T8:252_T9:133_T10:138_T12:145_T30:125",
"ISR","BB:711","EAR_EMTA_SEX_CUR_NB","SEX_T","CUR_TYPE_PPP","2021",2699.581,,,"I20:3359_T8:252_T9:133_T10:138_T12:145_T30:125",
"ISR","BB:711","EAR_EMTA_SEX_CUR_NB","SEX_T","CUR_TYPE_USD","2021",3383.074,,,"I20:3359_T8:252_T9:133_T10:138_T12:145_T30:125",
"ISR","BB:711","EAR_EMTA_SEX_CUR_NB","SEX_T","CUR_TYPE_LCU","2018",10584,,,"I20:3359_T8:252_T9:133_T10:138_T12:145_T30:125",
"ISR","BB:711","EAR_EMTA_SEX_CUR_NB","SEX_T","CUR_TYPE_PPP","2018",2530.73,,,"I20:3359_T8:252_T9:133_T10:138_T12:145_T30:125",
"ISR","BB:711","EAR_EMTA_SEX_CUR_NB","SEX_T","CUR_TYPE_USD","2018",2947.731,,,"I20:3359_T8:252_T9:133_T10:138_T12:145_T30:125",
"ISR","BB:711","EAR_EMTA_SEX_CUR_NB","SEX_T","CUR_TYPE_LCU","2016",9724,,,"I20:3359_T8:252_T9:133_T10:138_T12:145_T30:125",
"ISR","BB:711","EAR_EMTA_SEX_CUR_NB","SEX_T","CUR_TYPE_PPP","2016",2264.2,,,"I20:3359_T8:252_T9:133_T10:138_T12:145_T30:125",
"ISR","BB:711","EAR_EMTA_SEX_CUR_NB","SEX_T","CUR_TYPE_USD","2016",2531.918,,,"I20:3359_T8:252_T9:133_T10:138_T12:145_T30:125",
"ISR","BB:711","EAR_EMTA_SEX_CUR_NB","SEX_T","CUR_TYPE_LCU","2015",9503,,,"T8:252_T9:133_T10:138_T12:145_T30:125",
"ISR","BB:711","EAR_EMTA_SEX_CUR_NB","SEX_T","CUR_TYPE_PPP","2015",2086.993,,,"T8:252_T9:133_T10:138_T12:145_T30:125",
"ISR","BB:711","EAR_EMTA_SEX_CUR_NB","SEX_T","CUR_TYPE_USD","2015",2444.921,,,"T8:252_T9:133_T10:138_T12:145_T30:125",
"ISR","BB:711","EAR_EMTA_SEX_CUR_NB","SEX_T","CUR_TYPE_LCU","2014",9317,,,"T8:127_T9:133_T10:138_T12:145_T30:125",
"ISR","BB:711","EAR_EMTA_SEX_CUR_NB","SEX_T","CUR_TYPE_PPP","2014",2036.226,,,"T8:127_T9:133_T10:138_T12:145_T30:125",
"ISR","BB:711","EAR_EMTA_SEX_CUR_NB","SEX_T","CUR_TYPE_USD","2014",2604.023,,,"T8:127_T9:133_T10:138_T12:145_T30:125",
"ISR","BB:711","EAR_EMTA_SEX_CUR_NB","SEX_T","CUR_TYPE_LCU","2013",9030,,,"T8:127_T9:133_T10:138_T12:145_T30:125",
"ISR","BB:711","EAR_EMTA_SEX_CUR_NB","SEX_T","CUR_TYPE_PPP","2013",2039.782,,,"T8:127_T9:133_T10:138_T12:145_T30:125",
"ISR","BB:711","EAR_EMTA_SEX_CUR_NB","SEX_T","CUR_TYPE_USD","2013",2500.86,,,"T8:127_T9:133_T10:138_T12:145_T30:125",
"ISR","BB:711","EAR_EMTA_SEX_CUR_NB","SEX_T","CUR_TYPE_LCU","2012",9149,,,"T8:127_T9:133_T10:138_T12:145_T30:125",
"ISR","BB:711","EAR_EMTA_SEX_CUR_NB","SEX_T","CUR_TYPE_PPP","2012",2135.642,,,"T8:127_T9:133_T10:138_T12:145_T30:125",
"ISR","BB:711","EAR_EMTA_SEX_CUR_NB","SEX_T","CUR_TYPE_USD","2012",2372.714,,,"T8:127_T9:133_T10:138_T12:145_T30:125",
"ISR","BB:711","EAR_EMTA_SEX_CUR_NB","SEX_T","CUR_TYPE_LCU","2011",8325,,,"T8:252_T9:133_T10:138_T12:145_T33:396_T30:125",
"ISR","BB:711","EAR_EMTA_SEX_CUR_NB","SEX_T","CUR_TYPE_PPP","2011",1949.542,,,"T8:252_T9:133_T10:138_T12:145_T33:396_T30:125",
"ISR","BB:711","EAR_EMTA_SEX_CUR_NB","SEX_T","CUR_TYPE_USD","2011",2326.635,,,"T8:252_T9:133_T10:138_T12:145_T33:396_T30:125",
"ISR","BB:711","EAR_EMTA_SEX_CUR_NB","SEX_T","CUR_TYPE_LCU","2010",8100,,,"T8:252_T9:133_T10:138_T12:145_T33:396_T30:125",
"ISR","BB:711","EAR_EMTA_SEX_CUR_NB","SEX_T","CUR_TYPE_PPP","2010",1857.066,,,"T8:252_T9:133_T10:138_T12:145_T33:396_T30:125",
"ISR","BB:711","EAR_EMTA_SEX_CUR_NB","SEX_T","CUR_TYPE_USD","2010",2166.369,,,"T8:252_T9:133_T10:138_T12:145_T33:396_T30:125",
"ISR","BB:711","EAR_EMTA_SEX_CUR_NB","SEX_T","CUR_TYPE_LCU","2009",7947,,,"T8:252_T9:133_T10:138_T12:145_T33:396_T30:125",
"ISR","BB:711","EAR_EMTA_SEX_CUR_NB","SEX_T","CUR_TYPE_PPP","2009",1834.406,,,"T8:252_T9:133_T10:138_T12:145_T33:396_T30:125",
"ISR","BB:711","EAR_EMTA_SEX_CUR_NB","SEX_T","CUR_TYPE_USD","2009",2020.936,,,"T8:252_T9:133_T10:138_T12:145_T33:396_T30:125",
"ISR","FA:714","EAR_EMTA_SEX_CUR_NB","SEX_T","CUR_TYPE_LCU","2008",8075,,,"T8:127_T9:133_T10:138_T33:396_T30:125","S5:356_S9:67"
"ISR","FA:714","EAR_EMTA_SEX_CUR_NB","SEX_T","CUR_TYPE_PPP","2008",1867.124,,,"T8:127_T9:133_T10:138_T33:396_T30:125","S5:356_S9:67"
"ISR","FA:714","EAR_EMTA_SEX_CUR_NB","SEX_T","CUR_TYPE_USD","2008",2250.544,,,"T8:127_T9:133_T10:138_T33:396_T30:125","S5:356_S9:67"
"ISR","FA:714","EAR_EMTA_SEX_CUR_NB","SEX_T","CUR_TYPE_LCU","2007",7749,,,"T8:127_T9:133_T10:138_T33:396_T30:125","S5:356_S9:67"
"ISR","FA:714","EAR_EMTA_SEX_CUR_NB","SEX_T","CUR_TYPE_PPP","2007",1875.682,,,"T8:127_T9:133_T10:138_T33:396_T30:125","S5:356_S9:67"
"ISR","FA:714","EAR_EMTA_SEX_CUR_NB","SEX_T","CUR_TYPE_USD","2007",1886.281,,,"T8:127_T9:133_T10:138_T33:396_T30:125","S5:356_S9:67"
"ISR","FA:714","EAR_EMTA_SEX_CUR_NB","SEX_T","CUR_TYPE_LCU","2006",7466,,,"T8:127_T9:133_T10:138_T33:396_T30:125","S4:35_S9:66"
"ISR","FA:714","EAR_EMTA_SEX_CUR_NB","SEX_T","CUR_TYPE_PPP","2006",1782.618,,,"T8:127_T9:133_T10:138_T33:396_T30:125","S4:35_S9:66"
"ISR","FA:714","EAR_EMTA_SEX_CUR_NB","SEX_T","CUR_TYPE_USD","2006",1675.566,,,"T8:127_T9:133_T10:138_T33:396_T30:125","S4:35_S9:66"
"ISR","FA:714","EAR_EMTA_SEX_CUR_NB","SEX_T","CUR_TYPE_LCU","2005",7219,,,"T8:127_T9:133_T10:138_T33:396_T30:125","S4:35_S9:66"
"ISR","FA:714","EAR_EMTA_SEX_CUR_NB","SEX_T","CUR_TYPE_PPP","2005",1773.384,,,"T8:127_T9:133_T10:138_T33:396_T30:125","S4:35_S9:66"
"ISR","FA:714","EAR_EMTA_SEX_CUR_NB","SEX_T","CUR_TYPE_USD","2005",1608.619,,,"T8:127_T9:133_T10:138_T33:396_T30:125","S4:35_S9:66"
"ISR","FA:714","EAR_EMTA_SEX_CUR_NB","SEX_T","CUR_TYPE_LCU","2004",7050,,,"T8:127_T9:133_T10:138_T33:396_T30:125_I11:265","S4:35_S9:66"
"ISR","FA:714","EAR_EMTA_SEX_CUR_NB","SEX_T","CUR_TYPE_PPP","2004",1754.598,,,"T8:127_T9:133_T10:138_T33:396_T30:125_I11:265","S4:35_S9:66"
"ISR","FA:714","EAR_EMTA_SEX_CUR_NB","SEX_T","CUR_TYPE_USD","2004",1572.964,,,"T8:127_T9:133_T10:138_T33:396_T30:125_I11:265","S4:35_S9:66"
"ISR","FA:714","EAR_EMTA_SEX_CUR_NB","SEX_T","CUR_TYPE_LCU","2003",6859,,,"T8:127_T9:133_T10:138_T33:396_T30:125","S4:35_S9:66"
"ISR","FA:714","EAR_EMTA_SEX_CUR_NB","SEX_T","CUR_TYPE_PPP","2003",1672.809,,,"T8:127_T9:133_T10:138_T33:396_T30:125","S4:35_S9:66"
"ISR","FA:714","EAR_EMTA_SEX_CUR_NB","SEX_T","CUR_TYPE_USD","2003",1506.104,,,"T8:127_T9:133_T10:138_T33:396_T30:125","S4:35_S9:66"
"ISR","FA:714","EAR_EMTA_SEX_CUR_NB","SEX_T","CUR_TYPE_LCU","2002",7023,,,"T8:127_T9:133_T10:138_T33:396_T30:125","S4:35_S9:66"
"ISR","FA:714","EAR_EMTA_SEX_CUR_NB","SEX_T","CUR_TYPE_PPP","2002",1723.894,,,"T8:127_T9:133_T10:138_T33:396_T30:125","S4:35_S9:66"
"ISR","FA:714","EAR_EMTA_SEX_CUR_NB","SEX_T","CUR_TYPE_USD","2002",1482.326,,,"T8:127_T9:133_T10:138_T33:396_T30:125","S4:35_S9:66"
"ISR","FA:714","EAR_EMTA_SEX_CUR_NB","SEX_T","CUR_TYPE_LCU","2001",7082,,,"T8:127_T9:133_T10:138_T33:396_T30:125","S4:35_S9:66"
"ISR","FA:714","EAR_EMTA_SEX_CUR_NB","SEX_T","CUR_TYPE_PPP","2001",1784.06,,,"T8:127_T9:133_T10:138_T33:396_T30:125","S4:35_S9:66"
"ISR","FA:714","EAR_EMTA_SEX_CUR_NB","SEX_T","CUR_TYPE_USD","2001",1683.925,,,"T8:127_T9:133_T10:138_T33:396_T30:125","S4:35_S9:66"
"ISR","FA:714","EAR_EMTA_SEX_CUR_NB","SEX_T","CUR_TYPE_LCU","2000",6791,,,"T8:127_T9:133_T10:138_T33:396_T30:125","S4:35_S9:66"
"ISR","FA:714","EAR_EMTA_SEX_CUR_NB","SEX_T","CUR_TYPE_PPP","2000",1690.522,,,"T8:127_T9:133_T10:138_T33:396_T30:125","S4:35_S9:66"
"ISR","FA:714","EAR_EMTA_SEX_CUR_NB","SEX_T","CUR_TYPE_USD","2000",1665.549,,,"T8:127_T9:133_T10:138_T33:396_T30:125","S4:35_S9:66"
"ISR","FA:714","EAR_EMTA_SEX_CUR_NB","SEX_T","CUR_TYPE_LCU","1999",6323,,,"T8:127_T9:133_T10:138_T33:396_T30:125","S4:35_S9:66"
"ISR","FA:714","EAR_EMTA_SEX_CUR_NB","SEX_T","CUR_TYPE_PPP","1999",1455.752,,,"T8:127_T9:133_T10:138_T33:396_T30:125","S4:35_S9:66"
"ISR","FA:714","EAR_EMTA_SEX_CUR_NB","SEX_T","CUR_TYPE_USD","1999",1527.399,,,"T8:127_T9:133_T10:138_T33:396_T30:125","S4:35_S9:66"
"ISR","FA:714","EAR_EMTA_SEX_CUR_NB","SEX_T","CUR_TYPE_LCU","1998",5859,,,"T8:127_T9:133_T10:138_T33:396_T30:125","S4:35_S9:66"
"ISR","FA:714","EAR_EMTA_SEX_CUR_NB","SEX_T","CUR_TYPE_PPP","1998",1401.927,,,"T8:127_T9:133_T10:138_T33:396_T30:125","S4:35_S9:66"
"ISR","FA:714","EAR_EMTA_SEX_CUR_NB","SEX_T","CUR_TYPE_USD","1998",1541.812,,,"T8:127_T9:133_T10:138_T33:396_T30:125","S4:35_S9:66"
"ISR","FA:714","EAR_EMTA_SEX_CUR_NB","SEX_T","CUR_TYPE_LCU","1997",5442,,,"T8:127_T9:133_T10:138_T33:396_T30:125","S4:35_S9:66"
"ISR","FA:714","EAR_EMTA_SEX_CUR_NB","SEX_T","CUR_TYPE_PPP","1997",1363.445,,,"T8:127_T9:133_T10:138_T33:396_T30:125","S4:35_S9:66"
"ISR","FA:714","EAR_EMTA_SEX_CUR_NB","SEX_T","CUR_TYPE_USD","1997",1577.689,,,"T8:127_T9:133_T10:138_T33:396_T30:125","S4:35_S9:66"
"ISR","FA:714","EAR_EMTA_SEX_CUR_NB","SEX_T","CUR_TYPE_LCU","1996",4876,,,"T8:127_T9:133_T10:138_T33:396_T30:125","S4:35_S9:66"
"ISR","FA:714","EAR_EMTA_SEX_CUR_NB","SEX_T","CUR_TYPE_PPP","1996",1281.458,,,"T8:127_T9:133_T10:138_T33:396_T30:125","S4:35_S9:66"
"ISR","FA:714","EAR_EMTA_SEX_CUR_NB","SEX_T","CUR_TYPE_USD","1996",1527.736,,,"T8:127_T9:133_T10:138_T33:396_T30:125","S4:35_S9:66"
"ISR","FA:714","EAR_EMTA_SEX_CUR_NB","SEX_T","CUR_TYPE_LCU","1995",4312,,,"T8:127_T9:133_T10:138_T33:396_T30:125","S4:35_S9:66"
"ISR","FA:714","EAR_EMTA_SEX_CUR_NB","SEX_T","CUR_TYPE_PPP","1995",1192.176,,,"T8:127_T9:133_T10:138_T33:396_T30:125","S4:35_S9:66"
"ISR","FA:714","EAR_EMTA_SEX_CUR_NB","SEX_T","CUR_TYPE_USD","1995",1431.944,,,"T8:127_T9:133_T10:138_T33:396_T30:125","S4:35_S9:66"
"ISR","FA:714","EAR_EMTA_SEX_CUR_NB","SEX_T","CUR_TYPE_LCU","1994",3840,,,"T30:125",
"ISR","FA:714","EAR_EMTA_SEX_CUR_NB","SEX_T","CUR_TYPE_PPP","1994",1086.566,,,"T30:125",
"ISR","FA:714","EAR_EMTA_SEX_CUR_NB","SEX_T","CUR_TYPE_USD","1994",1275.3,,,"T30:125",
"ISR","FA:714","EAR_EMTA_SEX_CUR_NB","SEX_T","CUR_TYPE_LCU","1993",3409.1,,"C5:2067","T8:127_T9:133_T10:138_T33:396_T30:125","S9:66"
"ISR","FA:714","EAR_EMTA_SEX_CUR_NB","SEX_T","CUR_TYPE_PPP","1993",1052.638,,"C5:2067","T8:127_T9:133_T10:138_T33:396_T30:125","S9:66"
"ISR","FA:714","EAR_EMTA_SEX_CUR_NB","SEX_T","CUR_TYPE_USD","1993",1204.593,,"C5:2067","T8:127_T9:133_T10:138_T33:396_T30:125","S9:66"
"ISR","FA:714","EAR_EMTA_SEX_CUR_NB","SEX_T","CUR_TYPE_LCU","1992",3053.5,,"C5:2067","T8:127_T9:133_T10:138_T33:396_T30:125","S9:66"
"ISR","FA:714","EAR_EMTA_SEX_CUR_NB","SEX_T","CUR_TYPE_PPP","1992",1017.858,,"C5:2067","T8:127_T9:133_T10:138_T33:396_T30:125","S9:66"
"ISR","FA:714","EAR_EMTA_SEX_CUR_NB","SEX_T","CUR_TYPE_USD","1992",1241.723,,"C5:2067","T8:127_T9:133_T10:138_T33:396_T30:125","S9:66"
"ISR","FA:714","EAR_EMTA_SEX_CUR_NB","SEX_T","CUR_TYPE_LCU","1991",2699.3,,"C5:2067","T8:127_T9:133_T10:138_T33:396_T30:125","S9:66"
"ISR","FA:714","EAR_EMTA_SEX_CUR_NB","SEX_T","CUR_TYPE_PPP","1991",975.638,,"C5:2067","T8:127_T9:133_T10:138_T33:396_T30:125","S9:66"
"ISR","FA:714","EAR_EMTA_SEX_CUR_NB","SEX_T","CUR_TYPE_USD","1991",1184.367,,"C5:2067","T8:127_T9:133_T10:138_T33:396_T30:125","S9:66"
"ISR","FA:714","EAR_EMTA_SEX_CUR_NB","SEX_T","CUR_TYPE_LCU","1990",2298.8,,"C5:2067","T8:127_T9:133_T10:138_T33:396_T30:125_I11:265","S9:66"
"ISR","FA:714","EAR_EMTA_SEX_CUR_NB","SEX_T","CUR_TYPE_PPP","1990",943.343,,"C5:2067","T8:127_T9:133_T10:138_T33:396_T30:125_I11:265","S9:66"
"ISR","FA:714","EAR_EMTA_SEX_CUR_NB","SEX_T","CUR_TYPE_USD","1990",1140.179,,"C5:2067","T8:127_T9:133_T10:138_T33:396_T30:125_I11:265","S9:66"
"ISR","FA:714","EAR_EMTA_SEX_CUR_NB","SEX_T","CUR_TYPE_LCU","1989",2019.7,,"C5:2067","T8:127_T9:133_T10:138_T33:396_T30:125","S9:66"
"ISR","FA:714","EAR_EMTA_SEX_CUR_NB","SEX_T","CUR_TYPE_USD","1989",1053.894,,"C5:2067","T8:127_T9:133_T10:138_T33:396_T30:125","S9:66"
"ITA","BB:3069","EAR_EMTA_SEX_CUR_NB","SEX_T","CUR_TYPE_LCU","2025",3534.346,,,"T30:184","R1:3513_T2:85"
"ITA","BB:3069","EAR_EMTA_SEX_CUR_NB","SEX_T","CUR_TYPE_PPP","2025",5481.102,,,"T30:184","R1:3513_T2:85"
"ITA","BB:3069","EAR_EMTA_SEX_CUR_NB","SEX_T","CUR_TYPE_USD","2025",3993.811,,,"T30:184","R1:3513_T2:85"
"ITA","BB:3069","EAR_EMTA_SEX_CUR_NB","SEX_T","CUR_TYPE_LCU","2024",3329.878,,,"T30:184","R1:3513_T2:85"
"ITA","BB:3069","EAR_EMTA_SEX_CUR_NB","SEX_T","CUR_TYPE_PPP","2024",5326.467,,,"T30:184","R1:3513_T2:85"
"ITA","BB:3069","EAR_EMTA_SEX_CUR_NB","SEX_T","CUR_TYPE_USD","2024",3604.26,,,"T30:184","R1:3513_T2:85"
"ITA","BB:3069","EAR_EMTA_SEX_CUR_NB","SEX_T","CUR_TYPE_LCU","2023",3203.698,,,"T30:184","R1:3513_T2:85"
"ITA","BB:3069","EAR_EMTA_SEX_CUR_NB","SEX_T","CUR_TYPE_PPP","2023",5072.786,,,"T30:184","R1:3513_T2:85"
"ITA","BB:3069","EAR_EMTA_SEX_CUR_NB","SEX_T","CUR_TYPE_USD","2023",3464.158,,,"T30:184","R1:3513_T2:85"
"ITA","BB:3069","EAR_EMTA_SEX_CUR_NB","SEX_T","CUR_TYPE_LCU","2022",3116.198,,,"T30:184","R1:3513_T2:85"
"ITA","BB:3069","EAR_EMTA_SEX_CUR_NB","SEX_T","CUR_TYPE_PPP","2022",4718.674,,,"T30:184","R1:3513_T2:85"
"ITA","BB:3069","EAR_EMTA_SEX_CUR_NB","SEX_T","CUR_TYPE_USD","2022",3281.357,,,"T30:184","R1:3513_T2:85"
"ITA","BB:3069","EAR_EMTA_SEX_CUR_NB","SEX_T","CUR_TYPE_LCU","2021",3077.83,,,"T30:184","R1:3513_T2:85"
"ITA","BB:3069","EAR_EMTA_SEX_CUR_NB","SEX_T","CUR_TYPE_PPP","2021",4397.403,,,"T30:184","R1:3513_T2:85"
"ITA","BB:3069","EAR_EMTA_SEX_CUR_NB","SEX_T","CUR_TYPE_USD","2021",3640.15,,,"T30:184","R1:3513_T2:85"
"ITA","BA:325","EAR_EMTA_SEX_CUR_NB","SEX_T","CUR_TYPE_LCU","2020",1365.486,,,"T30:184","R1:3513"
"ITA","BA:325","EAR_EMTA_SEX_CUR_NB","SEX_T","CUR_TYPE_PPP","2020",1912.95,,,"T30:184","R1:3513"
"ITA","BA:325","EAR_EMTA_SEX_CUR_NB","SEX_T","CUR_TYPE_USD","2020",1559.659,,,"T30:184","R1:3513"
"ITA","BA:325","EAR_EMTA_SEX_CUR_NB","SEX_T","CUR_TYPE_LCU","2019",1354.972,,,"T30:184","R1:3513"
"ITA","BA:325","EAR_EMTA_SEX_CUR_NB","SEX_T","CUR_TYPE_PPP","2019",1873.179,,,"T30:184","R1:3513"
"ITA","BA:325","EAR_EMTA_SEX_CUR_NB","SEX_T","CUR_TYPE_USD","2019",1516.891,,,"T30:184","R1:3513"
"ITA","BA:325","EAR_EMTA_SEX_CUR_NB","SEX_T","CUR_TYPE_LCU","2018",1338.435,,,"T30:184","R1:3513"
"ITA","BA:325","EAR_EMTA_SEX_CUR_NB","SEX_T","CUR_TYPE_PPP","2018",1755.819,,,"T30:184","R1:3513"
"ITA","BA:325","EAR_EMTA_SEX_CUR_NB","SEX_T","CUR_TYPE_USD","2018",1580.691,,,"T30:184","R1:3513"
"ITA","BA:325","EAR_EMTA_SEX_CUR_NB","SEX_T","CUR_TYPE_LCU","2017",1325.863,,,"T30:184","R1:3513"
"ITA","BA:325","EAR_EMTA_SEX_CUR_NB","SEX_T","CUR_TYPE_PPP","2017",1704.964,,,"T30:184","R1:3513"
"ITA","BA:325","EAR_EMTA_SEX_CUR_NB","SEX_T","CUR_TYPE_USD","2017",1497.828,,,"T30:184","R1:3513"
"ITA","BA:325","EAR_EMTA_SEX_CUR_NB","SEX_T","CUR_TYPE_LCU","2016",1319.238,,,"T30:184","R1:3513"
"ITA","BA:325","EAR_EMTA_SEX_CUR_NB","SEX_T","CUR_TYPE_PPP","2016",1677.874,,,"T30:184","R1:3513"
"ITA","BA:325","EAR_EMTA_SEX_CUR_NB","SEX_T","CUR_TYPE_USD","2016",1460.265,,,"T30:184","R1:3513"
"ITA","BA:325","EAR_EMTA_SEX_CUR_NB","SEX_T","CUR_TYPE_LCU","2015",1307.589,,,"T30:184","R1:3513"
"ITA","BA:325","EAR_EMTA_SEX_CUR_NB","SEX_T","CUR_TYPE_PPP","2015",1578.12,,,"T30:184","R1:3513"
"ITA","BA:325","EAR_EMTA_SEX_CUR_NB","SEX_T","CUR_TYPE_USD","2015",1450.77,,,"T30:184","R1:3513"
"ITA","BA:325","EAR_EMTA_SEX_CUR_NB","SEX_T","CUR_TYPE_LCU","2014",1286.271,,,"T30:184","R1:3513"
"ITA","BA:325","EAR_EMTA_SEX_CUR_NB","SEX_T","CUR_TYPE_PPP","2014",1558.455,,,"T30:184","R1:3513"
"ITA","BA:325","EAR_EMTA_SEX_CUR_NB","SEX_T","CUR_TYPE_USD","2014",1708.811,,,"T30:184","R1:3513"
"ITA","BA:325","EAR_EMTA_SEX_CUR_NB","SEX_T","CUR_TYPE_LCU","2013",1264.564,,,"T30:184","R1:3513"
"ITA","BA:325","EAR_EMTA_SEX_CUR_NB","SEX_T","CUR_TYPE_PPP","2013",1542.981,,,"T30:184","R1:3513"
"ITA","BA:325","EAR_EMTA_SEX_CUR_NB","SEX_T","CUR_TYPE_USD","2013",1679.468,,,"T30:184","R1:3513"
"ITA","BA:325","EAR_EMTA_SEX_CUR_NB","SEX_T","CUR_TYPE_LCU","2012",1258.506,,,"T30:184","R1:3513"
"ITA","BA:325","EAR_EMTA_SEX_CUR_NB","SEX_T","CUR_TYPE_PPP","2012",1517.819,,,"T30:184","R1:3513"
"ITA","BA:325","EAR_EMTA_SEX_CUR_NB","SEX_T","CUR_TYPE_USD","2012",1616.928,,,"T30:184","R1:3513"
"ITA","BA:325","EAR_EMTA_SEX_CUR_NB","SEX_T","CUR_TYPE_LCU","2011",1258.837,,,"T30:184","R1:3513"
"ITA","BA:325","EAR_EMTA_SEX_CUR_NB","SEX_T","CUR_TYPE_PPP","2011",1536.097,,,"T30:184","R1:3513"
"ITA","BA:325","EAR_EMTA_SEX_CUR_NB","SEX_T","CUR_TYPE_USD","2011",1752.302,,,"T30:184","R1:3513"
"ITA","BA:325","EAR_EMTA_SEX_CUR_NB","SEX_T","CUR_TYPE_LCU","2010",1247.144,,,"T30:184","R1:3513"
"ITA","BA:325","EAR_EMTA_SEX_CUR_NB","SEX_T","CUR_TYPE_PPP","2010",1522.528,,,"T30:184","R1:3513"
"ITA","BA:325","EAR_EMTA_SEX_CUR_NB","SEX_T","CUR_TYPE_USD","2010",1653.339,,,"T30:184","R1:3513"
"ITA","BA:325","EAR_EMTA_SEX_CUR_NB","SEX_T","CUR_TYPE_LCU","2009",1226.329,,,"T30:184","R1:3513"
"ITA","BA:325","EAR_EMTA_SEX_CUR_NB","SEX_T","CUR_TYPE_PPP","2009",1468.766,,,"T30:184","R1:3513"
"ITA","BA:325","EAR_EMTA_SEX_CUR_NB","SEX_T","CUR_TYPE_USD","2009",1710.484,,,"T30:184","R1:3513"
"ITA","BA:325","EAR_EMTA_SEX_CUR_NB","SEX_T","CUR_TYPE_LCU","2008",1210.181,"B",,"T30:184_I11:264","R1:3513"
"ITA","BA:325","EAR_EMTA_SEX_CUR_NB","SEX_T","CUR_TYPE_PPP","2008",1428.724,"B",,"T30:184_I11:264","R1:3513"
"ITA","BA:325","EAR_EMTA_SEX_CUR_NB","SEX_T","CUR_TYPE_USD","2008",1779.934,"B",,"T30:184_I11:264","R1:3513"
"ITA","BB:3069","EAR_EMTA_SEX_CUR_NB","SEX_T","CUR_TYPE_LCU","2007",2725.037,,,"T30:184","R1:3513_T2:85"
"ITA","BB:3069","EAR_EMTA_SEX_CUR_NB","SEX_T","CUR_TYPE_PPP","2007",3110.62,,,"T30:184","R1:3513_T2:85"
"ITA","BB:3069","EAR_EMTA_SEX_CUR_NB","SEX_T","CUR_TYPE_USD","2007",3734.664,,,"T30:184","R1:3513_T2:85"
"ITA","DA:12945","EAR_EMTA_SEX_CUR_NB","SEX_T","CUR_TYPE_LCU","2006",2099,,,"T30:184","R1:2383_S3:21_S8:3211_S8:3907_S6:48"
"ITA","DA:12945","EAR_EMTA_SEX_CUR_NB","SEX_T","CUR_TYPE_PPP","2006",2383.429,,,"T30:184","R1:2383_S3:21_S8:3211_S8:3907_S6:48"
"ITA","DA:12945","EAR_EMTA_SEX_CUR_NB","SEX_T","CUR_TYPE_USD","2006",2635.504,,,"T30:184","R1:2383_S3:21_S8:3211_S8:3907_S6:48"
"ITA","DA:12945","EAR_EMTA_SEX_CUR_NB","SEX_T","CUR_TYPE_LCU","2002",1880.12,,,"T30:184","R1:2383_S3:21_S8:2603_S8:3907_S6:48"
"ITA","DA:12945","EAR_EMTA_SEX_CUR_NB","SEX_T","CUR_TYPE_PPP","2002",2141.899,,,"T30:184","R1:2383_S3:21_S8:2603_S8:3907_S6:48"
"ITA","DA:12945","EAR_EMTA_SEX_CUR_NB","SEX_T","CUR_TYPE_USD","2002",1777.842,,,"T30:184","R1:2383_S3:21_S8:2603_S8:3907_S6:48"
"JAM","BA:65","EAR_EMTA_SEX_CUR_NB","SEX_T","CUR_TYPE_LCU","2014",37139.627,,,"T30:88","R1:3513"
"JAM","BA:65","EAR_EMTA_SEX_CUR_NB","SEX_T","CUR_TYPE_PPP","2014",531.337,,,"T30:88","R1:3513"
"JAM","BA:65","EAR_EMTA_SEX_CUR_NB","SEX_T","CUR_TYPE_USD","2014",334.789,,,"T30:88","R1:3513"
"JAM","BA:65","EAR_EMTA_SEX_CUR_NB","SEX_T","CUR_TYPE_LCU","2013",35859.531,,,"T30:88","R1:3513"
"JAM","BA:65","EAR_EMTA_SEX_CUR_NB","SEX_T","CUR_TYPE_PPP","2013",542.021,,,"T30:88","R1:3513"
"JAM","BA:65","EAR_EMTA_SEX_CUR_NB","SEX_T","CUR_TYPE_USD","2013",357.174,,,"T30:88","R1:3513"
"JAM","BA:65","EAR_EMTA_SEX_CUR_NB","SEX_T","CUR_TYPE_LCU","2012",30639.538,,,"T30:88","R1:3513"
"JAM","BA:65","EAR_EMTA_SEX_CUR_NB","SEX_T","CUR_TYPE_PPP","2012",497.579,,,"T30:88","R1:3513"
"JAM","BA:65","EAR_EMTA_SEX_CUR_NB","SEX_T","CUR_TYPE_USD","2012",345.235,,,"T30:88","R1:3513"
"JAM","BA:65","EAR_EMTA_SEX_CUR_NB","SEX_T","CUR_TYPE_LCU","2011",31509.509,,,"T30:88","R1:3513"
"JAM","BA:65","EAR_EMTA_SEX_CUR_NB","SEX_T","CUR_TYPE_PPP","2011",501.134,,,"T30:88","R1:3513"
"JAM","BA:65","EAR_EMTA_SEX_CUR_NB","SEX_T","CUR_TYPE_USD","2011",366.844,,,"T30:88","R1:3513"
"JAM","BA:65","EAR_EMTA_SEX_CUR_NB","SEX_T","CUR_TYPE_LCU","2010",29228.216,,,"T30:88","R1:3513"
"JAM","BA:65","EAR_EMTA_SEX_CUR_NB","SEX_T","CUR_TYPE_PPP","2010",484.674,,,"T30:88","R1:3513"
"JAM","BA:65","EAR_EMTA_SEX_CUR_NB","SEX_T","CUR_TYPE_USD","2010",335.201,,,"T30:88","R1:3513"
"JAM","BA:65","EAR_EMTA_SEX_CUR_NB","SEX_T","CUR_TYPE_LCU","2009",28534.069,,,"T30:88","R1:3513"
"JAM","BA:65","EAR_EMTA_SEX_CUR_NB","SEX_T","CUR_TYPE_PPP","2009",524.235,,,"T30:88","R1:3513"
"JAM","BA:65","EAR_EMTA_SEX_CUR_NB","SEX_T","CUR_TYPE_USD","2009",324.641,,,"T30:88","R1:3513"
"JAM","BA:65","EAR_EMTA_SEX_CUR_NB","SEX_T","CUR_TYPE_LCU","2008",30578.195,,,"T30:88","R1:3513"
"JAM","BA:65","EAR_EMTA_SEX_CUR_NB","SEX_T","CUR_TYPE_PPP","2008",617.875,,,"T30:88","R1:3513"
"JAM","BA:65","EAR_EMTA_SEX_CUR_NB","SEX_T","CUR_TYPE_USD","2008",420.283,,,"T30:88","R1:3513"
"JAM","DA:70","EAR_EMTA_SEX_CUR_NB","SEX_T","CUR_TYPE_LCU","2007",56077.83,,,"T8:127_T9:133_T10:138_T33:396_T30:88","S9:66"
"JAM","DA:70","EAR_EMTA_SEX_CUR_NB","SEX_T","CUR_TYPE_PPP","2007",1331.558,,,"T8:127_T9:133_T10:138_T33:396_T30:88","S9:66"
"JAM","DA:70","EAR_EMTA_SEX_CUR_NB","SEX_T","CUR_TYPE_USD","2007",810.465,,,"T8:127_T9:133_T10:138_T33:396_T30:88","S9:66"
"JAM","DA:70","EAR_EMTA_SEX_CUR_NB","SEX_T","CUR_TYPE_LCU","2006",50591.72,,,"T8:127_T9:133_T10:138_T33:396_T30:88","S9:66"
"JAM","DA:70","EAR_EMTA_SEX_CUR_NB","SEX_T","CUR_TYPE_PPP","2006",1275.95,,,"T8:127_T9:133_T10:138_T33:396_T30:88","S9:66"
"JAM","DA:70","EAR_EMTA_SEX_CUR_NB","SEX_T","CUR_TYPE_USD","2006",769.528,,,"T8:127_T9:133_T10:138_T33:396_T30:88","S9:66"
"JAM","DA:70","EAR_EMTA_SEX_CUR_NB","SEX_T","CUR_TYPE_LCU","2005",45023.34,,,"T8:127_T9:133_T10:138_T33:396_T30:88","S9:66"
"JAM","DA:70","EAR_EMTA_SEX_CUR_NB","SEX_T","CUR_TYPE_PPP","2005",1194.2,,,"T8:127_T9:133_T10:138_T33:396_T30:88","S9:66"
"JAM","DA:70","EAR_EMTA_SEX_CUR_NB","SEX_T","CUR_TYPE_USD","2005",722.91,,,"T8:127_T9:133_T10:138_T33:396_T30:88","S9:66"
"JAM","DA:70","EAR_EMTA_SEX_CUR_NB","SEX_T","CUR_TYPE_LCU","2004",41702.23,,,"T8:127_T9:133_T10:138_T33:396_T30:88","S9:66"
"JAM","DA:70","EAR_EMTA_SEX_CUR_NB","SEX_T","CUR_TYPE_PPP","2004",1230.853,,,"T8:127_T9:133_T10:138_T33:396_T30:88","S9:66"
"JAM","DA:70","EAR_EMTA_SEX_CUR_NB","SEX_T","CUR_TYPE_USD","2004",681.44,,,"T8:127_T9:133_T10:138_T33:396_T30:88","S9:66"
"JAM","DA:70","EAR_EMTA_SEX_CUR_NB","SEX_T","CUR_TYPE_LCU","2003",39069.59,,,"T8:127_T9:133_T10:138_T33:396_T30:88","S9:66"
"JAM","DA:70","EAR_EMTA_SEX_CUR_NB","SEX_T","CUR_TYPE_PPP","2003",1275.31,,,"T8:127_T9:133_T10:138_T33:396_T30:88","S9:66"
"JAM","DA:70","EAR_EMTA_SEX_CUR_NB","SEX_T","CUR_TYPE_USD","2003",676.637,,,"T8:127_T9:133_T10:138_T33:396_T30:88","S9:66"
"JAM","DA:70","EAR_EMTA_SEX_CUR_NB","SEX_T","CUR_TYPE_LCU","2002",8895,,,"T30:88",
"JAM","DA:70","EAR_EMTA_SEX_CUR_NB","SEX_T","CUR_TYPE_PPP","2002",312.543,,,"T30:88",
"JAM","DA:70","EAR_EMTA_SEX_CUR_NB","SEX_T","CUR_TYPE_USD","2002",183.72,,,"T30:88",
"JAM","DA:70","EAR_EMTA_SEX_CUR_NB","SEX_T","CUR_TYPE_LCU","2001",8237,,,"T30:88",
"JAM","DA:70","EAR_EMTA_SEX_CUR_NB","SEX_T","CUR_TYPE_PPP","2001",305.065,,,"T30:88",
"JAM","DA:70","EAR_EMTA_SEX_CUR_NB","SEX_T","CUR_TYPE_USD","2001",179.08,,,"T30:88",
"JEY","DA:2509","EAR_EMTA_SEX_CUR_NB","SEX_T","CUR_TYPE_LCU","2016",3031,,,"T8:252_T9:131_T12:1516_T30:185","S3:17_S9:66"
"JEY","DA:2509","EAR_EMTA_SEX_CUR_NB","SEX_T","CUR_TYPE_LCU","2015",2944.4,,,"T8:252_T9:131_T12:1516_T30:185","S3:17_S9:66"
"JEY","DA:2509","EAR_EMTA_SEX_CUR_NB","SEX_T","CUR_TYPE_LCU","2013",2857.8,,,"T8:127_T9:133_T10:138_T12:1516_T30:185","S3:17_S9:66"
"JEY","DA:2509","EAR_EMTA_SEX_CUR_NB","SEX_T","CUR_TYPE_LCU","2012",2857.8,,,"T12:1516_T33:396_T30:185","S3:17_S9:66"
"JEY","DA:1295","EAR_EMTA_SEX_CUR_NB","SEX_T","CUR_TYPE_LCU","2008",2598,,,"T8:127_T9:133_T10:138_T33:396_T30:185","S3:17_S9:66"
"JEY","DA:1295","EAR_EMTA_SEX_CUR_NB","SEX_T","CUR_TYPE_LCU","2007",2511.4,,,"T8:127_T9:133_T10:138_T33:396_T30:185","S3:17_S9:66"
"JEY","DA:1295","EAR_EMTA_SEX_CUR_NB","SEX_T","CUR_TYPE_LCU","2006",2381.5,,,"T8:127_T9:133_T10:138_T33:396_T30:185","S3:17_S9:66"
"JEY","DA:1295","EAR_EMTA_SEX_CUR_NB","SEX_T","CUR_TYPE_LCU","2005",2294.9,,,"T8:127_T9:133_T10:138_T33:396_T30:185","S3:17_S9:66"
"JEY","DA:1295","EAR_EMTA_SEX_CUR_NB","SEX_T","CUR_TYPE_LCU","2004",2208.3,,,"T8:127_T9:133_T10:138_T33:396_T30:185","S3:17_S9:66"
"JEY","DA:1295","EAR_EMTA_SEX_CUR_NB","SEX_T","CUR_TYPE_LCU","2003",2121.7,,,"T8:127_T9:133_T10:138_T33:396_T30:185","S3:17_S9:66"
"JEY","DA:1295","EAR_EMTA_SEX_CUR_NB","SEX_T","CUR_TYPE_LCU","2002",2035.1,,,"T8:127_T9:133_T10:138_T33:396_T30:185","S3:17_S9:66"
"JEY","DA:1295","EAR_EMTA_SEX_CUR_NB","SEX_T","CUR_TYPE_LCU","2001",1948.5,,,"T8:127_T9:133_T10:138_T33:396_T30:185","S3:17_S9:66"
"JEY","DA:1295","EAR_EMTA_SEX_CUR_NB","SEX_T","CUR_TYPE_LCU","2000",1818.6,,,"T8:127_T9:133_T10:138_T33:396_T30:185","S3:17_S9:66"
"JEY","DA:1295","EAR_EMTA_SEX_CUR_NB","SEX_T","CUR_TYPE_LCU","1999",1688.7,,,"T8:127_T9:133_T10:138_T33:396_T30:185","S3:17_S9:66"
"JEY","DA:1295","EAR_EMTA_SEX_CUR_NB","SEX_T","CUR_TYPE_LCU","1998",1602.1,,,"T8:127_T9:133_T10:138_T33:396_T30:185","S3:17_S9:66"
"JEY","DA:1295","EAR_EMTA_SEX_CUR_NB","SEX_T","CUR_TYPE_LCU","1997",1558.8,,,"T8:127_T9:133_T10:138_T33:396_T30:185","S3:17_S9:66"
"JOR","BA:682","EAR_EMTA_SEX_CUR_NB","SEX_T","CUR_TYPE_LCU","2024",351.324,,,"T30:127","R1:3513"
"JOR","BA:682","EAR_EMTA_SEX_CUR_NB","SEX_T","CUR_TYPE_PPP","2024",1093.779,,,"T30:127","R1:3513"
"JOR","BA:682","EAR_EMTA_SEX_CUR_NB","SEX_T","CUR_TYPE_USD","2024",494.823,,,"T30:127","R1:3513"
"JOR","BA:682","EAR_EMTA_SEX_CUR_NB","SEX_T","CUR_TYPE_LCU","2023",341.397,,,"T30:127","R1:3513"
"JOR","BA:682","EAR_EMTA_SEX_CUR_NB","SEX_T","CUR_TYPE_PPP","2023",1048.491,,,"T30:127","R1:3513"
"JOR","BA:682","EAR_EMTA_SEX_CUR_NB","SEX_T","CUR_TYPE_USD","2023",480.841,,,"T30:127","R1:3513"
"JOR","BA:682","EAR_EMTA_SEX_CUR_NB","SEX_T","CUR_TYPE_LCU","2022",340.545,,,"T30:127","R1:3513"
"JOR","BA:682","EAR_EMTA_SEX_CUR_NB","SEX_T","CUR_TYPE_PPP","2022",1025.467,,,"T30:127","R1:3513"
"JOR","BA:682","EAR_EMTA_SEX_CUR_NB","SEX_T","CUR_TYPE_USD","2022",479.641,,,"T30:127","R1:3513"
"JOR","BA:682","EAR_EMTA_SEX_CUR_NB","SEX_T","CUR_TYPE_LCU","2021",337.059,,,"T30:127","R1:3513"
"JOR","BA:682","EAR_EMTA_SEX_CUR_NB","SEX_T","CUR_TYPE_PPP","2021",979.506,,,"T30:127","R1:3513"
"JOR","BA:682","EAR_EMTA_SEX_CUR_NB","SEX_T","CUR_TYPE_USD","2021",474.731,,,"T30:127","R1:3513"
"JOR","BA:682","EAR_EMTA_SEX_CUR_NB","SEX_T","CUR_TYPE_LCU","2020",321.731,,,"T30:127","R1:3513"
"JOR","BA:682","EAR_EMTA_SEX_CUR_NB","SEX_T","CUR_TYPE_PPP","2020",946.144,,,"T30:127","R1:3513"
"JOR","BA:682","EAR_EMTA_SEX_CUR_NB","SEX_T","CUR_TYPE_USD","2020",453.142,,,"T30:127","R1:3513"
"JOR","BA:682","EAR_EMTA_SEX_CUR_NB","SEX_T","CUR_TYPE_LCU","2019",320.031,,,"T30:127","R1:3513"
"JOR","BA:682","EAR_EMTA_SEX_CUR_NB","SEX_T","CUR_TYPE_PPP","2019",936.104,,,"T30:127","R1:3513"
"JOR","BA:682","EAR_EMTA_SEX_CUR_NB","SEX_T","CUR_TYPE_USD","2019",450.748,,,"T30:127","R1:3513"
"JOR","BA:682","EAR_EMTA_SEX_CUR_NB","SEX_T","CUR_TYPE_LCU","2018",331.572,,,"T30:127","R1:3513"
"JOR","BA:682","EAR_EMTA_SEX_CUR_NB","SEX_T","CUR_TYPE_PPP","2018",961.838,,,"T30:127","R1:3513"
"JOR","BA:682","EAR_EMTA_SEX_CUR_NB","SEX_T","CUR_TYPE_USD","2018",467.003,,,"T30:127","R1:3513"
"JOR","BA:682","EAR_EMTA_SEX_CUR_NB","SEX_T","CUR_TYPE_LCU","2017",353.086,"B",,"T30:127_I11:264","R1:3513"
"JOR","BA:682","EAR_EMTA_SEX_CUR_NB","SEX_T","CUR_TYPE_PPP","2017",1047.541,"B",,"T30:127_I11:264","R1:3513"
"JOR","BA:682","EAR_EMTA_SEX_CUR_NB","SEX_T","CUR_TYPE_USD","2017",497.304,"B",,"T30:127_I11:264","R1:3513"
"JOR","DA:1299","EAR_EMTA_SEX_CUR_NB","SEX_T","CUR_TYPE_LCU","2016",493,,,"T8:127_T9:133_T10:138_T33:396_T30:127","S3:21_S9:66"
"JOR","DA:1299","EAR_EMTA_SEX_CUR_NB","SEX_T","CUR_TYPE_PPP","2016",1353.381,,,"T8:127_T9:133_T10:138_T33:396_T30:127","S3:21_S9:66"
"JOR","DA:1299","EAR_EMTA_SEX_CUR_NB","SEX_T","CUR_TYPE_USD","2016",694.366,,,"T8:127_T9:133_T10:138_T33:396_T30:127","S3:21_S9:66"
"JOR","DA:1299","EAR_EMTA_SEX_CUR_NB","SEX_T","CUR_TYPE_LCU","1993",152.762,,"C5:2067","T8:127_T9:133_T10:138_T33:396_T30:127","S3:21_S9:66"
"JOR","DA:1299","EAR_EMTA_SEX_CUR_NB","SEX_T","CUR_TYPE_PPP","1993",567.645,,"C5:2067","T8:127_T9:133_T10:138_T33:396_T30:127","S3:21_S9:66"
"JOR","DA:1299","EAR_EMTA_SEX_CUR_NB","SEX_T","CUR_TYPE_USD","1993",220.484,,"C5:2067","T8:127_T9:133_T10:138_T33:396_T30:127","S3:21_S9:66"
"JOR","DA:1299","EAR_EMTA_SEX_CUR_NB","SEX_T","CUR_TYPE_LCU","1992",145.488,,"C5:2067","T8:127_T9:133_T10:138_T33:396_T30:127","S3:21_S9:66"
"JOR","DA:1299","EAR_EMTA_SEX_CUR_NB","SEX_T","CUR_TYPE_PPP","1992",542.531,,"C5:2067","T8:127_T9:133_T10:138_T33:396_T30:127","S3:21_S9:66"
"JOR","DA:1299","EAR_EMTA_SEX_CUR_NB","SEX_T","CUR_TYPE_USD","1992",214.01,,"C5:2067","T8:127_T9:133_T10:138_T33:396_T30:127","S3:21_S9:66"
"JOR","DA:1299","EAR_EMTA_SEX_CUR_NB","SEX_T","CUR_TYPE_LCU","1991",135.096,,"C5:2067","T8:127_T9:133_T10:138_T33:396_T30:127","S3:21_S9:66"
"JOR","DA:1299","EAR_EMTA_SEX_CUR_NB","SEX_T","CUR_TYPE_PPP","1991",508.507,,"C5:2067","T8:127_T9:133_T10:138_T33:396_T30:127","S3:21_S9:66"
"JOR","DA:1299","EAR_EMTA_SEX_CUR_NB","SEX_T","CUR_TYPE_USD","1991",198.418,,"C5:2067","T8:127_T9:133_T10:138_T33:396_T30:127","S3:21_S9:66"
"JOR","DA:1299","EAR_EMTA_SEX_CUR_NB","SEX_T","CUR_TYPE_LCU","1990",135.096,,"C5:2067","T8:127_T9:133_T10:138_T33:396_T30:127","S3:21_S9:66"
"JOR","DA:1299","EAR_EMTA_SEX_CUR_NB","SEX_T","CUR_TYPE_PPP","1990",527.633,,"C5:2067","T8:127_T9:133_T10:138_T33:396_T30:127","S3:21_S9:66"
"JOR","DA:1299","EAR_EMTA_SEX_CUR_NB","SEX_T","CUR_TYPE_USD","1990",203.546,,"C5:2067","T8:127_T9:133_T10:138_T33:396_T30:127","S3:21_S9:66"
"JOR","DA:1299","EAR_EMTA_SEX_CUR_NB","SEX_T","CUR_TYPE_LCU","1989",132.498,,"C5:2067","T8:127_T9:133_T10:138_T33:396_T30:127","S3:21_S9:66"
"JOR","DA:1299","EAR_EMTA_SEX_CUR_NB","SEX_T","CUR_TYPE_USD","1989",230.601,,"C5:2067","T8:127_T9:133_T10:138_T33:396_T30:127","S3:21_S9:66"
"JPN","DA:260","EAR_EMTA_SEX_CUR_NB","SEX_T","CUR_TYPE_LCU","2021",307400,,,"T8:252_T9:133_T10:138_T12:146_T30:126","S3:17_S4:34_S6:47"
"JPN","DA:260","EAR_EMTA_SEX_CUR_NB","SEX_T","CUR_TYPE_PPP","2021",2808.732,,,"T8:252_T9:133_T10:138_T12:146_T30:126","S3:17_S4:34_S6:47"
"JPN","DA:260","EAR_EMTA_SEX_CUR_NB","SEX_T","CUR_TYPE_USD","2021",2800.801,,,"T8:252_T9:133_T10:138_T12:146_T30:126","S3:17_S4:34_S6:47"
"JPN","DA:260","EAR_EMTA_SEX_CUR_NB","SEX_T","CUR_TYPE_LCU","2020",307700,,,"T8:252_T9:133_T10:138_T12:146_T30:126","S3:17_S4:34_S6:47"
"JPN","DA:260","EAR_EMTA_SEX_CUR_NB","SEX_T","CUR_TYPE_PPP","2020",2723.276,,,"T8:252_T9:133_T10:138_T12:146_T30:126","S3:17_S4:34_S6:47"
"JPN","DA:260","EAR_EMTA_SEX_CUR_NB","SEX_T","CUR_TYPE_USD","2020",2881.772,,,"T8:252_T9:133_T10:138_T12:146_T30:126","S3:17_S4:34_S6:47"
"JPN","DA:260","EAR_EMTA_SEX_CUR_NB","SEX_T","CUR_TYPE_LCU","2019",306000,,,"T8:252_T9:133_T10:138_T12:146_T30:126","S3:17_S4:34_S6:47"
"JPN","DA:260","EAR_EMTA_SEX_CUR_NB","SEX_T","CUR_TYPE_PPP","2019",2636.61,,,"T8:252_T9:133_T10:138_T12:146_T30:126","S3:17_S4:34_S6:47"
"JPN","DA:260","EAR_EMTA_SEX_CUR_NB","SEX_T","CUR_TYPE_USD","2019",2807.09,,,"T8:252_T9:133_T10:138_T12:146_T30:126","S3:17_S4:34_S6:47"
"JPN","DA:260","EAR_EMTA_SEX_CUR_NB","SEX_T","CUR_TYPE_LCU","2018",305300,,,"T8:252_T9:133_T10:138_T12:146_T30:126","S3:17_S4:34_S6:47"
"JPN","DA:260","EAR_EMTA_SEX_CUR_NB","SEX_T","CUR_TYPE_PPP","2018",2670.603,,,"T8:252_T9:133_T10:138_T12:146_T30:126","S3:17_S4:34_S6:47"
"JPN","DA:260","EAR_EMTA_SEX_CUR_NB","SEX_T","CUR_TYPE_USD","2018",2764.818,,,"T8:252_T9:133_T10:138_T12:146_T30:126","S3:17_S4:34_S6:47"
"JPN","DA:260","EAR_EMTA_SEX_CUR_NB","SEX_T","CUR_TYPE_LCU","2017",303800,,,"T8:252_T9:133_T10:138_T12:146_T30:126","S3:17_S4:34_S6:47"
"JPN","DA:260","EAR_EMTA_SEX_CUR_NB","SEX_T","CUR_TYPE_PPP","2017",2619.34,,,"T8:252_T9:133_T10:138_T12:146_T30:126","S3:17_S4:34_S6:47"
"JPN","DA:260","EAR_EMTA_SEX_CUR_NB","SEX_T","CUR_TYPE_USD","2017",2708.482,,,"T8:252_T9:133_T10:138_T12:146_T30:126","S3:17_S4:34_S6:47"
"JPN","DA:260","EAR_EMTA_SEX_CUR_NB","SEX_T","CUR_TYPE_LCU","2016",303600,,,"T8:252_T9:133_T10:138_T12:146_T30:126","S3:17_S4:34_S6:47"
"JPN","DA:260","EAR_EMTA_SEX_CUR_NB","SEX_T","CUR_TYPE_PPP","2016",2641.632,,,"T8:252_T9:133_T10:138_T12:146_T30:126","S3:17_S4:34_S6:47"
"JPN","DA:260","EAR_EMTA_SEX_CUR_NB","SEX_T","CUR_TYPE_USD","2016",2790.623,,,"T8:252_T9:133_T10:138_T12:146_T30:126","S3:17_S4:34_S6:47"
"JPN","DA:260","EAR_EMTA_SEX_CUR_NB","SEX_T","CUR_TYPE_LCU","2015",303500,,,"T8:252_T9:133_T10:138_T12:146_T30:126","S3:17_S4:34_S6:47"
"JPN","DA:260","EAR_EMTA_SEX_CUR_NB","SEX_T","CUR_TYPE_PPP","2015",2785.354,,,"T8:252_T9:133_T10:138_T12:146_T30:126","S3:17_S4:34_S6:47"
"JPN","DA:260","EAR_EMTA_SEX_CUR_NB","SEX_T","CUR_TYPE_USD","2015",2507.352,,,"T8:252_T9:133_T10:138_T12:146_T30:126","S3:17_S4:34_S6:47"
"JPN","DA:260","EAR_EMTA_SEX_CUR_NB","SEX_T","CUR_TYPE_LCU","2014",299600,,,"T8:252_T9:133_T10:138_T12:146_T30:126","S3:17_S4:34_S6:47"
"JPN","DA:260","EAR_EMTA_SEX_CUR_NB","SEX_T","CUR_TYPE_PPP","2014",2744.051,,,"T8:252_T9:133_T10:138_T12:146_T30:126","S3:17_S4:34_S6:47"
"JPN","DA:260","EAR_EMTA_SEX_CUR_NB","SEX_T","CUR_TYPE_USD","2014",2827.888,,,"T8:252_T9:133_T10:138_T12:146_T30:126","S3:17_S4:34_S6:47"
"JPN","DA:260","EAR_EMTA_SEX_CUR_NB","SEX_T","CUR_TYPE_LCU","2013",295700,,,"T8:252_T9:133_T10:138_T12:146_T33:396_T30:126","S3:17_S4:34_S6:47"
"JPN","DA:260","EAR_EMTA_SEX_CUR_NB","SEX_T","CUR_TYPE_PPP","2013",2774.171,,,"T8:252_T9:133_T10:138_T12:146_T33:396_T30:126","S3:17_S4:34_S6:47"
"JPN","DA:260","EAR_EMTA_SEX_CUR_NB","SEX_T","CUR_TYPE_USD","2013",3029.848,,,"T8:252_T9:133_T10:138_T12:146_T33:396_T30:126","S3:17_S4:34_S6:47"
"JPN","DA:260","EAR_EMTA_SEX_CUR_NB","SEX_T","CUR_TYPE_LCU","2012",297700,,,"T8:252_T9:133_T10:138_T12:146_T33:396_T30:126","S3:17_S4:34_S6:47"
"JPN","DA:260","EAR_EMTA_SEX_CUR_NB","SEX_T","CUR_TYPE_PPP","2012",2642.359,,,"T8:252_T9:133_T10:138_T12:146_T33:396_T30:126","S3:17_S4:34_S6:47"
"JPN","DA:260","EAR_EMTA_SEX_CUR_NB","SEX_T","CUR_TYPE_USD","2012",3731.023,,,"T8:252_T9:133_T10:138_T12:146_T33:396_T30:126","S3:17_S4:34_S6:47"
"JPN","DA:260","EAR_EMTA_SEX_CUR_NB","SEX_T","CUR_TYPE_LCU","2011",296800,,,"T8:252_T9:133_T10:138_T12:146_T33:396_T30:126","S3:17_S4:34_S6:47"
"JPN","DA:260","EAR_EMTA_SEX_CUR_NB","SEX_T","CUR_TYPE_PPP","2011",2556.346,,,"T8:252_T9:133_T10:138_T12:146_T33:396_T30:126","S3:17_S4:34_S6:47"
"JPN","DA:260","EAR_EMTA_SEX_CUR_NB","SEX_T","CUR_TYPE_USD","2011",3718.971,,,"T8:252_T9:133_T10:138_T12:146_T33:396_T30:126","S3:17_S4:34_S6:47"
"JPN","DA:260","EAR_EMTA_SEX_CUR_NB","SEX_T","CUR_TYPE_LCU","2010",296200,,,"T8:252_T9:133_T10:138_T12:146_T33:396_T30:126","S3:17_S4:34_S6:47"
"JPN","DA:260","EAR_EMTA_SEX_CUR_NB","SEX_T","CUR_TYPE_PPP","2010",2447.292,,,"T8:252_T9:133_T10:138_T12:146_T33:396_T30:126","S3:17_S4:34_S6:47"
"JPN","DA:260","EAR_EMTA_SEX_CUR_NB","SEX_T","CUR_TYPE_USD","2010",3374.35,,,"T8:252_T9:133_T10:138_T12:146_T33:396_T30:126","S3:17_S4:34_S6:47"
"JPN","DA:260","EAR_EMTA_SEX_CUR_NB","SEX_T","CUR_TYPE_LCU","2009",294500,,,"T8:252_T9:133_T10:138_T12:146_T33:396_T30:126","S3:17_S4:34_S6:47"
"JPN","DA:260","EAR_EMTA_SEX_CUR_NB","SEX_T","CUR_TYPE_PPP","2009",2355.112,,,"T8:252_T9:133_T10:138_T12:146_T33:396_T30:126","S3:17_S4:34_S6:47"
"JPN","DA:260","EAR_EMTA_SEX_CUR_NB","SEX_T","CUR_TYPE_USD","2009",3147.373,,,"T8:252_T9:133_T10:138_T12:146_T33:396_T30:126","S3:17_S4:34_S6:47"
"JPN","DA:1304","EAR_EMTA_SEX_CUR_NB","SEX_T","CUR_TYPE_LCU","1998",299100,,"C5:2067","T8:127_T9:133_T10:138_T33:396_T30:126","S3:17_S7:57_S9:66_S6:48"
"JPN","DA:1304","EAR_EMTA_SEX_CUR_NB","SEX_T","CUR_TYPE_PPP","1998",1570.29,,"C5:2067","T8:127_T9:133_T10:138_T33:396_T30:126","S3:17_S7:57_S9:66_S6:48"
"JPN","DA:1304","EAR_EMTA_SEX_CUR_NB","SEX_T","CUR_TYPE_USD","1998",2284.858,,"C5:2067","T8:127_T9:133_T10:138_T33:396_T30:126","S3:17_S7:57_S9:66_S6:48"
"JPN","DA:1304","EAR_EMTA_SEX_CUR_NB","SEX_T","CUR_TYPE_LCU","1997",298900,,"C5:2067","T8:127_T9:133_T10:138_T33:396_T30:126","S3:17_S7:57_S9:66_S6:48"
"JPN","DA:1304","EAR_EMTA_SEX_CUR_NB","SEX_T","CUR_TYPE_PPP","1997",1558.299,,"C5:2067","T8:127_T9:133_T10:138_T33:396_T30:126","S3:17_S7:57_S9:66_S6:48"
"JPN","DA:1304","EAR_EMTA_SEX_CUR_NB","SEX_T","CUR_TYPE_USD","1997",2470.434,,"C5:2067","T8:127_T9:133_T10:138_T33:396_T30:126","S3:17_S7:57_S9:66_S6:48"
"JPN","DA:1304","EAR_EMTA_SEX_CUR_NB","SEX_T","CUR_TYPE_LCU","1996",295600,,"C5:2067","T8:127_T9:133_T10:138_T33:396_T30:126","S3:17_S7:57_S9:66_S6:48"
"JPN","DA:1304","EAR_EMTA_SEX_CUR_NB","SEX_T","CUR_TYPE_PPP","1996",1533.333,,"C5:2067","T8:127_T9:133_T10:138_T33:396_T30:126","S3:17_S7:57_S9:66_S6:48"
"JPN","DA:1304","EAR_EMTA_SEX_CUR_NB","SEX_T","CUR_TYPE_USD","1996",2717.435,,"C5:2067","T8:127_T9:133_T10:138_T33:396_T30:126","S3:17_S7:57_S9:66_S6:48"
"JPN","DA:1304","EAR_EMTA_SEX_CUR_NB","SEX_T","CUR_TYPE_LCU","1995",291300,,"C5:2067","T8:127_T9:133_T10:138_T33:396_T30:126","S3:17_S7:57_S9:66_S6:48"
"JPN","DA:1304","EAR_EMTA_SEX_CUR_NB","SEX_T","CUR_TYPE_PPP","1995",1481.466,,"C5:2067","T8:127_T9:133_T10:138_T33:396_T30:126","S3:17_S7:57_S9:66_S6:48"
"JPN","DA:1304","EAR_EMTA_SEX_CUR_NB","SEX_T","CUR_TYPE_USD","1995",3096.973,,"C5:2067","T8:127_T9:133_T10:138_T33:396_T30:126","S3:17_S7:57_S9:66_S6:48"
"JPN","DA:1304","EAR_EMTA_SEX_CUR_NB","SEX_T","CUR_TYPE_LCU","1994",288400,,"C5:2067","T8:127_T9:133_T10:138_T33:396_T30:126","S3:17_S7:57_S9:66_S6:48"
"JPN","DA:1304","EAR_EMTA_SEX_CUR_NB","SEX_T","CUR_TYPE_PPP","1994",1431.686,,"C5:2067","T8:127_T9:133_T10:138_T33:396_T30:126","S3:17_S7:57_S9:66_S6:48"
"JPN","DA:1304","EAR_EMTA_SEX_CUR_NB","SEX_T","CUR_TYPE_USD","1994",2821.702,,"C5:2067","T8:127_T9:133_T10:138_T33:396_T30:126","S3:17_S7:57_S9:66_S6:48"
"JPN","DA:1304","EAR_EMTA_SEX_CUR_NB","SEX_T","CUR_TYPE_LCU","1993",281100,,"C5:2067","T8:127_T9:133_T10:138_T33:396_T30:126","S3:17_S7:57_S9:66_S6:48"
"JPN","DA:1304","EAR_EMTA_SEX_CUR_NB","SEX_T","CUR_TYPE_PPP","1993",1378.254,,"C5:2067","T8:127_T9:133_T10:138_T33:396_T30:126","S3:17_S7:57_S9:66_S6:48"
"JPN","DA:1304","EAR_EMTA_SEX_CUR_NB","SEX_T","CUR_TYPE_USD","1993",2527.928,,"C5:2067","T8:127_T9:133_T10:138_T33:396_T30:126","S3:17_S7:57_S9:66_S6:48"
"KAZ","FK:613","EAR_EMTA_SEX_CUR_NB","SEX_T","CUR_TYPE_LCU","2022",309867,,,"T8:127_T9:133_T10:138_T12:145_T30:128","S7:56_S9:67"
"KAZ","FK:613","EAR_EMTA_SEX_CUR_NB","SEX_T","CUR_TYPE_PPP","2022",2043.695,,,"T8:127_T9:133_T10:138_T12:145_T30:128","S7:56_S9:67"
"KAZ","FK:613","EAR_EMTA_SEX_CUR_NB","SEX_T","CUR_TYPE_USD","2022",673.382,,,"T8:127_T9:133_T10:138_T12:145_T30:128","S7:56_S9:67"
"KAZ","FK:613","EAR_EMTA_SEX_CUR_NB","SEX_T","CUR_TYPE_LCU","2020",213003,,,"T8:127_T9:133_T10:138_T12:145_T30:128","S7:56_S9:67"
"KAZ","FK:613","EAR_EMTA_SEX_CUR_NB","SEX_T","CUR_TYPE_PPP","2020",1557.964,,,"T8:127_T9:133_T10:138_T12:145_T30:128","S7:56_S9:67"
"KAZ","FK:613","EAR_EMTA_SEX_CUR_NB","SEX_T","CUR_TYPE_USD","2020",515.804,,,"T8:127_T9:133_T10:138_T12:145_T30:128","S7:56_S9:67"
"KAZ","FK:613","EAR_EMTA_SEX_CUR_NB","SEX_T","CUR_TYPE_LCU","2019",186815,,,"T8:127_T9:133_T10:138_T12:145_T30:128","S7:56_S9:67"
"KAZ","FK:613","EAR_EMTA_SEX_CUR_NB","SEX_T","CUR_TYPE_PPP","2019",1415.322,,,"T8:127_T9:133_T10:138_T12:145_T30:128","S7:56_S9:67"
"KAZ","FK:613","EAR_EMTA_SEX_CUR_NB","SEX_T","CUR_TYPE_USD","2019",488.09,,,"T8:127_T9:133_T10:138_T12:145_T30:128","S7:56_S9:67"
"KAZ","FK:613","EAR_EMTA_SEX_CUR_NB","SEX_T","CUR_TYPE_LCU","2018",162673,,,"T8:127_T9:133_T10:138_T12:145_T30:128","S7:56_S9:67"
"KAZ","FK:613","EAR_EMTA_SEX_CUR_NB","SEX_T","CUR_TYPE_PPP","2018",1240.119,,,"T8:127_T9:133_T10:138_T12:145_T30:128","S7:56_S9:67"
"KAZ","FK:613","EAR_EMTA_SEX_CUR_NB","SEX_T","CUR_TYPE_USD","2018",471.918,,,"T8:127_T9:133_T10:138_T12:145_T30:128","S7:56_S9:67"
"KAZ","FK:613","EAR_EMTA_SEX_CUR_NB","SEX_T","CUR_TYPE_LCU","2017",150827,,,"T8:127_T9:133_T10:138_T12:145_T30:128","S7:56_S9:67"
"KAZ","FK:613","EAR_EMTA_SEX_CUR_NB","SEX_T","CUR_TYPE_PPP","2017",1201.609,,,"T8:127_T9:133_T10:138_T12:145_T30:128","S7:56_S9:67"
"KAZ","FK:613","EAR_EMTA_SEX_CUR_NB","SEX_T","CUR_TYPE_USD","2017",462.658,,,"T8:127_T9:133_T10:138_T12:145_T30:128","S7:56_S9:67"
"KAZ","FK:613","EAR_EMTA_SEX_CUR_NB","SEX_T","CUR_TYPE_LCU","2016",142898,,,"T8:127_T9:133_T10:138_T12:145_T30:128","S7:56_S9:67"
"KAZ","FK:613","EAR_EMTA_SEX_CUR_NB","SEX_T","CUR_TYPE_PPP","2016",1230.203,,,"T8:127_T9:133_T10:138_T12:145_T30:128","S7:56_S9:67"
"KAZ","FK:613","EAR_EMTA_SEX_CUR_NB","SEX_T","CUR_TYPE_USD","2016",417.635,,,"T8:127_T9:133_T10:138_T12:145_T30:128","S7:56_S9:67"
"KAZ","FK:613","EAR_EMTA_SEX_CUR_NB","SEX_T","CUR_TYPE_LCU","2015",126021,,,"T8:127_T9:133_T10:138_T12:145_T30:128","S7:56_S9:67"
"KAZ","FK:613","EAR_EMTA_SEX_CUR_NB","SEX_T","CUR_TYPE_PPP","2015",1203.3,,,"T8:127_T9:133_T10:138_T12:145_T30:128","S7:56_S9:67"
"KAZ","FK:613","EAR_EMTA_SEX_CUR_NB","SEX_T","CUR_TYPE_USD","2015",568.358,,,"T8:127_T9:133_T10:138_T12:145_T30:128","S7:56_S9:67"
"KAZ","FK:613","EAR_EMTA_SEX_CUR_NB","SEX_T","CUR_TYPE_LCU","2014",121020.6,,,"T8:127_T9:133_T10:138_T12:145_T30:128","S7:56_S9:67"
"KAZ","FK:613","EAR_EMTA_SEX_CUR_NB","SEX_T","CUR_TYPE_PPP","2014",1243.037,,,"T8:127_T9:133_T10:138_T12:145_T30:128","S7:56_S9:67"
"KAZ","FK:613","EAR_EMTA_SEX_CUR_NB","SEX_T","CUR_TYPE_USD","2014",675.37,,,"T8:127_T9:133_T10:138_T12:145_T30:128","S7:56_S9:67"
"KAZ","FK:613","EAR_EMTA_SEX_CUR_NB","SEX_T","CUR_TYPE_LCU","2013",109140.8,,,"T8:127_T9:133_T10:138_T12:145_T30:128","S7:56_S9:67"
"KAZ","FK:613","EAR_EMTA_SEX_CUR_NB","SEX_T","CUR_TYPE_PPP","2013",1184.821,,,"T8:127_T9:133_T10:138_T12:145_T30:128","S7:56_S9:67"
"KAZ","FK:613","EAR_EMTA_SEX_CUR_NB","SEX_T","CUR_TYPE_USD","2013",717.422,,,"T8:127_T9:133_T10:138_T12:145_T30:128","S7:56_S9:67"
"KAZ","FK:613","EAR_EMTA_SEX_CUR_NB","SEX_T","CUR_TYPE_LCU","2012",101263,,,"T8:127_T9:133_T10:138_T12:145_T33:396_T30:128","S7:56_S9:67"
"KAZ","FK:613","EAR_EMTA_SEX_CUR_NB","SEX_T","CUR_TYPE_PPP","2012",1259.663,,,"T8:127_T9:133_T10:138_T12:145_T33:396_T30:128","S7:56_S9:67"
"KAZ","FK:613","EAR_EMTA_SEX_CUR_NB","SEX_T","CUR_TYPE_USD","2012",679.105,,,"T8:127_T9:133_T10:138_T12:145_T33:396_T30:128","S7:56_S9:67"
"KAZ","FK:613","EAR_EMTA_SEX_CUR_NB","SEX_T","CUR_TYPE_LCU","2011",90028,,,"T8:127_T9:133_T10:138_T12:145_T33:396_T30:128","S7:56_S9:67"
"KAZ","FK:613","EAR_EMTA_SEX_CUR_NB","SEX_T","CUR_TYPE_PPP","2011",1136.406,,,"T8:127_T9:133_T10:138_T12:145_T33:396_T30:128","S7:56_S9:67"
"KAZ","FK:613","EAR_EMTA_SEX_CUR_NB","SEX_T","CUR_TYPE_USD","2011",614.019,,,"T8:127_T9:133_T10:138_T12:145_T33:396_T30:128","S7:56_S9:67"
"KAZ","FK:613","EAR_EMTA_SEX_CUR_NB","SEX_T","CUR_TYPE_LCU","2010",77611,,,"T8:127_T9:133_T10:138_T12:145_T33:396_T30:128","S7:56_S9:67"
"KAZ","FK:613","EAR_EMTA_SEX_CUR_NB","SEX_T","CUR_TYPE_PPP","2010",1029.965,,,"T8:127_T9:133_T10:138_T12:145_T33:396_T30:128","S7:56_S9:67"
"KAZ","FK:613","EAR_EMTA_SEX_CUR_NB","SEX_T","CUR_TYPE_USD","2010",526.694,,,"T8:127_T9:133_T10:138_T12:145_T33:396_T30:128","S7:56_S9:67"
"KAZ","FK:613","EAR_EMTA_SEX_CUR_NB","SEX_T","CUR_TYPE_LCU","2009",67333,,,"T8:127_T9:133_T10:138_T12:145_T33:396_T30:128","S7:56_S9:67"
"KAZ","FK:613","EAR_EMTA_SEX_CUR_NB","SEX_T","CUR_TYPE_PPP","2009",944.209,,,"T8:127_T9:133_T10:138_T12:145_T33:396_T30:128","S7:56_S9:67"
"KAZ","FK:613","EAR_EMTA_SEX_CUR_NB","SEX_T","CUR_TYPE_USD","2009",456.505,,,"T8:127_T9:133_T10:138_T12:145_T33:396_T30:128","S7:56_S9:67"
"KAZ","DA:1306","EAR_EMTA_SEX_CUR_NB","SEX_T","CUR_TYPE_LCU","2008",60920.832,,,"T30:128",
"KAZ","DA:1306","EAR_EMTA_SEX_CUR_NB","SEX_T","CUR_TYPE_PPP","2008",920.064,,,"T30:128",
"KAZ","DA:1306","EAR_EMTA_SEX_CUR_NB","SEX_T","CUR_TYPE_USD","2008",506.411,,,"T30:128",
"KAZ","DA:1306","EAR_EMTA_SEX_CUR_NB","SEX_T","CUR_TYPE_LCU","2007",52436.668,,,"T30:128",
"KAZ","DA:1306","EAR_EMTA_SEX_CUR_NB","SEX_T","CUR_TYPE_PPP","2007",893.369,,,"T30:128",
"KAZ","DA:1306","EAR_EMTA_SEX_CUR_NB","SEX_T","CUR_TYPE_USD","2007",427.865,,,"T30:128",
"KAZ","DA:1306","EAR_EMTA_SEX_CUR_NB","SEX_T","CUR_TYPE_LCU","2006",40800,,,"T8:127_T9:133_T10:138_T33:396_T30:128","S9:66"
"KAZ","DA:1306","EAR_EMTA_SEX_CUR_NB","SEX_T","CUR_TYPE_PPP","2006",749.141,,,"T8:127_T9:133_T10:138_T33:396_T30:128","S9:66"
"KAZ","DA:1306","EAR_EMTA_SEX_CUR_NB","SEX_T","CUR_TYPE_USD","2006",323.58,,,"T8:127_T9:133_T10:138_T33:396_T30:128","S9:66"
"KAZ","DA:1306","EAR_EMTA_SEX_CUR_NB","SEX_T","CUR_TYPE_LCU","2005",33807,,,"T8:127_T9:133_T10:138_T33:396_T30:128","S9:66"
"KAZ","DA:1306","EAR_EMTA_SEX_CUR_NB","SEX_T","CUR_TYPE_PPP","2005",653.789,,,"T8:127_T9:133_T10:138_T33:396_T30:128","S9:66"
"KAZ","DA:1306","EAR_EMTA_SEX_CUR_NB","SEX_T","CUR_TYPE_USD","2005",254.417,,,"T8:127_T9:133_T10:138_T33:396_T30:128","S9:66"
"KAZ","DA:1306","EAR_EMTA_SEX_CUR_NB","SEX_T","CUR_TYPE_LCU","2004",28329,,,"T8:127_T9:133_T10:138_T33:396_T30:128","S9:66"
"KAZ","DA:1306","EAR_EMTA_SEX_CUR_NB","SEX_T","CUR_TYPE_PPP","2004",570.038,,,"T8:127_T9:133_T10:138_T33:396_T30:128","S9:66"
"KAZ","DA:1306","EAR_EMTA_SEX_CUR_NB","SEX_T","CUR_TYPE_USD","2004",208.248,,,"T8:127_T9:133_T10:138_T33:396_T30:128","S9:66"
"KAZ","DA:1306","EAR_EMTA_SEX_CUR_NB","SEX_T","CUR_TYPE_LCU","2003",23128,,,"T8:127_T9:133_T10:138_T33:396_T30:128","S9:66"
"KAZ","DA:1306","EAR_EMTA_SEX_CUR_NB","SEX_T","CUR_TYPE_PPP","2003",484.441,,,"T8:127_T9:133_T10:138_T33:396_T30:128","S9:66"
"KAZ","DA:1306","EAR_EMTA_SEX_CUR_NB","SEX_T","CUR_TYPE_USD","2003",154.624,,,"T8:127_T9:133_T10:138_T33:396_T30:128","S9:66"
"KAZ","DA:1306","EAR_EMTA_SEX_CUR_NB","SEX_T","CUR_TYPE_LCU","2002",20323,,,"T8:127_T9:133_T10:138_T33:396_T30:128","S9:66"
"KAZ","DA:1306","EAR_EMTA_SEX_CUR_NB","SEX_T","CUR_TYPE_PPP","2002",443.037,,,"T8:127_T9:133_T10:138_T33:396_T30:128","S9:66"
"KAZ","DA:1306","EAR_EMTA_SEX_CUR_NB","SEX_T","CUR_TYPE_USD","2002",132.588,,,"T8:127_T9:133_T10:138_T33:396_T30:128","S9:66"
"KAZ","DA:1306","EAR_EMTA_SEX_CUR_NB","SEX_T","CUR_TYPE_LCU","2001",17303,,,"T8:127_T9:133_T10:138_T33:396_T30:128","S9:66"
"KAZ","DA:1306","EAR_EMTA_SEX_CUR_NB","SEX_T","CUR_TYPE_PPP","2001",392.986,,,"T8:127_T9:133_T10:138_T33:396_T30:128","S9:66"
"KAZ","DA:1306","EAR_EMTA_SEX_CUR_NB","SEX_T","CUR_TYPE_USD","2001",117.919,,,"T8:127_T9:133_T10:138_T33:396_T30:128","S9:66"
"KAZ","DA:1306","EAR_EMTA_SEX_CUR_NB","SEX_T","CUR_TYPE_LCU","2000",14374,,,"T8:127_T9:133_T10:138_T33:396_T30:128","S9:66"
"KAZ","DA:1306","EAR_EMTA_SEX_CUR_NB","SEX_T","CUR_TYPE_PPP","2000",344.013,,,"T8:127_T9:133_T10:138_T33:396_T30:128","S9:66"
"KAZ","DA:1306","EAR_EMTA_SEX_CUR_NB","SEX_T","CUR_TYPE_USD","2000",101.13,,,"T8:127_T9:133_T10:138_T33:396_T30:128","S9:66"
"KAZ","DA:1306","EAR_EMTA_SEX_CUR_NB","SEX_T","CUR_TYPE_LCU","1999",11864,,,"T8:127_T9:133_T10:138_T33:396_T30:128","S9:66"
"KAZ","DA:1306","EAR_EMTA_SEX_CUR_NB","SEX_T","CUR_TYPE_PPP","1999",310.869,,,"T8:127_T9:133_T10:138_T33:396_T30:128","S9:66"
"KAZ","DA:1306","EAR_EMTA_SEX_CUR_NB","SEX_T","CUR_TYPE_USD","1999",99.261,,,"T8:127_T9:133_T10:138_T33:396_T30:128","S9:66"
"KAZ","DA:1306","EAR_EMTA_SEX_CUR_NB","SEX_T","CUR_TYPE_LCU","1998",9683,,,"T8:127_T9:133_T10:138_T33:396_T30:128","S9:66"
"KAZ","DA:1306","EAR_EMTA_SEX_CUR_NB","SEX_T","CUR_TYPE_PPP","1998",268.887,,,"T8:127_T9:133_T10:138_T33:396_T30:128","S9:66"
"KAZ","DA:1306","EAR_EMTA_SEX_CUR_NB","SEX_T","CUR_TYPE_USD","1998",123.66,,,"T8:127_T9:133_T10:138_T33:396_T30:128","S9:66"
"KAZ","DA:1306","EAR_EMTA_SEX_CUR_NB","SEX_T","CUR_TYPE_LCU","1997",3875,,"C5:2067","T8:127_T9:133_T10:138_T33:396_T30:128","S9:66"
"KAZ","DA:1306","EAR_EMTA_SEX_CUR_NB","SEX_T","CUR_TYPE_PPP","1997",113.532,,"C5:2067","T8:127_T9:133_T10:138_T33:396_T30:128","S9:66"
"KAZ","DA:1306","EAR_EMTA_SEX_CUR_NB","SEX_T","CUR_TYPE_USD","1997",51.367,,"C5:2067","T8:127_T9:133_T10:138_T33:396_T30:128","S9:66"
"KAZ","DA:1306","EAR_EMTA_SEX_CUR_NB","SEX_T","CUR_TYPE_LCU","1996",3512,,"C5:2067","T8:127_T9:133_T10:138_T33:396_T30:128","S9:66"
"KAZ","DA:1306","EAR_EMTA_SEX_CUR_NB","SEX_T","CUR_TYPE_PPP","1996",118.049,,"C5:2067","T8:127_T9:133_T10:138_T33:396_T30:128","S9:66"
"KAZ","DA:1306","EAR_EMTA_SEX_CUR_NB","SEX_T","CUR_TYPE_USD","1996",52.182,,"C5:2067","T8:127_T9:133_T10:138_T33:396_T30:128","S9:66"
"KAZ","DA:1306","EAR_EMTA_SEX_CUR_NB","SEX_T","CUR_TYPE_LCU","1995",2392,,"C5:2067","T8:127_T9:133_T10:138_T33:396_T30:128","S9:66"
"KAZ","DA:1306","EAR_EMTA_SEX_CUR_NB","SEX_T","CUR_TYPE_PPP","1995",108.72,,"C5:2067","T8:127_T9:133_T10:138_T33:396_T30:128","S9:66"
"KAZ","DA:1306","EAR_EMTA_SEX_CUR_NB","SEX_T","CUR_TYPE_USD","1995",39.245,,"C5:2067","T8:127_T9:133_T10:138_T33:396_T30:128","S9:66"
"KAZ","DA:1306","EAR_EMTA_SEX_CUR_NB","SEX_T","CUR_TYPE_LCU","1994",1038,,"C5:2067","T8:127_T9:133_T10:138_T33:396_T30:128","S9:66"
"KAZ","DA:1306","EAR_EMTA_SEX_CUR_NB","SEX_T","CUR_TYPE_PPP","1994",126.731,,"C5:2067","T8:127_T9:133_T10:138_T33:396_T30:128","S9:66"
"KAZ","DA:1306","EAR_EMTA_SEX_CUR_NB","SEX_T","CUR_TYPE_USD","1994",29.208,,"C5:2067","T8:127_T9:133_T10:138_T33:396_T30:128","S9:66"
"KAZ","DA:1306","EAR_EMTA_SEX_CUR_NB","SEX_T","CUR_TYPE_LCU","1993",135,,"C5:2067","T8:127_T9:133_T10:138_T33:396_T30:128_I11:268","S9:66"
"KAZ","DA:1306","EAR_EMTA_SEX_CUR_NB","SEX_T","CUR_TYPE_PPP","1993",317.634,,"C5:2067","T8:127_T9:133_T10:138_T33:396_T30:128_I11:268","S9:66"
"KAZ","DA:1306","EAR_EMTA_SEX_CUR_NB","SEX_T","CUR_TYPE_LCU","1992",4578,,"C5:2067","T8:127_T9:133_T10:138_T33:396_T30:304","S9:66"
"KAZ","DA:1306","EAR_EMTA_SEX_CUR_NB","SEX_T","CUR_TYPE_LCU","1991",447,,"C5:2067","T8:127_T9:133_T10:138_T33:396_T30:304","S9:66"
"KAZ","DA:1306","EAR_EMTA_SEX_CUR_NB","SEX_T","CUR_TYPE_LCU","1990",259,,"C5:2067","T8:127_T9:133_T10:138_T33:396_T30:304","S9:66"
"KAZ","DA:1306","EAR_EMTA_SEX_CUR_NB","SEX_T","CUR_TYPE_LCU","1989",232,,"C5:2067","T8:127_T9:133_T10:138_T33:396_T30:304","S9:66"
"KEN","BX:3465","EAR_EMTA_SEX_CUR_NB","SEX_T","CUR_TYPE_LCU","2019",13932.869,,,"T30:24","R1:3513"
"KEN","BX:3465","EAR_EMTA_SEX_CUR_NB","SEX_T","CUR_TYPE_PPP","2019",322.059,,,"T30:24","R1:3513"
"KEN","BX:3465","EAR_EMTA_SEX_CUR_NB","SEX_T","CUR_TYPE_USD","2019",136.608,,,"T30:24","R1:3513"
"KEN","BB:7021","EAR_EMTA_SEX_CUR_NB","SEX_T","CUR_TYPE_LCU","2016",14493.296,,,"T30:24","R1:3513"
"KEN","BB:7021","EAR_EMTA_SEX_CUR_NB","SEX_T","CUR_TYPE_PPP","2016",348.798,,,"T30:24","R1:3513"
"KEN","BB:7021","EAR_EMTA_SEX_CUR_NB","SEX_T","CUR_TYPE_USD","2016",142.785,,,"T30:24","R1:3513"
"KEN","BB:7021","EAR_EMTA_SEX_CUR_NB","SEX_T","CUR_TYPE_LCU","2005",7896.366,"B",,"T30:24_I11:264","R1:3513"
"KEN","BB:7021","EAR_EMTA_SEX_CUR_NB","SEX_T","CUR_TYPE_PPP","2005",395.205,"B",,"T30:24_I11:264","R1:3513"
"KEN","BB:7021","EAR_EMTA_SEX_CUR_NB","SEX_T","CUR_TYPE_USD","2005",104.513,"B",,"T30:24_I11:264","R1:3513"
"KEN","CA:1312","EAR_EMTA_SEX_CUR_NB","SEX_T","CUR_TYPE_LCU","1997",5608.3,,"C5:2067","T8:127_T9:133_T10:138_T33:396_T30:24","S3:17_S9:66"
"KEN","CA:1312","EAR_EMTA_SEX_CUR_NB","SEX_T","CUR_TYPE_PPP","1997",417.443,,"C5:2067","T8:127_T9:133_T10:138_T33:396_T30:24","S3:17_S9:66"
"KEN","CA:1312","EAR_EMTA_SEX_CUR_NB","SEX_T","CUR_TYPE_USD","1997",95.49,,"C5:2067","T8:127_T9:133_T10:138_T33:396_T30:24","S3:17_S9:66"
"KEN","CA:1312","EAR_EMTA_SEX_CUR_NB","SEX_T","CUR_TYPE_LCU","1995",5187,,"C5:2067","T8:127_T9:133_T10:138_T33:396_T30:24","S3:17_S9:66"
"KEN","CA:1312","EAR_EMTA_SEX_CUR_NB","SEX_T","CUR_TYPE_PPP","1995",444.345,,"C5:2067","T8:127_T9:133_T10:138_T33:396_T30:24","S3:17_S9:66"
"KEN","CA:1312","EAR_EMTA_SEX_CUR_NB","SEX_T","CUR_TYPE_USD","1995",100.856,,"C5:2067","T8:127_T9:133_T10:138_T33:396_T30:24","S3:17_S9:66"
"KEN","CA:1312","EAR_EMTA_SEX_CUR_NB","SEX_T","CUR_TYPE_LCU","1994",4253.8,,"C5:2067","T8:127_T9:133_T10:138_T33:396_T30:24","S3:17_S9:66"
"KEN","CA:1312","EAR_EMTA_SEX_CUR_NB","SEX_T","CUR_TYPE_PPP","1994",359.968,,"C5:2067","T8:127_T9:133_T10:138_T33:396_T30:24","S3:17_S9:66"
"KEN","CA:1312","EAR_EMTA_SEX_CUR_NB","SEX_T","CUR_TYPE_USD","1994",75.892,,"C5:2067","T8:127_T9:133_T10:138_T33:396_T30:24","S3:17_S9:66"
"KEN","CA:1312","EAR_EMTA_SEX_CUR_NB","SEX_T","CUR_TYPE_LCU","1991",3394.1,,"C5:2067","T8:127_T9:133_T10:138_T33:396_T30:24","S3:17_S9:66"
"KEN","CA:1312","EAR_EMTA_SEX_CUR_NB","SEX_T","CUR_TYPE_PPP","1991",631.878,,"C5:2067","T8:127_T9:133_T10:138_T33:396_T30:24","S3:17_S9:66"
"KEN","CA:1312","EAR_EMTA_SEX_CUR_NB","SEX_T","CUR_TYPE_USD","1991",123.386,,"C5:2067","T8:127_T9:133_T10:138_T33:396_T30:24","S3:17_S9:66"
"KEN","CA:1312","EAR_EMTA_SEX_CUR_NB","SEX_T","CUR_TYPE_LCU","1990",3106.1,,"C5:2067","T8:127_T9:133_T10:138_T33:396_T30:24","S3:17_S9:66"
"KEN","CA:1312","EAR_EMTA_SEX_CUR_NB","SEX_T","CUR_TYPE_PPP","1990",666.19,,"C5:2067","T8:127_T9:133_T10:138_T33:396_T30:24","S3:17_S9:66"
"KEN","CA:1312","EAR_EMTA_SEX_CUR_NB","SEX_T","CUR_TYPE_USD","1990",135.55,,"C5:2067","T8:127_T9:133_T10:138_T33:396_T30:24","S3:17_S9:66"
"KEN","CA:1312","EAR_EMTA_SEX_CUR_NB","SEX_T","CUR_TYPE_LCU","1989",2849.7,,"C5:2067","T8:127_T9:133_T10:138_T33:396_T30:24","S3:17_S9:66"
"KEN","CA:1312","EAR_EMTA_SEX_CUR_NB","SEX_T","CUR_TYPE_USD","1989",138.52,,"C5:2067","T8:127_T9:133_T10:138_T33:396_T30:24","S3:17_S9:66"
"KGZ","DA:1316","EAR_EMTA_SEX_CUR_NB","SEX_T","CUR_TYPE_LCU","2022",27684,,,"T8:127_T9:133_T10:138_T12:145_T30:132","S3:22_S9:66"
"KGZ","DA:1316","EAR_EMTA_SEX_CUR_NB","SEX_T","CUR_TYPE_PPP","2022",1079.341,,,"T8:127_T9:133_T10:138_T12:145_T30:132","S3:22_S9:66"
"KGZ","DA:1316","EAR_EMTA_SEX_CUR_NB","SEX_T","CUR_TYPE_USD","2022",329.116,,,"T8:127_T9:133_T10:138_T12:145_T30:132","S3:22_S9:66"
"KGZ","BA:496","EAR_EMTA_SEX_CUR_NB","SEX_T","CUR_TYPE_LCU","2020",17198,,,"I20:3359_T8:127_T9:133_T10:138_T12:145_T30:132",
"KGZ","BA:496","EAR_EMTA_SEX_CUR_NB","SEX_T","CUR_TYPE_PPP","2020",798.801,,,"I20:3359_T8:127_T9:133_T10:138_T12:145_T30:132",
"KGZ","BA:496","EAR_EMTA_SEX_CUR_NB","SEX_T","CUR_TYPE_USD","2020",222.351,,,"I20:3359_T8:127_T9:133_T10:138_T12:145_T30:132",
"KGZ","DA:1316","EAR_EMTA_SEX_CUR_NB","SEX_T","CUR_TYPE_LCU","2019",16287,,,"T8:127_T9:133_T10:138_T12:145_T30:132","S3:22_S9:66"
"KGZ","DA:1316","EAR_EMTA_SEX_CUR_NB","SEX_T","CUR_TYPE_PPP","2019",771.958,,,"T8:127_T9:133_T10:138_T12:145_T30:132","S3:22_S9:66"
"KGZ","DA:1316","EAR_EMTA_SEX_CUR_NB","SEX_T","CUR_TYPE_USD","2019",233.374,,,"T8:127_T9:133_T10:138_T12:145_T30:132","S3:22_S9:66"
"KGZ","DA:1316","EAR_EMTA_SEX_CUR_NB","SEX_T","CUR_TYPE_LCU","2018",14760,,,"T8:127_T9:133_T10:138_T12:145_T30:132","S3:22_S9:66"
"KGZ","DA:1316","EAR_EMTA_SEX_CUR_NB","SEX_T","CUR_TYPE_PPP","2018",719.638,,,"T8:127_T9:133_T10:138_T12:145_T30:132","S3:22_S9:66"
"KGZ","DA:1316","EAR_EMTA_SEX_CUR_NB","SEX_T","CUR_TYPE_USD","2018",214.409,,,"T8:127_T9:133_T10:138_T12:145_T30:132","S3:22_S9:66"
"KGZ","DA:1316","EAR_EMTA_SEX_CUR_NB","SEX_T","CUR_TYPE_LCU","2017",14217,,,"T8:127_T9:133_T10:138_T12:145_T30:132","S3:22"
"KGZ","DA:1316","EAR_EMTA_SEX_CUR_NB","SEX_T","CUR_TYPE_PPP","2017",734.966,,,"T8:127_T9:133_T10:138_T12:145_T30:132","S3:22"
"KGZ","DA:1316","EAR_EMTA_SEX_CUR_NB","SEX_T","CUR_TYPE_USD","2017",206.442,,,"T8:127_T9:133_T10:138_T12:145_T30:132","S3:22"
"KGZ","DA:1316","EAR_EMTA_SEX_CUR_NB","SEX_T","CUR_TYPE_LCU","2016",13428,,,"T8:127_T9:133_T10:138_T12:145_T30:132","S3:22"
"KGZ","DA:1316","EAR_EMTA_SEX_CUR_NB","SEX_T","CUR_TYPE_PPP","2016",688.46,,,"T8:127_T9:133_T10:138_T12:145_T30:132","S3:22"
"KGZ","DA:1316","EAR_EMTA_SEX_CUR_NB","SEX_T","CUR_TYPE_USD","2016",192.064,,,"T8:127_T9:133_T10:138_T12:145_T30:132","S3:22"
"KGZ","DA:1316","EAR_EMTA_SEX_CUR_NB","SEX_T","CUR_TYPE_LCU","2015",12715.6,,,"T8:127_T9:133_T10:138_T12:145_T30:132","S3:22"
"KGZ","DA:1316","EAR_EMTA_SEX_CUR_NB","SEX_T","CUR_TYPE_PPP","2015",626.17,,,"T8:127_T9:133_T10:138_T12:145_T30:132","S3:22"
"KGZ","DA:1316","EAR_EMTA_SEX_CUR_NB","SEX_T","CUR_TYPE_USD","2015",197.257,,,"T8:127_T9:133_T10:138_T12:145_T30:132","S3:22"
"KGZ","DA:1316","EAR_EMTA_SEX_CUR_NB","SEX_T","CUR_TYPE_LCU","2014",11516,,,"T8:127_T9:133_T10:138_T12:145_T30:132","S3:22"
"KGZ","DA:1316","EAR_EMTA_SEX_CUR_NB","SEX_T","CUR_TYPE_PPP","2014",592.934,,,"T8:127_T9:133_T10:138_T12:145_T30:132","S3:22"
"KGZ","DA:1316","EAR_EMTA_SEX_CUR_NB","SEX_T","CUR_TYPE_USD","2014",214.634,,,"T8:127_T9:133_T10:138_T12:145_T30:132","S3:22"
"KGZ","DA:1316","EAR_EMTA_SEX_CUR_NB","SEX_T","CUR_TYPE_LCU","2013",10601,,,"T8:127_T9:133_T10:138_T12:145_T30:132","S3:22"
"KGZ","DA:1316","EAR_EMTA_SEX_CUR_NB","SEX_T","CUR_TYPE_PPP","2013",574.263,,,"T8:127_T9:133_T10:138_T12:145_T30:132","S3:22"
"KGZ","DA:1316","EAR_EMTA_SEX_CUR_NB","SEX_T","CUR_TYPE_USD","2013",218.857,,,"T8:127_T9:133_T10:138_T12:145_T30:132","S3:22"
"KGZ","DA:1316","EAR_EMTA_SEX_CUR_NB","SEX_T","CUR_TYPE_LCU","2009",6161.3,,,"T30:132",
"KGZ","DA:1316","EAR_EMTA_SEX_CUR_NB","SEX_T","CUR_TYPE_PPP","2009",454.097,,,"T30:132",
"KGZ","DA:1316","EAR_EMTA_SEX_CUR_NB","SEX_T","CUR_TYPE_USD","2009",143.606,,,"T30:132",
"KGZ","DA:1316","EAR_EMTA_SEX_CUR_NB","SEX_T","CUR_TYPE_LCU","2008",5378,,,"T30:132",
"KGZ","DA:1316","EAR_EMTA_SEX_CUR_NB","SEX_T","CUR_TYPE_PPP","2008",424.976,,,"T30:132",
"KGZ","DA:1316","EAR_EMTA_SEX_CUR_NB","SEX_T","CUR_TYPE_USD","2008",147.042,,,"T30:132",
"KGZ","DA:1316","EAR_EMTA_SEX_CUR_NB","SEX_T","CUR_TYPE_LCU","2007",3970,,,"T30:132",
"KGZ","DA:1316","EAR_EMTA_SEX_CUR_NB","SEX_T","CUR_TYPE_PPP","2007",376.194,,,"T30:132",
"KGZ","DA:1316","EAR_EMTA_SEX_CUR_NB","SEX_T","CUR_TYPE_USD","2007",106.388,,,"T30:132",
"KGZ","DA:1316","EAR_EMTA_SEX_CUR_NB","SEX_T","CUR_TYPE_LCU","2006",3270,,,"T30:132",
"KGZ","DA:1316","EAR_EMTA_SEX_CUR_NB","SEX_T","CUR_TYPE_PPP","2006",332.089,,,"T30:132",
"KGZ","DA:1316","EAR_EMTA_SEX_CUR_NB","SEX_T","CUR_TYPE_USD","2006",81.439,,,"T30:132",
"KGZ","DA:1316","EAR_EMTA_SEX_CUR_NB","SEX_T","CUR_TYPE_LCU","2005",2612.5,,,"T30:132",
"KGZ","DA:1316","EAR_EMTA_SEX_CUR_NB","SEX_T","CUR_TYPE_PPP","2005",271.294,,,"T30:132",
"KGZ","DA:1316","EAR_EMTA_SEX_CUR_NB","SEX_T","CUR_TYPE_USD","2005",63.701,,,"T30:132",
"KGZ","DA:1316","EAR_EMTA_SEX_CUR_NB","SEX_T","CUR_TYPE_LCU","2004",2240.3,,,"T30:132",
"KGZ","DA:1316","EAR_EMTA_SEX_CUR_NB","SEX_T","CUR_TYPE_PPP","2004",234.772,,,"T30:132",
"KGZ","DA:1316","EAR_EMTA_SEX_CUR_NB","SEX_T","CUR_TYPE_USD","2004",52.528,,,"T30:132",
"KGZ","DA:1316","EAR_EMTA_SEX_CUR_NB","SEX_T","CUR_TYPE_LCU","2003",1916,,,"T30:132",
"KGZ","DA:1316","EAR_EMTA_SEX_CUR_NB","SEX_T","CUR_TYPE_PPP","2003",203.59,,,"T30:132",
"KGZ","DA:1316","EAR_EMTA_SEX_CUR_NB","SEX_T","CUR_TYPE_USD","2003",43.896,,,"T30:132",
"KGZ","DA:1316","EAR_EMTA_SEX_CUR_NB","SEX_T","CUR_TYPE_LCU","2002",1684.4,,,"T30:132",
"KGZ","DA:1316","EAR_EMTA_SEX_CUR_NB","SEX_T","CUR_TYPE_PPP","2002",180.214,,,"T30:132",
"KGZ","DA:1316","EAR_EMTA_SEX_CUR_NB","SEX_T","CUR_TYPE_USD","2002",35.886,,,"T30:132",
"KGZ","DA:1316","EAR_EMTA_SEX_CUR_NB","SEX_T","CUR_TYPE_LCU","2001",1455.1,,,"T30:132",
"KGZ","DA:1316","EAR_EMTA_SEX_CUR_NB","SEX_T","CUR_TYPE_PPP","2001",156.521,,,"T30:132",
"KGZ","DA:1316","EAR_EMTA_SEX_CUR_NB","SEX_T","CUR_TYPE_USD","2001",30.078,,,"T30:132",
"KGZ","DA:1316","EAR_EMTA_SEX_CUR_NB","SEX_T","CUR_TYPE_LCU","2000",1227,,,"T30:132",
"KGZ","DA:1316","EAR_EMTA_SEX_CUR_NB","SEX_T","CUR_TYPE_PPP","2000",137.239,,,"T30:132",
"KGZ","DA:1316","EAR_EMTA_SEX_CUR_NB","SEX_T","CUR_TYPE_USD","2000",25.721,,,"T30:132",
"KGZ","DA:1316","EAR_EMTA_SEX_CUR_NB","SEX_T","CUR_TYPE_LCU","1999",1049.9,,,"T30:132",
"KGZ","DA:1316","EAR_EMTA_SEX_CUR_NB","SEX_T","CUR_TYPE_PPP","1999",134.838,,,"T30:132",
"KGZ","DA:1316","EAR_EMTA_SEX_CUR_NB","SEX_T","CUR_TYPE_USD","1999",26.915,,,"T30:132",
"KGZ","DA:1316","EAR_EMTA_SEX_CUR_NB","SEX_T","CUR_TYPE_LCU","1998",840.6,,,"T8:127_T9:133_T10:138_T34:400_T33:396_T30:132","S9:66"
"KGZ","DA:1316","EAR_EMTA_SEX_CUR_NB","SEX_T","CUR_TYPE_PPP","1998",144.768,,,"T8:127_T9:133_T10:138_T34:400_T33:396_T30:132","S9:66"
"KGZ","DA:1316","EAR_EMTA_SEX_CUR_NB","SEX_T","CUR_TYPE_USD","1998",40.341,,,"T8:127_T9:133_T10:138_T34:400_T33:396_T30:132","S9:66"
"KGZ","DA:1316","EAR_EMTA_SEX_CUR_NB","SEX_T","CUR_TYPE_LCU","1997",680.2,,,"T8:127_T9:133_T10:138_T34:400_T33:396_T30:132","S9:66"
"KGZ","DA:1316","EAR_EMTA_SEX_CUR_NB","SEX_T","CUR_TYPE_PPP","1997",127.416,,,"T8:127_T9:133_T10:138_T34:400_T33:396_T30:132","S9:66"
"KGZ","DA:1316","EAR_EMTA_SEX_CUR_NB","SEX_T","CUR_TYPE_USD","1997",39.176,,,"T8:127_T9:133_T10:138_T34:400_T33:396_T30:132","S9:66"
"KGZ","DA:1316","EAR_EMTA_SEX_CUR_NB","SEX_T","CUR_TYPE_LCU","1996",490.9,,,"T8:127_T9:133_T10:138_T34:400_T33:396_T30:132","S9:66"
"KGZ","DA:1316","EAR_EMTA_SEX_CUR_NB","SEX_T","CUR_TYPE_PPP","1996",110.914,,,"T8:127_T9:133_T10:138_T34:400_T33:396_T30:132","S9:66"
"KGZ","DA:1316","EAR_EMTA_SEX_CUR_NB","SEX_T","CUR_TYPE_USD","1996",38.323,,,"T8:127_T9:133_T10:138_T34:400_T33:396_T30:132","S9:66"
"KGZ","DA:1316","EAR_EMTA_SEX_CUR_NB","SEX_T","CUR_TYPE_LCU","1995",368.2,,,"T8:127_T9:133_T10:138_T34:400_T33:396_T30:132","S9:66"
"KGZ","DA:1316","EAR_EMTA_SEX_CUR_NB","SEX_T","CUR_TYPE_PPP","1995",106.642,,,"T8:127_T9:133_T10:138_T34:400_T33:396_T30:132","S9:66"
"KGZ","DA:1316","EAR_EMTA_SEX_CUR_NB","SEX_T","CUR_TYPE_USD","1995",34.024,,,"T8:127_T9:133_T10:138_T34:400_T33:396_T30:132","S9:66"
"KGZ","DA:1316","EAR_EMTA_SEX_CUR_NB","SEX_T","CUR_TYPE_LCU","1994",233.42,,,"T8:127_T9:133_T10:138_T34:400_T33:396_T30:132","S9:66"
"KGZ","DA:1316","EAR_EMTA_SEX_CUR_NB","SEX_T","CUR_TYPE_USD","1994",21.53,,,"T8:127_T9:133_T10:138_T34:400_T33:396_T30:132","S9:66"
"KGZ","DA:1316","EAR_EMTA_SEX_CUR_NB","SEX_T","CUR_TYPE_LCU","1993",88.54,,,"T8:127_T9:133_T10:138_T34:400_T33:396_T30:132","S9:66"
"KGZ","DA:1316","EAR_EMTA_SEX_CUR_NB","SEX_T","CUR_TYPE_LCU","1992",12.13,,,"T8:127_T9:133_T10:138_T34:400_T33:396_T30:132","S9:66"
"KGZ","DA:1316","EAR_EMTA_SEX_CUR_NB","SEX_T","CUR_TYPE_LCU","1991",1.81,,,"T8:127_T9:133_T10:138_T34:400_T33:396_T30:132","S9:66"
"KGZ","DA:1316","EAR_EMTA_SEX_CUR_NB","SEX_T","CUR_TYPE_LCU","1990",1.1,,,"T8:127_T9:133_T10:138_T34:400_T33:396_T30:132","S9:66"
"KGZ","DA:1316","EAR_EMTA_SEX_CUR_NB","SEX_T","CUR_TYPE_LCU","1989",0.99,,,"T8:127_T9:133_T10:138_T34:400_T33:396_T30:132","S9:66"
"KHM","BB:3064","EAR_EMTA_SEX_CUR_NB","SEX_T","CUR_TYPE_LCU","2023",1146160.576,,,"T30:117","R1:3513"
"KHM","BB:3064","EAR_EMTA_SEX_CUR_NB","SEX_T","CUR_TYPE_PPP","2023",759.456,,,"T30:117","R1:3513"
"KHM","BB:3064","EAR_EMTA_SEX_CUR_NB","SEX_T","CUR_TYPE_USD","2023",278.827,,,"T30:117","R1:3513"
"KHM","BB:3064","EAR_EMTA_SEX_CUR_NB","SEX_T","CUR_TYPE_LCU","2021",1081316.447,,,"T30:117","R1:3513"
"KHM","BB:3064","EAR_EMTA_SEX_CUR_NB","SEX_T","CUR_TYPE_PPP","2021",685.499,,,"T30:117","R1:3513"
"KHM","BB:3064","EAR_EMTA_SEX_CUR_NB","SEX_T","CUR_TYPE_USD","2021",263.818,,,"T30:117","R1:3513"
"KHM","BB:3064","EAR_EMTA_SEX_CUR_NB","SEX_T","CUR_TYPE_LCU","2020",1076082.625,,,"T30:117","R1:3513"
"KHM","BB:3064","EAR_EMTA_SEX_CUR_NB","SEX_T","CUR_TYPE_PPP","2020",681.023,,,"T30:117","R1:3513"
"KHM","BB:3064","EAR_EMTA_SEX_CUR_NB","SEX_T","CUR_TYPE_USD","2020",262.922,,,"T30:117","R1:3513"
"KHM","BA:1321","EAR_EMTA_SEX_CUR_NB","SEX_T","CUR_TYPE_LCU","2019",1069006.114,"B",,"T30:117_I11:264","R1:3513"
"KHM","BA:1321","EAR_EMTA_SEX_CUR_NB","SEX_T","CUR_TYPE_PPP","2019",678.794,"B",,"T30:117_I11:264","R1:3513"
"KHM","BA:1321","EAR_EMTA_SEX_CUR_NB","SEX_T","CUR_TYPE_USD","2019",263.228,"B",,"T30:117_I11:264","R1:3513"
"KHM","BB:3064","EAR_EMTA_SEX_CUR_NB","SEX_T","CUR_TYPE_LCU","2016",736010.77,,,"T30:117","R1:3513"
"KHM","BB:3064","EAR_EMTA_SEX_CUR_NB","SEX_T","CUR_TYPE_PPP","2016",480.626,,,"T30:117","R1:3513"
"KHM","BB:3064","EAR_EMTA_SEX_CUR_NB","SEX_T","CUR_TYPE_USD","2016",181.342,,,"T30:117","R1:3513"
"KHM","BB:3064","EAR_EMTA_SEX_CUR_NB","SEX_T","CUR_TYPE_LCU","2015",655840.741,,,"T30:117","R1:3513"
"KHM","BB:3064","EAR_EMTA_SEX_CUR_NB","SEX_T","CUR_TYPE_PPP","2015",431.059,,,"T30:117","R1:3513"
"KHM","BB:3064","EAR_EMTA_SEX_CUR_NB","SEX_T","CUR_TYPE_USD","2015",161.229,,,"T30:117","R1:3513"
"KHM","BB:3064","EAR_EMTA_SEX_CUR_NB","SEX_T","CUR_TYPE_LCU","2014",610121.425,,,"T30:117","R1:3513"
"KHM","BB:3064","EAR_EMTA_SEX_CUR_NB","SEX_T","CUR_TYPE_PPP","2014",401.272,,,"T30:117","R1:3513"
"KHM","BB:3064","EAR_EMTA_SEX_CUR_NB","SEX_T","CUR_TYPE_USD","2014",151.114,,,"T30:117","R1:3513"
"KHM","BB:3064","EAR_EMTA_SEX_CUR_NB","SEX_T","CUR_TYPE_LCU","2013",497094.711,,,"T30:117","R1:3513"
"KHM","BB:3064","EAR_EMTA_SEX_CUR_NB","SEX_T","CUR_TYPE_PPP","2013",334.514,,,"T30:117","R1:3513"
"KHM","BB:3064","EAR_EMTA_SEX_CUR_NB","SEX_T","CUR_TYPE_USD","2013",123.433,,,"T30:117","R1:3513"
"KHM","BA:1321","EAR_EMTA_SEX_CUR_NB","SEX_T","CUR_TYPE_LCU","2012",474675.536,"B",,"T30:117_I11:264","R1:3513"
"KHM","BA:1321","EAR_EMTA_SEX_CUR_NB","SEX_T","CUR_TYPE_PPP","2012",329.67,"B",,"T30:117_I11:264","R1:3513"
"KHM","BA:1321","EAR_EMTA_SEX_CUR_NB","SEX_T","CUR_TYPE_USD","2012",117.698,"B",,"T30:117_I11:264","R1:3513"
"KHM","BB:3064","EAR_EMTA_SEX_CUR_NB","SEX_T","CUR_TYPE_LCU","2011",404130.953,,,"T30:117","R1:3513"
"KHM","BB:3064","EAR_EMTA_SEX_CUR_NB","SEX_T","CUR_TYPE_PPP","2011",270.638,,,"T30:117","R1:3513"
"KHM","BB:3064","EAR_EMTA_SEX_CUR_NB","SEX_T","CUR_TYPE_USD","2011",99.576,,,"T30:117","R1:3513"
"KHM","BB:3064","EAR_EMTA_SEX_CUR_NB","SEX_T","CUR_TYPE_LCU","2010",373571.416,,,"T30:117","R1:3513"
"KHM","BB:3064","EAR_EMTA_SEX_CUR_NB","SEX_T","CUR_TYPE_PPP","2010",255.803,,,"T30:117","R1:3513"
"KHM","BB:3064","EAR_EMTA_SEX_CUR_NB","SEX_T","CUR_TYPE_USD","2010",89.266,,,"T30:117","R1:3513"
"KHM","BB:3064","EAR_EMTA_SEX_CUR_NB","SEX_T","CUR_TYPE_LCU","2009",331703.379,,,"T30:117","R1:3513"
"KHM","BB:3064","EAR_EMTA_SEX_CUR_NB","SEX_T","CUR_TYPE_PPP","2009",232.4,,,"T30:117","R1:3513"
"KHM","BB:3064","EAR_EMTA_SEX_CUR_NB","SEX_T","CUR_TYPE_USD","2009",80.134,,,"T30:117","R1:3513"
"KHM","BB:3064","EAR_EMTA_SEX_CUR_NB","SEX_T","CUR_TYPE_LCU","2008",331752.151,,,"T30:117","R1:3513"
"KHM","BB:3064","EAR_EMTA_SEX_CUR_NB","SEX_T","CUR_TYPE_PPP","2008",230.367,,,"T30:117","R1:3513"
"KHM","BB:3064","EAR_EMTA_SEX_CUR_NB","SEX_T","CUR_TYPE_USD","2008",81.83,,,"T30:117","R1:3513"
"KHM","BB:3064","EAR_EMTA_SEX_CUR_NB","SEX_T","CUR_TYPE_LCU","2007",295074.854,"B",,"T30:117_I11:264","R1:3513"
"KHM","BB:3064","EAR_EMTA_SEX_CUR_NB","SEX_T","CUR_TYPE_PPP","2007",244.871,"B",,"T30:117_I11:264","R1:3513"
"KHM","BB:3064","EAR_EMTA_SEX_CUR_NB","SEX_T","CUR_TYPE_USD","2007",72.747,"B",,"T30:117_I11:264","R1:3513"
"KHM","BB:3064","EAR_EMTA_SEX_CUR_NB","SEX_T","CUR_TYPE_LCU","2003",189725.83,,,"T30:117","R1:3513"
"KHM","BB:3064","EAR_EMTA_SEX_CUR_NB","SEX_T","CUR_TYPE_PPP","2003",178.707,,,"T30:117","R1:3513"
"KHM","BB:3064","EAR_EMTA_SEX_CUR_NB","SEX_T","CUR_TYPE_USD","2003",47.75,,,"T30:117","R1:3513"
"KHM","BA:1321","EAR_EMTA_SEX_CUR_NB","SEX_T","CUR_TYPE_LCU","2001",156499.312,,,"T30:117","R1:3513"
"KHM","BA:1321","EAR_EMTA_SEX_CUR_NB","SEX_T","CUR_TYPE_PPP","2001",143.527,,,"T30:117","R1:3513"
"KHM","BA:1321","EAR_EMTA_SEX_CUR_NB","SEX_T","CUR_TYPE_USD","2001",39.961,,,"T30:117","R1:3513"
"KHM","BA:1321","EAR_EMTA_SEX_CUR_NB","SEX_T","CUR_TYPE_LCU","2000",155565.221,"B",,"T30:117_I11:264","R1:3513"
"KHM","BA:1321","EAR_EMTA_SEX_CUR_NB","SEX_T","CUR_TYPE_PPP","2000",137.916,"B",,"T30:117_I11:264","R1:3513"
"KHM","BA:1321","EAR_EMTA_SEX_CUR_NB","SEX_T","CUR_TYPE_USD","2000",40.504,"B",,"T30:117_I11:264","R1:3513"
"KHM","BB:3064","EAR_EMTA_SEX_CUR_NB","SEX_T","CUR_TYPE_LCU","1999",148625.025,,,"T30:117","R1:3513"
"KHM","BB:3064","EAR_EMTA_SEX_CUR_NB","SEX_T","CUR_TYPE_PPP","1999",126.449,,,"T30:117","R1:3513"
"KHM","BB:3064","EAR_EMTA_SEX_CUR_NB","SEX_T","CUR_TYPE_USD","1999",39.031,,,"T30:117","R1:3513"
"KHM","BB:3064","EAR_EMTA_SEX_CUR_NB","SEX_T","CUR_TYPE_LCU","1997",100896.964,,,"T30:117","R1:3513"
"KHM","BB:3064","EAR_EMTA_SEX_CUR_NB","SEX_T","CUR_TYPE_PPP","1997",98.775,,,"T30:117","R1:3513"
"KHM","BB:3064","EAR_EMTA_SEX_CUR_NB","SEX_T","CUR_TYPE_USD","1997",34.246,,,"T30:117","R1:3513"
"KHM","BB:3064","EAR_EMTA_SEX_CUR_NB","SEX_T","CUR_TYPE_LCU","1996",85534.384,,,"T30:117","R1:3513"
"KHM","BB:3064","EAR_EMTA_SEX_CUR_NB","SEX_T","CUR_TYPE_PPP","1996",88.336,,,"T30:117","R1:3513"
"KHM","BB:3064","EAR_EMTA_SEX_CUR_NB","SEX_T","CUR_TYPE_USD","1996",32.596,,,"T30:117","R1:3513"
"KIR","BB:15723","EAR_EMTA_SEX_CUR_NB","SEX_T","CUR_TYPE_LCU","2023",538.458,,,"T30:217","R1:3513"
"KIR","BB:15723","EAR_EMTA_SEX_CUR_NB","SEX_T","CUR_TYPE_PPP","2023",573.477,,,"T30:217","R1:3513"
"KIR","BB:15723","EAR_EMTA_SEX_CUR_NB","SEX_T","CUR_TYPE_USD","2023",357.734,,,"T30:217","R1:3513"
"KIR","BB:15723","EAR_EMTA_SEX_CUR_NB","SEX_T","CUR_TYPE_LCU","2019",499.046,,,"T30:217","R1:3513"
"KIR","BB:15723","EAR_EMTA_SEX_CUR_NB","SEX_T","CUR_TYPE_PPP","2019",537.325,,,"T30:217","R1:3513"
"KIR","BB:15723","EAR_EMTA_SEX_CUR_NB","SEX_T","CUR_TYPE_USD","2019",346.92,,,"T30:217","R1:3513"
"KOR","DA:224","EAR_EMTA_SEX_CUR_NB","SEX_T","CUR_TYPE_LCU","2022",4091000,,,"T8:127_T9:133_T10:138_T12:145_T30:130","S3:17_S7:57_S8:1640_S9:66_S6:47"
"KOR","DA:224","EAR_EMTA_SEX_CUR_NB","SEX_T","CUR_TYPE_PPP","2022",4525.448,,,"T8:127_T9:133_T10:138_T12:145_T30:130","S3:17_S7:57_S8:1640_S9:66_S6:47"
"KOR","DA:224","EAR_EMTA_SEX_CUR_NB","SEX_T","CUR_TYPE_USD","2022",3167.765,,,"T8:127_T9:133_T10:138_T12:145_T30:130","S3:17_S7:57_S8:1640_S9:66_S6:47"
"KOR","DA:224","EAR_EMTA_SEX_CUR_NB","SEX_T","CUR_TYPE_LCU","2021",3858000,,,"T8:127_T9:133_T10:138_T12:145_T30:130","S3:17_S7:57_S8:1640_S9:66_S6:47"
"KOR","DA:224","EAR_EMTA_SEX_CUR_NB","SEX_T","CUR_TYPE_PPP","2021",4014.617,,,"T8:127_T9:133_T10:138_T12:145_T30:130","S3:17_S7:57_S8:1640_S9:66_S6:47"
"KOR","DA:224","EAR_EMTA_SEX_CUR_NB","SEX_T","CUR_TYPE_USD","2021",3372.52,,,"T8:127_T9:133_T10:138_T12:145_T30:130","S3:17_S7:57_S8:1640_S9:66_S6:47"
"KOR","DA:224","EAR_EMTA_SEX_CUR_NB","SEX_T","CUR_TYPE_LCU","2020",3757000,,,"T8:127_T9:133_T10:138_T12:145_T30:130","S3:17_S7:57_S8:1640_S9:66_S6:47"
"KOR","DA:224","EAR_EMTA_SEX_CUR_NB","SEX_T","CUR_TYPE_PPP","2020",3867.298,,,"T8:127_T9:133_T10:138_T12:145_T30:130","S3:17_S7:57_S8:1640_S9:66_S6:47"
"KOR","DA:224","EAR_EMTA_SEX_CUR_NB","SEX_T","CUR_TYPE_USD","2020",3183.181,,,"T8:127_T9:133_T10:138_T12:145_T30:130","S3:17_S7:57_S8:1640_S9:66_S6:47"
"KOR","DA:224","EAR_EMTA_SEX_CUR_NB","SEX_T","CUR_TYPE_LCU","2019",3720000,,,"T8:127_T9:133_T10:138_T12:145_T30:130","S3:17_S7:57_S8:1640_S9:66_S6:47"
"KOR","DA:224","EAR_EMTA_SEX_CUR_NB","SEX_T","CUR_TYPE_PPP","2019",3780.113,,,"T8:127_T9:133_T10:138_T12:145_T30:130","S3:17_S7:57_S8:1640_S9:66_S6:47"
"KOR","DA:224","EAR_EMTA_SEX_CUR_NB","SEX_T","CUR_TYPE_USD","2019",3192.154,,,"T8:127_T9:133_T10:138_T12:145_T30:130","S3:17_S7:57_S8:1640_S9:66_S6:47"
"KOR","DA:224","EAR_EMTA_SEX_CUR_NB","SEX_T","CUR_TYPE_LCU","2018",3593000,,,"T8:127_T9:133_T10:138_T12:145_T30:130","S3:17_S7:57_S8:1640_S9:66_S6:47"
"KOR","DA:224","EAR_EMTA_SEX_CUR_NB","SEX_T","CUR_TYPE_PPP","2018",3664.979,,,"T8:127_T9:133_T10:138_T12:145_T30:130","S3:17_S7:57_S8:1640_S9:66_S6:47"
"KOR","DA:224","EAR_EMTA_SEX_CUR_NB","SEX_T","CUR_TYPE_USD","2018",3265.879,,,"T8:127_T9:133_T10:138_T12:145_T30:130","S3:17_S7:57_S8:1640_S9:66_S6:47"
"KOR","DA:224","EAR_EMTA_SEX_CUR_NB","SEX_T","CUR_TYPE_LCU","2017",3446000,,,"T8:127_T9:133_T10:138_T12:145_T30:130","S3:17_S7:57_S8:1640_S9:66_S6:47"
"KOR","DA:224","EAR_EMTA_SEX_CUR_NB","SEX_T","CUR_TYPE_PPP","2017",3473.53,,,"T8:127_T9:133_T10:138_T12:145_T30:130","S3:17_S7:57_S8:1640_S9:66_S6:47"
"KOR","DA:224","EAR_EMTA_SEX_CUR_NB","SEX_T","CUR_TYPE_USD","2017",3046.859,,,"T8:127_T9:133_T10:138_T12:145_T30:130","S3:17_S7:57_S8:1640_S9:66_S6:47"
"KOR","DA:224","EAR_EMTA_SEX_CUR_NB","SEX_T","CUR_TYPE_LCU","2016",3351000,,,"T8:127_T9:133_T10:138_T12:145_T30:130","S3:17_S7:57_S8:1640_S9:66_S6:47"
"KOR","DA:224","EAR_EMTA_SEX_CUR_NB","SEX_T","CUR_TYPE_PPP","2016",3464.945,,,"T8:127_T9:133_T10:138_T12:145_T30:130","S3:17_S7:57_S8:1640_S9:66_S6:47"
"KOR","DA:224","EAR_EMTA_SEX_CUR_NB","SEX_T","CUR_TYPE_USD","2016",2886.883,,,"T8:127_T9:133_T10:138_T12:145_T30:130","S3:17_S7:57_S8:1640_S9:66_S6:47"
"KOR","DA:224","EAR_EMTA_SEX_CUR_NB","SEX_T","CUR_TYPE_LCU","2015",3269000,,,"T8:127_T9:133_T10:138_T12:145_T30:130","S3:17_S7:57_S8:1640_S9:66_S6:47"
"KOR","DA:224","EAR_EMTA_SEX_CUR_NB","SEX_T","CUR_TYPE_PPP","2015",3406.343,,,"T8:127_T9:133_T10:138_T12:145_T30:130","S3:17_S7:57_S8:1640_S9:66_S6:47"
"KOR","DA:224","EAR_EMTA_SEX_CUR_NB","SEX_T","CUR_TYPE_USD","2015",2890.484,,,"T8:127_T9:133_T10:138_T12:145_T30:130","S3:17_S7:57_S8:1640_S9:66_S6:47"
"KOR","DA:224","EAR_EMTA_SEX_CUR_NB","SEX_T","CUR_TYPE_LCU","2014",3235210,,,"T8:127_T9:133_T10:138_T12:145_T30:130","S3:17_S7:57_S8:1640_S9:66_S6:47"
"KOR","DA:224","EAR_EMTA_SEX_CUR_NB","SEX_T","CUR_TYPE_PPP","2014",3252.257,,,"T8:127_T9:133_T10:138_T12:145_T30:130","S3:17_S7:57_S8:1640_S9:66_S6:47"
"KOR","DA:224","EAR_EMTA_SEX_CUR_NB","SEX_T","CUR_TYPE_USD","2014",3072.841,,,"T8:127_T9:133_T10:138_T12:145_T30:130","S3:17_S7:57_S8:1640_S9:66_S6:47"
"KOR","DA:224","EAR_EMTA_SEX_CUR_NB","SEX_T","CUR_TYPE_LCU","2013",3116400,,,"T8:127_T9:133_T10:138_T12:145_T30:130","S3:17_S7:57_S8:1640_S9:66_S6:47"
"KOR","DA:224","EAR_EMTA_SEX_CUR_NB","SEX_T","CUR_TYPE_PPP","2013",3191.95,,,"T8:127_T9:133_T10:138_T12:145_T30:130","S3:17_S7:57_S8:1640_S9:66_S6:47"
"KOR","DA:224","EAR_EMTA_SEX_CUR_NB","SEX_T","CUR_TYPE_USD","2013",2846.073,,,"T8:127_T9:133_T10:138_T12:145_T30:130","S3:17_S7:57_S8:1640_S9:66_S6:47"
"KOR","DA:224","EAR_EMTA_SEX_CUR_NB","SEX_T","CUR_TYPE_LCU","2012",2997420,,,"T8:127_T9:133_T10:138_T12:145_T30:130","S3:17_S7:57_S8:1640_S9:66_S6:47"
"KOR","DA:224","EAR_EMTA_SEX_CUR_NB","SEX_T","CUR_TYPE_PPP","2012",3276.107,,,"T8:127_T9:133_T10:138_T12:145_T30:130","S3:17_S7:57_S8:1640_S9:66_S6:47"
"KOR","DA:224","EAR_EMTA_SEX_CUR_NB","SEX_T","CUR_TYPE_USD","2012",2660.101,,,"T8:127_T9:133_T10:138_T12:145_T30:130","S3:17_S7:57_S8:1640_S9:66_S6:47"
"KOR","DA:224","EAR_EMTA_SEX_CUR_NB","SEX_T","CUR_TYPE_LCU","2011",2915720,,,"T8:127_T9:133_T10:138_T11:142_T12:145_T30:130","S3:17_S7:57_S8:1640_S9:66_S6:47"
"KOR","DA:224","EAR_EMTA_SEX_CUR_NB","SEX_T","CUR_TYPE_PPP","2011",3196.986,,,"T8:127_T9:133_T10:138_T11:142_T12:145_T30:130","S3:17_S7:57_S8:1640_S9:66_S6:47"
"KOR","DA:224","EAR_EMTA_SEX_CUR_NB","SEX_T","CUR_TYPE_USD","2011",2630.962,,,"T8:127_T9:133_T10:138_T11:142_T12:145_T30:130","S3:17_S7:57_S8:1640_S9:66_S6:47"
"KOR","DA:224","EAR_EMTA_SEX_CUR_NB","SEX_T","CUR_TYPE_LCU","2010",2785030,,,"T8:127_T9:133_T10:138_T11:142_T12:145_T30:130","S3:17_S7:57_S8:1640_S9:66_S6:47"
"KOR","DA:224","EAR_EMTA_SEX_CUR_NB","SEX_T","CUR_TYPE_PPP","2010",3067.217,,,"T8:127_T9:133_T10:138_T11:142_T12:145_T30:130","S3:17_S7:57_S8:1640_S9:66_S6:47"
"KOR","DA:224","EAR_EMTA_SEX_CUR_NB","SEX_T","CUR_TYPE_USD","2010",2408.237,,,"T8:127_T9:133_T10:138_T11:142_T12:145_T30:130","S3:17_S7:57_S8:1640_S9:66_S6:47"
"KOR","DA:224","EAR_EMTA_SEX_CUR_NB","SEX_T","CUR_TYPE_LCU","2009",2710360,,,"T8:127_T9:133_T10:138_T11:142_T12:145_T30:130","S3:17_S7:57_S8:1640_S9:66_S6:47"
"KOR","DA:224","EAR_EMTA_SEX_CUR_NB","SEX_T","CUR_TYPE_PPP","2009",3005.764,,,"T8:127_T9:133_T10:138_T11:142_T12:145_T30:130","S3:17_S7:57_S8:1640_S9:66_S6:47"
"KOR","DA:224","EAR_EMTA_SEX_CUR_NB","SEX_T","CUR_TYPE_USD","2009",2122.035,,,"T8:127_T9:133_T10:138_T11:142_T12:145_T30:130","S3:17_S7:57_S8:1640_S9:66_S6:47"
"KOR","DA:224","EAR_EMTA_SEX_CUR_NB","SEX_T","CUR_TYPE_LCU","1992",869284,,"C5:2067","T8:127_T9:133_T10:138_T33:396_T30:130","S9:66"
"KOR","DA:224","EAR_EMTA_SEX_CUR_NB","SEX_T","CUR_TYPE_PPP","1992",1475.834,,"C5:2067","T8:127_T9:133_T10:138_T33:396_T30:130","S9:66"
"KOR","DA:224","EAR_EMTA_SEX_CUR_NB","SEX_T","CUR_TYPE_USD","1992",1113.509,,"C5:2067","T8:127_T9:133_T10:138_T33:396_T30:130","S9:66"
"KOR","DA:224","EAR_EMTA_SEX_CUR_NB","SEX_T","CUR_TYPE_LCU","1991",754673,,"C5:2067","T8:127_T9:133_T10:138_T33:396_T30:130","S9:66"
"KOR","DA:224","EAR_EMTA_SEX_CUR_NB","SEX_T","CUR_TYPE_PPP","1991",1351.158,,"C5:2067","T8:127_T9:133_T10:138_T33:396_T30:130","S9:66"
"KOR","DA:224","EAR_EMTA_SEX_CUR_NB","SEX_T","CUR_TYPE_USD","1991",1029.105,,"C5:2067","T8:127_T9:133_T10:138_T33:396_T30:130","S9:66"
"KOR","DA:224","EAR_EMTA_SEX_CUR_NB","SEX_T","CUR_TYPE_LCU","1990",642309,,"C5:2067","T8:127_T9:133_T10:138_T33:396_T30:130","S9:66"
"KOR","DA:224","EAR_EMTA_SEX_CUR_NB","SEX_T","CUR_TYPE_PPP","1990",1236.172,,"C5:2067","T8:127_T9:133_T10:138_T33:396_T30:130","S9:66"
"KOR","DA:224","EAR_EMTA_SEX_CUR_NB","SEX_T","CUR_TYPE_USD","1990",907.516,,"C5:2067","T8:127_T9:133_T10:138_T33:396_T30:130","S9:66"
"KOR","DA:224","EAR_EMTA_SEX_CUR_NB","SEX_T","CUR_TYPE_LCU","1989",540611,,"C5:2067","T8:127_T9:133_T10:138_T33:396_T30:130","S9:66"
"KOR","DA:224","EAR_EMTA_SEX_CUR_NB","SEX_T","CUR_TYPE_USD","1989",805.133,,"C5:2067","T8:127_T9:133_T10:138_T33:396_T30:130","S9:66"
"KOS","FX:701","EAR_EMTA_SEX_CUR_NB","SEX_T","CUR_TYPE_LCU","2019",476.748,,,"T10:139_T33:396_T30:186","S9:66"
"KOS","FX:701","EAR_EMTA_SEX_CUR_NB","SEX_T","CUR_TYPE_PPP","2019",1186.283,,,"T10:139_T33:396_T30:186","S9:66"
"KOS","FX:701","EAR_EMTA_SEX_CUR_NB","SEX_T","CUR_TYPE_USD","2019",533.743,,,"T10:139_T33:396_T30:186","S9:66"
"KOS","FX:701","EAR_EMTA_SEX_CUR_NB","SEX_T","CUR_TYPE_LCU","2018",453.241,,,"T10:139_T33:396_T30:186","S9:66"
"KOS","FX:701","EAR_EMTA_SEX_CUR_NB","SEX_T","CUR_TYPE_PPP","2018",1122.941,,,"T10:139_T33:396_T30:186","S9:66"
"KOS","FX:701","EAR_EMTA_SEX_CUR_NB","SEX_T","CUR_TYPE_USD","2018",535.258,,,"T10:139_T33:396_T30:186","S9:66"
"KOS","FX:701","EAR_EMTA_SEX_CUR_NB","SEX_T","CUR_TYPE_LCU","2017",431.191,,,"T10:139_T33:396_T30:186","S9:66"
"KOS","FX:701","EAR_EMTA_SEX_CUR_NB","SEX_T","CUR_TYPE_PPP","2017",1071.31,,,"T10:139_T33:396_T30:186","S9:66"
"KOS","FX:701","EAR_EMTA_SEX_CUR_NB","SEX_T","CUR_TYPE_USD","2017",487.108,,,"T10:139_T33:396_T30:186","S9:66"
"KOS","FX:701","EAR_EMTA_SEX_CUR_NB","SEX_T","CUR_TYPE_LCU","2016",421.83,,,"T10:139_T33:396_T30:186","S9:66"
"KOS","FX:701","EAR_EMTA_SEX_CUR_NB","SEX_T","CUR_TYPE_PPP","2016",1057.695,,,"T10:139_T33:396_T30:186","S9:66"
"KOS","FX:701","EAR_EMTA_SEX_CUR_NB","SEX_T","CUR_TYPE_USD","2016",466.925,,,"T10:139_T33:396_T30:186","S9:66"
"KOS","FX:701","EAR_EMTA_SEX_CUR_NB","SEX_T","CUR_TYPE_LCU","2015",414.647,,,"T10:139_T33:396_T30:186","S9:66"
"KOS","FX:701","EAR_EMTA_SEX_CUR_NB","SEX_T","CUR_TYPE_PPP","2015",1009.366,,,"T10:139_T33:396_T30:186","S9:66"
"KOS","FX:701","EAR_EMTA_SEX_CUR_NB","SEX_T","CUR_TYPE_USD","2015",460.056,,,"T10:139_T33:396_T30:186","S9:66"
"KOS","FX:701","EAR_EMTA_SEX_CUR_NB","SEX_T","CUR_TYPE_LCU","2014",403.058,,,"T10:139_T33:396_T30:186","S9:66"
"KOS","FX:701","EAR_EMTA_SEX_CUR_NB","SEX_T","CUR_TYPE_PPP","2014",979.516,,,"T10:139_T33:396_T30:186","S9:66"
"KOS","FX:701","EAR_EMTA_SEX_CUR_NB","SEX_T","CUR_TYPE_USD","2014",535.462,,,"T10:139_T33:396_T30:186","S9:66"
"KOS","FX:701","EAR_EMTA_SEX_CUR_NB","SEX_T","CUR_TYPE_LCU","2013",386.005,,,"T10:139_T33:396_T30:186","S9:66"
"KOS","FX:701","EAR_EMTA_SEX_CUR_NB","SEX_T","CUR_TYPE_PPP","2013",956.122,,,"T10:139_T33:396_T30:186","S9:66"
"KOS","FX:701","EAR_EMTA_SEX_CUR_NB","SEX_T","CUR_TYPE_USD","2013",512.661,,,"T10:139_T33:396_T30:186","S9:66"
"KOS","FX:701","EAR_EMTA_SEX_CUR_NB","SEX_T","CUR_TYPE_LCU","2012",383,,,"T10:139_T33:396_T30:186","S9:66"
"KOS","FX:701","EAR_EMTA_SEX_CUR_NB","SEX_T","CUR_TYPE_PPP","2012",951.506,,,"T10:139_T33:396_T30:186","S9:66"
"KOS","FX:701","EAR_EMTA_SEX_CUR_NB","SEX_T","CUR_TYPE_USD","2012",492.074,,,"T10:139_T33:396_T30:186","S9:66"
"KOS","FX:701","EAR_EMTA_SEX_CUR_NB","SEX_T","CUR_TYPE_LCU","2010",310,,,"T10:139_T33:396_T30:186","S7:56_S9:66"
"KOS","FX:701","EAR_EMTA_SEX_CUR_NB","SEX_T","CUR_TYPE_PPP","2010",804.551,,,"T10:139_T33:396_T30:186","S7:56_S9:66"
"KOS","FX:701","EAR_EMTA_SEX_CUR_NB","SEX_T","CUR_TYPE_USD","2010",410.972,,,"T10:139_T33:396_T30:186","S7:56_S9:66"
"KOS","FX:701","EAR_EMTA_SEX_CUR_NB","SEX_T","CUR_TYPE_LCU","2009",270,,,"T10:139_T33:396_T30:186","S7:56_S9:66"
"KOS","FX:701","EAR_EMTA_SEX_CUR_NB","SEX_T","CUR_TYPE_PPP","2009",713.427,,,"T10:139_T33:396_T30:186","S7:56_S9:66"
"KOS","FX:701","EAR_EMTA_SEX_CUR_NB","SEX_T","CUR_TYPE_USD","2009",376.591,,,"T10:139_T33:396_T30:186","S7:56_S9:66"
"KOS","BB:16127","EAR_EMTA_SEX_CUR_NB","SEX_T","CUR_TYPE_LCU","2000",455.077,,,"T30:186","R1:3513"
"KOS","BB:16127","EAR_EMTA_SEX_CUR_NB","SEX_T","CUR_TYPE_USD","2000",420.309,,,"T30:186","R1:3513"
"KWT","DA:1335","EAR_EMTA_SEX_CUR_NB","SEX_T","CUR_TYPE_LCU","2016",353,,,"T33:396_T30:131","S9:66"
"KWT","DA:1335","EAR_EMTA_SEX_CUR_NB","SEX_T","CUR_TYPE_PPP","2016",1828.093,,,"T33:396_T30:131","S9:66"
"KWT","DA:1335","EAR_EMTA_SEX_CUR_NB","SEX_T","CUR_TYPE_USD","2016",1168.342,,,"T33:396_T30:131","S9:66"
"KWT","DA:1335","EAR_EMTA_SEX_CUR_NB","SEX_T","CUR_TYPE_LCU","2015",355,,,"T33:396_T30:131","S9:66"
"KWT","DA:1335","EAR_EMTA_SEX_CUR_NB","SEX_T","CUR_TYPE_PPP","2015",1798.316,,,"T33:396_T30:131","S9:66"
"KWT","DA:1335","EAR_EMTA_SEX_CUR_NB","SEX_T","CUR_TYPE_USD","2015",1179.982,,,"T33:396_T30:131","S9:66"
"LAO","BA:6651","EAR_EMTA_SEX_CUR_NB","SEX_T","CUR_TYPE_LCU","2022",2503995.654,"B",,"T30:133_I11:264","R1:3513"
"LAO","BA:6651","EAR_EMTA_SEX_CUR_NB","SEX_T","CUR_TYPE_PPP","2022",674.632,"B",,"T30:133_I11:264","R1:3513"
"LAO","BA:6651","EAR_EMTA_SEX_CUR_NB","SEX_T","CUR_TYPE_USD","2022",178.408,"B",,"T30:133_I11:264","R1:3513"
"LAO","BA:6651","EAR_EMTA_SEX_CUR_NB","SEX_T","CUR_TYPE_LCU","2017",1977052.518,"B",,"T30:133_I11:264","R1:3513"
"LAO","BA:6651","EAR_EMTA_SEX_CUR_NB","SEX_T","CUR_TYPE_PPP","2017",620.403,"B",,"T30:133_I11:264","R1:3513"
"LAO","BA:6651","EAR_EMTA_SEX_CUR_NB","SEX_T","CUR_TYPE_USD","2017",239.793,"B",,"T30:133_I11:264","R1:3513"
"LAO","BA:6651","EAR_EMTA_SEX_CUR_NB","SEX_T","CUR_TYPE_LCU","2010",1111897.615,"B",,"T30:133_I11:264","R1:3513"
"LAO","BA:6651","EAR_EMTA_SEX_CUR_NB","SEX_T","CUR_TYPE_PPP","2010",371.135,"B",,"T30:133_I11:264","R1:3513"
"LAO","BA:6651","EAR_EMTA_SEX_CUR_NB","SEX_T","CUR_TYPE_USD","2010",134.708,"B",,"T30:133_I11:264","R1:3513"
"LBN","BA:14074","EAR_EMTA_SEX_CUR_NB","SEX_T","CUR_TYPE_LCU","2019",1175959.958,"B",,"T30:134_I11:264","R1:3513"
"LBN","BA:14074","EAR_EMTA_SEX_CUR_NB","SEX_T","CUR_TYPE_PPP","2019",1571.45,"B",,"T30:134_I11:264","R1:3513"
"LBN","BA:14074","EAR_EMTA_SEX_CUR_NB","SEX_T","CUR_TYPE_USD","2019",780.073,"B",,"T30:134_I11:264","R1:3513"
"LBR","BA:16","EAR_EMTA_SEX_CUR_NB","SEX_T","CUR_TYPE_LCU","2017",1308.613,"B",,"T30:384_I11:264","R1:3513"
"LBR","BA:16","EAR_EMTA_SEX_CUR_NB","SEX_T","CUR_TYPE_PPP","2017",3246.188,"B",,"T30:384_I11:264","R1:3513"
"LBR","BA:16","EAR_EMTA_SEX_CUR_NB","SEX_T","CUR_TYPE_USD","2017",1308.613,"B",,"T30:384_I11:264","R1:3513"
"LBR","BB:7322","EAR_EMTA_SEX_CUR_NB","SEX_T","CUR_TYPE_LCU","2016",706.765,,,"T30:384","R1:3513"
"LBR","BB:7322","EAR_EMTA_SEX_CUR_NB","SEX_T","CUR_TYPE_PPP","2016",1529.24,,,"T30:384","R1:3513"
"LBR","BB:7322","EAR_EMTA_SEX_CUR_NB","SEX_T","CUR_TYPE_USD","2016",706.765,,,"T30:384","R1:3513"
"LBR","BB:7322","EAR_EMTA_SEX_CUR_NB","SEX_T","CUR_TYPE_LCU","2014",248.069,"B",,"T30:384_I11:264","R1:3513"
"LBR","BB:7322","EAR_EMTA_SEX_CUR_NB","SEX_T","CUR_TYPE_PPP","2014",487.65,"B",,"T30:384_I11:264","R1:3513"
"LBR","BB:7322","EAR_EMTA_SEX_CUR_NB","SEX_T","CUR_TYPE_USD","2014",248.069,"B",,"T30:384_I11:264","R1:3513"
"LBR","BA:16","EAR_EMTA_SEX_CUR_NB","SEX_T","CUR_TYPE_LCU","2010",275.684,"B",,"T30:384_I11:264","R1:3513"
"LBR","BA:16","EAR_EMTA_SEX_CUR_NB","SEX_T","CUR_TYPE_PPP","2010",484.657,"B",,"T30:384_I11:264","R1:3513"
"LBR","BA:16","EAR_EMTA_SEX_CUR_NB","SEX_T","CUR_TYPE_USD","2010",275.684,"B",,"T30:384_I11:264","R1:3513"
"LCA","BB:16927","EAR_EMTA_SEX_CUR_NB","SEX_T","CUR_TYPE_LCU","2016",2121.452,,,"T30:99","R1:3513"
"LCA","BB:16927","EAR_EMTA_SEX_CUR_NB","SEX_T","CUR_TYPE_PPP","2016",1068.627,,,"T30:99","R1:3513"
"LCA","BB:16927","EAR_EMTA_SEX_CUR_NB","SEX_T","CUR_TYPE_USD","2016",785.723,,,"T30:99","R1:3513"
"LIE","FX:1356","EAR_EMTA_SEX_CUR_NB","SEX_T","CUR_TYPE_LCU","2018",6675,,,"T8:128_T9:133_T10:138_T12:1516_T30:188","S9:66"
"LIE","FX:1356","EAR_EMTA_SEX_CUR_NB","SEX_T","CUR_TYPE_USD","2018",6825.91,,,"T8:128_T9:133_T10:138_T12:1516_T30:188","S9:66"
"LIE","FX:1356","EAR_EMTA_SEX_CUR_NB","SEX_T","CUR_TYPE_LCU","2016",6603,,,"T8:128_T9:133_T10:138_T12:1516_T30:188","S9:66"
"LIE","FX:1356","EAR_EMTA_SEX_CUR_NB","SEX_T","CUR_TYPE_USD","2016",6700.87,,,"T8:128_T9:133_T10:138_T12:1516_T30:188","S9:66"
"LIE","FX:1356","EAR_EMTA_SEX_CUR_NB","SEX_T","CUR_TYPE_LCU","2014",6522,,,"T8:128_T9:133_T10:138_T12:1516_T30:188","S9:66"
"LIE","FX:1356","EAR_EMTA_SEX_CUR_NB","SEX_T","CUR_TYPE_USD","2014",7118.913,,,"T8:128_T9:133_T10:138_T12:1516_T30:188","S9:66"
"LIE","FX:1356","EAR_EMTA_SEX_CUR_NB","SEX_T","CUR_TYPE_LCU","2012",6380,,,"T8:128_T9:133_T10:138_T12:1516_T30:188","S9:66"
"LIE","FX:1356","EAR_EMTA_SEX_CUR_NB","SEX_T","CUR_TYPE_USD","2012",6803.994,,,"T8:128_T9:133_T10:138_T12:1516_T30:188","S9:66"
"LIE","FX:1356","EAR_EMTA_SEX_CUR_NB","SEX_T","CUR_TYPE_LCU","2006",5885,,,"T8:128_T9:133_T10:138_T33:396_T30:188","S9:66"
"LIE","FX:1356","EAR_EMTA_SEX_CUR_NB","SEX_T","CUR_TYPE_USD","2006",4693.569,,,"T8:128_T9:133_T10:138_T33:396_T30:188","S9:66"
"LIE","FX:1356","EAR_EMTA_SEX_CUR_NB","SEX_T","CUR_TYPE_LCU","2005",5819,,,"T8:128_T9:133_T10:138_T33:396_T30:188","S9:66"
"LIE","FX:1356","EAR_EMTA_SEX_CUR_NB","SEX_T","CUR_TYPE_USD","2005",4673.232,,,"T8:128_T9:133_T10:138_T33:396_T30:188","S9:66"
"LKA","BA:1359","EAR_EMTA_SEX_CUR_NB","SEX_T","CUR_TYPE_LCU","2024",48842.945,,,"T30:147","R1:3513"
"LKA","BA:1359","EAR_EMTA_SEX_CUR_NB","SEX_T","CUR_TYPE_PPP","2024",558.273,,,"T30:147","R1:3513"
"LKA","BA:1359","EAR_EMTA_SEX_CUR_NB","SEX_T","CUR_TYPE_LCU","2023",47083.578,,,"T30:147","R1:3513"
"LKA","BA:1359","EAR_EMTA_SEX_CUR_NB","SEX_T","CUR_TYPE_PPP","2023",520.501,,,"T30:147","R1:3513"
"LKA","BA:1359","EAR_EMTA_SEX_CUR_NB","SEX_T","CUR_TYPE_USD","2023",143.764,,,"T30:147","R1:3513"
"LKA","BA:1359","EAR_EMTA_SEX_CUR_NB","SEX_T","CUR_TYPE_LCU","2022",44294.45,,,"T30:147","R1:3513"
"LKA","BA:1359","EAR_EMTA_SEX_CUR_NB","SEX_T","CUR_TYPE_PPP","2022",548.102,,,"T30:147","R1:3513"
"LKA","BA:1359","EAR_EMTA_SEX_CUR_NB","SEX_T","CUR_TYPE_USD","2022",137.291,,,"T30:147","R1:3513"
"LKA","BA:1359","EAR_EMTA_SEX_CUR_NB","SEX_T","CUR_TYPE_LCU","2021",39797.378,,,"T30:147","R1:3513"
"LKA","BA:1359","EAR_EMTA_SEX_CUR_NB","SEX_T","CUR_TYPE_PPP","2021",682.676,,,"T30:147","R1:3513"
"LKA","BA:1359","EAR_EMTA_SEX_CUR_NB","SEX_T","CUR_TYPE_USD","2021",200.224,,,"T30:147","R1:3513"
"LKA","BA:1359","EAR_EMTA_SEX_CUR_NB","SEX_T","CUR_TYPE_LCU","2020",37032.148,,,"T30:147","R1:3513"
"LKA","BA:1359","EAR_EMTA_SEX_CUR_NB","SEX_T","CUR_TYPE_PPP","2020",604.151,,,"T30:147","R1:3513"
"LKA","BA:1359","EAR_EMTA_SEX_CUR_NB","SEX_T","CUR_TYPE_USD","2020",199.535,,,"T30:147","R1:3513"
"LKA","BA:1359","EAR_EMTA_SEX_CUR_NB","SEX_T","CUR_TYPE_LCU","2019",36468.978,,,"T30:147","R1:3513"
"LKA","BA:1359","EAR_EMTA_SEX_CUR_NB","SEX_T","CUR_TYPE_PPP","2019",675.631,,,"T30:147","R1:3513"
"LKA","BA:1359","EAR_EMTA_SEX_CUR_NB","SEX_T","CUR_TYPE_USD","2019",204.028,,,"T30:147","R1:3513"
"LKA","BA:1359","EAR_EMTA_SEX_CUR_NB","SEX_T","CUR_TYPE_LCU","2018",31083.061,,,"T30:147","R1:3513"
"LKA","BA:1359","EAR_EMTA_SEX_CUR_NB","SEX_T","CUR_TYPE_PPP","2018",596.969,,,"T30:147","R1:3513"
"LKA","BA:1359","EAR_EMTA_SEX_CUR_NB","SEX_T","CUR_TYPE_USD","2018",191.322,,,"T30:147","R1:3513"
"LKA","BA:1359","EAR_EMTA_SEX_CUR_NB","SEX_T","CUR_TYPE_LCU","2017",29562.582,,,"T30:147","R1:3513"
"LKA","BA:1359","EAR_EMTA_SEX_CUR_NB","SEX_T","CUR_TYPE_PPP","2017",574.713,,,"T30:147","R1:3513"
"LKA","BA:1359","EAR_EMTA_SEX_CUR_NB","SEX_T","CUR_TYPE_USD","2017",193.921,,,"T30:147","R1:3513"
"LKA","BA:1359","EAR_EMTA_SEX_CUR_NB","SEX_T","CUR_TYPE_LCU","2016",27007.9,,,"T30:147","R1:3513"
"LKA","BA:1359","EAR_EMTA_SEX_CUR_NB","SEX_T","CUR_TYPE_PPP","2016",555.717,,,"T30:147","R1:3513"
"LKA","BA:1359","EAR_EMTA_SEX_CUR_NB","SEX_T","CUR_TYPE_USD","2016",185.517,,,"T30:147","R1:3513"
"LKA","BA:1359","EAR_EMTA_SEX_CUR_NB","SEX_T","CUR_TYPE_LCU","2015",23924.724,,,"T30:147","R1:3513"
"LKA","BA:1359","EAR_EMTA_SEX_CUR_NB","SEX_T","CUR_TYPE_PPP","2015",500.798,,,"T30:147","R1:3513"
"LKA","BA:1359","EAR_EMTA_SEX_CUR_NB","SEX_T","CUR_TYPE_USD","2015",176.102,,,"T30:147","R1:3513"
"LKA","BA:1359","EAR_EMTA_SEX_CUR_NB","SEX_T","CUR_TYPE_LCU","2014",20709.87,,,"T30:147","R1:3513"
"LKA","BA:1359","EAR_EMTA_SEX_CUR_NB","SEX_T","CUR_TYPE_PPP","2014",444.324,,,"T30:147","R1:3513"
"LKA","BA:1359","EAR_EMTA_SEX_CUR_NB","SEX_T","CUR_TYPE_USD","2014",158.618,,,"T30:147","R1:3513"
"LKA","BA:1359","EAR_EMTA_SEX_CUR_NB","SEX_T","CUR_TYPE_LCU","2013",19209.289,,,"T30:147","R1:3513"
"LKA","BA:1359","EAR_EMTA_SEX_CUR_NB","SEX_T","CUR_TYPE_PPP","2013",424.496,,,"T30:147","R1:3513"
"LKA","BA:1359","EAR_EMTA_SEX_CUR_NB","SEX_T","CUR_TYPE_USD","2013",148.83,,,"T30:147","R1:3513"
"LKA","BA:1359","EAR_EMTA_SEX_CUR_NB","SEX_T","CUR_TYPE_LCU","2012",14497,,,"T8:127_T9:133_T10:138_T11:142_T12:146_T33:396_T30:147","S4:34_S5:38"
"LKA","BA:1359","EAR_EMTA_SEX_CUR_NB","SEX_T","CUR_TYPE_PPP","2012",337.392,,,"T8:127_T9:133_T10:138_T11:142_T12:146_T33:396_T30:147","S4:34_S5:38"
"LKA","BA:1359","EAR_EMTA_SEX_CUR_NB","SEX_T","CUR_TYPE_USD","2012",113.61,,,"T8:127_T9:133_T10:138_T11:142_T12:146_T33:396_T30:147","S4:34_S5:38"
"LKA","BA:1359","EAR_EMTA_SEX_CUR_NB","SEX_T","CUR_TYPE_LCU","2011",15227.925,"B",,"T30:147_I11:264","R1:3513"
"LKA","BA:1359","EAR_EMTA_SEX_CUR_NB","SEX_T","CUR_TYPE_PPP","2011",354.236,"B",,"T30:147_I11:264","R1:3513"
"LKA","BA:1359","EAR_EMTA_SEX_CUR_NB","SEX_T","CUR_TYPE_USD","2011",137.728,"B",,"T30:147_I11:264","R1:3513"
"LKA","BA:1359","EAR_EMTA_SEX_CUR_NB","SEX_T","CUR_TYPE_LCU","2010",13749.943,"B",,"T30:147_I11:264","R1:3513"
"LKA","BA:1359","EAR_EMTA_SEX_CUR_NB","SEX_T","CUR_TYPE_PPP","2010",330.893,"B",,"T30:147_I11:264","R1:3513"
"LKA","BA:1359","EAR_EMTA_SEX_CUR_NB","SEX_T","CUR_TYPE_USD","2010",121.612,"B",,"T30:147_I11:264","R1:3513"
"LKA","BA:1359","EAR_EMTA_SEX_CUR_NB","SEX_T","CUR_TYPE_LCU","2009",12687,,,"T8:127_T9:133_T10:138_T11:142_T12:145_T33:396_T30:147","S4:31_S5:38_S9:66"
"LKA","BA:1359","EAR_EMTA_SEX_CUR_NB","SEX_T","CUR_TYPE_PPP","2009",319.064,,,"T8:127_T9:133_T10:138_T11:142_T12:145_T33:396_T30:147","S4:31_S5:38_S9:66"
"LKA","BA:1359","EAR_EMTA_SEX_CUR_NB","SEX_T","CUR_TYPE_USD","2009",110.375,,,"T8:127_T9:133_T10:138_T11:142_T12:145_T33:396_T30:147","S4:31_S5:38_S9:66"
"LKA","DA:1360","EAR_EMTA_SEX_CUR_NB","SEX_T","CUR_TYPE_LCU","2008",9362.504,,"C5:1875","T8:127_T9:133_T10:138_T33:396_T30:147","S3:25_S9:67"
"LKA","DA:1360","EAR_EMTA_SEX_CUR_NB","SEX_T","CUR_TYPE_PPP","2008",244.484,,"C5:1875","T8:127_T9:133_T10:138_T33:396_T30:147","S3:25_S9:67"
"LKA","DA:1360","EAR_EMTA_SEX_CUR_NB","SEX_T","CUR_TYPE_USD","2008",86.423,,"C5:1875","T8:127_T9:133_T10:138_T33:396_T30:147","S3:25_S9:67"
"LKA","DA:1360","EAR_EMTA_SEX_CUR_NB","SEX_T","CUR_TYPE_LCU","2007",8372.596,,"C5:1875","T8:127_T9:133_T10:138_T33:396_T30:147","S3:25_S9:67"
"LKA","DA:1360","EAR_EMTA_SEX_CUR_NB","SEX_T","CUR_TYPE_PPP","2007",258.061,,"C5:1875","T8:127_T9:133_T10:138_T33:396_T30:147","S3:25_S9:67"
"LKA","DA:1360","EAR_EMTA_SEX_CUR_NB","SEX_T","CUR_TYPE_USD","2007",75.686,,"C5:1875","T8:127_T9:133_T10:138_T33:396_T30:147","S3:25_S9:67"
"LKA","DA:1360","EAR_EMTA_SEX_CUR_NB","SEX_T","CUR_TYPE_LCU","2006",7162.478,,"C5:1875","T8:127_T9:133_T10:138_T33:396_T30:147","S3:25_S9:67"
"LKA","DA:1360","EAR_EMTA_SEX_CUR_NB","SEX_T","CUR_TYPE_PPP","2006",248.643,,"C5:1875","T8:127_T9:133_T10:138_T33:396_T30:147","S3:25_S9:67"
"LKA","DA:1360","EAR_EMTA_SEX_CUR_NB","SEX_T","CUR_TYPE_USD","2006",68.927,,"C5:1875","T8:127_T9:133_T10:138_T33:396_T30:147","S3:25_S9:67"
"LKA","DA:1360","EAR_EMTA_SEX_CUR_NB","SEX_T","CUR_TYPE_LCU","2005",6411.141,,"C5:1875","T8:127_T9:133_T10:138_T33:396_T30:147","S3:25_S9:67"
"LKA","DA:1360","EAR_EMTA_SEX_CUR_NB","SEX_T","CUR_TYPE_PPP","2005",237.209,,"C5:1875","T8:127_T9:133_T10:138_T33:396_T30:147","S3:25_S9:67"
"LKA","DA:1360","EAR_EMTA_SEX_CUR_NB","SEX_T","CUR_TYPE_USD","2005",63.794,,"C5:1875","T8:127_T9:133_T10:138_T33:396_T30:147","S3:25_S9:67"
"LKA","DA:1360","EAR_EMTA_SEX_CUR_NB","SEX_T","CUR_TYPE_LCU","2004",6015.756,,"C5:1875","T8:127_T9:133_T10:138_T33:396_T30:147","S3:25_S9:67"
"LKA","DA:1360","EAR_EMTA_SEX_CUR_NB","SEX_T","CUR_TYPE_PPP","2004",240.334,,"C5:1875","T8:127_T9:133_T10:138_T33:396_T30:147","S3:25_S9:67"
"LKA","DA:1360","EAR_EMTA_SEX_CUR_NB","SEX_T","CUR_TYPE_USD","2004",59.447,,"C5:1875","T8:127_T9:133_T10:138_T33:396_T30:147","S3:25_S9:67"
"LKA","DA:1360","EAR_EMTA_SEX_CUR_NB","SEX_T","CUR_TYPE_LCU","2003",5633.832,,"C5:1875","T8:127_T9:133_T10:138_T33:396_T30:147","S3:25_S9:67"
"LKA","DA:1360","EAR_EMTA_SEX_CUR_NB","SEX_T","CUR_TYPE_PPP","2003",235.814,,"C5:1875","T8:127_T9:133_T10:138_T33:396_T30:147","S3:25_S9:67"
"LKA","DA:1360","EAR_EMTA_SEX_CUR_NB","SEX_T","CUR_TYPE_USD","2003",58.369,,"C5:1875","T8:127_T9:133_T10:138_T33:396_T30:147","S3:25_S9:67"
"LKA","DA:1360","EAR_EMTA_SEX_CUR_NB","SEX_T","CUR_TYPE_LCU","2002",5220.876,,"C5:1875","T8:127_T9:133_T10:138_T33:396_T30:147","S3:25_S9:67"
"LKA","DA:1360","EAR_EMTA_SEX_CUR_NB","SEX_T","CUR_TYPE_PPP","2002",227.172,,"C5:1875","T8:127_T9:133_T10:138_T33:396_T30:147","S3:25_S9:67"
"LKA","DA:1360","EAR_EMTA_SEX_CUR_NB","SEX_T","CUR_TYPE_USD","2002",54.576,,"C5:1875","T8:127_T9:133_T10:138_T33:396_T30:147","S3:25_S9:67"
"LKA","DA:1360","EAR_EMTA_SEX_CUR_NB","SEX_T","CUR_TYPE_LCU","2001",4864.662,,"C5:1875","T8:127_T9:133_T10:138_T33:396_T30:147","S3:25_S9:67"
"LKA","DA:1360","EAR_EMTA_SEX_CUR_NB","SEX_T","CUR_TYPE_PPP","2001",228.268,,"C5:1875","T8:127_T9:133_T10:138_T33:396_T30:147","S3:25_S9:67"
"LKA","DA:1360","EAR_EMTA_SEX_CUR_NB","SEX_T","CUR_TYPE_USD","2001",54.425,,"C5:1875","T8:127_T9:133_T10:138_T33:396_T30:147","S3:25_S9:67"
"LKA","DA:1360","EAR_EMTA_SEX_CUR_NB","SEX_T","CUR_TYPE_LCU","2000",4445.278,,"C5:1875","T8:127_T9:133_T10:138_T33:396_T30:147","S3:25_S9:67"
"LKA","DA:1360","EAR_EMTA_SEX_CUR_NB","SEX_T","CUR_TYPE_PPP","2000",231.577,,"C5:1875","T8:127_T9:133_T10:138_T33:396_T30:147","S3:25_S9:67"
"LKA","DA:1360","EAR_EMTA_SEX_CUR_NB","SEX_T","CUR_TYPE_USD","2000",57.727,,"C5:1875","T8:127_T9:133_T10:138_T33:396_T30:147","S3:25_S9:67"
"LKA","DA:1360","EAR_EMTA_SEX_CUR_NB","SEX_T","CUR_TYPE_LCU","1999",4001.684,,"C5:1875","T8:127_T9:133_T10:138_T33:396_T30:147","S3:25_S9:67"
"LKA","DA:1360","EAR_EMTA_SEX_CUR_NB","SEX_T","CUR_TYPE_PPP","1999",214.114,,"C5:1875","T8:127_T9:133_T10:138_T33:396_T30:147","S3:25_S9:67"
"LKA","DA:1360","EAR_EMTA_SEX_CUR_NB","SEX_T","CUR_TYPE_USD","1999",56.653,,"C5:1875","T8:127_T9:133_T10:138_T33:396_T30:147","S3:25_S9:67"
"LKA","DA:1360","EAR_EMTA_SEX_CUR_NB","SEX_T","CUR_TYPE_LCU","1998",3499.541,,"C5:1875","T8:127_T9:133_T10:138_T33:396_T30:147","S3:25_S9:67"
"LKA","DA:1360","EAR_EMTA_SEX_CUR_NB","SEX_T","CUR_TYPE_PPP","1998",191.834,,"C5:1875","T8:127_T9:133_T10:138_T33:396_T30:147","S3:25_S9:67"
"LKA","DA:1360","EAR_EMTA_SEX_CUR_NB","SEX_T","CUR_TYPE_USD","1998",54.298,,"C5:1875","T8:127_T9:133_T10:138_T33:396_T30:147","S3:25_S9:67"
"LKA","DA:1360","EAR_EMTA_SEX_CUR_NB","SEX_T","CUR_TYPE_LCU","1997",3133.538,,"C5:1875","T8:127_T9:133_T10:138_T33:396_T30:147","S3:25_S9:67"
"LKA","DA:1360","EAR_EMTA_SEX_CUR_NB","SEX_T","CUR_TYPE_PPP","1997",184.984,,"C5:1875","T8:127_T9:133_T10:138_T33:396_T30:147","S3:25_S9:67"
"LKA","DA:1360","EAR_EMTA_SEX_CUR_NB","SEX_T","CUR_TYPE_USD","1997",53.116,,"C5:1875","T8:127_T9:133_T10:138_T33:396_T30:147","S3:25_S9:67"
"LKA","DA:1360","EAR_EMTA_SEX_CUR_NB","SEX_T","CUR_TYPE_LCU","1996",3342.962,,"C5:1875_C5:2067","T8:127_T9:133_T10:138_T33:396_T30:147","S3:25_S9:67"
"LKA","DA:1360","EAR_EMTA_SEX_CUR_NB","SEX_T","CUR_TYPE_PPP","1996",211.301,,"C5:1875_C5:2067","T8:127_T9:133_T10:138_T33:396_T30:147","S3:25_S9:67"
"LKA","DA:1360","EAR_EMTA_SEX_CUR_NB","SEX_T","CUR_TYPE_USD","1996",60.483,,"C5:1875_C5:2067","T8:127_T9:133_T10:138_T33:396_T30:147","S3:25_S9:67"
"LKA","DA:1360","EAR_EMTA_SEX_CUR_NB","SEX_T","CUR_TYPE_LCU","1995",3910.579,,"C5:1875_C5:2067","T8:127_T9:133_T10:138_T33:396_T30:147","S3:25_S9:67"
"LKA","DA:1360","EAR_EMTA_SEX_CUR_NB","SEX_T","CUR_TYPE_PPP","1995",278.408,,"C5:1875_C5:2067","T8:127_T9:133_T10:138_T33:396_T30:147","S3:25_S9:67"
"LKA","DA:1360","EAR_EMTA_SEX_CUR_NB","SEX_T","CUR_TYPE_USD","1995",76.302,,"C5:1875_C5:2067","T8:127_T9:133_T10:138_T33:396_T30:147","S3:25_S9:67"
"LKA","DA:1360","EAR_EMTA_SEX_CUR_NB","SEX_T","CUR_TYPE_LCU","1994",3444.753,,"C5:1875_C5:2067","T8:127_T9:133_T10:138_T33:396_T30:147","S3:25_S9:67"
"LKA","DA:1360","EAR_EMTA_SEX_CUR_NB","SEX_T","CUR_TYPE_PPP","1994",256.86,,"C5:1875_C5:2067","T8:127_T9:133_T10:138_T33:396_T30:147","S3:25_S9:67"
"LKA","DA:1360","EAR_EMTA_SEX_CUR_NB","SEX_T","CUR_TYPE_USD","1994",69.71,,"C5:1875_C5:2067","T8:127_T9:133_T10:138_T33:396_T30:147","S3:25_S9:67"
"LKA","DA:1360","EAR_EMTA_SEX_CUR_NB","SEX_T","CUR_TYPE_LCU","1992",2715.152,,"C5:1875_C5:2067","T8:127_T9:133_T10:138_T33:396_T30:147","S3:25_S9:67"
"LKA","DA:1360","EAR_EMTA_SEX_CUR_NB","SEX_T","CUR_TYPE_PPP","1992",232.263,,"C5:1875_C5:2067","T8:127_T9:133_T10:138_T33:396_T30:147","S3:25_S9:67"
"LKA","DA:1360","EAR_EMTA_SEX_CUR_NB","SEX_T","CUR_TYPE_USD","1992",61.948,,"C5:1875_C5:2067","T8:127_T9:133_T10:138_T33:396_T30:147","S3:25_S9:67"
"LKA","DA:1360","EAR_EMTA_SEX_CUR_NB","SEX_T","CUR_TYPE_LCU","1991",2505.654,,"C5:1875_C5:2067","T8:127_T9:133_T10:138_T33:396_T30:147","S3:25_S9:67"
"LKA","DA:1360","EAR_EMTA_SEX_CUR_NB","SEX_T","CUR_TYPE_PPP","1991",231.723,,"C5:1875_C5:2067","T8:127_T9:133_T10:138_T33:396_T30:147","S3:25_S9:67"
"LKA","DA:1360","EAR_EMTA_SEX_CUR_NB","SEX_T","CUR_TYPE_USD","1991",60.565,,"C5:1875_C5:2067","T8:127_T9:133_T10:138_T33:396_T30:147","S3:25_S9:67"
"LKA","DA:1360","EAR_EMTA_SEX_CUR_NB","SEX_T","CUR_TYPE_LCU","1990",2103.006,,"C5:1875_C5:2067","T8:127_T9:133_T10:138_T33:396_T30:147","S3:25_S9:67"
"LKA","DA:1360","EAR_EMTA_SEX_CUR_NB","SEX_T","CUR_TYPE_PPP","1990",209.321,,"C5:1875_C5:2067","T8:127_T9:133_T10:138_T33:396_T30:147","S3:25_S9:67"
"LKA","DA:1360","EAR_EMTA_SEX_CUR_NB","SEX_T","CUR_TYPE_USD","1990",52.493,,"C5:1875_C5:2067","T8:127_T9:133_T10:138_T33:396_T30:147","S3:25_S9:67"
"LKA","DA:1360","EAR_EMTA_SEX_CUR_NB","SEX_T","CUR_TYPE_LCU","1989",1761.941,,"C5:1875_C5:2067","T8:127_T9:133_T10:138_T33:396_T30:147","S3:25_S9:67"
"LKA","DA:1360","EAR_EMTA_SEX_CUR_NB","SEX_T","CUR_TYPE_USD","1989",48.879,,"C5:1875_C5:2067","T8:127_T9:133_T10:138_T33:396_T30:147","S3:25_S9:67"
"LSO","BA:13","EAR_EMTA_SEX_CUR_NB","SEX_T","CUR_TYPE_LCU","2024",2494.242,,,"T30:25","R1:3513"
"LSO","BA:13","EAR_EMTA_SEX_CUR_NB","SEX_T","CUR_TYPE_PPP","2024",406.295,,,"T30:25","R1:3513"
"LSO","BA:13","EAR_EMTA_SEX_CUR_NB","SEX_T","CUR_TYPE_USD","2024",136.084,,,"T30:25","R1:3513"
"LSO","BA:13","EAR_EMTA_SEX_CUR_NB","SEX_T","CUR_TYPE_LCU","2019",3350.693,,,"T30:25","R1:3513"
"LSO","BA:13","EAR_EMTA_SEX_CUR_NB","SEX_T","CUR_TYPE_PPP","2019",604.407,,,"T30:25","R1:3513"
"LSO","BA:13","EAR_EMTA_SEX_CUR_NB","SEX_T","CUR_TYPE_USD","2019",231.907,,,"T30:25","R1:3513"
"LTU","BB:3065","EAR_EMTA_SEX_CUR_NB","SEX_T","CUR_TYPE_LCU","2025",2331.024,,,"T30:377","R1:3513_T2:85"
"LTU","BB:3065","EAR_EMTA_SEX_CUR_NB","SEX_T","CUR_TYPE_PPP","2025",4241.14,,,"T30:377","R1:3513_T2:85"
"LTU","BB:3065","EAR_EMTA_SEX_CUR_NB","SEX_T","CUR_TYPE_USD","2025",2634.057,,,"T30:377","R1:3513_T2:85"
"LTU","BB:3065","EAR_EMTA_SEX_CUR_NB","SEX_T","CUR_TYPE_LCU","2024",2106.441,,,"T30:377","R1:3513_T2:85"
"LTU","BB:3065","EAR_EMTA_SEX_CUR_NB","SEX_T","CUR_TYPE_PPP","2024",4001.18,,,"T30:377","R1:3513_T2:85"
"LTU","BB:3065","EAR_EMTA_SEX_CUR_NB","SEX_T","CUR_TYPE_USD","2024",2280.012,,,"T30:377","R1:3513_T2:85"
"LTU","BB:3065","EAR_EMTA_SEX_CUR_NB","SEX_T","CUR_TYPE_LCU","2023",1801.227,,,"T30:377","R1:3513_T2:85"
"LTU","BB:3065","EAR_EMTA_SEX_CUR_NB","SEX_T","CUR_TYPE_PPP","2023",3372.163,,,"T30:377","R1:3513_T2:85"
"LTU","BB:3065","EAR_EMTA_SEX_CUR_NB","SEX_T","CUR_TYPE_USD","2023",1947.667,,,"T30:377","R1:3513_T2:85"
"LTU","BB:3065","EAR_EMTA_SEX_CUR_NB","SEX_T","CUR_TYPE_LCU","2022",1577.109,,,"T30:377","R1:3513_T2:85"
"LTU","BB:3065","EAR_EMTA_SEX_CUR_NB","SEX_T","CUR_TYPE_PPP","2022",2995.441,,,"T30:377","R1:3513_T2:85"
"LTU","BB:3065","EAR_EMTA_SEX_CUR_NB","SEX_T","CUR_TYPE_USD","2022",1660.695,,,"T30:377","R1:3513_T2:85"
"LTU","BB:3065","EAR_EMTA_SEX_CUR_NB","SEX_T","CUR_TYPE_LCU","2021",1477.096,,,"T30:377","R1:3513_T2:85"
"LTU","BB:3065","EAR_EMTA_SEX_CUR_NB","SEX_T","CUR_TYPE_PPP","2021",2977.921,,,"T30:377","R1:3513_T2:85"
"LTU","BB:3065","EAR_EMTA_SEX_CUR_NB","SEX_T","CUR_TYPE_USD","2021",1746.962,,,"T30:377","R1:3513_T2:85"
"LTU","BB:3065","EAR_EMTA_SEX_CUR_NB","SEX_T","CUR_TYPE_LCU","2020",1308.616,,,"T30:377","R1:3513_T2:85"
"LTU","BB:3065","EAR_EMTA_SEX_CUR_NB","SEX_T","CUR_TYPE_PPP","2020",2665.896,,,"T30:377","R1:3513_T2:85"
"LTU","BB:3065","EAR_EMTA_SEX_CUR_NB","SEX_T","CUR_TYPE_USD","2020",1494.701,,,"T30:377","R1:3513_T2:85"
"LTU","BB:3065","EAR_EMTA_SEX_CUR_NB","SEX_T","CUR_TYPE_LCU","2019",1184.715,,,"T30:377","R1:3513_T2:85"
"LTU","BB:3065","EAR_EMTA_SEX_CUR_NB","SEX_T","CUR_TYPE_PPP","2019",2448.037,,,"T30:377","R1:3513_T2:85"
"LTU","BB:3065","EAR_EMTA_SEX_CUR_NB","SEX_T","CUR_TYPE_USD","2019",1326.289,,,"T30:377","R1:3513_T2:85"
"LTU","BB:3065","EAR_EMTA_SEX_CUR_NB","SEX_T","CUR_TYPE_LCU","2018",1096.164,,,"T30:377","R1:3513_T2:85"
"LTU","BB:3065","EAR_EMTA_SEX_CUR_NB","SEX_T","CUR_TYPE_PPP","2018",2200.46,,,"T30:377","R1:3513_T2:85"
"LTU","BB:3065","EAR_EMTA_SEX_CUR_NB","SEX_T","CUR_TYPE_USD","2018",1294.569,,,"T30:377","R1:3513_T2:85"
"LTU","BB:3065","EAR_EMTA_SEX_CUR_NB","SEX_T","CUR_TYPE_LCU","2017",1016.515,,,"T30:377","R1:3513_T2:85"
"LTU","BB:3065","EAR_EMTA_SEX_CUR_NB","SEX_T","CUR_TYPE_PPP","2017",2051.606,,,"T30:377","R1:3513_T2:85"
"LTU","BB:3065","EAR_EMTA_SEX_CUR_NB","SEX_T","CUR_TYPE_USD","2017",1148.357,,,"T30:377","R1:3513_T2:85"
"LTU","BB:3065","EAR_EMTA_SEX_CUR_NB","SEX_T","CUR_TYPE_LCU","2016",953.298,,,"T30:377","R1:3513_T2:85"
"LTU","BB:3065","EAR_EMTA_SEX_CUR_NB","SEX_T","CUR_TYPE_PPP","2016",1943.007,,,"T30:377","R1:3513_T2:85"
"LTU","BB:3065","EAR_EMTA_SEX_CUR_NB","SEX_T","CUR_TYPE_USD","2016",1055.205,,,"T30:377","R1:3513_T2:85"
"LTU","BB:3065","EAR_EMTA_SEX_CUR_NB","SEX_T","CUR_TYPE_LCU","2015",856.993,,,"T30:377","R1:3513_T2:85"
"LTU","BB:3065","EAR_EMTA_SEX_CUR_NB","SEX_T","CUR_TYPE_PPP","2015",1716.757,,,"T30:377","R1:3513_T2:85"
"LTU","BB:3065","EAR_EMTA_SEX_CUR_NB","SEX_T","CUR_TYPE_USD","2015",950.834,,,"T30:377","R1:3513_T2:85"
"LTU","BB:3065","EAR_EMTA_SEX_CUR_NB","SEX_T","CUR_TYPE_LCU","2014",819.99,,,"T30:377","R1:3513_T2:85"
"LTU","BB:3065","EAR_EMTA_SEX_CUR_NB","SEX_T","CUR_TYPE_PPP","2014",1640.357,,,"T30:377","R1:3513_T2:85"
"LTU","BB:3065","EAR_EMTA_SEX_CUR_NB","SEX_T","CUR_TYPE_USD","2014",1089.356,,,"T30:377","R1:3513_T2:85"
"LTU","BB:3065","EAR_EMTA_SEX_CUR_NB","SEX_T","CUR_TYPE_LCU","2013",735.697,,,"T30:377","R1:3513_T2:85"
"LTU","BB:3065","EAR_EMTA_SEX_CUR_NB","SEX_T","CUR_TYPE_PPP","2013",1458.912,,,"T30:377","R1:3513_T2:85"
"LTU","BB:3065","EAR_EMTA_SEX_CUR_NB","SEX_T","CUR_TYPE_USD","2013",977.079,,,"T30:377","R1:3513_T2:85"
"LTU","BB:3065","EAR_EMTA_SEX_CUR_NB","SEX_T","CUR_TYPE_LCU","2012",717.823,,,"T30:377","R1:3513_T2:85"
"LTU","BB:3065","EAR_EMTA_SEX_CUR_NB","SEX_T","CUR_TYPE_PPP","2012",1383.27,,,"T30:377","R1:3513_T2:85"
"LTU","BB:3065","EAR_EMTA_SEX_CUR_NB","SEX_T","CUR_TYPE_USD","2012",922.259,,,"T30:377","R1:3513_T2:85"
"LTU","BB:3065","EAR_EMTA_SEX_CUR_NB","SEX_T","CUR_TYPE_LCU","2011",659.276,,,"T30:377","R1:3513_T2:85"
"LTU","BB:3065","EAR_EMTA_SEX_CUR_NB","SEX_T","CUR_TYPE_PPP","2011",1274.038,,,"T30:377","R1:3513_T2:85"
"LTU","BB:3065","EAR_EMTA_SEX_CUR_NB","SEX_T","CUR_TYPE_USD","2011",917.713,,,"T30:377","R1:3513_T2:85"
"LTU","BB:3065","EAR_EMTA_SEX_CUR_NB","SEX_T","CUR_TYPE_LCU","2010",720.787,,,"T30:377","R1:3513_T2:85"
"LTU","BB:3065","EAR_EMTA_SEX_CUR_NB","SEX_T","CUR_TYPE_PPP","2010",1395.101,,,"T30:377","R1:3513_T2:85"
"LTU","BB:3065","EAR_EMTA_SEX_CUR_NB","SEX_T","CUR_TYPE_USD","2010",955.548,,,"T30:377","R1:3513_T2:85"
"LTU","BB:3065","EAR_EMTA_SEX_CUR_NB","SEX_T","CUR_TYPE_LCU","2009",650.861,,,"T30:377","R1:3513_T2:85"
"LTU","BB:3065","EAR_EMTA_SEX_CUR_NB","SEX_T","CUR_TYPE_PPP","2009",1217.487,,,"T30:377","R1:3513_T2:85"
"LTU","BB:3065","EAR_EMTA_SEX_CUR_NB","SEX_T","CUR_TYPE_USD","2009",907.821,,,"T30:377","R1:3513_T2:85"
"LTU","BB:3065","EAR_EMTA_SEX_CUR_NB","SEX_T","CUR_TYPE_LCU","2008",567.789,,,"T30:377","R1:3513_T2:85"
"LTU","BB:3065","EAR_EMTA_SEX_CUR_NB","SEX_T","CUR_TYPE_PPP","2008",1041.054,,,"T30:377","R1:3513_T2:85"
"LTU","BB:3065","EAR_EMTA_SEX_CUR_NB","SEX_T","CUR_TYPE_USD","2008",835.104,,,"T30:377","R1:3513_T2:85"
"LTU","BB:3065","EAR_EMTA_SEX_CUR_NB","SEX_T","CUR_TYPE_LCU","2007",491.214,,,"T30:377","R1:3513_T2:85"
"LTU","BB:3065","EAR_EMTA_SEX_CUR_NB","SEX_T","CUR_TYPE_PPP","2007",949.728,,,"T30:377","R1:3513_T2:85"
"LTU","BB:3065","EAR_EMTA_SEX_CUR_NB","SEX_T","CUR_TYPE_USD","2007",673.209,,,"T30:377","R1:3513_T2:85"
"LTU","BB:3065","EAR_EMTA_SEX_CUR_NB","SEX_T","CUR_TYPE_LCU","2006",390.874,,,"T30:377","R1:3513_T2:85"
"LTU","BB:3065","EAR_EMTA_SEX_CUR_NB","SEX_T","CUR_TYPE_PPP","2006",788.491,,,"T30:377","R1:3513_T2:85"
"LTU","BB:3065","EAR_EMTA_SEX_CUR_NB","SEX_T","CUR_TYPE_USD","2006",490.781,,,"T30:377","R1:3513_T2:85"
"LTU","BB:3065","EAR_EMTA_SEX_CUR_NB","SEX_T","CUR_TYPE_LCU","2005",341.947,,,"T30:377","R1:3513_T2:85"
"LTU","BB:3065","EAR_EMTA_SEX_CUR_NB","SEX_T","CUR_TYPE_PPP","2005",723.248,,,"T30:377","R1:3513_T2:85"
"LTU","BB:3065","EAR_EMTA_SEX_CUR_NB","SEX_T","CUR_TYPE_USD","2005",425.416,,,"T30:377","R1:3513_T2:85"
"LTU","DA:1366","EAR_EMTA_SEX_CUR_NB","SEX_T","CUR_TYPE_LCU","2004",1149,,,"T8:127_T9:133_T10:138_T33:396_T30:189","S9:66"
"LTU","DA:1366","EAR_EMTA_SEX_CUR_NB","SEX_T","CUR_TYPE_LCU","2003",1073,,,"T8:127_T9:133_T10:138_T33:396_T30:189","S9:66"
"LTU","DA:1366","EAR_EMTA_SEX_CUR_NB","SEX_T","CUR_TYPE_LCU","2002",1014,,,"T8:127_T9:133_T10:138_T33:396_T30:189","S9:66"
"LTU","DA:1366","EAR_EMTA_SEX_CUR_NB","SEX_T","CUR_TYPE_LCU","2001",982,,,"T8:127_T9:133_T10:138_T33:396_T30:189","S9:66"
"LTU","DA:1366","EAR_EMTA_SEX_CUR_NB","SEX_T","CUR_TYPE_LCU","2000",971,,,"T8:127_T9:133_T10:138_T33:396_T30:189","S9:66"
"LTU","DA:1366","EAR_EMTA_SEX_CUR_NB","SEX_T","CUR_TYPE_LCU","1999",987,,,"T8:127_T9:133_T10:138_T33:396_T30:189","S9:66"
"LTU","DA:1366","EAR_EMTA_SEX_CUR_NB","SEX_T","CUR_TYPE_LCU","1998",930,,,"T8:127_T9:133_T10:138_T33:396_T30:189","S9:66"
"LTU","DA:1366","EAR_EMTA_SEX_CUR_NB","SEX_T","CUR_TYPE_LCU","1997",778,,,"T8:127_T9:133_T10:138_T33:396_T30:189","S9:66"
"LTU","DA:1366","EAR_EMTA_SEX_CUR_NB","SEX_T","CUR_TYPE_LCU","1996",612,,,"T8:127_T9:133_T10:138_T12:146_T33:396_T30:189","S3:15_S9:66"
"LTU","DA:1366","EAR_EMTA_SEX_CUR_NB","SEX_T","CUR_TYPE_LCU","1995",518,,,"T8:127_T9:133_T10:138_T12:146_T33:396_T30:189","S3:18_S9:66"
"LTU","DA:1366","EAR_EMTA_SEX_CUR_NB","SEX_T","CUR_TYPE_LCU","1994",374,,,"T8:127_T9:133_T10:138_T12:146_T33:396_T30:189","S3:18_S9:66"
"LTU","DA:1366","EAR_EMTA_SEX_CUR_NB","SEX_T","CUR_TYPE_LCU","1993",166,,,"T8:127_T9:133_T10:138_T33:396_T30:189","S9:66_S6:359"
"LTU","DA:1366","EAR_EMTA_SEX_CUR_NB","SEX_T","CUR_TYPE_LCU","1992",6327,,"C5:2067","T8:127_T9:133_T10:138_T34:400_T33:396_T30:308_I11:268","S7:56_S9:66"
"LTU","DA:1366","EAR_EMTA_SEX_CUR_NB","SEX_T","CUR_TYPE_LCU","1991",751,,"C5:2067","T8:127_T9:133_T10:138_T34:400_T33:396_T30:370","S7:56_S9:66"
"LTU","DA:1366","EAR_EMTA_SEX_CUR_NB","SEX_T","CUR_TYPE_PPP","1991",225539.378,,"C5:2067","T8:127_T9:133_T10:138_T34:400_T33:396_T30:370","S7:56_S9:66"
"LTU","DA:1366","EAR_EMTA_SEX_CUR_NB","SEX_T","CUR_TYPE_LCU","1990",283,,"C5:2067","T8:127_T9:133_T10:138_T34:400_T33:396_T30:370","S7:56_S9:66"
"LTU","DA:1366","EAR_EMTA_SEX_CUR_NB","SEX_T","CUR_TYPE_LCU","1989",243,,"C5:2067","T8:127_T9:133_T10:138_T34:400_T33:396_T30:370","S7:56_S9:66"
"LUX","BB:6341","EAR_EMTA_SEX_CUR_NB","SEX_T","CUR_TYPE_LCU","2025",8097.042,,,"T30:190","R1:3513_T2:85"
"LUX","BB:6341","EAR_EMTA_SEX_CUR_NB","SEX_T","CUR_TYPE_PPP","2025",9274.942,,,"T30:190","R1:3513_T2:85"
"LUX","BB:6341","EAR_EMTA_SEX_CUR_NB","SEX_T","CUR_TYPE_USD","2025",9149.658,,,"T30:190","R1:3513_T2:85"
"LUX","BB:6341","EAR_EMTA_SEX_CUR_NB","SEX_T","CUR_TYPE_LCU","2024",7864.731,,,"T30:190","R1:3513_T2:85"
"LUX","BB:6341","EAR_EMTA_SEX_CUR_NB","SEX_T","CUR_TYPE_PPP","2024",9306.956,,,"T30:190","R1:3513_T2:85"
"LUX","BB:6341","EAR_EMTA_SEX_CUR_NB","SEX_T","CUR_TYPE_USD","2024",8512.785,,,"T30:190","R1:3513_T2:85"
"LUX","BB:6341","EAR_EMTA_SEX_CUR_NB","SEX_T","CUR_TYPE_LCU","2023",7522.332,,,"T30:190","R1:3513_T2:85"
"LUX","BB:6341","EAR_EMTA_SEX_CUR_NB","SEX_T","CUR_TYPE_PPP","2023",8855.772,,,"T30:190","R1:3513_T2:85"
"LUX","BB:6341","EAR_EMTA_SEX_CUR_NB","SEX_T","CUR_TYPE_USD","2023",8133.898,,,"T30:190","R1:3513_T2:85"
"LUX","BB:6341","EAR_EMTA_SEX_CUR_NB","SEX_T","CUR_TYPE_LCU","2022",7043.999,,,"T30:190","R1:3513_T2:85"
"LUX","BB:6341","EAR_EMTA_SEX_CUR_NB","SEX_T","CUR_TYPE_PPP","2022",7881.794,,,"T30:190","R1:3513_T2:85"
"LUX","BB:6341","EAR_EMTA_SEX_CUR_NB","SEX_T","CUR_TYPE_USD","2022",7417.33,,,"T30:190","R1:3513_T2:85"
"LUX","BB:6341","EAR_EMTA_SEX_CUR_NB","SEX_T","CUR_TYPE_LCU","2021",6645.866,,,"T30:190","R1:3513_T2:85"
"LUX","BB:6341","EAR_EMTA_SEX_CUR_NB","SEX_T","CUR_TYPE_PPP","2021",6917.473,,,"T30:190","R1:3513_T2:85"
"LUX","BB:6341","EAR_EMTA_SEX_CUR_NB","SEX_T","CUR_TYPE_USD","2021",7860.065,,,"T30:190","R1:3513_T2:85"
"LUX","BB:6341","EAR_EMTA_SEX_CUR_NB","SEX_T","CUR_TYPE_LCU","2020",6305.456,,,"T30:190","R1:3513_T2:85"
"LUX","BB:6341","EAR_EMTA_SEX_CUR_NB","SEX_T","CUR_TYPE_PPP","2020",6541.289,,,"T30:190","R1:3513_T2:85"
"LUX","BB:6341","EAR_EMTA_SEX_CUR_NB","SEX_T","CUR_TYPE_USD","2020",7202.091,,,"T30:190","R1:3513_T2:85"
"LUX","BB:6341","EAR_EMTA_SEX_CUR_NB","SEX_T","CUR_TYPE_LCU","2019",6190.664,,,"T30:190","R1:3513_T2:85"
"LUX","BB:6341","EAR_EMTA_SEX_CUR_NB","SEX_T","CUR_TYPE_PPP","2019",6588.14,,,"T30:190","R1:3513_T2:85"
"LUX","BB:6341","EAR_EMTA_SEX_CUR_NB","SEX_T","CUR_TYPE_USD","2019",6930.449,,,"T30:190","R1:3513_T2:85"
"LUX","BA:2261","EAR_EMTA_SEX_CUR_NB","SEX_T","CUR_TYPE_LCU","2018",3596.301,,,"T8:127_T9:133_T10:139_T12:146_T30:190","S5:356"
"LUX","BA:2261","EAR_EMTA_SEX_CUR_NB","SEX_T","CUR_TYPE_PPP","2018",3839.507,,,"T8:127_T9:133_T10:139_T12:146_T30:190","S5:356"
"LUX","BA:2261","EAR_EMTA_SEX_CUR_NB","SEX_T","CUR_TYPE_USD","2018",4247.232,,,"T8:127_T9:133_T10:139_T12:146_T30:190","S5:356"
"LUX","BB:6341","EAR_EMTA_SEX_CUR_NB","SEX_T","CUR_TYPE_LCU","2017",5526.18,,,"T30:190","R1:3513_T2:85"
"LUX","BB:6341","EAR_EMTA_SEX_CUR_NB","SEX_T","CUR_TYPE_PPP","2017",5720.736,,,"T30:190","R1:3513_T2:85"
"LUX","BB:6341","EAR_EMTA_SEX_CUR_NB","SEX_T","CUR_TYPE_USD","2017",6242.925,,,"T30:190","R1:3513_T2:85"
"LUX","BB:6341","EAR_EMTA_SEX_CUR_NB","SEX_T","CUR_TYPE_LCU","2016",5195.178,,,"T30:190","R1:3513_T2:85"
"LUX","BB:6341","EAR_EMTA_SEX_CUR_NB","SEX_T","CUR_TYPE_PPP","2016",5391.443,,,"T30:190","R1:3513_T2:85"
"LUX","BB:6341","EAR_EMTA_SEX_CUR_NB","SEX_T","CUR_TYPE_USD","2016",5750.543,,,"T30:190","R1:3513_T2:85"
"LUX","BB:6341","EAR_EMTA_SEX_CUR_NB","SEX_T","CUR_TYPE_LCU","2015",4736.131,,,"T30:190","R1:3513_T2:85"
"LUX","BB:6341","EAR_EMTA_SEX_CUR_NB","SEX_T","CUR_TYPE_PPP","2015",4847.547,,,"T30:190","R1:3513_T2:85"
"LUX","BB:6341","EAR_EMTA_SEX_CUR_NB","SEX_T","CUR_TYPE_USD","2015",5254.737,,,"T30:190","R1:3513_T2:85"
"LUX","BB:6341","EAR_EMTA_SEX_CUR_NB","SEX_T","CUR_TYPE_LCU","2014",4821.604,,,"T30:190","R1:3513_T2:85"
"LUX","BB:6341","EAR_EMTA_SEX_CUR_NB","SEX_T","CUR_TYPE_PPP","2014",4954.58,,,"T30:190","R1:3513_T2:85"
"LUX","BB:6341","EAR_EMTA_SEX_CUR_NB","SEX_T","CUR_TYPE_USD","2014",6405.5,,,"T30:190","R1:3513_T2:85"
"LUX","BB:6341","EAR_EMTA_SEX_CUR_NB","SEX_T","CUR_TYPE_LCU","2013",4771.52,,,"T30:190","R1:3513_T2:85"
"LUX","BB:6341","EAR_EMTA_SEX_CUR_NB","SEX_T","CUR_TYPE_PPP","2013",4946.062,,,"T30:190","R1:3513_T2:85"
"LUX","BB:6341","EAR_EMTA_SEX_CUR_NB","SEX_T","CUR_TYPE_USD","2013",6337.056,,,"T30:190","R1:3513_T2:85"
"LUX","BB:6341","EAR_EMTA_SEX_CUR_NB","SEX_T","CUR_TYPE_LCU","2012",4573.975,,,"T30:190","R1:3513_T2:85"
"LUX","BB:6341","EAR_EMTA_SEX_CUR_NB","SEX_T","CUR_TYPE_PPP","2012",4693.505,,,"T30:190","R1:3513_T2:85"
"LUX","BB:6341","EAR_EMTA_SEX_CUR_NB","SEX_T","CUR_TYPE_USD","2012",5876.643,,,"T30:190","R1:3513_T2:85"
"LUX","BB:6341","EAR_EMTA_SEX_CUR_NB","SEX_T","CUR_TYPE_LCU","2011",4547.447,,,"T30:190","R1:3513_T2:85"
"LUX","BB:6341","EAR_EMTA_SEX_CUR_NB","SEX_T","CUR_TYPE_PPP","2011",4692.207,,,"T30:190","R1:3513_T2:85"
"LUX","BB:6341","EAR_EMTA_SEX_CUR_NB","SEX_T","CUR_TYPE_USD","2011",6330.047,,,"T30:190","R1:3513_T2:85"
"LUX","BB:6341","EAR_EMTA_SEX_CUR_NB","SEX_T","CUR_TYPE_LCU","2010",4508.324,,,"T30:190","R1:3513_T2:85"
"LUX","BB:6341","EAR_EMTA_SEX_CUR_NB","SEX_T","CUR_TYPE_PPP","2010",4608.353,,,"T30:190","R1:3513_T2:85"
"LUX","BB:6341","EAR_EMTA_SEX_CUR_NB","SEX_T","CUR_TYPE_USD","2010",5976.685,,,"T30:190","R1:3513_T2:85"
"LUX","BB:6341","EAR_EMTA_SEX_CUR_NB","SEX_T","CUR_TYPE_LCU","2009",4656.283,,,"T30:190","R1:3513_T2:85"
"LUX","BB:6341","EAR_EMTA_SEX_CUR_NB","SEX_T","CUR_TYPE_PPP","2009",4817.76,,,"T30:190","R1:3513_T2:85"
"LUX","BB:6341","EAR_EMTA_SEX_CUR_NB","SEX_T","CUR_TYPE_USD","2009",6494.584,,,"T30:190","R1:3513_T2:85"
"LUX","BB:6341","EAR_EMTA_SEX_CUR_NB","SEX_T","CUR_TYPE_LCU","2008",4525.925,,,"T30:190","R1:3513_T2:85"
"LUX","BB:6341","EAR_EMTA_SEX_CUR_NB","SEX_T","CUR_TYPE_PPP","2008",4723.372,,,"T30:190","R1:3513_T2:85"
"LUX","BB:6341","EAR_EMTA_SEX_CUR_NB","SEX_T","CUR_TYPE_USD","2008",6656.731,,,"T30:190","R1:3513_T2:85"
"LUX","BB:6341","EAR_EMTA_SEX_CUR_NB","SEX_T","CUR_TYPE_LCU","2007",4434.411,,,"T30:190","R1:3513_T2:85"
"LUX","BB:6341","EAR_EMTA_SEX_CUR_NB","SEX_T","CUR_TYPE_PPP","2007",4573.542,,,"T30:190","R1:3513_T2:85"
"LUX","BB:6341","EAR_EMTA_SEX_CUR_NB","SEX_T","CUR_TYPE_USD","2007",6077.36,,,"T30:190","R1:3513_T2:85"
"LUX","BB:6341","EAR_EMTA_SEX_CUR_NB","SEX_T","CUR_TYPE_LCU","2006",3708.261,,,"T30:190","R1:3513_T2:85"
"LUX","BB:6341","EAR_EMTA_SEX_CUR_NB","SEX_T","CUR_TYPE_PPP","2006",3914.186,,,"T30:190","R1:3513_T2:85"
"LUX","BB:6341","EAR_EMTA_SEX_CUR_NB","SEX_T","CUR_TYPE_USD","2006",4656.092,,,"T30:190","R1:3513_T2:85"
"LUX","BB:6341","EAR_EMTA_SEX_CUR_NB","SEX_T","CUR_TYPE_LCU","2005",3589.323,,,"T30:190","R1:3513_T2:85"
"LUX","BB:6341","EAR_EMTA_SEX_CUR_NB","SEX_T","CUR_TYPE_PPP","2005",3726.677,,,"T30:190","R1:3513_T2:85"
"LUX","BB:6341","EAR_EMTA_SEX_CUR_NB","SEX_T","CUR_TYPE_USD","2005",4465.477,,,"T30:190","R1:3513_T2:85"
"LUX","BB:6341","EAR_EMTA_SEX_CUR_NB","SEX_T","CUR_TYPE_LCU","2004",3534.375,,,"T30:190","R1:3513_T2:85"
"LUX","BB:6341","EAR_EMTA_SEX_CUR_NB","SEX_T","CUR_TYPE_PPP","2004",3658.278,,,"T30:190","R1:3513_T2:85"
"LUX","BB:6341","EAR_EMTA_SEX_CUR_NB","SEX_T","CUR_TYPE_USD","2004",4396.41,,,"T30:190","R1:3513_T2:85"
"LUX","DA:3111","EAR_EMTA_SEX_CUR_NB","SEX_T","CUR_TYPE_LCU","2002",2808.82,,,"T30:190","R1:2383_S3:21_S8:2603_S8:3907_S6:48"
"LUX","DA:3111","EAR_EMTA_SEX_CUR_NB","SEX_T","CUR_TYPE_PPP","2002",2972.095,,,"T30:190","R1:2383_S3:21_S8:2603_S8:3907_S6:48"
"LUX","DA:3111","EAR_EMTA_SEX_CUR_NB","SEX_T","CUR_TYPE_USD","2002",2656.02,,,"T30:190","R1:2383_S3:21_S8:2603_S8:3907_S6:48"
"LUX","CA:1371","EAR_EMTA_SEX_CUR_NB","SEX_T","CUR_TYPE_LCU","1994",131397,,"C5:1827_C5:2067","T8:127_T9:133_T10:138_T33:396_T30:310","S3:21_S9:68"
"LUX","CA:1371","EAR_EMTA_SEX_CUR_NB","SEX_T","CUR_TYPE_LCU","1993",130097,,"C5:1827_C5:2067","T8:127_T9:133_T10:138_T33:396_T30:310","S3:21_S9:68"
"LUX","CA:1371","EAR_EMTA_SEX_CUR_NB","SEX_T","CUR_TYPE_LCU","1992",127442,,"C5:1827_C5:2067","T8:127_T9:133_T10:138_T33:396_T30:310","S3:21_S9:68"
"LUX","CA:1371","EAR_EMTA_SEX_CUR_NB","SEX_T","CUR_TYPE_LCU","1991",119300,,"C5:1827_C5:2067","T8:127_T9:133_T10:138_T33:396_T30:310","S3:21_S9:68"
"LUX","CA:1371","EAR_EMTA_SEX_CUR_NB","SEX_T","CUR_TYPE_LCU","1990",113595,,"C5:1827_C5:2067","T8:127_T9:133_T10:138_T33:396_T30:310","S3:21_S9:68"
"LUX","CA:1371","EAR_EMTA_SEX_CUR_NB","SEX_T","CUR_TYPE_LCU","1989",107996,,"C5:1827_C5:2067","T8:127_T9:133_T10:138_T33:396_T30:310","S3:21_S9:68"
"LVA","BB:3074","EAR_EMTA_SEX_CUR_NB","SEX_T","CUR_TYPE_LCU","2025",2322.449,,,"T30:374","R1:3513_T2:85"
"LVA","BB:3074","EAR_EMTA_SEX_CUR_NB","SEX_T","CUR_TYPE_PPP","2025",4206.382,,,"T30:374","R1:3513_T2:85"
"LVA","BB:3074","EAR_EMTA_SEX_CUR_NB","SEX_T","CUR_TYPE_USD","2025",2624.367,,,"T30:374","R1:3513_T2:85"
"LVA","BB:3074","EAR_EMTA_SEX_CUR_NB","SEX_T","CUR_TYPE_LCU","2024",2138.123,,,"T30:374","R1:3513_T2:85"
"LVA","BB:3074","EAR_EMTA_SEX_CUR_NB","SEX_T","CUR_TYPE_PPP","2024",4010.517,,,"T30:374","R1:3513_T2:85"
"LVA","BB:3074","EAR_EMTA_SEX_CUR_NB","SEX_T","CUR_TYPE_USD","2024",2314.304,,,"T30:374","R1:3513_T2:85"
"LVA","BB:3074","EAR_EMTA_SEX_CUR_NB","SEX_T","CUR_TYPE_LCU","2023",1815.548,,,"T30:374","R1:3513_T2:85"
"LVA","BB:3074","EAR_EMTA_SEX_CUR_NB","SEX_T","CUR_TYPE_PPP","2023",3409.614,,,"T30:374","R1:3513_T2:85"
"LVA","BB:3074","EAR_EMTA_SEX_CUR_NB","SEX_T","CUR_TYPE_USD","2023",1963.152,,,"T30:374","R1:3513_T2:85"
"LVA","BB:3074","EAR_EMTA_SEX_CUR_NB","SEX_T","CUR_TYPE_LCU","2022",1619.13,,,"T30:374","R1:3513_T2:85"
"LVA","BB:3074","EAR_EMTA_SEX_CUR_NB","SEX_T","CUR_TYPE_PPP","2022",3021.041,,,"T30:374","R1:3513_T2:85"
"LVA","BB:3074","EAR_EMTA_SEX_CUR_NB","SEX_T","CUR_TYPE_USD","2022",1704.944,,,"T30:374","R1:3513_T2:85"
"LVA","BB:3074","EAR_EMTA_SEX_CUR_NB","SEX_T","CUR_TYPE_LCU","2021",1573.225,,,"T30:374","R1:3513_T2:85"
"LVA","BB:3074","EAR_EMTA_SEX_CUR_NB","SEX_T","CUR_TYPE_PPP","2021",3021.214,,,"T30:374","R1:3513_T2:85"
"LVA","BB:3074","EAR_EMTA_SEX_CUR_NB","SEX_T","CUR_TYPE_USD","2021",1860.653,,,"T30:374","R1:3513_T2:85"
"LVA","BB:3074","EAR_EMTA_SEX_CUR_NB","SEX_T","CUR_TYPE_LCU","2020",1463.113,,,"T30:374","R1:3513_T2:85"
"LVA","BB:3074","EAR_EMTA_SEX_CUR_NB","SEX_T","CUR_TYPE_PPP","2020",2656.058,,,"T30:374","R1:3513_T2:85"
"LVA","BB:3074","EAR_EMTA_SEX_CUR_NB","SEX_T","CUR_TYPE_USD","2020",1671.168,,,"T30:374","R1:3513_T2:85"
"LVA","BB:3074","EAR_EMTA_SEX_CUR_NB","SEX_T","CUR_TYPE_LCU","2019",1378.653,,,"T30:374","R1:3513_T2:85"
"LVA","BB:3074","EAR_EMTA_SEX_CUR_NB","SEX_T","CUR_TYPE_PPP","2019",2486.313,,,"T30:374","R1:3513_T2:85"
"LVA","BB:3074","EAR_EMTA_SEX_CUR_NB","SEX_T","CUR_TYPE_USD","2019",1543.402,,,"T30:374","R1:3513_T2:85"
"LVA","BB:3074","EAR_EMTA_SEX_CUR_NB","SEX_T","CUR_TYPE_LCU","2018",1247.526,,,"T30:374","R1:3513_T2:85"
"LVA","BB:3074","EAR_EMTA_SEX_CUR_NB","SEX_T","CUR_TYPE_PPP","2018",2204.405,,,"T30:374","R1:3513_T2:85"
"LVA","BB:3074","EAR_EMTA_SEX_CUR_NB","SEX_T","CUR_TYPE_USD","2018",1473.328,,,"T30:374","R1:3513_T2:85"
"LVA","BB:3074","EAR_EMTA_SEX_CUR_NB","SEX_T","CUR_TYPE_LCU","2017",1111.082,,,"T30:374","R1:3513_T2:85"
"LVA","BB:3074","EAR_EMTA_SEX_CUR_NB","SEX_T","CUR_TYPE_PPP","2017",1976.884,,,"T30:374","R1:3513_T2:85"
"LVA","BB:3074","EAR_EMTA_SEX_CUR_NB","SEX_T","CUR_TYPE_USD","2017",1255.189,,,"T30:374","R1:3513_T2:85"
"LVA","BB:3074","EAR_EMTA_SEX_CUR_NB","SEX_T","CUR_TYPE_LCU","2016",1060.314,,,"T30:374","R1:3513_T2:85"
"LVA","BB:3074","EAR_EMTA_SEX_CUR_NB","SEX_T","CUR_TYPE_PPP","2016",1889.803,,,"T30:374","R1:3513_T2:85"
"LVA","BB:3074","EAR_EMTA_SEX_CUR_NB","SEX_T","CUR_TYPE_USD","2016",1173.661,,,"T30:374","R1:3513_T2:85"
"LVA","BB:3074","EAR_EMTA_SEX_CUR_NB","SEX_T","CUR_TYPE_LCU","2015",1012.796,,,"T30:374","R1:3513_T2:85"
"LVA","BB:3074","EAR_EMTA_SEX_CUR_NB","SEX_T","CUR_TYPE_PPP","2015",1778.97,,,"T30:374","R1:3513_T2:85"
"LVA","BB:3074","EAR_EMTA_SEX_CUR_NB","SEX_T","CUR_TYPE_USD","2015",1123.697,,,"T30:374","R1:3513_T2:85"
"LVA","BB:3074","EAR_EMTA_SEX_CUR_NB","SEX_T","CUR_TYPE_LCU","2014",922.808,,,"T30:374","R1:3513_T2:85"
"LVA","BB:3074","EAR_EMTA_SEX_CUR_NB","SEX_T","CUR_TYPE_PPP","2014",1619.803,,,"T30:374","R1:3513_T2:85"
"LVA","BB:3074","EAR_EMTA_SEX_CUR_NB","SEX_T","CUR_TYPE_USD","2014",1225.95,,,"T30:374","R1:3513_T2:85"
"LVA","BB:3074","EAR_EMTA_SEX_CUR_NB","SEX_T","CUR_TYPE_LCU","2013",852.819,,,"T30:374","R1:3513_T2:85"
"LVA","BB:3074","EAR_EMTA_SEX_CUR_NB","SEX_T","CUR_TYPE_PPP","2013",1511.427,,,"T30:374","R1:3513_T2:85"
"LVA","BB:3074","EAR_EMTA_SEX_CUR_NB","SEX_T","CUR_TYPE_USD","2013",1132.63,,,"T30:374","R1:3513_T2:85"
"LVA","BB:3074","EAR_EMTA_SEX_CUR_NB","SEX_T","CUR_TYPE_LCU","2012",829.881,,,"T30:374","R1:3513_T2:85"
"LVA","BB:3074","EAR_EMTA_SEX_CUR_NB","SEX_T","CUR_TYPE_PPP","2012",1429.597,,,"T30:374","R1:3513_T2:85"
"LVA","BB:3074","EAR_EMTA_SEX_CUR_NB","SEX_T","CUR_TYPE_USD","2012",1066.231,,,"T30:374","R1:3513_T2:85"
"LVA","BB:3074","EAR_EMTA_SEX_CUR_NB","SEX_T","CUR_TYPE_LCU","2011",774.536,,,"T30:374","R1:3513_T2:85"
"LVA","BB:3074","EAR_EMTA_SEX_CUR_NB","SEX_T","CUR_TYPE_PPP","2011",1340.402,,,"T30:374","R1:3513_T2:85"
"LVA","BB:3074","EAR_EMTA_SEX_CUR_NB","SEX_T","CUR_TYPE_USD","2011",1078.155,,,"T30:374","R1:3513_T2:85"
"LVA","BB:3074","EAR_EMTA_SEX_CUR_NB","SEX_T","CUR_TYPE_LCU","2010",833.628,,,"T30:374","R1:3513_T2:85"
"LVA","BB:3074","EAR_EMTA_SEX_CUR_NB","SEX_T","CUR_TYPE_PPP","2010",1471.921,,,"T30:374","R1:3513_T2:85"
"LVA","BB:3074","EAR_EMTA_SEX_CUR_NB","SEX_T","CUR_TYPE_USD","2010",1105.141,,,"T30:374","R1:3513_T2:85"
"LVA","BB:3074","EAR_EMTA_SEX_CUR_NB","SEX_T","CUR_TYPE_LCU","2009",947.843,,,"T30:374","R1:3513_T2:85"
"LVA","BB:3074","EAR_EMTA_SEX_CUR_NB","SEX_T","CUR_TYPE_PPP","2009",1553.958,,,"T30:374","R1:3513_T2:85"
"LVA","BB:3074","EAR_EMTA_SEX_CUR_NB","SEX_T","CUR_TYPE_USD","2009",1322.051,,,"T30:374","R1:3513_T2:85"
"LVA","BB:3074","EAR_EMTA_SEX_CUR_NB","SEX_T","CUR_TYPE_LCU","2008",799.756,,,"T30:374","R1:3513_T2:85"
"LVA","BB:3074","EAR_EMTA_SEX_CUR_NB","SEX_T","CUR_TYPE_PPP","2008",1247.678,,,"T30:374","R1:3513_T2:85"
"LVA","BB:3074","EAR_EMTA_SEX_CUR_NB","SEX_T","CUR_TYPE_USD","2008",1176.282,,,"T30:374","R1:3513_T2:85"
"LVA","BB:3074","EAR_EMTA_SEX_CUR_NB","SEX_T","CUR_TYPE_LCU","2007",556.238,,,"T30:374","R1:3513_T2:85"
"LVA","BB:3074","EAR_EMTA_SEX_CUR_NB","SEX_T","CUR_TYPE_PPP","2007",927.477,,,"T30:374","R1:3513_T2:85"
"LVA","BB:3074","EAR_EMTA_SEX_CUR_NB","SEX_T","CUR_TYPE_USD","2007",762.325,,,"T30:374","R1:3513_T2:85"
"LVA","DA:12955","EAR_EMTA_SEX_CUR_NB","SEX_T","CUR_TYPE_LCU","2006",465,,,"T30:374","R1:2383_S3:21_S8:3211_S8:3907_S6:48"
"LVA","DA:12955","EAR_EMTA_SEX_CUR_NB","SEX_T","CUR_TYPE_PPP","2006",854.236,,,"T30:374","R1:2383_S3:21_S8:3211_S8:3907_S6:48"
"LVA","DA:12955","EAR_EMTA_SEX_CUR_NB","SEX_T","CUR_TYPE_USD","2006",583.854,,,"T30:374","R1:2383_S3:21_S8:3211_S8:3907_S6:48"
"LVA","DA:395","EAR_EMTA_SEX_CUR_NB","SEX_T","CUR_TYPE_LCU","2005",225.64,,,"T8:127_T9:133_T10:138_T33:396_T30:187","S3:8_S9:66"
"LVA","DA:395","EAR_EMTA_SEX_CUR_NB","SEX_T","CUR_TYPE_PPP","2005",652.161,,,"T8:127_T9:133_T10:138_T33:396_T30:187","S3:8_S9:66"
"LVA","DA:395","EAR_EMTA_SEX_CUR_NB","SEX_T","CUR_TYPE_USD","2005",399.563,,,"T8:127_T9:133_T10:138_T33:396_T30:187","S3:8_S9:66"
"LVA","DA:395","EAR_EMTA_SEX_CUR_NB","SEX_T","CUR_TYPE_LCU","2004",194.89,,,"T8:127_T9:133_T10:138_T33:396_T30:187","S3:8_S9:66"
"LVA","DA:395","EAR_EMTA_SEX_CUR_NB","SEX_T","CUR_TYPE_PPP","2004",636.446,,,"T8:127_T9:133_T10:138_T33:396_T30:187","S3:8_S9:66"
"LVA","DA:395","EAR_EMTA_SEX_CUR_NB","SEX_T","CUR_TYPE_USD","2004",360.752,,,"T8:127_T9:133_T10:138_T33:396_T30:187","S3:8_S9:66"
"LVA","DA:395","EAR_EMTA_SEX_CUR_NB","SEX_T","CUR_TYPE_LCU","2003",177.21,,,"T8:127_T9:133_T10:138_T33:396_T30:187","S3:8_S9:66"
"LVA","DA:395","EAR_EMTA_SEX_CUR_NB","SEX_T","CUR_TYPE_PPP","2003",633.786,,,"T8:127_T9:133_T10:138_T33:396_T30:187","S3:8_S9:66"
"LVA","DA:395","EAR_EMTA_SEX_CUR_NB","SEX_T","CUR_TYPE_USD","2003",310.092,,,"T8:127_T9:133_T10:138_T33:396_T30:187","S3:8_S9:66"
"LVA","DA:12955","EAR_EMTA_SEX_CUR_NB","SEX_T","CUR_TYPE_LCU","2002",281.43,,,"T30:374","R1:2383_S3:21_S8:2603_S8:3907"
"LVA","DA:12955","EAR_EMTA_SEX_CUR_NB","SEX_T","CUR_TYPE_PPP","2002",682.602,,,"T30:374","R1:2383_S3:21_S8:2603_S8:3907"
"LVA","DA:12955","EAR_EMTA_SEX_CUR_NB","SEX_T","CUR_TYPE_USD","2002",266.12,,,"T30:374","R1:2383_S3:21_S8:2603_S8:3907"
"LVA","DA:395","EAR_EMTA_SEX_CUR_NB","SEX_T","CUR_TYPE_LCU","2001",149.14,,,"T8:127_T9:133_T10:138_T33:396_T30:187","S3:8_S9:66"
"LVA","DA:395","EAR_EMTA_SEX_CUR_NB","SEX_T","CUR_TYPE_PPP","2001",658.342,,,"T8:127_T9:133_T10:138_T33:396_T30:187","S3:8_S9:66"
"LVA","DA:395","EAR_EMTA_SEX_CUR_NB","SEX_T","CUR_TYPE_USD","2001",237.516,,,"T8:127_T9:133_T10:138_T33:396_T30:187","S3:8_S9:66"
"LVA","DA:395","EAR_EMTA_SEX_CUR_NB","SEX_T","CUR_TYPE_LCU","2000",141.75,,,"T8:127_T9:133_T10:138_T33:396_T30:187","S3:8_S9:66"
"LVA","DA:395","EAR_EMTA_SEX_CUR_NB","SEX_T","CUR_TYPE_PPP","2000",613.211,,,"T8:127_T9:133_T10:138_T33:396_T30:187","S3:8_S9:66"
"LVA","DA:395","EAR_EMTA_SEX_CUR_NB","SEX_T","CUR_TYPE_USD","2000",233.718,,,"T8:127_T9:133_T10:138_T33:396_T30:187","S3:8_S9:66"
"LVA","DA:395","EAR_EMTA_SEX_CUR_NB","SEX_T","CUR_TYPE_LCU","1999",132.61,,,"T8:127_T9:133_T10:138_T33:396_T30:187","S3:8_S9:66"
"LVA","DA:395","EAR_EMTA_SEX_CUR_NB","SEX_T","CUR_TYPE_PPP","1999",509.339,,,"T8:127_T9:133_T10:138_T33:396_T30:187","S3:8_S9:66"
"LVA","DA:395","EAR_EMTA_SEX_CUR_NB","SEX_T","CUR_TYPE_USD","1999",226.619,,,"T8:127_T9:133_T10:138_T33:396_T30:187","S3:8_S9:66"
"LVA","DA:395","EAR_EMTA_SEX_CUR_NB","SEX_T","CUR_TYPE_LCU","1998",123.07,,,"T8:127_T9:133_T10:138_T33:396_T30:187","S3:8_S9:66"
"LVA","DA:395","EAR_EMTA_SEX_CUR_NB","SEX_T","CUR_TYPE_PPP","1998",451.237,,,"T8:127_T9:133_T10:138_T33:396_T30:187","S3:8_S9:66"
"LVA","DA:395","EAR_EMTA_SEX_CUR_NB","SEX_T","CUR_TYPE_USD","1998",208.652,,,"T8:127_T9:133_T10:138_T33:396_T30:187","S3:8_S9:66"
"LVA","DA:395","EAR_EMTA_SEX_CUR_NB","SEX_T","CUR_TYPE_LCU","1997",109.81,,,"T8:127_T9:133_T10:138_T33:396_T30:187","S3:8_S9:66"
"LVA","DA:395","EAR_EMTA_SEX_CUR_NB","SEX_T","CUR_TYPE_PPP","1997",418.597,,,"T8:127_T9:133_T10:138_T33:396_T30:187","S3:8_S9:66"
"LVA","DA:395","EAR_EMTA_SEX_CUR_NB","SEX_T","CUR_TYPE_USD","1997",189.029,,,"T8:127_T9:133_T10:138_T33:396_T30:187","S3:8_S9:66"
"LVA","DA:395","EAR_EMTA_SEX_CUR_NB","SEX_T","CUR_TYPE_LCU","1996",89.41,,,"T8:127_T9:133_T10:138_T33:396_T30:187","S3:8_S9:66"
"LVA","DA:395","EAR_EMTA_SEX_CUR_NB","SEX_T","CUR_TYPE_PPP","1996",339.659,,,"T8:127_T9:133_T10:138_T33:396_T30:187","S3:8_S9:66"
"LVA","DA:395","EAR_EMTA_SEX_CUR_NB","SEX_T","CUR_TYPE_USD","1996",162.342,,,"T8:127_T9:133_T10:138_T33:396_T30:187","S3:8_S9:66"
"LVA","DA:395","EAR_EMTA_SEX_CUR_NB","SEX_T","CUR_TYPE_LCU","1995",82.35,,,"T8:127_T9:133_T10:138_T33:396_T30:187","S3:8_S9:66"
"LVA","DA:395","EAR_EMTA_SEX_CUR_NB","SEX_T","CUR_TYPE_PPP","1995",354.051,,,"T8:127_T9:133_T10:138_T33:396_T30:187","S3:8_S9:66"
"LVA","DA:395","EAR_EMTA_SEX_CUR_NB","SEX_T","CUR_TYPE_USD","1995",156.089,,,"T8:127_T9:133_T10:138_T33:396_T30:187","S3:8_S9:66"
"LVA","DA:395","EAR_EMTA_SEX_CUR_NB","SEX_T","CUR_TYPE_LCU","1994",61.37,,,"T8:127_T9:133_T10:138_T33:396_T30:187","S3:8_S9:66"
"LVA","DA:395","EAR_EMTA_SEX_CUR_NB","SEX_T","CUR_TYPE_PPP","1994",210.893,,,"T8:127_T9:133_T10:138_T33:396_T30:187","S3:8_S9:66"
"LVA","DA:395","EAR_EMTA_SEX_CUR_NB","SEX_T","CUR_TYPE_USD","1994",109.638,,,"T8:127_T9:133_T10:138_T33:396_T30:187","S3:8_S9:66"
"LVA","DA:395","EAR_EMTA_SEX_CUR_NB","SEX_T","CUR_TYPE_LCU","1993",47.23,,,"T8:127_T9:133_T10:138_T33:396_T30:187","S3:8_S9:66"
"LVA","DA:395","EAR_EMTA_SEX_CUR_NB","SEX_T","CUR_TYPE_PPP","1993",215.003,,,"T8:127_T9:133_T10:138_T33:396_T30:187","S3:8_S9:66"
"LVA","DA:395","EAR_EMTA_SEX_CUR_NB","SEX_T","CUR_TYPE_USD","1993",69.936,,,"T8:127_T9:133_T10:138_T33:396_T30:187","S3:8_S9:66"
"LVA","DA:395","EAR_EMTA_SEX_CUR_NB","SEX_T","CUR_TYPE_LCU","1992",21.5,,,"T8:127_T9:133_T10:138_T33:396_T30:187","S3:8_S9:66"
"LVA","DA:395","EAR_EMTA_SEX_CUR_NB","SEX_T","CUR_TYPE_PPP","1992",198.681,,,"T8:127_T9:133_T10:138_T33:396_T30:187","S3:8_S9:66"
"LVA","DA:395","EAR_EMTA_SEX_CUR_NB","SEX_T","CUR_TYPE_USD","1992",29.193,,,"T8:127_T9:133_T10:138_T33:396_T30:187","S3:8_S9:66"
"LVA","DA:395","EAR_EMTA_SEX_CUR_NB","SEX_T","CUR_TYPE_LCU","1991",2.81,,"C5:3046","T8:127_T9:133_T10:138_T33:396_T30:187","S3:8_S9:66"
"LVA","DA:395","EAR_EMTA_SEX_CUR_NB","SEX_T","CUR_TYPE_PPP","1991",265.067,,"C5:3046","T8:127_T9:133_T10:138_T33:396_T30:187","S3:8_S9:66"
"LVA","DA:395","EAR_EMTA_SEX_CUR_NB","SEX_T","CUR_TYPE_LCU","1990",1.46,,"C5:3046","T8:127_T9:133_T10:138_T33:396_T30:187","S3:8_S9:66"
"MAC","BA:241","EAR_EMTA_SEX_CUR_NB","SEX_T","CUR_TYPE_LCU","2018",15800,,,"T8:128_T9:133_T10:138_T12:145_T30:135","S4:34_S5:38"
"MAC","BA:241","EAR_EMTA_SEX_CUR_NB","SEX_T","CUR_TYPE_PPP","2018",2645.292,,,"T8:128_T9:133_T10:138_T12:145_T30:135","S4:34_S5:38"
"MAC","BA:241","EAR_EMTA_SEX_CUR_NB","SEX_T","CUR_TYPE_USD","2018",1957.261,,,"T8:128_T9:133_T10:138_T12:145_T30:135","S4:34_S5:38"
"MAC","BA:241","EAR_EMTA_SEX_CUR_NB","SEX_T","CUR_TYPE_LCU","2017",15000,,,"T8:128_T9:133_T10:138_T12:145_T30:135","S4:34_S5:38"
"MAC","BA:241","EAR_EMTA_SEX_CUR_NB","SEX_T","CUR_TYPE_PPP","2017",2525.128,,,"T8:128_T9:133_T10:138_T12:145_T30:135","S4:34_S5:38"
"MAC","BA:241","EAR_EMTA_SEX_CUR_NB","SEX_T","CUR_TYPE_USD","2017",1868.926,,,"T8:128_T9:133_T10:138_T12:145_T30:135","S4:34_S5:38"
"MAC","BA:241","EAR_EMTA_SEX_CUR_NB","SEX_T","CUR_TYPE_LCU","2016",15000,,,"T8:128_T9:133_T10:138_T12:145_T30:135","S4:34_S5:38"
"MAC","BA:241","EAR_EMTA_SEX_CUR_NB","SEX_T","CUR_TYPE_PPP","2016",2551.493,,,"T8:128_T9:133_T10:138_T12:145_T30:135","S4:34_S5:38"
"MAC","BA:241","EAR_EMTA_SEX_CUR_NB","SEX_T","CUR_TYPE_USD","2016",1876.158,,,"T8:128_T9:133_T10:138_T12:145_T30:135","S4:34_S5:38"
"MAC","BA:241","EAR_EMTA_SEX_CUR_NB","SEX_T","CUR_TYPE_LCU","2015",15000,,,"T8:128_T9:133_T10:138_T12:145_T30:135","S4:34_S5:38"
"MAC","BA:241","EAR_EMTA_SEX_CUR_NB","SEX_T","CUR_TYPE_PPP","2015",2582.092,,,"T8:128_T9:133_T10:138_T12:145_T30:135","S4:34_S5:38"
"MAC","BA:241","EAR_EMTA_SEX_CUR_NB","SEX_T","CUR_TYPE_USD","2015",1878.532,,,"T8:128_T9:133_T10:138_T12:145_T30:135","S4:34_S5:38"
"MAC","BA:241","EAR_EMTA_SEX_CUR_NB","SEX_T","CUR_TYPE_LCU","2014",13000,,,"T8:128_T9:133_T10:138_T12:145_T30:135","S4:34_S5:38"
"MAC","BA:241","EAR_EMTA_SEX_CUR_NB","SEX_T","CUR_TYPE_PPP","2014",2308.468,,,"T8:128_T9:133_T10:138_T12:145_T30:135","S4:34_S5:38"
"MAC","BA:241","EAR_EMTA_SEX_CUR_NB","SEX_T","CUR_TYPE_USD","2014",1627.619,,,"T8:128_T9:133_T10:138_T12:145_T30:135","S4:34_S5:38"
"MAC","BA:241","EAR_EMTA_SEX_CUR_NB","SEX_T","CUR_TYPE_LCU","2013",12000,,,"T8:128_T9:133_T10:138_T12:145_T30:135","S4:34_S5:38"
"MAC","BA:241","EAR_EMTA_SEX_CUR_NB","SEX_T","CUR_TYPE_PPP","2013",2224.779,,,"T8:128_T9:133_T10:138_T12:145_T30:135","S4:34_S5:38"
"MAC","BA:241","EAR_EMTA_SEX_CUR_NB","SEX_T","CUR_TYPE_USD","2013",1502.017,,,"T8:128_T9:133_T10:138_T12:145_T30:135","S4:34_S5:38"
"MAC","BA:241","EAR_EMTA_SEX_CUR_NB","SEX_T","CUR_TYPE_LCU","2012",11000,,,"T8:128_T9:133_T10:138_T12:145_T30:135","S4:34_S5:38"
"MAC","BA:241","EAR_EMTA_SEX_CUR_NB","SEX_T","CUR_TYPE_PPP","2012",2140.594,,,"T8:128_T9:133_T10:138_T12:145_T30:135","S4:34_S5:38"
"MAC","BA:241","EAR_EMTA_SEX_CUR_NB","SEX_T","CUR_TYPE_USD","2012",1376.744,,,"T8:128_T9:133_T10:138_T12:145_T30:135","S4:34_S5:38"
"MAC","BA:241","EAR_EMTA_SEX_CUR_NB","SEX_T","CUR_TYPE_LCU","2011",10000,,,"T8:128_T9:133_T10:138_T12:145_T30:135","S4:34_S5:38"
"MAC","BA:241","EAR_EMTA_SEX_CUR_NB","SEX_T","CUR_TYPE_PPP","2011",1936.561,,,"T8:128_T9:133_T10:138_T12:145_T30:135","S4:34_S5:38"
"MAC","BA:241","EAR_EMTA_SEX_CUR_NB","SEX_T","CUR_TYPE_USD","2011",1247.161,,,"T8:128_T9:133_T10:138_T12:145_T30:135","S4:34_S5:38"
"MAC","BA:241","EAR_EMTA_SEX_CUR_NB","SEX_T","CUR_TYPE_LCU","2010",8900,,,"T8:128_T9:133_T10:138_T12:145_T30:135","S4:34_S5:38"
"MAC","BA:241","EAR_EMTA_SEX_CUR_NB","SEX_T","CUR_TYPE_PPP","2010",1767.805,,,"T8:128_T9:133_T10:138_T12:145_T30:135","S4:34_S5:38"
"MAC","BA:241","EAR_EMTA_SEX_CUR_NB","SEX_T","CUR_TYPE_USD","2010",1112.192,,,"T8:128_T9:133_T10:138_T12:145_T30:135","S4:34_S5:38"
"MAC","BA:241","EAR_EMTA_SEX_CUR_NB","SEX_T","CUR_TYPE_LCU","2009",8500,,,"T8:128_T9:133_T10:138_T12:145_T30:135","S4:34_S5:38"
"MAC","BA:241","EAR_EMTA_SEX_CUR_NB","SEX_T","CUR_TYPE_PPP","2009",1707.779,,,"T8:128_T9:133_T10:138_T12:145_T30:135","S4:34_S5:38"
"MAC","BA:241","EAR_EMTA_SEX_CUR_NB","SEX_T","CUR_TYPE_USD","2009",1064.592,,,"T8:128_T9:133_T10:138_T12:145_T30:135","S4:34_S5:38"
"MAC","BA:241","EAR_EMTA_SEX_CUR_NB","SEX_T","CUR_TYPE_LCU","1997",5221,,,"T8:128_T9:133_T10:138_T33:396_T30:135",
"MAC","BA:241","EAR_EMTA_SEX_CUR_NB","SEX_T","CUR_TYPE_PPP","1997",904.458,,,"T8:128_T9:133_T10:138_T33:396_T30:135",
"MAC","BA:241","EAR_EMTA_SEX_CUR_NB","SEX_T","CUR_TYPE_USD","1997",654.647,,,"T8:128_T9:133_T10:138_T33:396_T30:135",
"MAC","BA:241","EAR_EMTA_SEX_CUR_NB","SEX_T","CUR_TYPE_LCU","1996",4914,,,"T8:128_T9:133_T10:138_T33:396_T30:135",
"MAC","BA:241","EAR_EMTA_SEX_CUR_NB","SEX_T","CUR_TYPE_PPP","1996",860.867,,,"T8:128_T9:133_T10:138_T33:396_T30:135",
"MAC","BA:241","EAR_EMTA_SEX_CUR_NB","SEX_T","CUR_TYPE_USD","1996",616.841,,,"T8:128_T9:133_T10:138_T33:396_T30:135",
"MAC","BA:241","EAR_EMTA_SEX_CUR_NB","SEX_T","CUR_TYPE_LCU","1995",4832,,"C5:2067","T8:128_T9:133_T10:138_T33:396_T30:135",
"MAC","BA:241","EAR_EMTA_SEX_CUR_NB","SEX_T","CUR_TYPE_PPP","1995",862.056,,"C5:2067","T8:128_T9:133_T10:138_T33:396_T30:135",
"MAC","BA:241","EAR_EMTA_SEX_CUR_NB","SEX_T","CUR_TYPE_USD","1995",606.444,,"C5:2067","T8:128_T9:133_T10:138_T33:396_T30:135",
"MAC","BA:241","EAR_EMTA_SEX_CUR_NB","SEX_T","CUR_TYPE_LCU","1994",4476,,"C5:2067","T8:128_T9:133_T10:138_T33:396_T30:135",
"MAC","BA:241","EAR_EMTA_SEX_CUR_NB","SEX_T","CUR_TYPE_PPP","1994",843.232,,"C5:2067","T8:128_T9:133_T10:138_T33:396_T30:135",
"MAC","BA:241","EAR_EMTA_SEX_CUR_NB","SEX_T","CUR_TYPE_USD","1994",562.292,,"C5:2067","T8:128_T9:133_T10:138_T33:396_T30:135",
"MAC","BA:241","EAR_EMTA_SEX_CUR_NB","SEX_T","CUR_TYPE_LCU","1993",4069,,"C5:2067","T8:128_T9:133_T10:138_T33:396_T30:135",
"MAC","BA:241","EAR_EMTA_SEX_CUR_NB","SEX_T","CUR_TYPE_PPP","1993",793.786,,"C5:2067","T8:128_T9:133_T10:138_T33:396_T30:135",
"MAC","BA:241","EAR_EMTA_SEX_CUR_NB","SEX_T","CUR_TYPE_USD","1993",510.696,,"C5:2067","T8:128_T9:133_T10:138_T33:396_T30:135",
"MAC","BA:241","EAR_EMTA_SEX_CUR_NB","SEX_T","CUR_TYPE_LCU","1992",3501,,"C5:2067","T8:128_T9:133_T10:138_T33:396_T30:135",
"MAC","BA:241","EAR_EMTA_SEX_CUR_NB","SEX_T","CUR_TYPE_PPP","1992",707.885,,"C5:2067","T8:128_T9:133_T10:138_T33:396_T30:135",
"MAC","BA:241","EAR_EMTA_SEX_CUR_NB","SEX_T","CUR_TYPE_USD","1992",439.143,,"C5:2067","T8:128_T9:133_T10:138_T33:396_T30:135",
"MAC","BA:241","EAR_EMTA_SEX_CUR_NB","SEX_T","CUR_TYPE_LCU","1991",2911,,"C5:2067","T8:128_T9:133_T10:138_T33:396_T30:135","S3:16"
"MAC","BA:241","EAR_EMTA_SEX_CUR_NB","SEX_T","CUR_TYPE_PPP","1991",615.355,,"C5:2067","T8:128_T9:133_T10:138_T33:396_T30:135","S3:16"
"MAC","BA:241","EAR_EMTA_SEX_CUR_NB","SEX_T","CUR_TYPE_USD","1991",363.682,,"C5:2067","T8:128_T9:133_T10:138_T33:396_T30:135","S3:16"
"MAC","BA:241","EAR_EMTA_SEX_CUR_NB","SEX_T","CUR_TYPE_LCU","1990",2585,,"C5:2067","T8:128_T9:133_T10:138_T33:396_T30:135","S3:16"
"MAC","BA:241","EAR_EMTA_SEX_CUR_NB","SEX_T","CUR_TYPE_PPP","1990",574.405,,"C5:2067","T8:128_T9:133_T10:138_T33:396_T30:135","S3:16"
"MAC","BA:241","EAR_EMTA_SEX_CUR_NB","SEX_T","CUR_TYPE_USD","1990",322.279,,"C5:2067","T8:128_T9:133_T10:138_T33:396_T30:135","S3:16"
"MAC","BA:241","EAR_EMTA_SEX_CUR_NB","SEX_T","CUR_TYPE_LCU","1989",2261,,"C5:2067","T8:128_T9:133_T10:138_T33:396_T30:135","S3:16"
"MAC","BA:241","EAR_EMTA_SEX_CUR_NB","SEX_T","CUR_TYPE_USD","1989",281.433,,"C5:2067","T8:128_T9:133_T10:138_T33:396_T30:135","S3:16"
"MDA","BA:571","EAR_EMTA_SEX_CUR_NB","SEX_T","CUR_TYPE_LCU","2025",8708.951,,,"T30:193","R1:3513"
"MDA","BA:571","EAR_EMTA_SEX_CUR_NB","SEX_T","CUR_TYPE_PPP","2025",992.705,,,"T30:193","R1:3513"
"MDA","BA:571","EAR_EMTA_SEX_CUR_NB","SEX_T","CUR_TYPE_USD","2025",501.152,,,"T30:193","R1:3513"
"MDA","BA:571","EAR_EMTA_SEX_CUR_NB","SEX_T","CUR_TYPE_LCU","2024",7221.346,,,"T30:193","R1:3513"
"MDA","BA:571","EAR_EMTA_SEX_CUR_NB","SEX_T","CUR_TYPE_PPP","2024",863.701,,,"T30:193","R1:3513"
"MDA","BA:571","EAR_EMTA_SEX_CUR_NB","SEX_T","CUR_TYPE_USD","2024",405.878,,,"T30:193","R1:3513"
"MDA","BA:571","EAR_EMTA_SEX_CUR_NB","SEX_T","CUR_TYPE_LCU","2023",6284.122,,,"T30:193","R1:3513"
"MDA","BA:571","EAR_EMTA_SEX_CUR_NB","SEX_T","CUR_TYPE_PPP","2023",764.222,,,"T30:193","R1:3513"
"MDA","BA:571","EAR_EMTA_SEX_CUR_NB","SEX_T","CUR_TYPE_USD","2023",345.967,,,"T30:193","R1:3513"
"MDA","BA:571","EAR_EMTA_SEX_CUR_NB","SEX_T","CUR_TYPE_LCU","2022",5460.064,,,"T30:193","R1:3513"
"MDA","BA:571","EAR_EMTA_SEX_CUR_NB","SEX_T","CUR_TYPE_PPP","2022",723.323,,,"T30:193","R1:3513"
"MDA","BA:571","EAR_EMTA_SEX_CUR_NB","SEX_T","CUR_TYPE_USD","2022",288.935,,,"T30:193","R1:3513"
"MDA","BA:571","EAR_EMTA_SEX_CUR_NB","SEX_T","CUR_TYPE_LCU","2021",4936.973,,,"T30:193","R1:3513"
"MDA","BA:571","EAR_EMTA_SEX_CUR_NB","SEX_T","CUR_TYPE_PPP","2021",779.587,,,"T30:193","R1:3513"
"MDA","BA:571","EAR_EMTA_SEX_CUR_NB","SEX_T","CUR_TYPE_USD","2021",279.233,,,"T30:193","R1:3513"
"MDA","BA:571","EAR_EMTA_SEX_CUR_NB","SEX_T","CUR_TYPE_LCU","2020",4435.534,,,"T30:193","R1:3513"
"MDA","BA:571","EAR_EMTA_SEX_CUR_NB","SEX_T","CUR_TYPE_PPP","2020",704.922,,,"T30:193","R1:3513"
"MDA","BA:571","EAR_EMTA_SEX_CUR_NB","SEX_T","CUR_TYPE_USD","2020",256.066,,,"T30:193","R1:3513"
"MDA","BA:571","EAR_EMTA_SEX_CUR_NB","SEX_T","CUR_TYPE_LCU","2019",4134.908,,,"T30:193","R1:3513"
"MDA","BA:571","EAR_EMTA_SEX_CUR_NB","SEX_T","CUR_TYPE_PPP","2019",647.391,,,"T30:193","R1:3513"
"MDA","BA:571","EAR_EMTA_SEX_CUR_NB","SEX_T","CUR_TYPE_USD","2019",235.293,,,"T30:193","R1:3513"
"MDA","BA:571","EAR_EMTA_SEX_CUR_NB","SEX_T","CUR_TYPE_LCU","2018",3396.982,,,"T30:193","R1:3513"
"MDA","BA:571","EAR_EMTA_SEX_CUR_NB","SEX_T","CUR_TYPE_PPP","2018",534.096,,,"T30:193","R1:3513"
"MDA","BA:571","EAR_EMTA_SEX_CUR_NB","SEX_T","CUR_TYPE_USD","2018",202.177,,,"T30:193","R1:3513"
"MDA","BA:571","EAR_EMTA_SEX_CUR_NB","SEX_T","CUR_TYPE_LCU","2017",2969.106,,,"T30:193","R1:3513"
"MDA","BA:571","EAR_EMTA_SEX_CUR_NB","SEX_T","CUR_TYPE_PPP","2017",465.546,,,"T30:193","R1:3513"
"MDA","BA:571","EAR_EMTA_SEX_CUR_NB","SEX_T","CUR_TYPE_USD","2017",160.501,,,"T30:193","R1:3513"
"MDA","BA:571","EAR_EMTA_SEX_CUR_NB","SEX_T","CUR_TYPE_LCU","2016",2815.201,,,"T30:193","R1:3513"
"MDA","BA:571","EAR_EMTA_SEX_CUR_NB","SEX_T","CUR_TYPE_PPP","2016",443.793,,,"T30:193","R1:3513"
"MDA","BA:571","EAR_EMTA_SEX_CUR_NB","SEX_T","CUR_TYPE_USD","2016",141.298,,,"T30:193","R1:3513"
"MDA","BA:571","EAR_EMTA_SEX_CUR_NB","SEX_T","CUR_TYPE_LCU","2015",2636.726,,,"T30:193","R1:3513"
"MDA","BA:571","EAR_EMTA_SEX_CUR_NB","SEX_T","CUR_TYPE_PPP","2015",411.629,,,"T30:193","R1:3513"
"MDA","BA:571","EAR_EMTA_SEX_CUR_NB","SEX_T","CUR_TYPE_USD","2015",140.114,,,"T30:193","R1:3513"
"MDA","BA:571","EAR_EMTA_SEX_CUR_NB","SEX_T","CUR_TYPE_LCU","2014",2389.648,,,"T30:193","R1:3513"
"MDA","BA:571","EAR_EMTA_SEX_CUR_NB","SEX_T","CUR_TYPE_PPP","2014",390.066,,,"T30:193","R1:3513"
"MDA","BA:571","EAR_EMTA_SEX_CUR_NB","SEX_T","CUR_TYPE_USD","2014",170.256,,,"T30:193","R1:3513"
"MDA","BA:571","EAR_EMTA_SEX_CUR_NB","SEX_T","CUR_TYPE_LCU","2013",2335.221,,,"T30:193","R1:3513"
"MDA","BA:571","EAR_EMTA_SEX_CUR_NB","SEX_T","CUR_TYPE_PPP","2013",392.775,,,"T30:193","R1:3513"
"MDA","BA:571","EAR_EMTA_SEX_CUR_NB","SEX_T","CUR_TYPE_USD","2013",185.53,,,"T30:193","R1:3513"
"MDA","BA:571","EAR_EMTA_SEX_CUR_NB","SEX_T","CUR_TYPE_LCU","2012",2201.769,,,"T30:193","R1:3513"
"MDA","BA:571","EAR_EMTA_SEX_CUR_NB","SEX_T","CUR_TYPE_PPP","2012",409.673,,,"T30:193","R1:3513"
"MDA","BA:571","EAR_EMTA_SEX_CUR_NB","SEX_T","CUR_TYPE_USD","2012",181.793,,,"T30:193","R1:3513"
"MDA","BA:571","EAR_EMTA_SEX_CUR_NB","SEX_T","CUR_TYPE_LCU","2011",2007.839,,,"T30:193","R1:3513"
"MDA","BA:571","EAR_EMTA_SEX_CUR_NB","SEX_T","CUR_TYPE_PPP","2011",371.132,,,"T30:193","R1:3513"
"MDA","BA:571","EAR_EMTA_SEX_CUR_NB","SEX_T","CUR_TYPE_USD","2011",171.046,,,"T30:193","R1:3513"
"MDA","BA:571","EAR_EMTA_SEX_CUR_NB","SEX_T","CUR_TYPE_LCU","2010",1876.597,,,"T30:193","R1:3513"
"MDA","BA:571","EAR_EMTA_SEX_CUR_NB","SEX_T","CUR_TYPE_PPP","2010",362.107,,,"T30:193","R1:3513"
"MDA","BA:571","EAR_EMTA_SEX_CUR_NB","SEX_T","CUR_TYPE_USD","2010",151.714,,,"T30:193","R1:3513"
"MDA","BA:571","EAR_EMTA_SEX_CUR_NB","SEX_T","CUR_TYPE_LCU","2009",1769.551,,,"T30:193","R1:3513"
"MDA","BA:571","EAR_EMTA_SEX_CUR_NB","SEX_T","CUR_TYPE_PPP","2009",361.083,,,"T30:193","R1:3513"
"MDA","BA:571","EAR_EMTA_SEX_CUR_NB","SEX_T","CUR_TYPE_USD","2009",159.282,,,"T30:193","R1:3513"
"MDA","BA:571","EAR_EMTA_SEX_CUR_NB","SEX_T","CUR_TYPE_LCU","2008",1660.551,,,"T30:193","R1:3513"
"MDA","BA:571","EAR_EMTA_SEX_CUR_NB","SEX_T","CUR_TYPE_PPP","2008",339.837,,,"T30:193","R1:3513"
"MDA","BA:571","EAR_EMTA_SEX_CUR_NB","SEX_T","CUR_TYPE_USD","2008",159.791,,,"T30:193","R1:3513"
"MDA","BA:571","EAR_EMTA_SEX_CUR_NB","SEX_T","CUR_TYPE_LCU","2007",1359.036,,,"T30:193","R1:3513"
"MDA","BA:571","EAR_EMTA_SEX_CUR_NB","SEX_T","CUR_TYPE_PPP","2007",302.087,,,"T30:193","R1:3513"
"MDA","BA:571","EAR_EMTA_SEX_CUR_NB","SEX_T","CUR_TYPE_USD","2007",111.948,,,"T30:193","R1:3513"
"MDA","DA:1390","EAR_EMTA_SEX_CUR_NB","SEX_T","CUR_TYPE_LCU","2006",1697.1,,,"T8:127_T9:133_T10:138_T33:396_T30:193","S9:66_S6:49"
"MDA","DA:1390","EAR_EMTA_SEX_CUR_NB","SEX_T","CUR_TYPE_PPP","2006",412.129,,,"T8:127_T9:133_T10:138_T33:396_T30:193","S9:66_S6:49"
"MDA","DA:1390","EAR_EMTA_SEX_CUR_NB","SEX_T","CUR_TYPE_USD","2006",129.243,,,"T8:127_T9:133_T10:138_T33:396_T30:193","S9:66_S6:49"
"MDA","DA:1390","EAR_EMTA_SEX_CUR_NB","SEX_T","CUR_TYPE_LCU","2005",1318.7,,,"T8:127_T9:133_T10:138_T33:396_T30:193","S9:66_S6:49"
"MDA","DA:1390","EAR_EMTA_SEX_CUR_NB","SEX_T","CUR_TYPE_PPP","2005",349.869,,,"T8:127_T9:133_T10:138_T33:396_T30:193","S9:66_S6:49"
"MDA","DA:1390","EAR_EMTA_SEX_CUR_NB","SEX_T","CUR_TYPE_USD","2005",104.662,,,"T8:127_T9:133_T10:138_T33:396_T30:193","S9:66_S6:49"
"MDA","DA:1390","EAR_EMTA_SEX_CUR_NB","SEX_T","CUR_TYPE_LCU","2004",1103.1,,,"T8:127_T9:133_T10:138_T33:396_T30:193","S9:66_S6:49"
"MDA","DA:1390","EAR_EMTA_SEX_CUR_NB","SEX_T","CUR_TYPE_PPP","2004",316.916,,,"T8:127_T9:133_T10:138_T33:396_T30:193","S9:66_S6:49"
"MDA","DA:1390","EAR_EMTA_SEX_CUR_NB","SEX_T","CUR_TYPE_USD","2004",89.467,,,"T8:127_T9:133_T10:138_T33:396_T30:193","S9:66_S6:49"
"MDA","DA:1390","EAR_EMTA_SEX_CUR_NB","SEX_T","CUR_TYPE_LCU","2003",890.8,,,"T8:127_T9:133_T10:138_T33:396_T30:193","S9:66_S6:49"
"MDA","DA:1390","EAR_EMTA_SEX_CUR_NB","SEX_T","CUR_TYPE_PPP","2003",280.467,,,"T8:127_T9:133_T10:138_T33:396_T30:193","S9:66_S6:49"
"MDA","DA:1390","EAR_EMTA_SEX_CUR_NB","SEX_T","CUR_TYPE_USD","2003",63.88,,,"T8:127_T9:133_T10:138_T33:396_T30:193","S9:66_S6:49"
"MDA","DA:1390","EAR_EMTA_SEX_CUR_NB","SEX_T","CUR_TYPE_LCU","2002",691.5,,,"T8:127_T9:133_T10:138_T33:396_T30:193","S9:66_S6:49"
"MDA","DA:1390","EAR_EMTA_SEX_CUR_NB","SEX_T","CUR_TYPE_PPP","2002",237.891,,,"T8:127_T9:133_T10:138_T33:396_T30:193","S9:66_S6:49"
"MDA","DA:1390","EAR_EMTA_SEX_CUR_NB","SEX_T","CUR_TYPE_USD","2002",50.956,,,"T8:127_T9:133_T10:138_T33:396_T30:193","S9:66_S6:49"
"MDA","DA:1390","EAR_EMTA_SEX_CUR_NB","SEX_T","CUR_TYPE_LCU","2001",543.7,,,"T8:127_T9:133_T10:138_T33:396_T30:193","S9:66_S6:49"
"MDA","DA:1390","EAR_EMTA_SEX_CUR_NB","SEX_T","CUR_TYPE_PPP","2001",193.885,,,"T8:127_T9:133_T10:138_T33:396_T30:193","S9:66_S6:49"
"MDA","DA:1390","EAR_EMTA_SEX_CUR_NB","SEX_T","CUR_TYPE_USD","2001",42.261,,,"T8:127_T9:133_T10:138_T33:396_T30:193","S9:66_S6:49"
"MDA","DA:1390","EAR_EMTA_SEX_CUR_NB","SEX_T","CUR_TYPE_LCU","2000",407.9,,,"T8:127_T9:133_T10:138_T33:396_T30:193","S9:66_S6:49"
"MDA","DA:1390","EAR_EMTA_SEX_CUR_NB","SEX_T","CUR_TYPE_PPP","2000",155.274,,,"T8:127_T9:133_T10:138_T33:396_T30:193","S9:66_S6:49"
"MDA","DA:1390","EAR_EMTA_SEX_CUR_NB","SEX_T","CUR_TYPE_USD","2000",32.805,,,"T8:127_T9:133_T10:138_T33:396_T30:193","S9:66_S6:49"
"MDA","DA:1390","EAR_EMTA_SEX_CUR_NB","SEX_T","CUR_TYPE_LCU","1999",304.6,,,"T8:127_T9:133_T10:138_T33:396_T30:193","S9:66_S6:49"
"MDA","DA:1390","EAR_EMTA_SEX_CUR_NB","SEX_T","CUR_TYPE_PPP","1999",147.269,,,"T8:127_T9:133_T10:138_T33:396_T30:193","S9:66_S6:49"
"MDA","DA:1390","EAR_EMTA_SEX_CUR_NB","SEX_T","CUR_TYPE_USD","1999",28.966,,,"T8:127_T9:133_T10:138_T33:396_T30:193","S9:66_S6:49"
"MDA","DA:1390","EAR_EMTA_SEX_CUR_NB","SEX_T","CUR_TYPE_LCU","1998",250.4,,,"T8:127_T9:133_T10:138_T33:396_T30:193","S9:66_S6:49"
"MDA","DA:1390","EAR_EMTA_SEX_CUR_NB","SEX_T","CUR_TYPE_PPP","1998",164.98,,,"T8:127_T9:133_T10:138_T33:396_T30:193","S9:66_S6:49"
"MDA","DA:1390","EAR_EMTA_SEX_CUR_NB","SEX_T","CUR_TYPE_USD","1998",46.623,,,"T8:127_T9:133_T10:138_T33:396_T30:193","S9:66_S6:49"
"MDA","DA:1390","EAR_EMTA_SEX_CUR_NB","SEX_T","CUR_TYPE_LCU","1997",219.8,,,"T8:127_T9:133_T10:138_T33:396_T30:193","S9:66_S6:49"
"MDA","DA:1390","EAR_EMTA_SEX_CUR_NB","SEX_T","CUR_TYPE_PPP","1997",153.579,,,"T8:127_T9:133_T10:138_T33:396_T30:193","S9:66_S6:49"
"MDA","DA:1390","EAR_EMTA_SEX_CUR_NB","SEX_T","CUR_TYPE_USD","1997",47.539,,,"T8:127_T9:133_T10:138_T33:396_T30:193","S9:66_S6:49"
"MDA","DA:1390","EAR_EMTA_SEX_CUR_NB","SEX_T","CUR_TYPE_LCU","1996",187.1,,,"T8:127_T9:133_T10:138_T33:396_T30:193","S9:66_S6:49"
"MDA","DA:1390","EAR_EMTA_SEX_CUR_NB","SEX_T","CUR_TYPE_PPP","1996",142.784,,,"T8:127_T9:133_T10:138_T33:396_T30:193","S9:66_S6:49"
"MDA","DA:1390","EAR_EMTA_SEX_CUR_NB","SEX_T","CUR_TYPE_USD","1996",40.634,,,"T8:127_T9:133_T10:138_T33:396_T30:193","S9:66_S6:49"
"MDA","DA:1390","EAR_EMTA_SEX_CUR_NB","SEX_T","CUR_TYPE_LCU","1995",167.1,,"C5:2067","T8:127_T9:133_T10:138_T33:396_T30:193","S9:66"
"MDA","DA:1390","EAR_EMTA_SEX_CUR_NB","SEX_T","CUR_TYPE_PPP","1995",153.011,,"C5:2067","T8:127_T9:133_T10:138_T33:396_T30:193","S9:66"
"MDA","DA:1390","EAR_EMTA_SEX_CUR_NB","SEX_T","CUR_TYPE_USD","1995",37.168,,"C5:2067","T8:127_T9:133_T10:138_T33:396_T30:193","S9:66"
"MDA","DA:1390","EAR_EMTA_SEX_CUR_NB","SEX_T","CUR_TYPE_LCU","1994",107.6,,"C5:2067","T8:127_T9:133_T10:138_T33:396_T30:193","S9:66"
"MDA","DA:1390","EAR_EMTA_SEX_CUR_NB","SEX_T","CUR_TYPE_PPP","1994",124.462,,"C5:2067","T8:127_T9:133_T10:138_T33:396_T30:193","S9:66"
"MDA","DA:1390","EAR_EMTA_SEX_CUR_NB","SEX_T","CUR_TYPE_LCU","1993",31.8,,"C5:2067","T8:127_T9:133_T10:138_T33:396_T30:193_I11:268","S9:66"
"MDA","DA:1390","EAR_EMTA_SEX_CUR_NB","SEX_T","CUR_TYPE_PPP","1993",210.226,,"C5:2067","T8:127_T9:133_T10:138_T33:396_T30:193_I11:268","S9:66"
"MDA","DA:1390","EAR_EMTA_SEX_CUR_NB","SEX_T","CUR_TYPE_LCU","1992",3307.9,,"C5:2067","T8:127_T9:133_T10:138_T33:396_T30:314","S9:66"
"MDA","DA:1390","EAR_EMTA_SEX_CUR_NB","SEX_T","CUR_TYPE_LCU","1991",410.9,,"C5:2067","T8:127_T9:133_T10:138_T33:396_T30:314","S9:66"
"MDA","DA:1390","EAR_EMTA_SEX_CUR_NB","SEX_T","CUR_TYPE_LCU","1990",245.1,,"C5:2067","T8:127_T9:133_T10:138_T33:396_T30:314","S9:66"
"MDA","DA:1390","EAR_EMTA_SEX_CUR_NB","SEX_T","CUR_TYPE_LCU","1989",214.9,,"C5:2067","T8:127_T9:133_T10:138_T33:396_T30:314","S9:66"
"MDG","BA:7423","EAR_EMTA_SEX_CUR_NB","SEX_T","CUR_TYPE_LCU","2015",209429.056,,,"T30:28","R1:3513"
"MDG","BA:7423","EAR_EMTA_SEX_CUR_NB","SEX_T","CUR_TYPE_PPP","2015",248.475,,,"T30:28","R1:3513"
"MDG","BA:7423","EAR_EMTA_SEX_CUR_NB","SEX_T","CUR_TYPE_USD","2015",71.392,,,"T30:28","R1:3513"
"MDG","BA:7423","EAR_EMTA_SEX_CUR_NB","SEX_T","CUR_TYPE_LCU","2012",148474.229,"B",,"T30:28_I11:264","R1:3513"
"MDG","BA:7423","EAR_EMTA_SEX_CUR_NB","SEX_T","CUR_TYPE_PPP","2012",210.173,"B",,"T30:28_I11:264","R1:3513"
"MDG","BA:7423","EAR_EMTA_SEX_CUR_NB","SEX_T","CUR_TYPE_USD","2012",67.643,"B",,"T30:28_I11:264","R1:3513"
"MDG","BX:220","EAR_EMTA_SEX_CUR_NB","SEX_T","CUR_TYPE_LCU","2005",338727.24,,,"T8:127_T9:133_T10:138_T33:396_T30:28","S9:66"
"MDG","BX:220","EAR_EMTA_SEX_CUR_NB","SEX_T","CUR_TYPE_PPP","2005",730.749,,,"T8:127_T9:133_T10:138_T33:396_T30:28","S9:66"
"MDG","BX:220","EAR_EMTA_SEX_CUR_NB","SEX_T","CUR_TYPE_USD","2005",169.108,,,"T8:127_T9:133_T10:138_T33:396_T30:28","S9:66"
"MDV","BB:704","EAR_EMTA_SEX_CUR_NB","SEX_T","CUR_TYPE_LCU","2019",11551.156,,,"T30:137","R1:3513"
"MDV","BB:704","EAR_EMTA_SEX_CUR_NB","SEX_T","CUR_TYPE_PPP","2019",1140.515,,,"T30:137","R1:3513"
"MDV","BB:704","EAR_EMTA_SEX_CUR_NB","SEX_T","CUR_TYPE_USD","2019",750.951,,,"T30:137","R1:3513"
"MDV","BB:704","EAR_EMTA_SEX_CUR_NB","SEX_T","CUR_TYPE_LCU","2016",10765.814,"B",,"T30:137_I11:264","R1:3513"
"MDV","BB:704","EAR_EMTA_SEX_CUR_NB","SEX_T","CUR_TYPE_PPP","2016",1096.865,"B",,"T30:137_I11:264","R1:3513"
"MDV","BB:704","EAR_EMTA_SEX_CUR_NB","SEX_T","CUR_TYPE_USD","2016",700.516,"B",,"T30:137_I11:264","R1:3513"
"MEX","BA:463","EAR_EMTA_SEX_CUR_NB","SEX_T","CUR_TYPE_LCU","2026",11249.469,,,"T30:90","R1:3513"
"MEX","BA:463","EAR_EMTA_SEX_CUR_NB","SEX_T","CUR_TYPE_LCU","2025",10608.909,,,"T30:90","R1:3513"
"MEX","BA:463","EAR_EMTA_SEX_CUR_NB","SEX_T","CUR_TYPE_PPP","2025",938.113,,,"T30:90","R1:3513"
"MEX","BA:463","EAR_EMTA_SEX_CUR_NB","SEX_T","CUR_TYPE_USD","2025",551.47,,,"T30:90","R1:3513"
"MEX","BA:463","EAR_EMTA_SEX_CUR_NB","SEX_T","CUR_TYPE_LCU","2024",9878.469,,,"T30:90","R1:3513"
"MEX","BA:463","EAR_EMTA_SEX_CUR_NB","SEX_T","CUR_TYPE_PPP","2024",914.563,,,"T30:90","R1:3513"
"MEX","BA:463","EAR_EMTA_SEX_CUR_NB","SEX_T","CUR_TYPE_USD","2024",539.664,,,"T30:90","R1:3513"
"MEX","BA:463","EAR_EMTA_SEX_CUR_NB","SEX_T","CUR_TYPE_LCU","2023",8921.288,,,"T30:90","R1:3513"
"MEX","BA:463","EAR_EMTA_SEX_CUR_NB","SEX_T","CUR_TYPE_PPP","2023",849.549,,,"T30:90","R1:3513"
"MEX","BA:463","EAR_EMTA_SEX_CUR_NB","SEX_T","CUR_TYPE_USD","2023",502.361,,,"T30:90","R1:3513"
"MEX","BA:463","EAR_EMTA_SEX_CUR_NB","SEX_T","CUR_TYPE_LCU","2022",8060.331,,,"T30:90","R1:3513"
"MEX","BA:463","EAR_EMTA_SEX_CUR_NB","SEX_T","CUR_TYPE_PPP","2022",732.133,,,"T30:90","R1:3513"
"MEX","BA:463","EAR_EMTA_SEX_CUR_NB","SEX_T","CUR_TYPE_USD","2022",400.467,,,"T30:90","R1:3513"
"MEX","BA:463","EAR_EMTA_SEX_CUR_NB","SEX_T","CUR_TYPE_LCU","2021",7499.104,,,"T30:90","R1:3513"
"MEX","BA:463","EAR_EMTA_SEX_CUR_NB","SEX_T","CUR_TYPE_PPP","2021",669.065,,,"T30:90","R1:3513"
"MEX","BA:463","EAR_EMTA_SEX_CUR_NB","SEX_T","CUR_TYPE_USD","2021",369.917,,,"T30:90","R1:3513"
"MEX","BA:463","EAR_EMTA_SEX_CUR_NB","SEX_T","CUR_TYPE_LCU","2020",7048.628,"B",,"T30:90_I11:264","R1:3513"
"MEX","BA:463","EAR_EMTA_SEX_CUR_NB","SEX_T","CUR_TYPE_PPP","2020",631.29,"B",,"T30:90_I11:264","R1:3513"
"MEX","BA:463","EAR_EMTA_SEX_CUR_NB","SEX_T","CUR_TYPE_USD","2020",328.063,"B",,"T30:90_I11:264","R1:3513"
"MEX","BA:463","EAR_EMTA_SEX_CUR_NB","SEX_T","CUR_TYPE_LCU","2019",6621.173,,,"T30:90","R1:3513"
"MEX","BA:463","EAR_EMTA_SEX_CUR_NB","SEX_T","CUR_TYPE_PPP","2019",614.555,,,"T30:90","R1:3513"
"MEX","BA:463","EAR_EMTA_SEX_CUR_NB","SEX_T","CUR_TYPE_USD","2019",343.714,,,"T30:90","R1:3513"
"MEX","BA:463","EAR_EMTA_SEX_CUR_NB","SEX_T","CUR_TYPE_LCU","2018",6320.605,,,"T30:90","R1:3513"
"MEX","BA:463","EAR_EMTA_SEX_CUR_NB","SEX_T","CUR_TYPE_PPP","2018",610.599,,,"T30:90","R1:3513"
"MEX","BA:463","EAR_EMTA_SEX_CUR_NB","SEX_T","CUR_TYPE_USD","2018",328.44,,,"T30:90","R1:3513"
"MEX","BA:463","EAR_EMTA_SEX_CUR_NB","SEX_T","CUR_TYPE_LCU","2017",6016.1,,,"T30:90","R1:3513"
"MEX","BA:463","EAR_EMTA_SEX_CUR_NB","SEX_T","CUR_TYPE_PPP","2017",593.574,,,"T30:90","R1:3513"
"MEX","BA:463","EAR_EMTA_SEX_CUR_NB","SEX_T","CUR_TYPE_USD","2017",317.866,,,"T30:90","R1:3513"
"MEX","BA:463","EAR_EMTA_SEX_CUR_NB","SEX_T","CUR_TYPE_LCU","2016",5796.809,,,"T30:90","R1:3513"
"MEX","BA:463","EAR_EMTA_SEX_CUR_NB","SEX_T","CUR_TYPE_PPP","2016",612.775,,,"T30:90","R1:3513"
"MEX","BA:463","EAR_EMTA_SEX_CUR_NB","SEX_T","CUR_TYPE_USD","2016",310.587,,,"T30:90","R1:3513"
"MEX","BA:463","EAR_EMTA_SEX_CUR_NB","SEX_T","CUR_TYPE_LCU","2015",5548.15,,,"T30:90","R1:3513"
"MEX","BA:463","EAR_EMTA_SEX_CUR_NB","SEX_T","CUR_TYPE_PPP","2015",588.127,,,"T30:90","R1:3513"
"MEX","BA:463","EAR_EMTA_SEX_CUR_NB","SEX_T","CUR_TYPE_USD","2015",350.079,,,"T30:90","R1:3513"
"MEX","BA:463","EAR_EMTA_SEX_CUR_NB","SEX_T","CUR_TYPE_LCU","2014",5353.102,,,"T30:90","R1:3513"
"MEX","BA:463","EAR_EMTA_SEX_CUR_NB","SEX_T","CUR_TYPE_PPP","2014",572.302,,,"T30:90","R1:3513"
"MEX","BA:463","EAR_EMTA_SEX_CUR_NB","SEX_T","CUR_TYPE_USD","2014",402.717,,,"T30:90","R1:3513"
"MEX","BA:463","EAR_EMTA_SEX_CUR_NB","SEX_T","CUR_TYPE_LCU","2013",5315.2,,,"T30:90","R1:3513"
"MEX","BA:463","EAR_EMTA_SEX_CUR_NB","SEX_T","CUR_TYPE_PPP","2013",578.942,,,"T30:90","R1:3513"
"MEX","BA:463","EAR_EMTA_SEX_CUR_NB","SEX_T","CUR_TYPE_USD","2013",416.161,,,"T30:90","R1:3513"
"MEX","BA:463","EAR_EMTA_SEX_CUR_NB","SEX_T","CUR_TYPE_LCU","2012",5154.991,,,"T30:90","R1:3513"
"MEX","BA:463","EAR_EMTA_SEX_CUR_NB","SEX_T","CUR_TYPE_PPP","2012",558.899,,,"T30:90","R1:3513"
"MEX","BA:463","EAR_EMTA_SEX_CUR_NB","SEX_T","CUR_TYPE_USD","2012",391.435,,,"T30:90","R1:3513"
"MEX","BA:463","EAR_EMTA_SEX_CUR_NB","SEX_T","CUR_TYPE_LCU","2011",5003.336,,,"T30:90","R1:3513"
"MEX","BA:463","EAR_EMTA_SEX_CUR_NB","SEX_T","CUR_TYPE_PPP","2011",559.644,,,"T30:90","R1:3513"
"MEX","BA:463","EAR_EMTA_SEX_CUR_NB","SEX_T","CUR_TYPE_USD","2011",402.737,,,"T30:90","R1:3513"
"MEX","BA:463","EAR_EMTA_SEX_CUR_NB","SEX_T","CUR_TYPE_LCU","2010",4918.187,,,"T30:90","R1:3513"
"MEX","BA:463","EAR_EMTA_SEX_CUR_NB","SEX_T","CUR_TYPE_PPP","2010",551.73,,,"T30:90","R1:3513"
"MEX","BA:463","EAR_EMTA_SEX_CUR_NB","SEX_T","CUR_TYPE_USD","2010",389.22,,,"T30:90","R1:3513"
"MEX","BA:463","EAR_EMTA_SEX_CUR_NB","SEX_T","CUR_TYPE_LCU","2009",4859.461,,,"T30:90","R1:3513"
"MEX","BA:463","EAR_EMTA_SEX_CUR_NB","SEX_T","CUR_TYPE_PPP","2009",572.31,,,"T30:90","R1:3513"
"MEX","BA:463","EAR_EMTA_SEX_CUR_NB","SEX_T","CUR_TYPE_USD","2009",359.601,,,"T30:90","R1:3513"
"MEX","BA:463","EAR_EMTA_SEX_CUR_NB","SEX_T","CUR_TYPE_LCU","2008",4849.117,,,"T30:90","R1:3513"
"MEX","BA:463","EAR_EMTA_SEX_CUR_NB","SEX_T","CUR_TYPE_PPP","2008",594.357,,,"T30:90","R1:3513"
"MEX","BA:463","EAR_EMTA_SEX_CUR_NB","SEX_T","CUR_TYPE_USD","2008",435.691,,,"T30:90","R1:3513"
"MEX","BA:463","EAR_EMTA_SEX_CUR_NB","SEX_T","CUR_TYPE_LCU","2007",4726.691,"B",,"T30:90_I11:264","R1:3513"
"MEX","BA:463","EAR_EMTA_SEX_CUR_NB","SEX_T","CUR_TYPE_PPP","2007",596.909,"B",,"T30:90_I11:264","R1:3513"
"MEX","BA:463","EAR_EMTA_SEX_CUR_NB","SEX_T","CUR_TYPE_USD","2007",432.523,"B",,"T30:90_I11:264","R1:3513"
"MEX","BA:463","EAR_EMTA_SEX_CUR_NB","SEX_T","CUR_TYPE_LCU","2006",4512.283,,,"T30:90","R1:3513"
"MEX","BA:463","EAR_EMTA_SEX_CUR_NB","SEX_T","CUR_TYPE_PPP","2006",595.134,,,"T30:90","R1:3513"
"MEX","BA:463","EAR_EMTA_SEX_CUR_NB","SEX_T","CUR_TYPE_USD","2006",414,,,"T30:90","R1:3513"
"MEX","BA:463","EAR_EMTA_SEX_CUR_NB","SEX_T","CUR_TYPE_LCU","2005",4233.036,"B",,"T30:90_I11:264","R1:3513"
"MEX","BA:463","EAR_EMTA_SEX_CUR_NB","SEX_T","CUR_TYPE_PPP","2005",553.459,"B",,"T30:90_I11:264","R1:3513"
"MEX","BA:463","EAR_EMTA_SEX_CUR_NB","SEX_T","CUR_TYPE_USD","2005",388.427,"B",,"T30:90_I11:264","R1:3513"
"MEX","BA:463","EAR_EMTA_SEX_CUR_NB","SEX_T","CUR_TYPE_LCU","2004",4013.575,,,"T30:90","R1:3513"
"MEX","BA:463","EAR_EMTA_SEX_CUR_NB","SEX_T","CUR_TYPE_PPP","2004",530.315,,,"T30:90","R1:3513"
"MEX","BA:463","EAR_EMTA_SEX_CUR_NB","SEX_T","CUR_TYPE_USD","2004",355.625,,,"T30:90","R1:3513"
"MEX","BA:463","EAR_EMTA_SEX_CUR_NB","SEX_T","CUR_TYPE_LCU","2003",3859.539,,,"T30:90","R1:3513"
"MEX","BA:463","EAR_EMTA_SEX_CUR_NB","SEX_T","CUR_TYPE_PPP","2003",538.875,,,"T30:90","R1:3513"
"MEX","BA:463","EAR_EMTA_SEX_CUR_NB","SEX_T","CUR_TYPE_USD","2003",357.728,,,"T30:90","R1:3513"
"MEX","BA:463","EAR_EMTA_SEX_CUR_NB","SEX_T","CUR_TYPE_LCU","2002",3632.084,"B",,"T30:90_I11:264","R1:3513"
"MEX","BA:463","EAR_EMTA_SEX_CUR_NB","SEX_T","CUR_TYPE_PPP","2002",501.837,"B",,"T30:90_I11:264","R1:3513"
"MEX","BA:463","EAR_EMTA_SEX_CUR_NB","SEX_T","CUR_TYPE_USD","2002",376.15,"B",,"T30:90_I11:264","R1:3513"
"MEX","BA:463","EAR_EMTA_SEX_CUR_NB","SEX_T","CUR_TYPE_LCU","2001",3320.05,,,"T8:127_T9:133_T10:138_T33:396_T30:90","S3:9_S9:66_T2:83"
"MEX","BA:463","EAR_EMTA_SEX_CUR_NB","SEX_T","CUR_TYPE_PPP","2001",483.153,,,"T8:127_T9:133_T10:138_T33:396_T30:90","S3:9_S9:66_T2:83"
"MEX","BA:463","EAR_EMTA_SEX_CUR_NB","SEX_T","CUR_TYPE_USD","2001",355.377,,,"T8:127_T9:133_T10:138_T33:396_T30:90","S3:9_S9:66_T2:83"
"MEX","BA:463","EAR_EMTA_SEX_CUR_NB","SEX_T","CUR_TYPE_LCU","2000",2938.493,,,"T8:127_T9:133_T10:138_T33:396_T30:90","S3:9_S9:66_T2:83"
"MEX","BA:463","EAR_EMTA_SEX_CUR_NB","SEX_T","CUR_TYPE_PPP","2000",433.705,,,"T8:127_T9:133_T10:138_T33:396_T30:90","S3:9_S9:66_T2:83"
"MEX","BA:463","EAR_EMTA_SEX_CUR_NB","SEX_T","CUR_TYPE_USD","2000",310.769,,,"T8:127_T9:133_T10:138_T33:396_T30:90","S3:9_S9:66_T2:83"
"MEX","BA:463","EAR_EMTA_SEX_CUR_NB","SEX_T","CUR_TYPE_LCU","1999",2384.862,,,"T8:127_T9:133_T10:138_T33:396_T30:90","S3:9_S9:66_T2:83"
"MEX","BA:463","EAR_EMTA_SEX_CUR_NB","SEX_T","CUR_TYPE_PPP","1999",383.132,,,"T8:127_T9:133_T10:138_T33:396_T30:90","S3:9_S9:66_T2:83"
"MEX","BA:463","EAR_EMTA_SEX_CUR_NB","SEX_T","CUR_TYPE_USD","1999",249.452,,,"T8:127_T9:133_T10:138_T33:396_T30:90","S3:9_S9:66_T2:83"
"MEX","BA:463","EAR_EMTA_SEX_CUR_NB","SEX_T","CUR_TYPE_LCU","1998",2048.5,,,"T8:127_T9:133_T10:138_T33:396_T30:90","S3:9_S9:66_T2:83"
"MEX","BA:463","EAR_EMTA_SEX_CUR_NB","SEX_T","CUR_TYPE_PPP","1998",366.933,,,"T8:127_T9:133_T10:138_T33:396_T30:90","S3:9_S9:66_T2:83"
"MEX","BA:463","EAR_EMTA_SEX_CUR_NB","SEX_T","CUR_TYPE_USD","1998",224.222,,,"T8:127_T9:133_T10:138_T33:396_T30:90","S3:9_S9:66_T2:83"
"MEX","BA:463","EAR_EMTA_SEX_CUR_NB","SEX_T","CUR_TYPE_LCU","1997",1745,,,"T8:127_T9:133_T10:138_T33:396_T30:90","S3:9_S9:66_T2:83"
"MEX","BA:463","EAR_EMTA_SEX_CUR_NB","SEX_T","CUR_TYPE_PPP","1997",352.425,,,"T8:127_T9:133_T10:138_T33:396_T30:90","S3:9_S9:66_T2:83"
"MEX","BA:463","EAR_EMTA_SEX_CUR_NB","SEX_T","CUR_TYPE_USD","1997",220.371,,,"T8:127_T9:133_T10:138_T33:396_T30:90","S3:9_S9:66_T2:83"
"MEX","BA:463","EAR_EMTA_SEX_CUR_NB","SEX_T","CUR_TYPE_LCU","1996",1437.6,,,"T8:127_T9:133_T10:138_T33:396_T30:90","S3:9_S9:66_T2:83"
"MEX","BA:463","EAR_EMTA_SEX_CUR_NB","SEX_T","CUR_TYPE_PPP","1996",334.683,,,"T8:127_T9:133_T10:138_T33:396_T30:90","S3:9_S9:66_T2:83"
"MEX","BA:463","EAR_EMTA_SEX_CUR_NB","SEX_T","CUR_TYPE_USD","1996",189.172,,,"T8:127_T9:133_T10:138_T33:396_T30:90","S3:9_S9:66_T2:83"
"MEX","BA:463","EAR_EMTA_SEX_CUR_NB","SEX_T","CUR_TYPE_LCU","1995",1274.1,,,"T8:127_T9:133_T10:138_T33:396_T30:90","S3:9_S9:66_T2:83"
"MEX","BA:463","EAR_EMTA_SEX_CUR_NB","SEX_T","CUR_TYPE_PPP","1995",377.52,,,"T8:127_T9:133_T10:138_T33:396_T30:90","S3:9_S9:66_T2:83"
"MEX","BA:463","EAR_EMTA_SEX_CUR_NB","SEX_T","CUR_TYPE_USD","1995",198.476,,,"T8:127_T9:133_T10:138_T33:396_T30:90","S3:9_S9:66_T2:83"
"MEX","FA:1404","EAR_EMTA_SEX_CUR_NB","SEX_T","CUR_TYPE_LCU","1994",1288.608,,,"T8:127_T9:133_T10:138_T33:396_T30:90","S9:66"
"MEX","FA:1404","EAR_EMTA_SEX_CUR_NB","SEX_T","CUR_TYPE_PPP","1994",509.347,,,"T8:127_T9:133_T10:138_T33:396_T30:90","S9:66"
"MEX","FA:1404","EAR_EMTA_SEX_CUR_NB","SEX_T","CUR_TYPE_USD","1994",381.797,,,"T8:127_T9:133_T10:138_T33:396_T30:90","S9:66"
"MEX","BA:463","EAR_EMTA_SEX_CUR_NB","SEX_T","CUR_TYPE_LCU","1993",1043.5,,,"T8:127_T9:133_T10:138_T33:396_T30:90","S9:66"
"MEX","BA:463","EAR_EMTA_SEX_CUR_NB","SEX_T","CUR_TYPE_PPP","1993",429.67,,,"T8:127_T9:133_T10:138_T33:396_T30:90","S9:66"
"MEX","BA:463","EAR_EMTA_SEX_CUR_NB","SEX_T","CUR_TYPE_USD","1993",334.926,,,"T8:127_T9:133_T10:138_T33:396_T30:90","S9:66"
"MEX","BA:463","EAR_EMTA_SEX_CUR_NB","SEX_T","CUR_TYPE_LCU","1991",809.7,,,"T8:127_T9:133_T10:138_T33:396_T30:90","S9:66"
"MEX","BA:463","EAR_EMTA_SEX_CUR_NB","SEX_T","CUR_TYPE_PPP","1991",464,,,"T8:127_T9:133_T10:138_T33:396_T30:90","S9:66"
"MEX","BA:463","EAR_EMTA_SEX_CUR_NB","SEX_T","CUR_TYPE_USD","1991",268.252,,,"T8:127_T9:133_T10:138_T33:396_T30:90","S9:66"
"MHL","BB:14101","EAR_EMTA_SEX_CUR_NB","SEX_T","CUR_TYPE_LCU","2019",798.347,,,"T30:218","R1:3513"
"MHL","BB:14101","EAR_EMTA_SEX_CUR_NB","SEX_T","CUR_TYPE_PPP","2019",803.603,,,"T30:218","R1:3513"
"MHL","BB:14101","EAR_EMTA_SEX_CUR_NB","SEX_T","CUR_TYPE_USD","2019",798.347,,,"T30:218","R1:3513"
"MKD","DA:2601","EAR_EMTA_SEX_CUR_NB","SEX_T","CUR_TYPE_LCU","2014",30416,,,"T30:191","R1:2383_S3:21_S8:2566_S6:48"
"MKD","DA:2601","EAR_EMTA_SEX_CUR_NB","SEX_T","CUR_TYPE_PPP","2014",1320.35,,,"T30:191","R1:2383_S3:21_S8:2566_S6:48"
"MKD","DA:2601","EAR_EMTA_SEX_CUR_NB","SEX_T","CUR_TYPE_USD","2014",654.993,,,"T30:191","R1:2383_S3:21_S8:2566_S6:48"
"MKD","DA:3100","EAR_EMTA_SEX_CUR_NB","SEX_T","CUR_TYPE_LCU","2010",30225,,,"T30:191",
"MKD","DA:3100","EAR_EMTA_SEX_CUR_NB","SEX_T","CUR_TYPE_PPP","2010",1284.791,,,"T30:191",
"MKD","DA:3100","EAR_EMTA_SEX_CUR_NB","SEX_T","CUR_TYPE_USD","2010",650.204,,,"T30:191",
"MKD","DA:3100","EAR_EMTA_SEX_CUR_NB","SEX_T","CUR_TYPE_LCU","2009",29922,,,"T30:191",
"MKD","DA:3100","EAR_EMTA_SEX_CUR_NB","SEX_T","CUR_TYPE_PPP","2009",1269.889,,,"T30:191",
"MKD","DA:3100","EAR_EMTA_SEX_CUR_NB","SEX_T","CUR_TYPE_USD","2009",678.495,,,"T30:191",
"MKD","DA:3100","EAR_EMTA_SEX_CUR_NB","SEX_T","CUR_TYPE_LCU","2008",16096,,,"T8:127_T9:133_T10:138_T33:396_T30:191","S9:66"
"MKD","DA:3100","EAR_EMTA_SEX_CUR_NB","SEX_T","CUR_TYPE_PPP","2008",647.978,,,"T8:127_T9:133_T10:138_T33:396_T30:191","S9:66"
"MKD","DA:3100","EAR_EMTA_SEX_CUR_NB","SEX_T","CUR_TYPE_USD","2008",384.449,,,"T8:127_T9:133_T10:138_T33:396_T30:191","S9:66"
"MKD","DA:3100","EAR_EMTA_SEX_CUR_NB","SEX_T","CUR_TYPE_LCU","2007",14584,,,"T8:127_T9:133_T10:138_T33:396_T30:191","S9:66"
"MKD","DA:3100","EAR_EMTA_SEX_CUR_NB","SEX_T","CUR_TYPE_PPP","2007",585.52,,,"T8:127_T9:133_T10:138_T33:396_T30:191","S9:66"
"MKD","DA:3100","EAR_EMTA_SEX_CUR_NB","SEX_T","CUR_TYPE_USD","2007",326.046,,,"T8:127_T9:133_T10:138_T33:396_T30:191","S9:66"
"MKD","DA:3100","EAR_EMTA_SEX_CUR_NB","SEX_T","CUR_TYPE_LCU","2006",13517,,,"T8:127_T9:133_T10:138_T33:396_T30:191","S9:66"
"MKD","DA:3100","EAR_EMTA_SEX_CUR_NB","SEX_T","CUR_TYPE_PPP","2006",549.003,,,"T8:127_T9:133_T10:138_T33:396_T30:191","S9:66"
"MKD","DA:3100","EAR_EMTA_SEX_CUR_NB","SEX_T","CUR_TYPE_USD","2006",276.978,,,"T8:127_T9:133_T10:138_T33:396_T30:191","S9:66"
"MKD","DA:3100","EAR_EMTA_SEX_CUR_NB","SEX_T","CUR_TYPE_LCU","2005",12597,,,"T8:127_T9:133_T10:138_T33:396_T30:191","S9:66"
"MKD","DA:3100","EAR_EMTA_SEX_CUR_NB","SEX_T","CUR_TYPE_PPP","2005",516.998,,,"T8:127_T9:133_T10:138_T33:396_T30:191","S9:66"
"MKD","DA:3100","EAR_EMTA_SEX_CUR_NB","SEX_T","CUR_TYPE_USD","2005",255.602,,,"T8:127_T9:133_T10:138_T33:396_T30:191","S9:66"
"MKD","DA:3100","EAR_EMTA_SEX_CUR_NB","SEX_T","CUR_TYPE_LCU","2004",20771,,,"T30:191",
"MKD","DA:3100","EAR_EMTA_SEX_CUR_NB","SEX_T","CUR_TYPE_PPP","2004",850.002,,,"T30:191",
"MKD","DA:3100","EAR_EMTA_SEX_CUR_NB","SEX_T","CUR_TYPE_USD","2004",420.381,,,"T30:191",
"MKD","DA:3100","EAR_EMTA_SEX_CUR_NB","SEX_T","CUR_TYPE_LCU","2003",11824,,,"T30:191",
"MKD","DA:3100","EAR_EMTA_SEX_CUR_NB","SEX_T","CUR_TYPE_PPP","2003",478.112,,,"T30:191",
"MKD","DA:3100","EAR_EMTA_SEX_CUR_NB","SEX_T","CUR_TYPE_USD","2003",217.664,,,"T30:191",
"MKD","DA:3100","EAR_EMTA_SEX_CUR_NB","SEX_T","CUR_TYPE_LCU","2002",11279,,,"T30:191",
"MKD","DA:3100","EAR_EMTA_SEX_CUR_NB","SEX_T","CUR_TYPE_PPP","2002",461.603,,,"T30:191",
"MKD","DA:3100","EAR_EMTA_SEX_CUR_NB","SEX_T","CUR_TYPE_USD","2002",175.276,,,"T30:191",
"MKD","DA:3100","EAR_EMTA_SEX_CUR_NB","SEX_T","CUR_TYPE_LCU","2001",10552,,,"T30:191",
"MKD","DA:3100","EAR_EMTA_SEX_CUR_NB","SEX_T","CUR_TYPE_PPP","2001",421.679,,,"T30:191",
"MKD","DA:3100","EAR_EMTA_SEX_CUR_NB","SEX_T","CUR_TYPE_USD","2001",155.092,,,"T30:191",
"MLI","BA:219","EAR_EMTA_SEX_CUR_NB","SEX_T","CUR_TYPE_LCU","2024",106709.88,,,"T30:30","R1:3513"
"MLI","BA:219","EAR_EMTA_SEX_CUR_NB","SEX_T","CUR_TYPE_PPP","2024",554.734,,,"T30:30","R1:3513"
"MLI","BA:219","EAR_EMTA_SEX_CUR_NB","SEX_T","CUR_TYPE_USD","2024",175.989,,,"T30:30","R1:3513"
"MLI","BA:219","EAR_EMTA_SEX_CUR_NB","SEX_T","CUR_TYPE_LCU","2023",99060.07,,,"T30:30","R1:3513"
"MLI","BA:219","EAR_EMTA_SEX_CUR_NB","SEX_T","CUR_TYPE_PPP","2023",516.251,,,"T30:30","R1:3513"
"MLI","BA:219","EAR_EMTA_SEX_CUR_NB","SEX_T","CUR_TYPE_USD","2023",163.312,,,"T30:30","R1:3513"
"MLI","BA:219","EAR_EMTA_SEX_CUR_NB","SEX_T","CUR_TYPE_LCU","2022",91875.792,,,"T30:30","R1:3513"
"MLI","BA:219","EAR_EMTA_SEX_CUR_NB","SEX_T","CUR_TYPE_PPP","2022",469.348,,,"T30:30","R1:3513"
"MLI","BA:219","EAR_EMTA_SEX_CUR_NB","SEX_T","CUR_TYPE_USD","2022",147.294,,,"T30:30","R1:3513"
"MLI","BA:219","EAR_EMTA_SEX_CUR_NB","SEX_T","CUR_TYPE_LCU","2020",81011.207,,,"T30:30","R1:3513"
"MLI","BA:219","EAR_EMTA_SEX_CUR_NB","SEX_T","CUR_TYPE_PPP","2020",424.068,,,"T30:30","R1:3513"
"MLI","BA:219","EAR_EMTA_SEX_CUR_NB","SEX_T","CUR_TYPE_USD","2020",140.746,,,"T30:30","R1:3513"
"MLI","BB:16232","EAR_EMTA_SEX_CUR_NB","SEX_T","CUR_TYPE_LCU","2019",96901.055,,,"T30:30","R1:3513"
"MLI","BB:16232","EAR_EMTA_SEX_CUR_NB","SEX_T","CUR_TYPE_PPP","2019",508.431,,,"T30:30","R1:3513"
"MLI","BB:16232","EAR_EMTA_SEX_CUR_NB","SEX_T","CUR_TYPE_USD","2019",165.385,,,"T30:30","R1:3513"
"MLI","BA:219","EAR_EMTA_SEX_CUR_NB","SEX_T","CUR_TYPE_LCU","2018",73226.196,,,"T30:30","R1:3513"
"MLI","BA:219","EAR_EMTA_SEX_CUR_NB","SEX_T","CUR_TYPE_PPP","2018",376.833,,,"T30:30","R1:3513"
"MLI","BA:219","EAR_EMTA_SEX_CUR_NB","SEX_T","CUR_TYPE_USD","2018",131.833,,,"T30:30","R1:3513"
"MLI","BA:219","EAR_EMTA_SEX_CUR_NB","SEX_T","CUR_TYPE_LCU","2017",69595.744,,,"T30:30","R1:3513"
"MLI","BA:219","EAR_EMTA_SEX_CUR_NB","SEX_T","CUR_TYPE_PPP","2017",351.684,,,"T30:30","R1:3513"
"MLI","BA:219","EAR_EMTA_SEX_CUR_NB","SEX_T","CUR_TYPE_USD","2017",119.857,,,"T30:30","R1:3513"
"MLI","BA:219","EAR_EMTA_SEX_CUR_NB","SEX_T","CUR_TYPE_LCU","2016",70076.466,,,"T30:30","R1:3513"
"MLI","BA:219","EAR_EMTA_SEX_CUR_NB","SEX_T","CUR_TYPE_PPP","2016",355.049,,,"T30:30","R1:3513"
"MLI","BA:219","EAR_EMTA_SEX_CUR_NB","SEX_T","CUR_TYPE_USD","2016",118.251,,,"T30:30","R1:3513"
"MLI","BA:219","EAR_EMTA_SEX_CUR_NB","SEX_T","CUR_TYPE_LCU","2015",64630.832,,,"T30:30","R1:3513"
"MLI","BA:219","EAR_EMTA_SEX_CUR_NB","SEX_T","CUR_TYPE_PPP","2015",309.458,,,"T30:30","R1:3513"
"MLI","BA:219","EAR_EMTA_SEX_CUR_NB","SEX_T","CUR_TYPE_USD","2015",109.319,,,"T30:30","R1:3513"
"MLI","BA:219","EAR_EMTA_SEX_CUR_NB","SEX_T","CUR_TYPE_LCU","2014",72802.307,"B",,"T30:30_I11:264","R1:3513"
"MLI","BA:219","EAR_EMTA_SEX_CUR_NB","SEX_T","CUR_TYPE_PPP","2014",344.202,"B",,"T30:30_I11:264","R1:3513"
"MLI","BA:219","EAR_EMTA_SEX_CUR_NB","SEX_T","CUR_TYPE_USD","2014",147.446,"B",,"T30:30_I11:264","R1:3513"
"MLI","BA:219","EAR_EMTA_SEX_CUR_NB","SEX_T","CUR_TYPE_LCU","2013",77081.377,"B",,"T30:30_I11:264","R1:3513"
"MLI","BA:219","EAR_EMTA_SEX_CUR_NB","SEX_T","CUR_TYPE_PPP","2013",356.927,"B",,"T30:30_I11:264","R1:3513"
"MLI","BA:219","EAR_EMTA_SEX_CUR_NB","SEX_T","CUR_TYPE_USD","2013",156.067,"B",,"T30:30_I11:264","R1:3513"
"MLT","BB:342","EAR_EMTA_SEX_CUR_NB","SEX_T","CUR_TYPE_LCU","2021",3337.27,"U",,"T30:192","R1:3513_T2:85"
"MLT","BB:342","EAR_EMTA_SEX_CUR_NB","SEX_T","CUR_TYPE_PPP","2021",5257.114,"U",,"T30:192","R1:3513_T2:85"
"MLT","BB:342","EAR_EMTA_SEX_CUR_NB","SEX_T","CUR_TYPE_USD","2021",3946.989,"U",,"T30:192","R1:3513_T2:85"
"MLT","BB:342","EAR_EMTA_SEX_CUR_NB","SEX_T","CUR_TYPE_LCU","2020",2252.467,,,"T30:192","R1:3513_T2:85"
"MLT","BB:342","EAR_EMTA_SEX_CUR_NB","SEX_T","CUR_TYPE_PPP","2020",3583.252,,,"T30:192","R1:3513_T2:85"
"MLT","BB:342","EAR_EMTA_SEX_CUR_NB","SEX_T","CUR_TYPE_USD","2020",2572.768,,,"T30:192","R1:3513_T2:85"
"MLT","BB:342","EAR_EMTA_SEX_CUR_NB","SEX_T","CUR_TYPE_LCU","2019",2082.988,,,"T30:192","R1:3513_T2:85"
"MLT","BB:342","EAR_EMTA_SEX_CUR_NB","SEX_T","CUR_TYPE_PPP","2019",3384.595,,,"T30:192","R1:3513_T2:85"
"MLT","BB:342","EAR_EMTA_SEX_CUR_NB","SEX_T","CUR_TYPE_USD","2019",2331.905,,,"T30:192","R1:3513_T2:85"
"MLT","BB:342","EAR_EMTA_SEX_CUR_NB","SEX_T","CUR_TYPE_LCU","2018",2017.595,,,"T30:192","R1:3513_T2:85"
"MLT","BB:342","EAR_EMTA_SEX_CUR_NB","SEX_T","CUR_TYPE_PPP","2018",3159.311,,,"T30:192","R1:3513_T2:85"
"MLT","BB:342","EAR_EMTA_SEX_CUR_NB","SEX_T","CUR_TYPE_USD","2018",2382.78,,,"T30:192","R1:3513_T2:85"
"MLT","BB:342","EAR_EMTA_SEX_CUR_NB","SEX_T","CUR_TYPE_LCU","2017",2042.337,,,"T30:192","R1:3513_T2:85"
"MLT","BB:342","EAR_EMTA_SEX_CUR_NB","SEX_T","CUR_TYPE_PPP","2017",3155.203,,,"T30:192","R1:3513_T2:85"
"MLT","BB:342","EAR_EMTA_SEX_CUR_NB","SEX_T","CUR_TYPE_USD","2017",2307.229,,,"T30:192","R1:3513_T2:85"
"MLT","BB:342","EAR_EMTA_SEX_CUR_NB","SEX_T","CUR_TYPE_LCU","2016",1955.805,,,"T30:192","R1:3513_T2:85"
"MLT","BB:342","EAR_EMTA_SEX_CUR_NB","SEX_T","CUR_TYPE_PPP","2016",3069.63,,,"T30:192","R1:3513_T2:85"
"MLT","BB:342","EAR_EMTA_SEX_CUR_NB","SEX_T","CUR_TYPE_USD","2016",2164.88,,,"T30:192","R1:3513_T2:85"
"MLT","BB:342","EAR_EMTA_SEX_CUR_NB","SEX_T","CUR_TYPE_LCU","2015",1951.813,,,"T30:192","R1:3513_T2:85"
"MLT","BB:342","EAR_EMTA_SEX_CUR_NB","SEX_T","CUR_TYPE_PPP","2015",2988.21,,,"T30:192","R1:3513_T2:85"
"MLT","BB:342","EAR_EMTA_SEX_CUR_NB","SEX_T","CUR_TYPE_USD","2015",2165.536,,,"T30:192","R1:3513_T2:85"
"MLT","BB:342","EAR_EMTA_SEX_CUR_NB","SEX_T","CUR_TYPE_LCU","2014",1867.239,,,"T30:192","R1:3513_T2:85"
"MLT","BB:342","EAR_EMTA_SEX_CUR_NB","SEX_T","CUR_TYPE_PPP","2014",2876.388,,,"T30:192","R1:3513_T2:85"
"MLT","BB:342","EAR_EMTA_SEX_CUR_NB","SEX_T","CUR_TYPE_USD","2014",2480.627,,,"T30:192","R1:3513_T2:85"
"MLT","BB:342","EAR_EMTA_SEX_CUR_NB","SEX_T","CUR_TYPE_LCU","2013",1745.733,,,"T30:192","R1:3513_T2:85"
"MLT","BB:342","EAR_EMTA_SEX_CUR_NB","SEX_T","CUR_TYPE_PPP","2013",2677.095,,,"T30:192","R1:3513_T2:85"
"MLT","BB:342","EAR_EMTA_SEX_CUR_NB","SEX_T","CUR_TYPE_USD","2013",2318.508,,,"T30:192","R1:3513_T2:85"
"MLT","BB:342","EAR_EMTA_SEX_CUR_NB","SEX_T","CUR_TYPE_LCU","2012",1664.365,,,"T30:192","R1:3513_T2:85"
"MLT","BB:342","EAR_EMTA_SEX_CUR_NB","SEX_T","CUR_TYPE_PPP","2012",2581.659,,,"T30:192","R1:3513_T2:85"
"MLT","BB:342","EAR_EMTA_SEX_CUR_NB","SEX_T","CUR_TYPE_USD","2012",2138.376,,,"T30:192","R1:3513_T2:85"
"MLT","BB:342","EAR_EMTA_SEX_CUR_NB","SEX_T","CUR_TYPE_LCU","2011",1661.787,,,"T30:192","R1:3513_T2:85"
"MLT","BB:342","EAR_EMTA_SEX_CUR_NB","SEX_T","CUR_TYPE_PPP","2011",2601.001,,,"T30:192","R1:3513_T2:85"
"MLT","BB:342","EAR_EMTA_SEX_CUR_NB","SEX_T","CUR_TYPE_USD","2011",2313.208,,,"T30:192","R1:3513_T2:85"
"MLT","BB:342","EAR_EMTA_SEX_CUR_NB","SEX_T","CUR_TYPE_LCU","2010",1595.928,,,"T30:192","R1:3513_T2:85"
"MLT","BB:342","EAR_EMTA_SEX_CUR_NB","SEX_T","CUR_TYPE_PPP","2010",2497.168,,,"T30:192","R1:3513_T2:85"
"MLT","BB:342","EAR_EMTA_SEX_CUR_NB","SEX_T","CUR_TYPE_USD","2010",2115.722,,,"T30:192","R1:3513_T2:85"
"MLT","BB:342","EAR_EMTA_SEX_CUR_NB","SEX_T","CUR_TYPE_LCU","2009",1569.428,,,"T30:192","R1:3513_T2:85"
"MLT","BB:342","EAR_EMTA_SEX_CUR_NB","SEX_T","CUR_TYPE_PPP","2009",2408.262,,,"T30:192","R1:3513_T2:85"
"MLT","BB:342","EAR_EMTA_SEX_CUR_NB","SEX_T","CUR_TYPE_USD","2009",2189.038,,,"T30:192","R1:3513_T2:85"
"MLT","BA:341","EAR_EMTA_SEX_CUR_NB","SEX_T","CUR_TYPE_LCU","2008",6.945,,,"I19:3444_T9:133_T10:138_T30:192","S9:66"
"MLT","BA:341","EAR_EMTA_SEX_CUR_NB","SEX_T","CUR_TYPE_PPP","2008",10.581,,,"I19:3444_T9:133_T10:138_T30:192","S9:66"
"MLT","BA:341","EAR_EMTA_SEX_CUR_NB","SEX_T","CUR_TYPE_USD","2008",10.215,,,"I19:3444_T9:133_T10:138_T30:192","S9:66"
"MLT","BA:341","EAR_EMTA_SEX_CUR_NB","SEX_T","CUR_TYPE_LCU","2007",2.801,,,"I19:3444_T9:133_T10:138_T30:192","S9:66"
"MLT","BA:341","EAR_EMTA_SEX_CUR_NB","SEX_T","CUR_TYPE_PPP","2007",4.27,,,"I19:3444_T9:133_T10:138_T30:192","S9:66"
"MLT","BA:341","EAR_EMTA_SEX_CUR_NB","SEX_T","CUR_TYPE_USD","2007",3.839,,,"I19:3444_T9:133_T10:138_T30:192","S9:66"
"MLT","BA:341","EAR_EMTA_SEX_CUR_NB","SEX_T","CUR_TYPE_LCU","2006",2.701,,,"I19:3444_T9:133_T10:138_T30:192","S9:66"
"MLT","BA:341","EAR_EMTA_SEX_CUR_NB","SEX_T","CUR_TYPE_PPP","2006",4.096,,,"I19:3444_T9:133_T10:138_T30:192","S9:66"
"MLT","BA:341","EAR_EMTA_SEX_CUR_NB","SEX_T","CUR_TYPE_USD","2006",3.391,,,"I19:3444_T9:133_T10:138_T30:192","S9:66"
"MLT","BA:341","EAR_EMTA_SEX_CUR_NB","SEX_T","CUR_TYPE_LCU","2005",2.601,,,"I19:3444_T9:133_T10:138_T30:192","S9:66"
"MLT","BA:341","EAR_EMTA_SEX_CUR_NB","SEX_T","CUR_TYPE_PPP","2005",4.065,,,"I19:3444_T9:133_T10:138_T30:192","S9:66"
"MLT","BA:341","EAR_EMTA_SEX_CUR_NB","SEX_T","CUR_TYPE_USD","2005",3.236,,,"I19:3444_T9:133_T10:138_T30:192","S9:66"
"MLT","BA:341","EAR_EMTA_SEX_CUR_NB","SEX_T","CUR_TYPE_LCU","2004",2.601,,,"I19:3444_T9:133_T10:138_T30:192","S9:66"
"MLT","BA:341","EAR_EMTA_SEX_CUR_NB","SEX_T","CUR_TYPE_PPP","2004",4.09,,,"I19:3444_T9:133_T10:138_T30:192","S9:66"
"MLT","BA:341","EAR_EMTA_SEX_CUR_NB","SEX_T","CUR_TYPE_USD","2004",3.235,,,"I19:3444_T9:133_T10:138_T30:192","S9:66"
"MLT","BA:341","EAR_EMTA_SEX_CUR_NB","SEX_T","CUR_TYPE_LCU","2003",410.822,,,"T8:127_T9:133_T10:138_T33:396_T30:320","S9:66"
"MLT","BA:341","EAR_EMTA_SEX_CUR_NB","SEX_T","CUR_TYPE_LCU","2002",414.647,,,"T8:127_T9:133_T10:138_T33:396_T30:320","S9:66"
"MLT","BA:341","EAR_EMTA_SEX_CUR_NB","SEX_T","CUR_TYPE_LCU","2001",356.967,,,"T8:127_T9:133_T10:138_T33:396_T30:320","S9:66"
"MLT","BA:341","EAR_EMTA_SEX_CUR_NB","SEX_T","CUR_TYPE_LCU","2000",2.2,,,"I19:3444_T9:133_T10:138_T30:192","S9:66"
"MLT","BA:341","EAR_EMTA_SEX_CUR_NB","SEX_T","CUR_TYPE_PPP","2000",3.413,,,"I19:3444_T9:133_T10:138_T30:192","S9:66"
"MLT","BA:341","EAR_EMTA_SEX_CUR_NB","SEX_T","CUR_TYPE_USD","2000",2.032,,,"I19:3444_T9:133_T10:138_T30:192","S9:66"
"MLT","DA:1415","EAR_EMTA_SEX_CUR_NB","SEX_T","CUR_TYPE_LCU","1998",332.371,,"C5:2067_C5:1941","T8:127_T9:133_T10:138_T33:396_T30:320","S3:23_S9:66"
"MLT","DA:1415","EAR_EMTA_SEX_CUR_NB","SEX_T","CUR_TYPE_LCU","1997",330.899,,"C5:2067_C5:1941","T8:127_T9:133_T10:138_T33:396_T30:320","S3:23_S9:66"
"MLT","DA:1415","EAR_EMTA_SEX_CUR_NB","SEX_T","CUR_TYPE_LCU","1995",295.696,,"C5:2067_C5:1941","T8:127_T9:133_T10:138_T33:396_T30:320","S3:23_S9:66"
"MLT","DA:1415","EAR_EMTA_SEX_CUR_NB","SEX_T","CUR_TYPE_LCU","1994",273.656,,"C5:2067_C5:1941","T8:127_T9:133_T10:138_T33:396_T30:320","S3:23_S9:66"
"MMR","BA:7009","EAR_EMTA_SEX_CUR_NB","SEX_T","CUR_TYPE_LCU","2020",187872.518,,,"T30:139","R1:3513_S3:6"
"MMR","BA:7009","EAR_EMTA_SEX_CUR_NB","SEX_T","CUR_TYPE_PPP","2020",431.386,,,"T30:139","R1:3513_S3:6"
"MMR","BA:7009","EAR_EMTA_SEX_CUR_NB","SEX_T","CUR_TYPE_USD","2020",135.98,,,"T30:139","R1:3513_S3:6"
"MMR","BA:7009","EAR_EMTA_SEX_CUR_NB","SEX_T","CUR_TYPE_LCU","2019",208855.024,,,"T30:139","R1:3513"
"MMR","BA:7009","EAR_EMTA_SEX_CUR_NB","SEX_T","CUR_TYPE_PPP","2019",488.764,,,"T30:139","R1:3513"
"MMR","BA:7009","EAR_EMTA_SEX_CUR_NB","SEX_T","CUR_TYPE_USD","2019",137.562,,,"T30:139","R1:3513"
"MMR","BA:7009","EAR_EMTA_SEX_CUR_NB","SEX_T","CUR_TYPE_LCU","2018",192257.84,,,"T30:139","R1:3513"
"MMR","BA:7009","EAR_EMTA_SEX_CUR_NB","SEX_T","CUR_TYPE_PPP","2018",461.598,,,"T30:139","R1:3513"
"MMR","BA:7009","EAR_EMTA_SEX_CUR_NB","SEX_T","CUR_TYPE_USD","2018",134.464,,,"T30:139","R1:3513"
"MMR","BA:7009","EAR_EMTA_SEX_CUR_NB","SEX_T","CUR_TYPE_LCU","2017",173499.773,"B",,"T30:139_I11:264","R1:3513"
"MMR","BA:7009","EAR_EMTA_SEX_CUR_NB","SEX_T","CUR_TYPE_PPP","2017",427.685,"B",,"T30:139_I11:264","R1:3513"
"MMR","BA:7009","EAR_EMTA_SEX_CUR_NB","SEX_T","CUR_TYPE_USD","2017",127.54,"B",,"T30:139_I11:264","R1:3513"
"MMR","BA:7009","EAR_EMTA_SEX_CUR_NB","SEX_T","CUR_TYPE_LCU","2015",116877.588,"B",,"T30:139_I11:264","R1:3513"
"MMR","BA:7009","EAR_EMTA_SEX_CUR_NB","SEX_T","CUR_TYPE_PPP","2015",330.205,"B",,"T30:139_I11:264","R1:3513"
"MMR","BA:7009","EAR_EMTA_SEX_CUR_NB","SEX_T","CUR_TYPE_USD","2015",100.53,"B",,"T30:139_I11:264","R1:3513"
"MNE","DA:470","EAR_EMTA_SEX_CUR_NB","SEX_T","CUR_TYPE_LCU","2022",883,,,"T8:127_T9:133_T10:138_T12:145_T30:195","S9:66"
"MNE","DA:470","EAR_EMTA_SEX_CUR_NB","SEX_T","CUR_TYPE_PPP","2022",2167.115,,,"T8:127_T9:133_T10:138_T12:145_T30:195","S9:66"
"MNE","DA:470","EAR_EMTA_SEX_CUR_NB","SEX_T","CUR_TYPE_USD","2022",929.799,,,"T8:127_T9:133_T10:138_T12:145_T30:195","S9:66"
"MNE","DA:470","EAR_EMTA_SEX_CUR_NB","SEX_T","CUR_TYPE_LCU","2019",773,,,"T8:127_T9:133_T10:138_T12:145_T30:195","S9:66"
"MNE","DA:470","EAR_EMTA_SEX_CUR_NB","SEX_T","CUR_TYPE_PPP","2019",1902.387,,,"T8:127_T9:133_T10:138_T12:145_T30:195","S9:66"
"MNE","DA:470","EAR_EMTA_SEX_CUR_NB","SEX_T","CUR_TYPE_USD","2019",865.374,,,"T8:127_T9:133_T10:138_T12:145_T30:195","S9:66"
"MNE","DA:470","EAR_EMTA_SEX_CUR_NB","SEX_T","CUR_TYPE_LCU","2018",766,,,"T8:127_T9:133_T10:138_T12:145_T30:195","S9:66"
"MNE","DA:470","EAR_EMTA_SEX_CUR_NB","SEX_T","CUR_TYPE_PPP","2018",1804.342,,,"T8:127_T9:133_T10:138_T12:145_T30:195","S9:66"
"MNE","DA:470","EAR_EMTA_SEX_CUR_NB","SEX_T","CUR_TYPE_USD","2018",904.646,,,"T8:127_T9:133_T10:138_T12:145_T30:195","S9:66"
"MNE","DA:470","EAR_EMTA_SEX_CUR_NB","SEX_T","CUR_TYPE_LCU","2017",765,,,"T8:127_T9:133_T10:138_T12:145_T30:195","S9:66"
"MNE","DA:470","EAR_EMTA_SEX_CUR_NB","SEX_T","CUR_TYPE_PPP","2017",1793.137,,,"T8:127_T9:133_T10:138_T12:145_T30:195","S9:66"
"MNE","DA:470","EAR_EMTA_SEX_CUR_NB","SEX_T","CUR_TYPE_USD","2017",864.22,,,"T8:127_T9:133_T10:138_T12:145_T30:195","S9:66"
"MNE","DA:470","EAR_EMTA_SEX_CUR_NB","SEX_T","CUR_TYPE_LCU","2015",725,,,"T8:127_T9:133_T10:138_T11:142_T12:145_T30:195","S9:66"
"MNE","DA:470","EAR_EMTA_SEX_CUR_NB","SEX_T","CUR_TYPE_PPP","2015",1658.368,,,"T8:127_T9:133_T10:138_T11:142_T12:145_T30:195","S9:66"
"MNE","DA:470","EAR_EMTA_SEX_CUR_NB","SEX_T","CUR_TYPE_USD","2015",804.388,,,"T8:127_T9:133_T10:138_T11:142_T12:145_T30:195","S9:66"
"MNE","DA:13001","EAR_EMTA_SEX_CUR_NB","SEX_T","CUR_TYPE_LCU","2014",724,,,"T30:195","R1:2383_S3:21_S8:2566_S6:48"
"MNE","DA:13001","EAR_EMTA_SEX_CUR_NB","SEX_T","CUR_TYPE_PPP","2014",1648.257,,,"T30:195","R1:2383_S3:21_S8:2566_S6:48"
"MNE","DA:13001","EAR_EMTA_SEX_CUR_NB","SEX_T","CUR_TYPE_USD","2014",961.834,,,"T30:195","R1:2383_S3:21_S8:2566_S6:48"
"MNE","DA:470","EAR_EMTA_SEX_CUR_NB","SEX_T","CUR_TYPE_LCU","2012",727,,,"T8:127_T9:133_T10:138_T11:142_T12:145_T33:396_T30:195","S9:66"
"MNE","DA:470","EAR_EMTA_SEX_CUR_NB","SEX_T","CUR_TYPE_PPP","2012",1596.087,,,"T8:127_T9:133_T10:138_T11:142_T12:145_T33:396_T30:195","S9:66"
"MNE","DA:470","EAR_EMTA_SEX_CUR_NB","SEX_T","CUR_TYPE_USD","2012",934.05,,,"T8:127_T9:133_T10:138_T11:142_T12:145_T33:396_T30:195","S9:66"
"MNE","DA:470","EAR_EMTA_SEX_CUR_NB","SEX_T","CUR_TYPE_LCU","2011",722,,,"T8:127_T9:133_T10:138_T11:142_T12:145_T33:396_T30:195","S9:66"
"MNE","DA:470","EAR_EMTA_SEX_CUR_NB","SEX_T","CUR_TYPE_PPP","2011",1617.192,,,"T8:127_T9:133_T10:138_T11:142_T12:145_T33:396_T30:195","S9:66"
"MNE","DA:470","EAR_EMTA_SEX_CUR_NB","SEX_T","CUR_TYPE_USD","2011",1005.024,,,"T8:127_T9:133_T10:138_T11:142_T12:145_T33:396_T30:195","S9:66"
"MNE","DA:470","EAR_EMTA_SEX_CUR_NB","SEX_T","CUR_TYPE_LCU","2010",715,,,"T8:127_T9:133_T10:138_T11:142_T12:145_T33:396_T30:195","S9:66"
"MNE","DA:470","EAR_EMTA_SEX_CUR_NB","SEX_T","CUR_TYPE_PPP","2010",1561.363,,,"T8:127_T9:133_T10:138_T11:142_T12:145_T33:396_T30:195","S9:66"
"MNE","DA:470","EAR_EMTA_SEX_CUR_NB","SEX_T","CUR_TYPE_USD","2010",947.876,,,"T8:127_T9:133_T10:138_T11:142_T12:145_T33:396_T30:195","S9:66"
"MNE","DA:470","EAR_EMTA_SEX_CUR_NB","SEX_T","CUR_TYPE_LCU","2009",643,,,"T8:127_T9:133_T10:138_T11:142_T12:145_T33:396_T30:195","S9:66"
"MNE","DA:470","EAR_EMTA_SEX_CUR_NB","SEX_T","CUR_TYPE_PPP","2009",1343.3,,,"T8:127_T9:133_T10:138_T11:142_T12:145_T33:396_T30:195","S9:66"
"MNE","DA:470","EAR_EMTA_SEX_CUR_NB","SEX_T","CUR_TYPE_USD","2009",896.856,,,"T8:127_T9:133_T10:138_T11:142_T12:145_T33:396_T30:195","S9:66"
"MNE","DA:470","EAR_EMTA_SEX_CUR_NB","SEX_T","CUR_TYPE_LCU","2008",609,,,"T8:127_T9:133_T10:138_T33:396_T30:195","S9:66"
"MNE","DA:470","EAR_EMTA_SEX_CUR_NB","SEX_T","CUR_TYPE_PPP","2008",1241.479,,,"T8:127_T9:133_T10:138_T33:396_T30:195","S9:66"
"MNE","DA:470","EAR_EMTA_SEX_CUR_NB","SEX_T","CUR_TYPE_USD","2008",895.717,,,"T8:127_T9:133_T10:138_T33:396_T30:195","S9:66"
"MNE","DA:470","EAR_EMTA_SEX_CUR_NB","SEX_T","CUR_TYPE_LCU","2007",497,,,"T8:127_T9:133_T10:138_T33:396_T30:195","S9:66"
"MNE","DA:470","EAR_EMTA_SEX_CUR_NB","SEX_T","CUR_TYPE_PPP","2007",1055.537,,,"T8:127_T9:133_T10:138_T33:396_T30:195","S9:66"
"MNE","DA:470","EAR_EMTA_SEX_CUR_NB","SEX_T","CUR_TYPE_USD","2007",681.138,,,"T8:127_T9:133_T10:138_T33:396_T30:195","S9:66"
"MNG","BA:702","EAR_EMTA_SEX_CUR_NB","SEX_T","CUR_TYPE_LCU","2025",1987318.499,,,"T30:138","R1:3513"
"MNG","BA:702","EAR_EMTA_SEX_CUR_NB","SEX_T","CUR_TYPE_PPP","2025",1683.134,,,"T30:138","R1:3513"
"MNG","BA:702","EAR_EMTA_SEX_CUR_NB","SEX_T","CUR_TYPE_USD","2025",560.575,,,"T30:138","R1:3513"
"MNG","BA:702","EAR_EMTA_SEX_CUR_NB","SEX_T","CUR_TYPE_LCU","2024",1650054.818,,,"T30:138","R1:3513"
"MNG","BA:702","EAR_EMTA_SEX_CUR_NB","SEX_T","CUR_TYPE_PPP","2024",1477.876,,,"T30:138","R1:3513"
"MNG","BA:702","EAR_EMTA_SEX_CUR_NB","SEX_T","CUR_TYPE_USD","2024",486.744,,,"T30:138","R1:3513"
"MNG","BA:702","EAR_EMTA_SEX_CUR_NB","SEX_T","CUR_TYPE_LCU","2023",1268985.632,,,"T30:138","R1:3513"
"MNG","BA:702","EAR_EMTA_SEX_CUR_NB","SEX_T","CUR_TYPE_PPP","2023",1172.432,,,"T30:138","R1:3513"
"MNG","BA:702","EAR_EMTA_SEX_CUR_NB","SEX_T","CUR_TYPE_USD","2023",366.152,,,"T30:138","R1:3513"
"MNG","BA:702","EAR_EMTA_SEX_CUR_NB","SEX_T","CUR_TYPE_LCU","2022",1075114.516,,,"T30:138","R1:3513"
"MNG","BA:702","EAR_EMTA_SEX_CUR_NB","SEX_T","CUR_TYPE_PPP","2022",1052.76,,,"T30:138","R1:3513"
"MNG","BA:702","EAR_EMTA_SEX_CUR_NB","SEX_T","CUR_TYPE_USD","2022",342.319,,,"T30:138","R1:3513"
"MNG","BA:702","EAR_EMTA_SEX_CUR_NB","SEX_T","CUR_TYPE_LCU","2021",908976.65,,,"T30:138","R1:3513"
"MNG","BA:702","EAR_EMTA_SEX_CUR_NB","SEX_T","CUR_TYPE_PPP","2021",948.987,,,"T30:138","R1:3513"
"MNG","BA:702","EAR_EMTA_SEX_CUR_NB","SEX_T","CUR_TYPE_USD","2021",319.019,,,"T30:138","R1:3513"
"MNG","BA:702","EAR_EMTA_SEX_CUR_NB","SEX_T","CUR_TYPE_LCU","2020",862581.988,,,"T30:138","R1:3513"
"MNG","BA:702","EAR_EMTA_SEX_CUR_NB","SEX_T","CUR_TYPE_PPP","2020",924.9,,,"T30:138","R1:3513"
"MNG","BA:702","EAR_EMTA_SEX_CUR_NB","SEX_T","CUR_TYPE_USD","2020",306.61,,,"T30:138","R1:3513"
"MNG","BA:702","EAR_EMTA_SEX_CUR_NB","SEX_T","CUR_TYPE_LCU","2019",793464.209,"B",,"T30:138_I11:264","R1:3513"
"MNG","BA:702","EAR_EMTA_SEX_CUR_NB","SEX_T","CUR_TYPE_PPP","2019",828.905,"B",,"T30:138_I11:264","R1:3513"
"MNG","BA:702","EAR_EMTA_SEX_CUR_NB","SEX_T","CUR_TYPE_USD","2019",297.898,"B",,"T30:138_I11:264","R1:3513"
"MNG","BB:7019","EAR_EMTA_SEX_CUR_NB","SEX_T","CUR_TYPE_LCU","2018",585427.262,,,"T30:138","R1:3513"
"MNG","BB:7019","EAR_EMTA_SEX_CUR_NB","SEX_T","CUR_TYPE_PPP","2018",631.951,,,"T30:138","R1:3513"
"MNG","BB:7019","EAR_EMTA_SEX_CUR_NB","SEX_T","CUR_TYPE_USD","2018",236.777,,,"T30:138","R1:3513"
"MNG","BB:7019","EAR_EMTA_SEX_CUR_NB","SEX_T","CUR_TYPE_LCU","2017",545034.005,,,"T30:138","R1:3513"
"MNG","BB:7019","EAR_EMTA_SEX_CUR_NB","SEX_T","CUR_TYPE_PPP","2017",608.226,,,"T30:138","R1:3513"
"MNG","BB:7019","EAR_EMTA_SEX_CUR_NB","SEX_T","CUR_TYPE_USD","2017",223.395,,,"T30:138","R1:3513"
"MNG","BB:7019","EAR_EMTA_SEX_CUR_NB","SEX_T","CUR_TYPE_LCU","2016",540260.936,,,"T30:138","R1:3513"
"MNG","BB:7019","EAR_EMTA_SEX_CUR_NB","SEX_T","CUR_TYPE_PPP","2016",647.667,,,"T30:138","R1:3513"
"MNG","BB:7019","EAR_EMTA_SEX_CUR_NB","SEX_T","CUR_TYPE_USD","2016",252.424,,,"T30:138","R1:3513"
"MNG","BB:7019","EAR_EMTA_SEX_CUR_NB","SEX_T","CUR_TYPE_LCU","2015",536763.45,,,"T30:138","R1:3513"
"MNG","BB:7019","EAR_EMTA_SEX_CUR_NB","SEX_T","CUR_TYPE_PPP","2015",653.569,,,"T30:138","R1:3513"
"MNG","BB:7019","EAR_EMTA_SEX_CUR_NB","SEX_T","CUR_TYPE_USD","2015",272.426,,,"T30:138","R1:3513"
"MNG","BB:7019","EAR_EMTA_SEX_CUR_NB","SEX_T","CUR_TYPE_LCU","2014",541133.448,,,"T30:138","R1:3513"
"MNG","BB:7019","EAR_EMTA_SEX_CUR_NB","SEX_T","CUR_TYPE_PPP","2014",668.523,,,"T30:138","R1:3513"
"MNG","BB:7019","EAR_EMTA_SEX_CUR_NB","SEX_T","CUR_TYPE_USD","2014",297.663,,,"T30:138","R1:3513"
"MNG","BB:7019","EAR_EMTA_SEX_CUR_NB","SEX_T","CUR_TYPE_LCU","2013",462373.872,,,"T30:138","R1:3513"
"MNG","BB:7019","EAR_EMTA_SEX_CUR_NB","SEX_T","CUR_TYPE_PPP","2013",635.084,,,"T30:138","R1:3513"
"MNG","BB:7019","EAR_EMTA_SEX_CUR_NB","SEX_T","CUR_TYPE_USD","2013",303.409,,,"T30:138","R1:3513"
"MNG","BB:7019","EAR_EMTA_SEX_CUR_NB","SEX_T","CUR_TYPE_LCU","2012",400689.865,,,"T30:138","R1:3513"
"MNG","BB:7019","EAR_EMTA_SEX_CUR_NB","SEX_T","CUR_TYPE_PPP","2012",627.711,,,"T30:138","R1:3513"
"MNG","BB:7019","EAR_EMTA_SEX_CUR_NB","SEX_T","CUR_TYPE_USD","2012",295.15,,,"T30:138","R1:3513"
"MNG","BB:7019","EAR_EMTA_SEX_CUR_NB","SEX_T","CUR_TYPE_LCU","2011",326790.425,,,"T30:138","R1:3513"
"MNG","BB:7019","EAR_EMTA_SEX_CUR_NB","SEX_T","CUR_TYPE_PPP","2011",562.813,,,"T30:138","R1:3513"
"MNG","BB:7019","EAR_EMTA_SEX_CUR_NB","SEX_T","CUR_TYPE_USD","2011",258.227,,,"T30:138","R1:3513"
"MNG","BB:7019","EAR_EMTA_SEX_CUR_NB","SEX_T","CUR_TYPE_LCU","2010",261584.125,,,"T30:138","R1:3513"
"MNG","BB:7019","EAR_EMTA_SEX_CUR_NB","SEX_T","CUR_TYPE_PPP","2010",473.459,,,"T30:138","R1:3513"
"MNG","BB:7019","EAR_EMTA_SEX_CUR_NB","SEX_T","CUR_TYPE_USD","2010",192.757,,,"T30:138","R1:3513"
"MNG","BB:7019","EAR_EMTA_SEX_CUR_NB","SEX_T","CUR_TYPE_LCU","2009",238700.194,,,"T30:138","R1:3513"
"MNG","BB:7019","EAR_EMTA_SEX_CUR_NB","SEX_T","CUR_TYPE_PPP","2009",467.772,,,"T30:138","R1:3513"
"MNG","BB:7019","EAR_EMTA_SEX_CUR_NB","SEX_T","CUR_TYPE_USD","2009",166.018,,,"T30:138","R1:3513"
"MNG","DA:703","EAR_EMTA_SEX_CUR_NB","SEX_T","CUR_TYPE_LCU","2008",274200,,,"T8:127_T9:133_T10:138_T33:396_T30:138","S9:66"
"MNG","DA:703","EAR_EMTA_SEX_CUR_NB","SEX_T","CUR_TYPE_PPP","2008",580.345,,,"T8:127_T9:133_T10:138_T33:396_T30:138","S9:66"
"MNG","DA:703","EAR_EMTA_SEX_CUR_NB","SEX_T","CUR_TYPE_USD","2008",235.202,,,"T8:127_T9:133_T10:138_T33:396_T30:138","S9:66"
"MNG","DA:703","EAR_EMTA_SEX_CUR_NB","SEX_T","CUR_TYPE_LCU","2007",173010,,,"T8:127_T9:133_T10:138_T33:396_T30:138","S9:66"
"MNG","DA:703","EAR_EMTA_SEX_CUR_NB","SEX_T","CUR_TYPE_PPP","2007",451.221,,,"T8:127_T9:133_T10:138_T33:396_T30:138","S9:66"
"MNG","DA:703","EAR_EMTA_SEX_CUR_NB","SEX_T","CUR_TYPE_USD","2007",147.821,,,"T8:127_T9:133_T10:138_T33:396_T30:138","S9:66"
"MNG","DA:703","EAR_EMTA_SEX_CUR_NB","SEX_T","CUR_TYPE_LCU","2006",127700,,,"T8:127_T9:133_T10:138_T33:396_T30:138","S9:66"
"MNG","DA:703","EAR_EMTA_SEX_CUR_NB","SEX_T","CUR_TYPE_PPP","2006",354.998,,,"T8:127_T9:133_T10:138_T33:396_T30:138","S9:66"
"MNG","DA:703","EAR_EMTA_SEX_CUR_NB","SEX_T","CUR_TYPE_USD","2006",108.248,,,"T8:127_T9:133_T10:138_T33:396_T30:138","S9:66"
"MNG","DA:703","EAR_EMTA_SEX_CUR_NB","SEX_T","CUR_TYPE_LCU","2005",101200,,,"T8:127_T9:133_T10:138_T33:396_T30:138","S9:66"
"MNG","DA:703","EAR_EMTA_SEX_CUR_NB","SEX_T","CUR_TYPE_PPP","2005",286.424,,,"T8:127_T9:133_T10:138_T33:396_T30:138","S9:66"
"MNG","DA:703","EAR_EMTA_SEX_CUR_NB","SEX_T","CUR_TYPE_USD","2005",83.966,,,"T8:127_T9:133_T10:138_T33:396_T30:138","S9:66"
"MNG","DA:703","EAR_EMTA_SEX_CUR_NB","SEX_T","CUR_TYPE_LCU","2004",93100,,,"T8:127_T9:133_T10:138_T33:396_T30:138","S9:66"
"MNG","DA:703","EAR_EMTA_SEX_CUR_NB","SEX_T","CUR_TYPE_PPP","2004",287.261,,,"T8:127_T9:133_T10:138_T33:396_T30:138","S9:66"
"MNG","DA:703","EAR_EMTA_SEX_CUR_NB","SEX_T","CUR_TYPE_USD","2004",78.546,,,"T8:127_T9:133_T10:138_T33:396_T30:138","S9:66"
"MNG","DA:703","EAR_EMTA_SEX_CUR_NB","SEX_T","CUR_TYPE_LCU","2003",81500,,,"T8:127_T9:133_T10:138_T33:396_T30:138","S9:66"
"MNG","DA:703","EAR_EMTA_SEX_CUR_NB","SEX_T","CUR_TYPE_PPP","2003",265.096,,,"T8:127_T9:133_T10:138_T33:396_T30:138","S9:66"
"MNG","DA:703","EAR_EMTA_SEX_CUR_NB","SEX_T","CUR_TYPE_USD","2003",71.083,,,"T8:127_T9:133_T10:138_T33:396_T30:138","S9:66"
"MNG","DA:703","EAR_EMTA_SEX_CUR_NB","SEX_T","CUR_TYPE_LCU","2002",71300,,,"T8:127_T9:133_T10:138_T33:396_T30:138","S9:66"
"MNG","DA:703","EAR_EMTA_SEX_CUR_NB","SEX_T","CUR_TYPE_PPP","2002",238.401,,,"T8:127_T9:133_T10:138_T33:396_T30:138","S9:66"
"MNG","DA:703","EAR_EMTA_SEX_CUR_NB","SEX_T","CUR_TYPE_USD","2002",64.216,,,"T8:127_T9:133_T10:138_T33:396_T30:138","S9:66"
"MNG","DA:703","EAR_EMTA_SEX_CUR_NB","SEX_T","CUR_TYPE_LCU","2001",65200,,,"T8:127_T9:133_T10:138_T33:396_T30:138","S9:66"
"MNG","DA:703","EAR_EMTA_SEX_CUR_NB","SEX_T","CUR_TYPE_PPP","2001",216.57,,,"T8:127_T9:133_T10:138_T33:396_T30:138","S9:66"
"MNG","DA:703","EAR_EMTA_SEX_CUR_NB","SEX_T","CUR_TYPE_USD","2001",59.397,,,"T8:127_T9:133_T10:138_T33:396_T30:138","S9:66"
"MNG","DA:703","EAR_EMTA_SEX_CUR_NB","SEX_T","CUR_TYPE_LCU","2000",62300,,,"T8:127_T9:133_T10:138_T33:396_T30:138","S3:11_S9:66"
"MNG","DA:703","EAR_EMTA_SEX_CUR_NB","SEX_T","CUR_TYPE_PPP","2000",213.882,,,"T8:127_T9:133_T10:138_T33:396_T30:138","S3:11_S9:66"
"MNG","DA:703","EAR_EMTA_SEX_CUR_NB","SEX_T","CUR_TYPE_USD","2000",57.864,,,"T8:127_T9:133_T10:138_T33:396_T30:138","S3:11_S9:66"
"MOZ","BB:8363","EAR_EMTA_SEX_CUR_NB","SEX_T","CUR_TYPE_LCU","2022",13571.38,,,"T30:34","R1:3513"
"MOZ","BB:8363","EAR_EMTA_SEX_CUR_NB","SEX_T","CUR_TYPE_PPP","2022",562.634,,,"T30:34","R1:3513"
"MOZ","BB:8363","EAR_EMTA_SEX_CUR_NB","SEX_T","CUR_TYPE_USD","2022",212.548,,,"T30:34","R1:3513"
"MRT","BB:16077","EAR_EMTA_SEX_CUR_NB","SEX_T","CUR_TYPE_LCU","2019",60522.504,,,"T30:398","R1:3513"
"MUS","BA:82","EAR_EMTA_SEX_CUR_NB","SEX_T","CUR_TYPE_LCU","2024",32444.135,,,"T30:33","R1:3513_T2:85"
"MUS","BA:82","EAR_EMTA_SEX_CUR_NB","SEX_T","CUR_TYPE_PPP","2024",1629.021,,,"T30:33","R1:3513_T2:85"
"MUS","BA:82","EAR_EMTA_SEX_CUR_NB","SEX_T","CUR_TYPE_USD","2024",699.006,,,"T30:33","R1:3513_T2:85"
"MUS","BA:82","EAR_EMTA_SEX_CUR_NB","SEX_T","CUR_TYPE_LCU","2023",18463.853,,,"T30:33","R1:3513_T2:85"
"MUS","BA:82","EAR_EMTA_SEX_CUR_NB","SEX_T","CUR_TYPE_PPP","2023",932.969,,,"T30:33","R1:3513_T2:85"
"MUS","BA:82","EAR_EMTA_SEX_CUR_NB","SEX_T","CUR_TYPE_USD","2023",407.886,,,"T30:33","R1:3513_T2:85"
"MUS","BA:82","EAR_EMTA_SEX_CUR_NB","SEX_T","CUR_TYPE_LCU","2022",23230.734,,,"T30:33","R1:3513_T2:85"
"MUS","BA:82","EAR_EMTA_SEX_CUR_NB","SEX_T","CUR_TYPE_PPP","2022",1206.946,,,"T30:33","R1:3513_T2:85"
"MUS","BA:82","EAR_EMTA_SEX_CUR_NB","SEX_T","CUR_TYPE_USD","2022",525.787,,,"T30:33","R1:3513_T2:85"
"MUS","BA:82","EAR_EMTA_SEX_CUR_NB","SEX_T","CUR_TYPE_LCU","2021",22664.117,,,"T30:33","R1:3513_T2:85"
"MUS","BA:82","EAR_EMTA_SEX_CUR_NB","SEX_T","CUR_TYPE_PPP","2021",1207.718,,,"T30:33","R1:3513_T2:85"
"MUS","BA:82","EAR_EMTA_SEX_CUR_NB","SEX_T","CUR_TYPE_USD","2021",543.607,,,"T30:33","R1:3513_T2:85"
"MUS","BA:82","EAR_EMTA_SEX_CUR_NB","SEX_T","CUR_TYPE_LCU","2020",19745.578,"B",,"T30:33_I11:264","R1:3513_T2:85_T3:94"
"MUS","BA:82","EAR_EMTA_SEX_CUR_NB","SEX_T","CUR_TYPE_PPP","2020",1060.054,"B",,"T30:33_I11:264","R1:3513_T2:85_T3:94"
"MUS","BA:82","EAR_EMTA_SEX_CUR_NB","SEX_T","CUR_TYPE_USD","2020",501.833,"B",,"T30:33_I11:264","R1:3513_T2:85_T3:94"
"MUS","BA:82","EAR_EMTA_SEX_CUR_NB","SEX_T","CUR_TYPE_LCU","2019",20525.542,,,"T30:33","R1:3513_T2:85"
"MUS","BA:82","EAR_EMTA_SEX_CUR_NB","SEX_T","CUR_TYPE_PPP","2019",1111.976,,,"T30:33","R1:3513_T2:85"
"MUS","BA:82","EAR_EMTA_SEX_CUR_NB","SEX_T","CUR_TYPE_USD","2019",578.616,,,"T30:33","R1:3513_T2:85"
"MUS","BA:82","EAR_EMTA_SEX_CUR_NB","SEX_T","CUR_TYPE_LCU","2018",21977.675,,,"T30:33","R1:3513_T2:85"
"MUS","BA:82","EAR_EMTA_SEX_CUR_NB","SEX_T","CUR_TYPE_PPP","2018",1175.882,,,"T30:33","R1:3513_T2:85"
"MUS","BA:82","EAR_EMTA_SEX_CUR_NB","SEX_T","CUR_TYPE_USD","2018",647.651,,,"T30:33","R1:3513_T2:85"
"MUS","BA:82","EAR_EMTA_SEX_CUR_NB","SEX_T","CUR_TYPE_LCU","2017",21207.072,,,"T30:33","R1:3513_T2:85"
"MUS","BA:82","EAR_EMTA_SEX_CUR_NB","SEX_T","CUR_TYPE_PPP","2017",1158.996,,,"T30:33","R1:3513_T2:85"
"MUS","BA:82","EAR_EMTA_SEX_CUR_NB","SEX_T","CUR_TYPE_USD","2017",615.029,,,"T30:33","R1:3513_T2:85"
"MUS","BA:82","EAR_EMTA_SEX_CUR_NB","SEX_T","CUR_TYPE_LCU","2016",20197.576,,,"T30:33","R1:3513_T2:85"
"MUS","BA:82","EAR_EMTA_SEX_CUR_NB","SEX_T","CUR_TYPE_PPP","2016",1119.234,,,"T30:33","R1:3513_T2:85"
"MUS","BA:82","EAR_EMTA_SEX_CUR_NB","SEX_T","CUR_TYPE_USD","2016",568.275,,,"T30:33","R1:3513_T2:85"
"MUS","BA:82","EAR_EMTA_SEX_CUR_NB","SEX_T","CUR_TYPE_LCU","2015",20151.44,,,"T30:33","R1:3513_T2:85"
"MUS","BA:82","EAR_EMTA_SEX_CUR_NB","SEX_T","CUR_TYPE_PPP","2015",1087.188,,,"T30:33","R1:3513_T2:85"
"MUS","BA:82","EAR_EMTA_SEX_CUR_NB","SEX_T","CUR_TYPE_USD","2015",574.824,,,"T30:33","R1:3513_T2:85"
"MUS","BA:82","EAR_EMTA_SEX_CUR_NB","SEX_T","CUR_TYPE_LCU","2014",18927.411,,,"T30:33","R1:3513_T2:85"
"MUS","BA:82","EAR_EMTA_SEX_CUR_NB","SEX_T","CUR_TYPE_PPP","2014",1013.795,,,"T30:33","R1:3513_T2:85"
"MUS","BA:82","EAR_EMTA_SEX_CUR_NB","SEX_T","CUR_TYPE_USD","2014",618.106,,,"T30:33","R1:3513_T2:85"
"MUS","BA:82","EAR_EMTA_SEX_CUR_NB","SEX_T","CUR_TYPE_LCU","2013",16746.821,,,"T30:33","R1:3513_T2:85"
"MUS","BA:82","EAR_EMTA_SEX_CUR_NB","SEX_T","CUR_TYPE_PPP","2013",904.066,,,"T30:33","R1:3513_T2:85"
"MUS","BA:82","EAR_EMTA_SEX_CUR_NB","SEX_T","CUR_TYPE_USD","2013",545.475,,,"T30:33","R1:3513_T2:85"
"MUS","BA:82","EAR_EMTA_SEX_CUR_NB","SEX_T","CUR_TYPE_LCU","2012",15508.836,,,"T30:33","R1:3513_T2:85"
"MUS","BA:82","EAR_EMTA_SEX_CUR_NB","SEX_T","CUR_TYPE_PPP","2012",855.675,,,"T30:33","R1:3513_T2:85"
"MUS","BA:82","EAR_EMTA_SEX_CUR_NB","SEX_T","CUR_TYPE_USD","2012",516.102,,,"T30:33","R1:3513_T2:85"
"MUS","BA:82","EAR_EMTA_SEX_CUR_NB","SEX_T","CUR_TYPE_LCU","2011",14763.001,,,"T30:33","R1:3513_T2:85"
"MUS","BA:82","EAR_EMTA_SEX_CUR_NB","SEX_T","CUR_TYPE_PPP","2011",795.623,,,"T30:33","R1:3513_T2:85"
"MUS","BA:82","EAR_EMTA_SEX_CUR_NB","SEX_T","CUR_TYPE_USD","2011",514.284,,,"T30:33","R1:3513_T2:85"
"MUS","BA:82","EAR_EMTA_SEX_CUR_NB","SEX_T","CUR_TYPE_LCU","2010",14188.838,,,"T30:33","R1:3513_T2:85"
"MUS","BA:82","EAR_EMTA_SEX_CUR_NB","SEX_T","CUR_TYPE_PPP","2010",789.629,,,"T30:33","R1:3513_T2:85"
"MUS","BA:82","EAR_EMTA_SEX_CUR_NB","SEX_T","CUR_TYPE_USD","2010",460.91,,,"T30:33","R1:3513_T2:85"
"MUS","BA:82","EAR_EMTA_SEX_CUR_NB","SEX_T","CUR_TYPE_LCU","2009",13253.402,,,"T30:33","R1:3513_T2:85"
"MUS","BA:82","EAR_EMTA_SEX_CUR_NB","SEX_T","CUR_TYPE_PPP","2009",746.948,,,"T30:33","R1:3513_T2:85"
"MUS","BA:82","EAR_EMTA_SEX_CUR_NB","SEX_T","CUR_TYPE_USD","2009",414.69,,,"T30:33","R1:3513_T2:85"
"MUS","BA:82","EAR_EMTA_SEX_CUR_NB","SEX_T","CUR_TYPE_LCU","2008",11625.665,,,"T30:33","R1:3513_T2:85"
"MUS","BA:82","EAR_EMTA_SEX_CUR_NB","SEX_T","CUR_TYPE_PPP","2008",674.093,,,"T30:33","R1:3513_T2:85"
"MUS","BA:82","EAR_EMTA_SEX_CUR_NB","SEX_T","CUR_TYPE_USD","2008",408.594,,,"T30:33","R1:3513_T2:85"
"MUS","BA:82","EAR_EMTA_SEX_CUR_NB","SEX_T","CUR_TYPE_LCU","2007",10237.751,,,"T30:33","R1:3513_T2:85"
"MUS","BA:82","EAR_EMTA_SEX_CUR_NB","SEX_T","CUR_TYPE_PPP","2007",627.307,,,"T30:33","R1:3513_T2:85"
"MUS","BA:82","EAR_EMTA_SEX_CUR_NB","SEX_T","CUR_TYPE_USD","2007",326.942,,,"T30:33","R1:3513_T2:85"
"MUS","BA:82","EAR_EMTA_SEX_CUR_NB","SEX_T","CUR_TYPE_LCU","2006",9708.755,,,"T30:33","R1:3513_T2:85"
"MUS","BA:82","EAR_EMTA_SEX_CUR_NB","SEX_T","CUR_TYPE_PPP","2006",629.45,,,"T30:33","R1:3513_T2:85"
"MUS","BA:82","EAR_EMTA_SEX_CUR_NB","SEX_T","CUR_TYPE_USD","2006",306.192,,,"T30:33","R1:3513_T2:85"
"MUS","BA:82","EAR_EMTA_SEX_CUR_NB","SEX_T","CUR_TYPE_LCU","2005",9474.654,,,"T30:33","R1:3513_T2:85"
"MUS","BA:82","EAR_EMTA_SEX_CUR_NB","SEX_T","CUR_TYPE_PPP","2005",648.118,,,"T30:33","R1:3513_T2:85"
"MUS","BA:82","EAR_EMTA_SEX_CUR_NB","SEX_T","CUR_TYPE_USD","2005",321.216,,,"T30:33","R1:3513_T2:85"
"MUS","BA:82","EAR_EMTA_SEX_CUR_NB","SEX_T","CUR_TYPE_LCU","2004",8313.252,,,"T30:33","R1:3513_T2:85"
"MUS","BA:82","EAR_EMTA_SEX_CUR_NB","SEX_T","CUR_TYPE_PPP","2004",577.166,,,"T30:33","R1:3513_T2:85"
"MUS","BA:82","EAR_EMTA_SEX_CUR_NB","SEX_T","CUR_TYPE_USD","2004",302.316,,,"T30:33","R1:3513_T2:85"
"MUS","BA:82","EAR_EMTA_SEX_CUR_NB","SEX_T","CUR_TYPE_LCU","2003",7926.851,"B",,"T30:33_I11:264","R1:3513_T2:85"
"MUS","BA:82","EAR_EMTA_SEX_CUR_NB","SEX_T","CUR_TYPE_PPP","2003",561.237,"B",,"T30:33_I11:264","R1:3513_T2:85"
"MUS","BA:82","EAR_EMTA_SEX_CUR_NB","SEX_T","CUR_TYPE_USD","2003",284.102,"B",,"T30:33_I11:264","R1:3513_T2:85"
"MUS","BA:82","EAR_EMTA_SEX_CUR_NB","SEX_T","CUR_TYPE_LCU","2002",7375.737,,,"T30:33","R1:3513_T2:85"
"MUS","BA:82","EAR_EMTA_SEX_CUR_NB","SEX_T","CUR_TYPE_PPP","2002",530.647,,,"T30:33","R1:3513_T2:85"
"MUS","BA:82","EAR_EMTA_SEX_CUR_NB","SEX_T","CUR_TYPE_USD","2002",246.17,,,"T30:33","R1:3513_T2:85"
"MUS","BA:82","EAR_EMTA_SEX_CUR_NB","SEX_T","CUR_TYPE_LCU","2001",7000.31,"B",,"T30:33_I11:264","R1:3513_T2:85"
"MUS","BA:82","EAR_EMTA_SEX_CUR_NB","SEX_T","CUR_TYPE_PPP","2001",527.599,"B",,"T30:33_I11:264","R1:3513_T2:85"
"MUS","BA:82","EAR_EMTA_SEX_CUR_NB","SEX_T","CUR_TYPE_USD","2001",240.319,"B",,"T30:33_I11:264","R1:3513_T2:85"
"MUS","DA:1442","EAR_EMTA_SEX_CUR_NB","SEX_T","CUR_TYPE_LCU","2000",8178,,,"T8:127_T9:133_T10:138_T33:396_T30:33","S3:14_S9:66_S6:48"
"MUS","DA:1442","EAR_EMTA_SEX_CUR_NB","SEX_T","CUR_TYPE_PPP","2000",631.724,,,"T8:127_T9:133_T10:138_T33:396_T30:33","S3:14_S9:66_S6:48"
"MUS","DA:1442","EAR_EMTA_SEX_CUR_NB","SEX_T","CUR_TYPE_USD","2000",311.548,,,"T8:127_T9:133_T10:138_T33:396_T30:33","S3:14_S9:66_S6:48"
"MUS","DA:1442","EAR_EMTA_SEX_CUR_NB","SEX_T","CUR_TYPE_LCU","1999",7494,,,"T8:127_T9:133_T10:138_T33:396_T30:33","S3:14_S9:66_S6:48"
"MUS","DA:1442","EAR_EMTA_SEX_CUR_NB","SEX_T","CUR_TYPE_PPP","1999",583.492,,,"T8:127_T9:133_T10:138_T33:396_T30:33","S3:14_S9:66_S6:48"
"MUS","DA:1442","EAR_EMTA_SEX_CUR_NB","SEX_T","CUR_TYPE_USD","1999",297.548,,,"T8:127_T9:133_T10:138_T33:396_T30:33","S3:14_S9:66_S6:48"
"MUS","DA:1442","EAR_EMTA_SEX_CUR_NB","SEX_T","CUR_TYPE_LCU","1998",8080,,,"T8:127_T9:133_T10:138_T33:396_T30:33","S3:14_S9:68_S6:48"
"MUS","DA:1442","EAR_EMTA_SEX_CUR_NB","SEX_T","CUR_TYPE_PPP","1998",658.184,,,"T8:127_T9:133_T10:138_T33:396_T30:33","S3:14_S9:68_S6:48"
"MUS","DA:1442","EAR_EMTA_SEX_CUR_NB","SEX_T","CUR_TYPE_USD","1998",336.77,,,"T8:127_T9:133_T10:138_T33:396_T30:33","S3:14_S9:68_S6:48"
"MUS","DA:1442","EAR_EMTA_SEX_CUR_NB","SEX_T","CUR_TYPE_LCU","1997",7572,,,"T8:127_T9:133_T10:138_T33:396_T30:33","S3:14_S9:68_S6:48"
"MUS","DA:1442","EAR_EMTA_SEX_CUR_NB","SEX_T","CUR_TYPE_PPP","1997",648.742,,,"T8:127_T9:133_T10:138_T33:396_T30:33","S3:14_S9:68_S6:48"
"MUS","DA:1442","EAR_EMTA_SEX_CUR_NB","SEX_T","CUR_TYPE_USD","1997",359.591,,,"T8:127_T9:133_T10:138_T33:396_T30:33","S3:14_S9:68_S6:48"
"MUS","DA:1442","EAR_EMTA_SEX_CUR_NB","SEX_T","CUR_TYPE_LCU","1996",6731,,,"T8:127_T9:133_T10:138_T33:396_T30:33","S3:14_S9:68_S6:48"
"MUS","DA:1442","EAR_EMTA_SEX_CUR_NB","SEX_T","CUR_TYPE_PPP","1996",602.022,,,"T8:127_T9:133_T10:138_T33:396_T30:33","S3:14_S9:68_S6:48"
"MUS","DA:1442","EAR_EMTA_SEX_CUR_NB","SEX_T","CUR_TYPE_USD","1996",375.026,,,"T8:127_T9:133_T10:138_T33:396_T30:33","S3:14_S9:68_S6:48"
"MUS","DA:1442","EAR_EMTA_SEX_CUR_NB","SEX_T","CUR_TYPE_LCU","1995",6334,,,"T8:127_T9:133_T10:138_T33:396_T30:33","S3:14_S9:68_S6:48"
"MUS","DA:1442","EAR_EMTA_SEX_CUR_NB","SEX_T","CUR_TYPE_PPP","1995",586.437,,,"T8:127_T9:133_T10:138_T33:396_T30:33","S3:14_S9:68_S6:48"
"MUS","DA:1442","EAR_EMTA_SEX_CUR_NB","SEX_T","CUR_TYPE_USD","1995",364.31,,,"T8:127_T9:133_T10:138_T33:396_T30:33","S3:14_S9:68_S6:48"
"MUS","DA:1442","EAR_EMTA_SEX_CUR_NB","SEX_T","CUR_TYPE_LCU","1994",5779,,,"T8:127_T9:133_T10:138_T33:396_T30:33","S3:14_S9:68_S6:48"
"MUS","DA:1442","EAR_EMTA_SEX_CUR_NB","SEX_T","CUR_TYPE_PPP","1994",551.831,,,"T8:127_T9:133_T10:138_T33:396_T30:33","S3:14_S9:68_S6:48"
"MUS","DA:1442","EAR_EMTA_SEX_CUR_NB","SEX_T","CUR_TYPE_USD","1994",321.764,,,"T8:127_T9:133_T10:138_T33:396_T30:33","S3:14_S9:68_S6:48"
"MUS","DA:1442","EAR_EMTA_SEX_CUR_NB","SEX_T","CUR_TYPE_LCU","1993",4779,,,"T8:127_T9:133_T10:138_T33:396_T30:33_I11:266","S3:14_S9:68_S6:48"
"MUS","DA:1442","EAR_EMTA_SEX_CUR_NB","SEX_T","CUR_TYPE_PPP","1993",477.316,,,"T8:127_T9:133_T10:138_T33:396_T30:33_I11:266","S3:14_S9:68_S6:48"
"MUS","DA:1442","EAR_EMTA_SEX_CUR_NB","SEX_T","CUR_TYPE_USD","1993",270.795,,,"T8:127_T9:133_T10:138_T33:396_T30:33_I11:266","S3:14_S9:68_S6:48"
"MUS","DA:1442","EAR_EMTA_SEX_CUR_NB","SEX_T","CUR_TYPE_LCU","1992",4530,,,"T8:127_T9:133_T10:138_T33:396_T30:33","S3:14_S9:68_S6:48"
"MUS","DA:1442","EAR_EMTA_SEX_CUR_NB","SEX_T","CUR_TYPE_PPP","1992",485.698,,,"T8:127_T9:133_T10:138_T33:396_T30:33","S3:14_S9:68_S6:48"
"MUS","DA:1442","EAR_EMTA_SEX_CUR_NB","SEX_T","CUR_TYPE_USD","1992",291.071,,,"T8:127_T9:133_T10:138_T33:396_T30:33","S3:14_S9:68_S6:48"
"MUS","DA:1442","EAR_EMTA_SEX_CUR_NB","SEX_T","CUR_TYPE_LCU","1991",5306,,"C5:2067","T8:127_T9:133_T10:138_T33:396_T30:33","S3:25_S9:66"
"MUS","DA:1442","EAR_EMTA_SEX_CUR_NB","SEX_T","CUR_TYPE_PPP","1991",577.815,,"C5:2067","T8:127_T9:133_T10:138_T33:396_T30:33","S3:25_S9:66"
"MUS","DA:1442","EAR_EMTA_SEX_CUR_NB","SEX_T","CUR_TYPE_USD","1991",338.991,,"C5:2067","T8:127_T9:133_T10:138_T33:396_T30:33","S3:25_S9:66"
"MUS","DA:1442","EAR_EMTA_SEX_CUR_NB","SEX_T","CUR_TYPE_LCU","1990",4024,,"C5:2067","T8:127_T9:133_T10:138_T33:396_T30:33","S3:25_S9:66"
"MUS","DA:1442","EAR_EMTA_SEX_CUR_NB","SEX_T","CUR_TYPE_PPP","1990",449.836,,"C5:2067","T8:127_T9:133_T10:138_T33:396_T30:33","S3:25_S9:66"
"MUS","DA:1442","EAR_EMTA_SEX_CUR_NB","SEX_T","CUR_TYPE_USD","1990",270.731,,"C5:2067","T8:127_T9:133_T10:138_T33:396_T30:33","S3:25_S9:66"
"MUS","DA:1442","EAR_EMTA_SEX_CUR_NB","SEX_T","CUR_TYPE_LCU","1989",3703,,"C5:2067","T8:127_T9:133_T10:138_T33:396_T30:33","S3:25_S9:66"
"MUS","DA:1442","EAR_EMTA_SEX_CUR_NB","SEX_T","CUR_TYPE_USD","1989",242.823,,"C5:2067","T8:127_T9:133_T10:138_T33:396_T30:33","S3:25_S9:66"
"MWI","BA:1448","EAR_EMTA_SEX_CUR_NB","SEX_T","CUR_TYPE_LCU","2013",21062.003,"B",,"T30:29_I11:264","R1:3513"
"MWI","BA:1448","EAR_EMTA_SEX_CUR_NB","SEX_T","CUR_TYPE_PPP","2013",177.121,"B",,"T30:29_I11:264","R1:3513"
"MWI","BA:1448","EAR_EMTA_SEX_CUR_NB","SEX_T","CUR_TYPE_USD","2013",57.798,"B",,"T30:29_I11:264","R1:3513"
"MWI","DA:1449","EAR_EMTA_SEX_CUR_NB","SEX_T","CUR_TYPE_LCU","1995",187.96,,"C5:2067","T8:127_T9:133_T10:138_T33:396_T30:29","S9:66"
"MWI","DA:1449","EAR_EMTA_SEX_CUR_NB","SEX_T","CUR_TYPE_PPP","1995",19.674,,"C5:2067","T8:127_T9:133_T10:138_T33:396_T30:29","S9:66"
"MWI","DA:1449","EAR_EMTA_SEX_CUR_NB","SEX_T","CUR_TYPE_USD","1995",12.298,,"C5:2067","T8:127_T9:133_T10:138_T33:396_T30:29","S9:66"
"MWI","DA:1449","EAR_EMTA_SEX_CUR_NB","SEX_T","CUR_TYPE_LCU","1994",167.82,,"C5:2067","T8:127_T9:133_T10:138_T33:396_T30:29","S9:66"
"MWI","DA:1449","EAR_EMTA_SEX_CUR_NB","SEX_T","CUR_TYPE_PPP","1994",31.325,,"C5:2067","T8:127_T9:133_T10:138_T33:396_T30:29","S9:66"
"MWI","DA:1449","EAR_EMTA_SEX_CUR_NB","SEX_T","CUR_TYPE_USD","1994",19.209,,"C5:2067","T8:127_T9:133_T10:138_T33:396_T30:29","S9:66"
"MWI","DA:1449","EAR_EMTA_SEX_CUR_NB","SEX_T","CUR_TYPE_LCU","1993",145.17,,"C5:2067","T8:127_T9:133_T10:138_T33:396_T30:29","S9:66"
"MWI","DA:1449","EAR_EMTA_SEX_CUR_NB","SEX_T","CUR_TYPE_PPP","1993",35.559,,"C5:2067","T8:127_T9:133_T10:138_T33:396_T30:29","S9:66"
"MWI","DA:1449","EAR_EMTA_SEX_CUR_NB","SEX_T","CUR_TYPE_USD","1993",32.972,,"C5:2067","T8:127_T9:133_T10:138_T33:396_T30:29","S9:66"
"MWI","DA:1449","EAR_EMTA_SEX_CUR_NB","SEX_T","CUR_TYPE_LCU","1992",131.18,,"C5:2067","T8:127_T9:133_T10:138_T33:396_T30:29","S9:66"
"MWI","DA:1449","EAR_EMTA_SEX_CUR_NB","SEX_T","CUR_TYPE_PPP","1992",38.319,,"C5:2067","T8:127_T9:133_T10:138_T33:396_T30:29","S9:66"
"MWI","DA:1449","EAR_EMTA_SEX_CUR_NB","SEX_T","CUR_TYPE_USD","1992",36.406,,"C5:2067","T8:127_T9:133_T10:138_T33:396_T30:29","S9:66"
"MWI","DA:1449","EAR_EMTA_SEX_CUR_NB","SEX_T","CUR_TYPE_LCU","1991",109.71,,"C5:2067","T8:127_T9:133_T10:138_T33:396_T30:29","S9:66"
"MWI","DA:1449","EAR_EMTA_SEX_CUR_NB","SEX_T","CUR_TYPE_PPP","1991",38.493,,"C5:2067","T8:127_T9:133_T10:138_T33:396_T30:29","S9:66"
"MWI","DA:1449","EAR_EMTA_SEX_CUR_NB","SEX_T","CUR_TYPE_USD","1991",39.136,,"C5:2067","T8:127_T9:133_T10:138_T33:396_T30:29","S9:66"
"MWI","DA:1449","EAR_EMTA_SEX_CUR_NB","SEX_T","CUR_TYPE_LCU","1990",175,,"C5:2067","T8:127_T9:133_T10:138_T33:396_T30:29","S9:66"
"MWI","DA:1449","EAR_EMTA_SEX_CUR_NB","SEX_T","CUR_TYPE_PPP","1990",66.337,,"C5:2067","T8:127_T9:133_T10:138_T33:396_T30:29","S9:66"
"MWI","DA:1449","EAR_EMTA_SEX_CUR_NB","SEX_T","CUR_TYPE_USD","1990",64.129,,"C5:2067","T8:127_T9:133_T10:138_T33:396_T30:29","S9:66"
"MWI","DA:1449","EAR_EMTA_SEX_CUR_NB","SEX_T","CUR_TYPE_LCU","1989",164.7,,"C5:2067","T8:127_T9:133_T10:138_T33:396_T30:29","S9:66"
"MWI","DA:1449","EAR_EMTA_SEX_CUR_NB","SEX_T","CUR_TYPE_USD","1989",59.684,,"C5:2067","T8:127_T9:133_T10:138_T33:396_T30:29","S9:66"
"MYS","DA:7341","EAR_EMTA_SEX_CUR_NB","SEX_T","CUR_TYPE_LCU","2020",2933,,,"I20:4077_T8:127_T9:133_T10:138_T11:142_T12:1516_T30:136","S9:66"
"MYS","DA:7341","EAR_EMTA_SEX_CUR_NB","SEX_T","CUR_TYPE_PPP","2020",1865.889,,,"I20:4077_T8:127_T9:133_T10:138_T11:142_T12:1516_T30:136","S9:66"
"MYS","DA:7341","EAR_EMTA_SEX_CUR_NB","SEX_T","CUR_TYPE_USD","2020",697.755,,,"I20:4077_T8:127_T9:133_T10:138_T11:142_T12:1516_T30:136","S9:66"
"MYS","DA:7341","EAR_EMTA_SEX_CUR_NB","SEX_T","CUR_TYPE_LCU","2019",3224,,,"I20:4077_T8:127_T9:133_T10:138_T11:142_T12:1516_T30:136","S9:66"
"MYS","DA:7341","EAR_EMTA_SEX_CUR_NB","SEX_T","CUR_TYPE_PPP","2019",1998.193,,,"I20:4077_T8:127_T9:133_T10:138_T11:142_T12:1516_T30:136","S9:66"
"MYS","DA:7341","EAR_EMTA_SEX_CUR_NB","SEX_T","CUR_TYPE_USD","2019",778.28,,,"I20:4077_T8:127_T9:133_T10:138_T11:142_T12:1516_T30:136","S9:66"
"MYS","DA:7341","EAR_EMTA_SEX_CUR_NB","SEX_T","CUR_TYPE_LCU","2018",3087,,,"I20:4077_T8:127_T9:133_T10:138_T11:142_T12:1516_T30:136","S9:66"
"MYS","DA:7341","EAR_EMTA_SEX_CUR_NB","SEX_T","CUR_TYPE_PPP","2018",1891.088,,,"I20:4077_T8:127_T9:133_T10:138_T11:142_T12:1516_T30:136","S9:66"
"MYS","DA:7341","EAR_EMTA_SEX_CUR_NB","SEX_T","CUR_TYPE_USD","2018",765.031,,,"I20:4077_T8:127_T9:133_T10:138_T11:142_T12:1516_T30:136","S9:66"
"MYS","DA:7341","EAR_EMTA_SEX_CUR_NB","SEX_T","CUR_TYPE_LCU","2017",2879,,,"I20:4077_T8:127_T9:133_T10:138_T11:142_T12:1516_T30:136","S9:66"
"MYS","DA:7341","EAR_EMTA_SEX_CUR_NB","SEX_T","CUR_TYPE_PPP","2017",1728.915,,,"I20:4077_T8:127_T9:133_T10:138_T11:142_T12:1516_T30:136","S9:66"
"MYS","DA:7341","EAR_EMTA_SEX_CUR_NB","SEX_T","CUR_TYPE_USD","2017",669.466,,,"I20:4077_T8:127_T9:133_T10:138_T11:142_T12:1516_T30:136","S9:66"
"MYS","DA:7341","EAR_EMTA_SEX_CUR_NB","SEX_T","CUR_TYPE_LCU","2016",2657,,,"I20:4077_T8:127_T9:133_T10:138_T11:142_T12:1516_T30:136","S9:66"
"MYS","DA:7341","EAR_EMTA_SEX_CUR_NB","SEX_T","CUR_TYPE_PPP","2016",1658.748,,,"I20:4077_T8:127_T9:133_T10:138_T11:142_T12:1516_T30:136","S9:66"
"MYS","DA:7341","EAR_EMTA_SEX_CUR_NB","SEX_T","CUR_TYPE_USD","2016",640.503,,,"I20:4077_T8:127_T9:133_T10:138_T11:142_T12:1516_T30:136","S9:66"
"MYS","DA:7341","EAR_EMTA_SEX_CUR_NB","SEX_T","CUR_TYPE_LCU","2015",2312,,,"T8:127_T9:133_T11:142_T12:146_T30:136",
"MYS","DA:7341","EAR_EMTA_SEX_CUR_NB","SEX_T","CUR_TYPE_PPP","2015",1443.77,,,"T8:127_T9:133_T11:142_T12:146_T30:136",
"MYS","DA:7341","EAR_EMTA_SEX_CUR_NB","SEX_T","CUR_TYPE_USD","2015",591.986,,,"T8:127_T9:133_T11:142_T12:146_T30:136",
"MYS","DA:7341","EAR_EMTA_SEX_CUR_NB","SEX_T","CUR_TYPE_LCU","2014",2193,,,"T8:127_T9:133_T11:142_T12:146_T30:136",
"MYS","DA:7341","EAR_EMTA_SEX_CUR_NB","SEX_T","CUR_TYPE_PPP","2014",1392.749,,,"T8:127_T9:133_T11:142_T12:146_T30:136",
"MYS","DA:7341","EAR_EMTA_SEX_CUR_NB","SEX_T","CUR_TYPE_USD","2014",670.056,,,"T8:127_T9:133_T11:142_T12:146_T30:136",
"MYS","DA:7341","EAR_EMTA_SEX_CUR_NB","SEX_T","CUR_TYPE_LCU","2013",2023,,,"T8:127_T9:133_T11:142_T12:146_T30:136",
"MYS","DA:7341","EAR_EMTA_SEX_CUR_NB","SEX_T","CUR_TYPE_PPP","2013",1307.015,,,"T8:127_T9:133_T11:142_T12:146_T30:136",
"MYS","DA:7341","EAR_EMTA_SEX_CUR_NB","SEX_T","CUR_TYPE_USD","2013",642.037,,,"T8:127_T9:133_T11:142_T12:146_T30:136",
"MYS","DA:7341","EAR_EMTA_SEX_CUR_NB","SEX_T","CUR_TYPE_LCU","2012",1906,,,"T8:127_T9:133_T11:142_T12:146_T30:136",
"MYS","DA:7341","EAR_EMTA_SEX_CUR_NB","SEX_T","CUR_TYPE_PPP","2012",1263.397,,,"T8:127_T9:133_T11:142_T12:146_T30:136",
"MYS","DA:7341","EAR_EMTA_SEX_CUR_NB","SEX_T","CUR_TYPE_USD","2012",617.068,,,"T8:127_T9:133_T11:142_T12:146_T30:136",
"MYS","DA:7341","EAR_EMTA_SEX_CUR_NB","SEX_T","CUR_TYPE_LCU","2011",1809,,,"T8:127_T9:133_T11:142_T12:146_T30:136",
"MYS","DA:7341","EAR_EMTA_SEX_CUR_NB","SEX_T","CUR_TYPE_PPP","2011",1140.35,,,"T8:127_T9:133_T11:142_T12:146_T30:136",
"MYS","DA:7341","EAR_EMTA_SEX_CUR_NB","SEX_T","CUR_TYPE_USD","2011",591.176,,,"T8:127_T9:133_T11:142_T12:146_T30:136",
"NAM","BA:1468","EAR_EMTA_SEX_CUR_NB","SEX_T","CUR_TYPE_LCU","2018",7233.303,,,"T30:35","R1:3513"
"NAM","BA:1468","EAR_EMTA_SEX_CUR_NB","SEX_T","CUR_TYPE_PPP","2018",1008.173,,,"T30:35","R1:3513"
"NAM","BA:1468","EAR_EMTA_SEX_CUR_NB","SEX_T","CUR_TYPE_USD","2018",546.572,,,"T30:35","R1:3513"
"NAM","BA:1468","EAR_EMTA_SEX_CUR_NB","SEX_T","CUR_TYPE_LCU","2016",6927.219,,,"T30:35","R1:3513"
"NAM","BA:1468","EAR_EMTA_SEX_CUR_NB","SEX_T","CUR_TYPE_PPP","2016",1058.537,,,"T30:35","R1:3513"
"NAM","BA:1468","EAR_EMTA_SEX_CUR_NB","SEX_T","CUR_TYPE_USD","2016",470.958,,,"T30:35","R1:3513"
"NAM","BA:1468","EAR_EMTA_SEX_CUR_NB","SEX_T","CUR_TYPE_LCU","2014",6638.015,,,"T30:35","R1:3513"
"NAM","BA:1468","EAR_EMTA_SEX_CUR_NB","SEX_T","CUR_TYPE_PPP","2014",1107.864,,,"T30:35","R1:3513"
"NAM","BA:1468","EAR_EMTA_SEX_CUR_NB","SEX_T","CUR_TYPE_USD","2014",612.2,,,"T30:35","R1:3513"
"NAM","BA:1468","EAR_EMTA_SEX_CUR_NB","SEX_T","CUR_TYPE_LCU","2013",6843.447,,,"T30:35","R1:3513"
"NAM","BA:1468","EAR_EMTA_SEX_CUR_NB","SEX_T","CUR_TYPE_PPP","2013",1197.755,,,"T30:35","R1:3513"
"NAM","BA:1468","EAR_EMTA_SEX_CUR_NB","SEX_T","CUR_TYPE_USD","2013",701.887,,,"T30:35","R1:3513"
"NAM","BA:1468","EAR_EMTA_SEX_CUR_NB","SEX_T","CUR_TYPE_LCU","2012",5624.347,"B",,"T30:35_I11:264","R1:3513"
"NAM","BA:1468","EAR_EMTA_SEX_CUR_NB","SEX_T","CUR_TYPE_PPP","2012",1042.844,"B",,"T30:35_I11:264","R1:3513"
"NAM","BA:1468","EAR_EMTA_SEX_CUR_NB","SEX_T","CUR_TYPE_USD","2012",686.417,"B",,"T30:35_I11:264","R1:3513"
"NAM","CA:1469","EAR_EMTA_SEX_CUR_NB","SEX_T","CUR_TYPE_LCU","1992",1761,,,"T8:127_T9:133_T10:138_T33:396_T30:35","S9:66"
"NAM","CA:1469","EAR_EMTA_SEX_CUR_NB","SEX_T","CUR_TYPE_USD","1992",617.458,,,"T8:127_T9:133_T10:138_T33:396_T30:35","S9:66"
"NCL","BA:15961","EAR_EMTA_SEX_CUR_NB","SEX_T","CUR_TYPE_LCU","2017",220065.411,,,"T30:224","R1:3513"
"NCL","BA:15961","EAR_EMTA_SEX_CUR_NB","SEX_T","CUR_TYPE_PPP","2017",1743.729,,,"T30:224","R1:3513"
"NCL","BA:15961","EAR_EMTA_SEX_CUR_NB","SEX_T","CUR_TYPE_USD","2017",2083.3,,,"T30:224","R1:3513"
"NCL","FA:93","EAR_EMTA_SEX_CUR_NB","SEX_T","CUR_TYPE_LCU","1999",255118,,,"T8:127_T9:133_T10:138_T33:396_T30:224","S9:66"
"NCL","FA:93","EAR_EMTA_SEX_CUR_NB","SEX_T","CUR_TYPE_USD","1999",2278.512,,,"T8:127_T9:133_T10:138_T33:396_T30:224","S9:66"
"NER","BB:13367","EAR_EMTA_SEX_CUR_NB","SEX_T","CUR_TYPE_LCU","2022",75078.919,,,"T30:36","R1:3513"
"NER","BB:13367","EAR_EMTA_SEX_CUR_NB","SEX_T","CUR_TYPE_PPP","2022",369.316,,,"T30:36","R1:3513"
"NER","BB:13367","EAR_EMTA_SEX_CUR_NB","SEX_T","CUR_TYPE_USD","2022",120.365,,,"T30:36","R1:3513"
"NER","BB:13367","EAR_EMTA_SEX_CUR_NB","SEX_T","CUR_TYPE_LCU","2019",84228.541,,,"T30:36","R1:3513"
"NER","BB:13367","EAR_EMTA_SEX_CUR_NB","SEX_T","CUR_TYPE_PPP","2019",375.191,,,"T30:36","R1:3513"
"NER","BB:13367","EAR_EMTA_SEX_CUR_NB","SEX_T","CUR_TYPE_USD","2019",143.756,,,"T30:36","R1:3513"
"NER","BB:13367","EAR_EMTA_SEX_CUR_NB","SEX_T","CUR_TYPE_LCU","2014",118006.745,,,"T30:36","R1:3513"
"NER","BB:13367","EAR_EMTA_SEX_CUR_NB","SEX_T","CUR_TYPE_PPP","2014",499.221,,,"T30:36","R1:3513"
"NER","BB:13367","EAR_EMTA_SEX_CUR_NB","SEX_T","CUR_TYPE_USD","2014",238.998,,,"T30:36","R1:3513"
"NER","BA:14071","EAR_EMTA_SEX_CUR_NB","SEX_T","CUR_TYPE_LCU","2012",75505.819,"B",,"T30:36_I11:264","R1:3513"
"NER","BA:14071","EAR_EMTA_SEX_CUR_NB","SEX_T","CUR_TYPE_PPP","2012",333.516,"B",,"T30:36_I11:264","R1:3513"
"NER","BA:14071","EAR_EMTA_SEX_CUR_NB","SEX_T","CUR_TYPE_USD","2012",147.889,"B",,"T30:36_I11:264","R1:3513"
"NER","BB:13367","EAR_EMTA_SEX_CUR_NB","SEX_T","CUR_TYPE_LCU","2011",56188.383,"B",,"T30:36_I11:264","R1:3513"
"NER","BB:13367","EAR_EMTA_SEX_CUR_NB","SEX_T","CUR_TYPE_PPP","2011",243.855,"B",,"T30:36_I11:264","R1:3513"
"NER","BB:13367","EAR_EMTA_SEX_CUR_NB","SEX_T","CUR_TYPE_USD","2011",119.233,"B",,"T30:36_I11:264","R1:3513"
"NER","JA:729","EAR_EMTA_SEX_CUR_NB","SEX_T","CUR_TYPE_LCU","2010",25305.167,,,"T33:396_T30:36","S5:38_S9:66"
"NER","JA:729","EAR_EMTA_SEX_CUR_NB","SEX_T","CUR_TYPE_PPP","2010",109.595,,,"T33:396_T30:36","S5:38_S9:66"
"NER","JA:729","EAR_EMTA_SEX_CUR_NB","SEX_T","CUR_TYPE_USD","2010",51.143,,,"T33:396_T30:36","S5:38_S9:66"
"NER","JA:729","EAR_EMTA_SEX_CUR_NB","SEX_T","CUR_TYPE_LCU","2009",28737.333,,,"T33:396_T30:36","S5:38_S9:66"
"NER","JA:729","EAR_EMTA_SEX_CUR_NB","SEX_T","CUR_TYPE_PPP","2009",123.436,,,"T33:396_T30:36","S5:38_S9:66"
"NER","JA:729","EAR_EMTA_SEX_CUR_NB","SEX_T","CUR_TYPE_USD","2009",61.105,,,"T33:396_T30:36","S5:38_S9:66"
"NGA","BX:7338","EAR_EMTA_SEX_CUR_NB","SEX_T","CUR_TYPE_LCU","2024",76488.787,,,"T30:37","R1:3513"
"NGA","BX:7338","EAR_EMTA_SEX_CUR_NB","SEX_T","CUR_TYPE_PPP","2024",288.05,,,"T30:37","R1:3513"
"NGA","BX:7338","EAR_EMTA_SEX_CUR_NB","SEX_T","CUR_TYPE_USD","2024",51.718,,,"T30:37","R1:3513"
"NGA","BB:16750","EAR_EMTA_SEX_CUR_NB","SEX_T","CUR_TYPE_LCU","2019",45206.168,,,"T30:37","R1:3513"
"NGA","BB:16750","EAR_EMTA_SEX_CUR_NB","SEX_T","CUR_TYPE_PPP","2019",341.341,,,"T30:37","R1:3513"
"NGA","BB:16750","EAR_EMTA_SEX_CUR_NB","SEX_T","CUR_TYPE_USD","2019",147.289,,,"T30:37","R1:3513"
"NGA","BX:7338","EAR_EMTA_SEX_CUR_NB","SEX_T","CUR_TYPE_LCU","2013",58714.022,,,"T30:37","R1:3513"
"NGA","BX:7338","EAR_EMTA_SEX_CUR_NB","SEX_T","CUR_TYPE_PPP","2013",639.488,,,"T30:37","R1:3513"
"NGA","BX:7338","EAR_EMTA_SEX_CUR_NB","SEX_T","CUR_TYPE_USD","2013",373.234,,,"T30:37","R1:3513"
"NGA","BX:7338","EAR_EMTA_SEX_CUR_NB","SEX_T","CUR_TYPE_LCU","2011",47816.395,"B",,"T30:37_I11:264","R1:3513"
"NGA","BX:7338","EAR_EMTA_SEX_CUR_NB","SEX_T","CUR_TYPE_PPP","2011",572.08,"B",,"T30:37_I11:264","R1:3513"
"NGA","BX:7338","EAR_EMTA_SEX_CUR_NB","SEX_T","CUR_TYPE_USD","2011",310.774,"B",,"T30:37_I11:264","R1:3513"
"NIC","BB:5868","EAR_EMTA_SEX_CUR_NB","SEX_T","CUR_TYPE_LCU","2014",9897.546,"B",,"T30:93_I11:264","R1:3513"
"NIC","BB:5868","EAR_EMTA_SEX_CUR_NB","SEX_T","CUR_TYPE_PPP","2014",947.564,"B",,"T30:93_I11:264","R1:3513"
"NIC","BB:5868","EAR_EMTA_SEX_CUR_NB","SEX_T","CUR_TYPE_USD","2014",381.278,"B",,"T30:93_I11:264","R1:3513"
"NIC","DA:164","EAR_EMTA_SEX_CUR_NB","SEX_T","CUR_TYPE_LCU","2013",7463,,,"T8:252_T9:133_T10:138_T12:146_T30:93","S9:66_S6:48"
"NIC","DA:164","EAR_EMTA_SEX_CUR_NB","SEX_T","CUR_TYPE_PPP","2013",747.424,,,"T8:252_T9:133_T10:138_T12:146_T30:93","S9:66_S6:48"
"NIC","DA:164","EAR_EMTA_SEX_CUR_NB","SEX_T","CUR_TYPE_USD","2013",301.868,,,"T8:252_T9:133_T10:138_T12:146_T30:93","S9:66_S6:48"
"NIC","BA:692","EAR_EMTA_SEX_CUR_NB","SEX_T","CUR_TYPE_LCU","2012",4449.921,"B",,"T30:93_I11:264","R1:3513"
"NIC","BA:692","EAR_EMTA_SEX_CUR_NB","SEX_T","CUR_TYPE_PPP","2012",478.633,"B",,"T30:93_I11:264","R1:3513"
"NIC","BA:692","EAR_EMTA_SEX_CUR_NB","SEX_T","CUR_TYPE_USD","2012",188.983,"B",,"T30:93_I11:264","R1:3513"
"NIC","BA:692","EAR_EMTA_SEX_CUR_NB","SEX_T","CUR_TYPE_LCU","2010",3831.3,,,"T10:139_T33:396_T30:93",
"NIC","BA:692","EAR_EMTA_SEX_CUR_NB","SEX_T","CUR_TYPE_PPP","2010",433.942,,,"T10:139_T33:396_T30:93",
"NIC","BA:692","EAR_EMTA_SEX_CUR_NB","SEX_T","CUR_TYPE_USD","2010",179.398,,,"T10:139_T33:396_T30:93",
"NIC","BA:692","EAR_EMTA_SEX_CUR_NB","SEX_T","CUR_TYPE_LCU","2009",3662.2,,,"T10:139_T33:396_T30:93",
"NIC","BA:692","EAR_EMTA_SEX_CUR_NB","SEX_T","CUR_TYPE_PPP","2009",430.358,,,"T10:139_T33:396_T30:93",
"NIC","BA:692","EAR_EMTA_SEX_CUR_NB","SEX_T","CUR_TYPE_USD","2009",180.054,,,"T10:139_T33:396_T30:93",
"NIC","DA:164","EAR_EMTA_SEX_CUR_NB","SEX_T","CUR_TYPE_LCU","2006",4926,,,"T8:127_T9:133_T10:138_T33:396_T30:93","S9:66"
"NIC","DA:164","EAR_EMTA_SEX_CUR_NB","SEX_T","CUR_TYPE_PPP","2006",751.015,,,"T8:127_T9:133_T10:138_T33:396_T30:93","S9:66"
"NIC","DA:164","EAR_EMTA_SEX_CUR_NB","SEX_T","CUR_TYPE_USD","2006",280.364,,,"T8:127_T9:133_T10:138_T33:396_T30:93","S9:66"
"NIC","BB:5868","EAR_EMTA_SEX_CUR_NB","SEX_T","CUR_TYPE_LCU","2005",2680.762,,,"T30:93","R1:3513"
"NIC","BB:5868","EAR_EMTA_SEX_CUR_NB","SEX_T","CUR_TYPE_PPP","2005",432.124,,,"T30:93","R1:3513"
"NIC","BB:5868","EAR_EMTA_SEX_CUR_NB","SEX_T","CUR_TYPE_USD","2005",160.205,,,"T30:93","R1:3513"
"NIC","DA:164","EAR_EMTA_SEX_CUR_NB","SEX_T","CUR_TYPE_LCU","2004",3686,,,"T8:127_T9:133_T10:138_T33:396_T30:93","S9:66"
"NIC","DA:164","EAR_EMTA_SEX_CUR_NB","SEX_T","CUR_TYPE_PPP","2004",629.828,,,"T8:127_T9:133_T10:138_T33:396_T30:93","S9:66"
"NIC","DA:164","EAR_EMTA_SEX_CUR_NB","SEX_T","CUR_TYPE_USD","2004",231.282,,,"T8:127_T9:133_T10:138_T33:396_T30:93","S9:66"
"NIC","DA:164","EAR_EMTA_SEX_CUR_NB","SEX_T","CUR_TYPE_LCU","2003",3388,,,"T8:127_T9:133_T10:138_T33:396_T30:93","S9:66"
"NIC","DA:164","EAR_EMTA_SEX_CUR_NB","SEX_T","CUR_TYPE_PPP","2003",611.57,,,"T8:127_T9:133_T10:138_T33:396_T30:93","S9:66"
"NIC","DA:164","EAR_EMTA_SEX_CUR_NB","SEX_T","CUR_TYPE_USD","2003",224.302,,,"T8:127_T9:133_T10:138_T33:396_T30:93","S9:66"
"NIC","DA:164","EAR_EMTA_SEX_CUR_NB","SEX_T","CUR_TYPE_LCU","2002",3135,,,"T8:127_T9:133_T10:138_T33:396_T30:93","S9:66"
"NIC","DA:164","EAR_EMTA_SEX_CUR_NB","SEX_T","CUR_TYPE_PPP","2002",582.68,,,"T8:127_T9:133_T10:138_T33:396_T30:93","S9:66"
"NIC","DA:164","EAR_EMTA_SEX_CUR_NB","SEX_T","CUR_TYPE_USD","2002",219.98,,,"T8:127_T9:133_T10:138_T33:396_T30:93","S9:66"
"NIC","DA:164","EAR_EMTA_SEX_CUR_NB","SEX_T","CUR_TYPE_LCU","2001",2896.9,,,"T8:127_T9:133_T10:138_T33:396_T30:93","S9:66"
"NIC","DA:164","EAR_EMTA_SEX_CUR_NB","SEX_T","CUR_TYPE_PPP","2001",549.896,,,"T8:127_T9:133_T10:138_T33:396_T30:93","S9:66"
"NIC","DA:164","EAR_EMTA_SEX_CUR_NB","SEX_T","CUR_TYPE_USD","2001",216.64,,,"T8:127_T9:133_T10:138_T33:396_T30:93","S9:66"
"NIC","DA:164","EAR_EMTA_SEX_CUR_NB","SEX_T","CUR_TYPE_LCU","2000",2585,,,"T8:127_T9:133_T10:138_T33:396_T30:93","S9:66"
"NIC","DA:164","EAR_EMTA_SEX_CUR_NB","SEX_T","CUR_TYPE_PPP","2000",505.77,,,"T8:127_T9:133_T10:138_T33:396_T30:93","S9:66"
"NIC","DA:164","EAR_EMTA_SEX_CUR_NB","SEX_T","CUR_TYPE_USD","2000",203.794,,,"T8:127_T9:133_T10:138_T33:396_T30:93","S9:66"
"NIC","DA:164","EAR_EMTA_SEX_CUR_NB","SEX_T","CUR_TYPE_LCU","1999",2282.3,,,"T8:127_T9:133_T10:138_T33:396_T30:93","S9:66"
"NIC","DA:164","EAR_EMTA_SEX_CUR_NB","SEX_T","CUR_TYPE_PPP","1999",462.497,,,"T8:127_T9:133_T10:138_T33:396_T30:93","S9:66"
"NIC","DA:164","EAR_EMTA_SEX_CUR_NB","SEX_T","CUR_TYPE_USD","1999",193.264,,,"T8:127_T9:133_T10:138_T33:396_T30:93","S9:66"
"NIC","DA:164","EAR_EMTA_SEX_CUR_NB","SEX_T","CUR_TYPE_LCU","1998",1964.1,,,"T8:127_T9:133_T10:138_T33:396_T30:93","S9:66"
"NIC","DA:164","EAR_EMTA_SEX_CUR_NB","SEX_T","CUR_TYPE_USD","1998",185.609,,,"T8:127_T9:133_T10:138_T33:396_T30:93","S9:66"
"NIC","DA:164","EAR_EMTA_SEX_CUR_NB","SEX_T","CUR_TYPE_LCU","1997",1617.3,,,"T8:127_T9:133_T10:138_T33:396_T30:93","S9:66"
"NIC","DA:164","EAR_EMTA_SEX_CUR_NB","SEX_T","CUR_TYPE_USD","1997",171.178,,,"T8:127_T9:133_T10:138_T33:396_T30:93","S9:66"
"NIC","DA:164","EAR_EMTA_SEX_CUR_NB","SEX_T","CUR_TYPE_LCU","1996",1482.3,,,"T8:127_T9:133_T10:138_T33:396_T30:93","S9:66"
"NIC","DA:164","EAR_EMTA_SEX_CUR_NB","SEX_T","CUR_TYPE_USD","1996",175.722,,,"T8:127_T9:133_T10:138_T33:396_T30:93","S9:66"
"NIC","DA:164","EAR_EMTA_SEX_CUR_NB","SEX_T","CUR_TYPE_LCU","1995",1357.5,,,"T8:127_T9:133_T10:138_T33:396_T30:93","S9:66"
"NIC","DA:164","EAR_EMTA_SEX_CUR_NB","SEX_T","CUR_TYPE_USD","1995",179.906,,,"T8:127_T9:133_T10:138_T33:396_T30:93","S9:66"
"NIC","DA:164","EAR_EMTA_SEX_CUR_NB","SEX_T","CUR_TYPE_LCU","1994",1198.2,,,"T8:127_T9:133_T10:138_T33:396_T30:93","S9:66"
"NIC","DA:164","EAR_EMTA_SEX_CUR_NB","SEX_T","CUR_TYPE_USD","1994",178.227,,,"T8:127_T9:133_T10:138_T33:396_T30:93","S9:66"
"NIC","DA:164","EAR_EMTA_SEX_CUR_NB","SEX_T","CUR_TYPE_LCU","1993",1056.5,,,"T8:127_T9:133_T10:138_T33:396_T30:93","S9:66"
"NIC","DA:164","EAR_EMTA_SEX_CUR_NB","SEX_T","CUR_TYPE_USD","1993",187.976,,,"T8:127_T9:133_T10:138_T33:396_T30:93","S9:66"
"NIC","DA:164","EAR_EMTA_SEX_CUR_NB","SEX_T","CUR_TYPE_LCU","1992",944.9,,,"T8:127_T9:133_T10:138_T33:396_T30:93","S9:66"
"NIC","DA:164","EAR_EMTA_SEX_CUR_NB","SEX_T","CUR_TYPE_USD","1992",188.98,,,"T8:127_T9:133_T10:138_T33:396_T30:93","S9:66"
"NIC","DA:164","EAR_EMTA_SEX_CUR_NB","SEX_T","CUR_TYPE_LCU","1991",642,,,"T8:127_T9:133_T10:138_T33:396_T30:93_I11:268","S9:66"
"NIC","DA:164","EAR_EMTA_SEX_CUR_NB","SEX_T","CUR_TYPE_USD","1991",150.322,,,"T8:127_T9:133_T10:138_T33:396_T30:93_I11:268","S9:66"
"NIC","DA:164","EAR_EMTA_SEX_CUR_NB","SEX_T","CUR_TYPE_LCU","1990",135147,,"C5:2067","T8:127_T9:133_T10:138_T33:396_T30:325_I9:318","S9:66"
"NIC","DA:164","EAR_EMTA_SEX_CUR_NB","SEX_T","CUR_TYPE_LCU","1989",1373.2,,"C5:2067","T8:127_T9:133_T10:138_T33:396_T30:325_I9:318","S9:66"
"NLD","BB:3060","EAR_EMTA_SEX_CUR_NB","SEX_T","CUR_TYPE_LCU","2025",5665.609,,,"T30:196","R1:3513_T2:85"
"NLD","BB:3060","EAR_EMTA_SEX_CUR_NB","SEX_T","CUR_TYPE_PPP","2025",7383.402,,,"T30:196","R1:3513_T2:85"
"NLD","BB:3060","EAR_EMTA_SEX_CUR_NB","SEX_T","CUR_TYPE_USD","2025",6402.139,,,"T30:196","R1:3513_T2:85"
"NLD","BB:3060","EAR_EMTA_SEX_CUR_NB","SEX_T","CUR_TYPE_LCU","2024",5366.945,,,"T30:196","R1:3513_T2:85"
"NLD","BB:3060","EAR_EMTA_SEX_CUR_NB","SEX_T","CUR_TYPE_PPP","2024",7233.567,,,"T30:196","R1:3513_T2:85"
"NLD","BB:3060","EAR_EMTA_SEX_CUR_NB","SEX_T","CUR_TYPE_USD","2024",5809.181,,,"T30:196","R1:3513_T2:85"
"NLD","BB:3060","EAR_EMTA_SEX_CUR_NB","SEX_T","CUR_TYPE_LCU","2023",4967.716,,,"T30:196","R1:3513_T2:85"
"NLD","BB:3060","EAR_EMTA_SEX_CUR_NB","SEX_T","CUR_TYPE_PPP","2023",6669.678,,,"T30:196","R1:3513_T2:85"
"NLD","BB:3060","EAR_EMTA_SEX_CUR_NB","SEX_T","CUR_TYPE_USD","2023",5371.591,,,"T30:196","R1:3513_T2:85"
"NLD","BB:3060","EAR_EMTA_SEX_CUR_NB","SEX_T","CUR_TYPE_LCU","2022",4851.531,,,"T30:196","R1:3513_T2:85"
"NLD","BB:3060","EAR_EMTA_SEX_CUR_NB","SEX_T","CUR_TYPE_PPP","2022",6403.342,,,"T30:196","R1:3513_T2:85"
"NLD","BB:3060","EAR_EMTA_SEX_CUR_NB","SEX_T","CUR_TYPE_USD","2022",5108.662,,,"T30:196","R1:3513_T2:85"
"NLD","BB:3060","EAR_EMTA_SEX_CUR_NB","SEX_T","CUR_TYPE_LCU","2021",4691.05,,,"T30:196","R1:3513_T2:85"
"NLD","BB:3060","EAR_EMTA_SEX_CUR_NB","SEX_T","CUR_TYPE_PPP","2021",5863.064,,,"T30:196","R1:3513_T2:85"
"NLD","BB:3060","EAR_EMTA_SEX_CUR_NB","SEX_T","CUR_TYPE_USD","2021",5548.104,,,"T30:196","R1:3513_T2:85"
"NLD","BB:3060","EAR_EMTA_SEX_CUR_NB","SEX_T","CUR_TYPE_LCU","2020",4457.43,,,"T30:196","R1:3513_T2:85"
"NLD","BB:3060","EAR_EMTA_SEX_CUR_NB","SEX_T","CUR_TYPE_PPP","2020",5468.086,,,"T30:196","R1:3513_T2:85"
"NLD","BB:3060","EAR_EMTA_SEX_CUR_NB","SEX_T","CUR_TYPE_USD","2020",5091.277,,,"T30:196","R1:3513_T2:85"
"NLD","BB:3060","EAR_EMTA_SEX_CUR_NB","SEX_T","CUR_TYPE_LCU","2019",4265.49,,,"T30:196","R1:3513_T2:85"
"NLD","BB:3060","EAR_EMTA_SEX_CUR_NB","SEX_T","CUR_TYPE_PPP","2019",5118.498,,,"T30:196","R1:3513_T2:85"
"NLD","BB:3060","EAR_EMTA_SEX_CUR_NB","SEX_T","CUR_TYPE_USD","2019",4775.216,,,"T30:196","R1:3513_T2:85"
"NLD","BB:3060","EAR_EMTA_SEX_CUR_NB","SEX_T","CUR_TYPE_LCU","2018",4170.308,,,"T30:196","R1:3513_T2:85"
"NLD","BB:3060","EAR_EMTA_SEX_CUR_NB","SEX_T","CUR_TYPE_PPP","2018",4941.908,,,"T30:196","R1:3513_T2:85"
"NLD","BB:3060","EAR_EMTA_SEX_CUR_NB","SEX_T","CUR_TYPE_USD","2018",4925.133,,,"T30:196","R1:3513_T2:85"
"NLD","BB:3060","EAR_EMTA_SEX_CUR_NB","SEX_T","CUR_TYPE_LCU","2017",4094.269,,,"T30:196","R1:3513_T2:85"
"NLD","BB:3060","EAR_EMTA_SEX_CUR_NB","SEX_T","CUR_TYPE_PPP","2017",4755.381,,,"T30:196","R1:3513_T2:85"
"NLD","BB:3060","EAR_EMTA_SEX_CUR_NB","SEX_T","CUR_TYPE_USD","2017",4625.296,,,"T30:196","R1:3513_T2:85"
"NLD","BB:3060","EAR_EMTA_SEX_CUR_NB","SEX_T","CUR_TYPE_LCU","2016",3991.569,,,"T30:196","R1:3513_T2:85"
"NLD","BB:3060","EAR_EMTA_SEX_CUR_NB","SEX_T","CUR_TYPE_PPP","2016",4572.396,,,"T30:196","R1:3513_T2:85"
"NLD","BB:3060","EAR_EMTA_SEX_CUR_NB","SEX_T","CUR_TYPE_USD","2016",4418.268,,,"T30:196","R1:3513_T2:85"
"NLD","BB:3060","EAR_EMTA_SEX_CUR_NB","SEX_T","CUR_TYPE_LCU","2015",3991.937,,,"T30:196","R1:3513_T2:85"
"NLD","BB:3060","EAR_EMTA_SEX_CUR_NB","SEX_T","CUR_TYPE_PPP","2015",4493.275,,,"T30:196","R1:3513_T2:85"
"NLD","BB:3060","EAR_EMTA_SEX_CUR_NB","SEX_T","CUR_TYPE_USD","2015",4429.054,,,"T30:196","R1:3513_T2:85"
"NLD","BB:3060","EAR_EMTA_SEX_CUR_NB","SEX_T","CUR_TYPE_LCU","2014",3987.837,,,"T30:196","R1:3513_T2:85"
"NLD","BB:3060","EAR_EMTA_SEX_CUR_NB","SEX_T","CUR_TYPE_PPP","2014",4522.987,,,"T30:196","R1:3513_T2:85"
"NLD","BB:3060","EAR_EMTA_SEX_CUR_NB","SEX_T","CUR_TYPE_USD","2014",5297.841,,,"T30:196","R1:3513_T2:85"
"NLD","BB:3060","EAR_EMTA_SEX_CUR_NB","SEX_T","CUR_TYPE_LCU","2013",3843.691,,,"T30:196","R1:3513_T2:85"
"NLD","BB:3060","EAR_EMTA_SEX_CUR_NB","SEX_T","CUR_TYPE_PPP","2013",4403.998,,,"T30:196","R1:3513_T2:85"
"NLD","BB:3060","EAR_EMTA_SEX_CUR_NB","SEX_T","CUR_TYPE_USD","2013",5104.806,,,"T30:196","R1:3513_T2:85"
"NLD","BB:3060","EAR_EMTA_SEX_CUR_NB","SEX_T","CUR_TYPE_LCU","2012",3763.634,,,"T30:196","R1:3513_T2:85"
"NLD","BB:3060","EAR_EMTA_SEX_CUR_NB","SEX_T","CUR_TYPE_PPP","2012",4263.731,,,"T30:196","R1:3513_T2:85"
"NLD","BB:3060","EAR_EMTA_SEX_CUR_NB","SEX_T","CUR_TYPE_USD","2012",4835.516,,,"T30:196","R1:3513_T2:85"
"NLD","BB:3060","EAR_EMTA_SEX_CUR_NB","SEX_T","CUR_TYPE_LCU","2011",3674.575,,,"T30:196","R1:3513_T2:85"
"NLD","BB:3060","EAR_EMTA_SEX_CUR_NB","SEX_T","CUR_TYPE_PPP","2011",4181.665,,,"T30:196","R1:3513_T2:85"
"NLD","BB:3060","EAR_EMTA_SEX_CUR_NB","SEX_T","CUR_TYPE_USD","2011",5115.009,,,"T30:196","R1:3513_T2:85"
"NLD","BB:3060","EAR_EMTA_SEX_CUR_NB","SEX_T","CUR_TYPE_LCU","2010",3680.89,,,"T30:196","R1:3513_T2:85"
"NLD","BB:3060","EAR_EMTA_SEX_CUR_NB","SEX_T","CUR_TYPE_PPP","2010",4175.522,,,"T30:196","R1:3513_T2:85"
"NLD","BB:3060","EAR_EMTA_SEX_CUR_NB","SEX_T","CUR_TYPE_USD","2010",4879.755,,,"T30:196","R1:3513_T2:85"
"NLD","BB:3060","EAR_EMTA_SEX_CUR_NB","SEX_T","CUR_TYPE_LCU","2009",3547.031,,,"T30:196","R1:3513_T2:85"
"NLD","BB:3060","EAR_EMTA_SEX_CUR_NB","SEX_T","CUR_TYPE_PPP","2009",4067.584,,,"T30:196","R1:3513_T2:85"
"NLD","BB:3060","EAR_EMTA_SEX_CUR_NB","SEX_T","CUR_TYPE_USD","2009",4947.399,,,"T30:196","R1:3513_T2:85"
"NLD","BB:3060","EAR_EMTA_SEX_CUR_NB","SEX_T","CUR_TYPE_LCU","2008",3438.734,,,"T30:196","R1:3513_T2:85"
"NLD","BB:3060","EAR_EMTA_SEX_CUR_NB","SEX_T","CUR_TYPE_PPP","2008",3960.973,,,"T30:196","R1:3513_T2:85"
"NLD","BB:3060","EAR_EMTA_SEX_CUR_NB","SEX_T","CUR_TYPE_USD","2008",5057.69,,,"T30:196","R1:3513_T2:85"
"NLD","BB:3060","EAR_EMTA_SEX_CUR_NB","SEX_T","CUR_TYPE_LCU","2007",3381.637,,,"T30:196","R1:3513_T2:85"
"NLD","BB:3060","EAR_EMTA_SEX_CUR_NB","SEX_T","CUR_TYPE_PPP","2007",3861.211,,,"T30:196","R1:3513_T2:85"
"NLD","BB:3060","EAR_EMTA_SEX_CUR_NB","SEX_T","CUR_TYPE_USD","2007",4634.534,,,"T30:196","R1:3513_T2:85"
"NLD","BB:3060","EAR_EMTA_SEX_CUR_NB","SEX_T","CUR_TYPE_LCU","2006",2661.138,,,"T30:196","R1:3513_T2:85"
"NLD","BB:3060","EAR_EMTA_SEX_CUR_NB","SEX_T","CUR_TYPE_PPP","2006",2990.386,,,"T30:196","R1:3513_T2:85"
"NLD","BB:3060","EAR_EMTA_SEX_CUR_NB","SEX_T","CUR_TYPE_USD","2006",3341.325,,,"T30:196","R1:3513_T2:85"
"NLD","BB:3060","EAR_EMTA_SEX_CUR_NB","SEX_T","CUR_TYPE_LCU","2005",2667.946,,,"T30:196","R1:3513_T2:85"
"NLD","BB:3060","EAR_EMTA_SEX_CUR_NB","SEX_T","CUR_TYPE_PPP","2005",2950.769,,,"T30:196","R1:3513_T2:85"
"NLD","BB:3060","EAR_EMTA_SEX_CUR_NB","SEX_T","CUR_TYPE_USD","2005",3319.192,,,"T30:196","R1:3513_T2:85"
"NLD","DA:1500","EAR_EMTA_SEX_CUR_NB","SEX_T","CUR_TYPE_LCU","2004",2792,,,"T8:127_T9:133_T10:138_T12:146_T33:396_T30:196","S3:23_S9:66"
"NLD","DA:1500","EAR_EMTA_SEX_CUR_NB","SEX_T","CUR_TYPE_PPP","2004",3064.418,,,"T8:127_T9:133_T10:138_T12:146_T33:396_T30:196","S3:23_S9:66"
"NLD","DA:1500","EAR_EMTA_SEX_CUR_NB","SEX_T","CUR_TYPE_USD","2004",3472.969,,,"T8:127_T9:133_T10:138_T12:146_T33:396_T30:196","S3:23_S9:66"
"NLD","DA:1500","EAR_EMTA_SEX_CUR_NB","SEX_T","CUR_TYPE_LCU","2003",2712,,,"T8:127_T9:133_T10:138_T12:146_T33:396_T30:196","S3:23_S9:66"
"NLD","DA:1500","EAR_EMTA_SEX_CUR_NB","SEX_T","CUR_TYPE_PPP","2003",2907.067,,,"T8:127_T9:133_T10:138_T12:146_T33:396_T30:196","S3:23_S9:66"
"NLD","DA:1500","EAR_EMTA_SEX_CUR_NB","SEX_T","CUR_TYPE_USD","2003",3067.814,,,"T8:127_T9:133_T10:138_T12:146_T33:396_T30:196","S3:23_S9:66"
"NLD","DA:1500","EAR_EMTA_SEX_CUR_NB","SEX_T","CUR_TYPE_LCU","2002",2623,,,"T8:127_T9:133_T10:138_T12:146_T33:396_T30:196","S3:23_S9:66"
"NLD","DA:1500","EAR_EMTA_SEX_CUR_NB","SEX_T","CUR_TYPE_PPP","2002",2909.45,,,"T8:127_T9:133_T10:138_T12:146_T33:396_T30:196","S3:23_S9:66"
"NLD","DA:1500","EAR_EMTA_SEX_CUR_NB","SEX_T","CUR_TYPE_USD","2002",2480.309,,,"T8:127_T9:133_T10:138_T12:146_T33:396_T30:196","S3:23_S9:66"
"NLD","DA:1500","EAR_EMTA_SEX_CUR_NB","SEX_T","CUR_TYPE_LCU","2001",2517,,,"T8:127_T9:133_T10:138_T12:146_T33:396_T30:196_I11:268","S3:23_S9:66"
"NLD","DA:1500","EAR_EMTA_SEX_CUR_NB","SEX_T","CUR_TYPE_PPP","2001",2783.378,,,"T8:127_T9:133_T10:138_T12:146_T33:396_T30:196_I11:268","S3:23_S9:66"
"NLD","DA:1500","EAR_EMTA_SEX_CUR_NB","SEX_T","CUR_TYPE_USD","2001",2254.225,,,"T8:127_T9:133_T10:138_T12:146_T33:396_T30:196_I11:268","S3:23_S9:66"
"NLD","DA:1500","EAR_EMTA_SEX_CUR_NB","SEX_T","CUR_TYPE_LCU","2000",5220,,,"T8:127_T9:133_T10:138_T12:146_T33:396_T30:326","S3:23_S9:66"
"NLD","DA:1500","EAR_EMTA_SEX_CUR_NB","SEX_T","CUR_TYPE_LCU","1999",5028,,,"T8:127_T9:133_T10:138_T12:146_T33:396_T30:326","S3:23_S9:66"
"NLD","DA:1500","EAR_EMTA_SEX_CUR_NB","SEX_T","CUR_TYPE_LCU","1998",4860,,,"T8:127_T9:133_T10:138_T12:146_T33:396_T30:326","S3:23_S9:66"
"NLD","DA:1500","EAR_EMTA_SEX_CUR_NB","SEX_T","CUR_TYPE_PPP","1998",2405.007,,,"T8:127_T9:133_T10:138_T12:146_T33:396_T30:326","S3:23_S9:66"
"NLD","DA:1500","EAR_EMTA_SEX_CUR_NB","SEX_T","CUR_TYPE_USD","1998",2449.926,,,"T8:127_T9:133_T10:138_T12:146_T33:396_T30:326","S3:23_S9:66"
"NLD","DA:1500","EAR_EMTA_SEX_CUR_NB","SEX_T","CUR_TYPE_LCU","1997",4676,,,"T8:127_T9:133_T10:138_T12:146_T33:396_T30:326","S3:23_S9:66"
"NLD","DA:1500","EAR_EMTA_SEX_CUR_NB","SEX_T","CUR_TYPE_PPP","1997",2324.214,,,"T8:127_T9:133_T10:138_T12:146_T33:396_T30:326","S3:23_S9:66"
"NLD","DA:1500","EAR_EMTA_SEX_CUR_NB","SEX_T","CUR_TYPE_USD","1997",2396.388,,,"T8:127_T9:133_T10:138_T12:146_T33:396_T30:326","S3:23_S9:66"
"NLD","DA:1500","EAR_EMTA_SEX_CUR_NB","SEX_T","CUR_TYPE_LCU","1996",4532,,,"T8:127_T9:133_T10:138_T12:146_T33:396_T30:326","S3:23_S9:66"
"NLD","DA:1500","EAR_EMTA_SEX_CUR_NB","SEX_T","CUR_TYPE_PPP","1996",2340.993,,,"T8:127_T9:133_T10:138_T12:146_T33:396_T30:326","S3:23_S9:66"
"NLD","DA:1500","EAR_EMTA_SEX_CUR_NB","SEX_T","CUR_TYPE_USD","1996",2688.184,,,"T8:127_T9:133_T10:138_T12:146_T33:396_T30:326","S3:23_S9:66"
"NLD","DA:1500","EAR_EMTA_SEX_CUR_NB","SEX_T","CUR_TYPE_LCU","1995",4382,,,"T8:127_T9:133_T10:138_T12:146_T33:396_T30:326","S3:23_S9:66"
"NLD","DA:1500","EAR_EMTA_SEX_CUR_NB","SEX_T","CUR_TYPE_PPP","1995",2289.011,,,"T8:127_T9:133_T10:138_T12:146_T33:396_T30:326","S3:23_S9:66"
"NLD","DA:1500","EAR_EMTA_SEX_CUR_NB","SEX_T","CUR_TYPE_USD","1995",2729.07,,,"T8:127_T9:133_T10:138_T12:146_T33:396_T30:326","S3:23_S9:66"
"NLD","DA:1500","EAR_EMTA_SEX_CUR_NB","SEX_T","CUR_TYPE_LCU","1994",4147,,,"T8:127_T9:133_T10:138_T12:146_T33:396_T30:326","S3:21_S9:66"
"NLD","DA:1500","EAR_EMTA_SEX_CUR_NB","SEX_T","CUR_TYPE_PPP","1994",2100.834,,,"T8:127_T9:133_T10:138_T12:146_T33:396_T30:326","S3:21_S9:66"
"NLD","DA:1500","EAR_EMTA_SEX_CUR_NB","SEX_T","CUR_TYPE_USD","1994",2278.578,,,"T8:127_T9:133_T10:138_T12:146_T33:396_T30:326","S3:21_S9:66"
"NLD","DA:1500","EAR_EMTA_SEX_CUR_NB","SEX_T","CUR_TYPE_LCU","1993",4165.46,,"C5:2067","T8:127_T9:133_T10:138_T33:396_T30:326","S3:21_S9:66_T2:254_T3:255"
"NLD","DA:1500","EAR_EMTA_SEX_CUR_NB","SEX_T","CUR_TYPE_PPP","1993",2110.111,,"C5:2067","T8:127_T9:133_T10:138_T33:396_T30:326","S3:21_S9:66_T2:254_T3:255"
"NLD","DA:1500","EAR_EMTA_SEX_CUR_NB","SEX_T","CUR_TYPE_USD","1993",2242.744,,"C5:2067","T8:127_T9:133_T10:138_T33:396_T30:326","S3:21_S9:66_T2:254_T3:255"
"NLD","DA:1500","EAR_EMTA_SEX_CUR_NB","SEX_T","CUR_TYPE_LCU","1992",4035.56,,"C5:2067","T8:127_T9:133_T10:138_T33:396_T30:326","S3:21_S9:66_T2:254_T3:255"
"NLD","DA:1500","EAR_EMTA_SEX_CUR_NB","SEX_T","CUR_TYPE_PPP","1992",1941.935,,"C5:2067","T8:127_T9:133_T10:138_T33:396_T30:326","S3:21_S9:66_T2:254_T3:255"
"NLD","DA:1500","EAR_EMTA_SEX_CUR_NB","SEX_T","CUR_TYPE_USD","1992",2294.932,,"C5:2067","T8:127_T9:133_T10:138_T33:396_T30:326","S3:21_S9:66_T2:254_T3:255"
"NLD","DA:1500","EAR_EMTA_SEX_CUR_NB","SEX_T","CUR_TYPE_LCU","1991",3875.35,,"C5:2067","T8:127_T9:133_T10:138_T33:396_T30:326","S3:21_S9:66_T2:254_T3:255"
"NLD","DA:1500","EAR_EMTA_SEX_CUR_NB","SEX_T","CUR_TYPE_PPP","1991",1844.99,,"C5:2067","T8:127_T9:133_T10:138_T33:396_T30:326","S3:21_S9:66_T2:254_T3:255"
"NLD","DA:1500","EAR_EMTA_SEX_CUR_NB","SEX_T","CUR_TYPE_USD","1991",2072.749,,"C5:2067","T8:127_T9:133_T10:138_T33:396_T30:326","S3:21_S9:66_T2:254_T3:255"
"NLD","DA:1500","EAR_EMTA_SEX_CUR_NB","SEX_T","CUR_TYPE_LCU","1990",3710.81,,"C5:2067","T8:127_T9:133_T10:138_T33:396_T30:326","S3:21_S9:66_T2:254_T3:255"
"NLD","DA:1500","EAR_EMTA_SEX_CUR_NB","SEX_T","CUR_TYPE_PPP","1990",1769.305,,"C5:2067","T8:127_T9:133_T10:138_T33:396_T30:326","S3:21_S9:66_T2:254_T3:255"
"NLD","DA:1500","EAR_EMTA_SEX_CUR_NB","SEX_T","CUR_TYPE_USD","1990",2037.852,,"C5:2067","T8:127_T9:133_T10:138_T33:396_T30:326","S3:21_S9:66_T2:254_T3:255"
"NLD","DA:1500","EAR_EMTA_SEX_CUR_NB","SEX_T","CUR_TYPE_LCU","1989",3567.92,,"C5:2067","T8:127_T9:133_T10:138_T33:396_T30:326","S3:21_S9:66_T2:254_T3:255"
"NLD","DA:1500","EAR_EMTA_SEX_CUR_NB","SEX_T","CUR_TYPE_USD","1989",1682.396,,"C5:2067","T8:127_T9:133_T10:138_T33:396_T30:326","S3:21_S9:66_T2:254_T3:255"
"NOR","BB:3054","EAR_EMTA_SEX_CUR_NB","SEX_T","CUR_TYPE_LCU","2025",5698.918,,,"T30:391","R1:3513_T2:85"
"NOR","BB:3054","EAR_EMTA_SEX_CUR_NB","SEX_T","CUR_TYPE_PPP","2025",6693.801,,,"T30:391","R1:3513_T2:85"
"NOR","BB:3054","EAR_EMTA_SEX_CUR_NB","SEX_T","CUR_TYPE_USD","2025",6439.778,,,"T30:391","R1:3513_T2:85"
"NOR","BB:3054","EAR_EMTA_SEX_CUR_NB","SEX_T","CUR_TYPE_LCU","2024",5535.189,,,"T30:391","R1:3513_T2:85"
"NOR","BB:3054","EAR_EMTA_SEX_CUR_NB","SEX_T","CUR_TYPE_PPP","2024",6748.519,,,"T30:391","R1:3513_T2:85"
"NOR","BB:3054","EAR_EMTA_SEX_CUR_NB","SEX_T","CUR_TYPE_USD","2024",5991.289,,,"T30:391","R1:3513_T2:85"
"NOR","BB:3054","EAR_EMTA_SEX_CUR_NB","SEX_T","CUR_TYPE_LCU","2023",5861.516,,,"T30:391","R1:3513_T2:85"
"NOR","BB:3054","EAR_EMTA_SEX_CUR_NB","SEX_T","CUR_TYPE_PPP","2023",7137.776,,,"T30:391","R1:3513_T2:85"
"NOR","BB:3054","EAR_EMTA_SEX_CUR_NB","SEX_T","CUR_TYPE_USD","2023",6338.057,,,"T30:391","R1:3513_T2:85"
"NOR","BB:3054","EAR_EMTA_SEX_CUR_NB","SEX_T","CUR_TYPE_LCU","2022",5535.038,,,"T30:391","R1:3513_T2:85"
"NOR","BB:3054","EAR_EMTA_SEX_CUR_NB","SEX_T","CUR_TYPE_PPP","2022",5843.964,,,"T30:391","R1:3513_T2:85"
"NOR","BB:3054","EAR_EMTA_SEX_CUR_NB","SEX_T","CUR_TYPE_USD","2022",5828.395,,,"T30:391","R1:3513_T2:85"
"NOR","BB:3054","EAR_EMTA_SEX_CUR_NB","SEX_T","CUR_TYPE_LCU","2021",5053.704,,,"T30:391","R1:3513_T2:85"
"NOR","BB:3054","EAR_EMTA_SEX_CUR_NB","SEX_T","CUR_TYPE_PPP","2021",5156.315,,,"T30:391","R1:3513_T2:85"
"NOR","BB:3054","EAR_EMTA_SEX_CUR_NB","SEX_T","CUR_TYPE_USD","2021",5977.016,,,"T30:391","R1:3513_T2:85"
"NOR","BB:3054","EAR_EMTA_SEX_CUR_NB","SEX_T","CUR_TYPE_LCU","2020",5627.53,,,"T30:391","R1:3513_T2:85"
"NOR","BB:3054","EAR_EMTA_SEX_CUR_NB","SEX_T","CUR_TYPE_PPP","2020",5923.281,,,"T30:391","R1:3513_T2:85"
"NOR","BB:3054","EAR_EMTA_SEX_CUR_NB","SEX_T","CUR_TYPE_USD","2020",6427.764,,,"T30:391","R1:3513_T2:85"
"NOR","BB:3054","EAR_EMTA_SEX_CUR_NB","SEX_T","CUR_TYPE_LCU","2019",5454.234,,,"T30:391","R1:3513_T2:85"
"NOR","BB:3054","EAR_EMTA_SEX_CUR_NB","SEX_T","CUR_TYPE_PPP","2019",5297.058,,,"T30:391","R1:3513_T2:85"
"NOR","BB:3054","EAR_EMTA_SEX_CUR_NB","SEX_T","CUR_TYPE_USD","2019",6106.015,,,"T30:391","R1:3513_T2:85"
"NOR","BB:3054","EAR_EMTA_SEX_CUR_NB","SEX_T","CUR_TYPE_LCU","2018",5431.898,,,"T30:391","R1:3513_T2:85"
"NOR","BB:3054","EAR_EMTA_SEX_CUR_NB","SEX_T","CUR_TYPE_PPP","2018",5059.091,,,"T30:391","R1:3513_T2:85"
"NOR","BB:3054","EAR_EMTA_SEX_CUR_NB","SEX_T","CUR_TYPE_USD","2018",6415.071,,,"T30:391","R1:3513_T2:85"
"NOR","BB:3054","EAR_EMTA_SEX_CUR_NB","SEX_T","CUR_TYPE_LCU","2017",5323.646,,,"T30:391","R1:3513_T2:85"
"NOR","BB:3054","EAR_EMTA_SEX_CUR_NB","SEX_T","CUR_TYPE_PPP","2017",4790.859,,,"T30:391","R1:3513_T2:85"
"NOR","BB:3054","EAR_EMTA_SEX_CUR_NB","SEX_T","CUR_TYPE_USD","2017",6014.123,,,"T30:391","R1:3513_T2:85"
"NOR","BB:3054","EAR_EMTA_SEX_CUR_NB","SEX_T","CUR_TYPE_LCU","2016",5463.002,,,"T30:391","R1:3513_T2:85"
"NOR","BB:3054","EAR_EMTA_SEX_CUR_NB","SEX_T","CUR_TYPE_PPP","2016",4753.197,,,"T30:391","R1:3513_T2:85"
"NOR","BB:3054","EAR_EMTA_SEX_CUR_NB","SEX_T","CUR_TYPE_USD","2016",6046.996,,,"T30:391","R1:3513_T2:85"
"NOR","BB:3054","EAR_EMTA_SEX_CUR_NB","SEX_T","CUR_TYPE_LCU","2015",5676.831,,,"T30:391","R1:3513_T2:85"
"NOR","BB:3054","EAR_EMTA_SEX_CUR_NB","SEX_T","CUR_TYPE_PPP","2015",4792.123,,,"T30:391","R1:3513_T2:85"
"NOR","BB:3054","EAR_EMTA_SEX_CUR_NB","SEX_T","CUR_TYPE_USD","2015",6298.444,,,"T30:391","R1:3513_T2:85"
"NOR","BB:3054","EAR_EMTA_SEX_CUR_NB","SEX_T","CUR_TYPE_LCU","2014",6043.267,,,"T30:391","R1:3513_T2:85"
"NOR","BB:3054","EAR_EMTA_SEX_CUR_NB","SEX_T","CUR_TYPE_PPP","2014",5135.889,,,"T30:391","R1:3513_T2:85"
"NOR","BB:3054","EAR_EMTA_SEX_CUR_NB","SEX_T","CUR_TYPE_USD","2014",8028.48,,,"T30:391","R1:3513_T2:85"
"NOR","BB:3054","EAR_EMTA_SEX_CUR_NB","SEX_T","CUR_TYPE_LCU","2013",5654.392,,,"T30:391","R1:3513_T2:85"
"NOR","BB:3054","EAR_EMTA_SEX_CUR_NB","SEX_T","CUR_TYPE_PPP","2013",4517.703,,,"T30:391","R1:3513_T2:85"
"NOR","BB:3054","EAR_EMTA_SEX_CUR_NB","SEX_T","CUR_TYPE_USD","2013",7509.598,,,"T30:391","R1:3513_T2:85"
"NOR","BB:3054","EAR_EMTA_SEX_CUR_NB","SEX_T","CUR_TYPE_LCU","2012",5337.993,,,"T30:391","R1:3513_T2:85"
"NOR","BB:3054","EAR_EMTA_SEX_CUR_NB","SEX_T","CUR_TYPE_PPP","2012",4071.26,,,"T30:391","R1:3513_T2:85"
"NOR","BB:3054","EAR_EMTA_SEX_CUR_NB","SEX_T","CUR_TYPE_USD","2012",6858.253,,,"T30:391","R1:3513_T2:85"
"NOR","BB:3054","EAR_EMTA_SEX_CUR_NB","SEX_T","CUR_TYPE_LCU","2011",4934.277,,,"T30:391","R1:3513_T2:85"
"NOR","BB:3054","EAR_EMTA_SEX_CUR_NB","SEX_T","CUR_TYPE_PPP","2011",3935.974,,,"T30:391","R1:3513_T2:85"
"NOR","BB:3054","EAR_EMTA_SEX_CUR_NB","SEX_T","CUR_TYPE_USD","2011",6868.513,,,"T30:391","R1:3513_T2:85"
"NOR","BB:3054","EAR_EMTA_SEX_CUR_NB","SEX_T","CUR_TYPE_LCU","2010",4401.39,,,"T30:391","R1:3513_T2:85"
"NOR","BB:3054","EAR_EMTA_SEX_CUR_NB","SEX_T","CUR_TYPE_PPP","2010",3610.25,,,"T30:391","R1:3513_T2:85"
"NOR","BB:3054","EAR_EMTA_SEX_CUR_NB","SEX_T","CUR_TYPE_USD","2010",5834.923,,,"T30:391","R1:3513_T2:85"
"NOR","BB:3054","EAR_EMTA_SEX_CUR_NB","SEX_T","CUR_TYPE_LCU","2009",4464.753,,,"T30:391","R1:3513_T2:85"
"NOR","BB:3054","EAR_EMTA_SEX_CUR_NB","SEX_T","CUR_TYPE_PPP","2009",4051.928,,,"T30:391","R1:3513_T2:85"
"NOR","BB:3054","EAR_EMTA_SEX_CUR_NB","SEX_T","CUR_TYPE_USD","2009",6227.437,,,"T30:391","R1:3513_T2:85"
"NOR","BB:3054","EAR_EMTA_SEX_CUR_NB","SEX_T","CUR_TYPE_LCU","2008",4249.632,,,"T30:391","R1:3513_T2:85"
"NOR","BB:3054","EAR_EMTA_SEX_CUR_NB","SEX_T","CUR_TYPE_PPP","2008",3663.192,,,"T30:391","R1:3513_T2:85"
"NOR","BB:3054","EAR_EMTA_SEX_CUR_NB","SEX_T","CUR_TYPE_USD","2008",6250.359,,,"T30:391","R1:3513_T2:85"
"NOR","BB:3054","EAR_EMTA_SEX_CUR_NB","SEX_T","CUR_TYPE_LCU","2007",3975.118,,,"T30:391","R1:3513_T2:85"
"NOR","BB:3054","EAR_EMTA_SEX_CUR_NB","SEX_T","CUR_TYPE_PPP","2007",3359.218,,,"T30:391","R1:3513_T2:85"
"NOR","BB:3054","EAR_EMTA_SEX_CUR_NB","SEX_T","CUR_TYPE_USD","2007",5447.899,,,"T30:391","R1:3513_T2:85"
"NOR","BB:3054","EAR_EMTA_SEX_CUR_NB","SEX_T","CUR_TYPE_LCU","2006",3307.001,,,"T30:391","R1:3513_T2:85"
"NOR","BB:3054","EAR_EMTA_SEX_CUR_NB","SEX_T","CUR_TYPE_PPP","2006",2717.885,,,"T30:391","R1:3513_T2:85"
"NOR","BB:3054","EAR_EMTA_SEX_CUR_NB","SEX_T","CUR_TYPE_USD","2006",4152.27,,,"T30:391","R1:3513_T2:85"
"NOR","BB:3054","EAR_EMTA_SEX_CUR_NB","SEX_T","CUR_TYPE_LCU","2005",3056.226,,,"T30:391","R1:3513_T2:85"
"NOR","BB:3054","EAR_EMTA_SEX_CUR_NB","SEX_T","CUR_TYPE_PPP","2005",2461.347,,,"T30:391","R1:3513_T2:85"
"NOR","BB:3054","EAR_EMTA_SEX_CUR_NB","SEX_T","CUR_TYPE_USD","2005",3802.25,,,"T30:391","R1:3513_T2:85"
"NOR","BB:3054","EAR_EMTA_SEX_CUR_NB","SEX_T","CUR_TYPE_LCU","2004",3181.547,,,"T30:391","R1:3513_T2:85"
"NOR","BB:3054","EAR_EMTA_SEX_CUR_NB","SEX_T","CUR_TYPE_PPP","2004",2678.324,,,"T30:391","R1:3513_T2:85"
"NOR","BB:3054","EAR_EMTA_SEX_CUR_NB","SEX_T","CUR_TYPE_USD","2004",3957.527,,,"T30:391","R1:3513_T2:85"
"NOR","DA:12951","EAR_EMTA_SEX_CUR_NB","SEX_T","CUR_TYPE_LCU","2002",3610.77,,,"T30:391","R1:2383_S3:20_S3:21_S8:2603_S8:3907"
"NOR","DA:12951","EAR_EMTA_SEX_CUR_NB","SEX_T","CUR_TYPE_PPP","2002",2753.5,,,"T30:391","R1:2383_S3:20_S3:21_S8:2603_S8:3907"
"NOR","DA:12951","EAR_EMTA_SEX_CUR_NB","SEX_T","CUR_TYPE_USD","2002",3414.344,,,"T30:391","R1:2383_S3:20_S3:21_S8:2603_S8:3907"
"NPL","BA:1510","EAR_EMTA_SEX_CUR_NB","SEX_T","CUR_TYPE_LCU","2017",17801.374,"B",,"T30:140_I11:264","R1:3513"
"NPL","BA:1510","EAR_EMTA_SEX_CUR_NB","SEX_T","CUR_TYPE_PPP","2017",586.489,"B",,"T30:140_I11:264","R1:3513"
"NPL","BA:1510","EAR_EMTA_SEX_CUR_NB","SEX_T","CUR_TYPE_USD","2017",170.329,"B",,"T30:140_I11:264","R1:3513"
"NPL","BA:1510","EAR_EMTA_SEX_CUR_NB","SEX_T","CUR_TYPE_LCU","2008",6286.505,"B",,"T30:140_I11:264","R1:3513"
"NPL","BA:1510","EAR_EMTA_SEX_CUR_NB","SEX_T","CUR_TYPE_PPP","2008",310.083,"B",,"T30:140_I11:264","R1:3513"
"NPL","BA:1510","EAR_EMTA_SEX_CUR_NB","SEX_T","CUR_TYPE_USD","2008",90.114,"B",,"T30:140_I11:264","R1:3513"
"NPL","BA:1510","EAR_EMTA_SEX_CUR_NB","SEX_T","CUR_TYPE_LCU","1999",2143,"U",,"T8:127_T9:133_T10:138_T11:142_T33:396_T30:140","S3:26_S9:66"
"NPL","BA:1510","EAR_EMTA_SEX_CUR_NB","SEX_T","CUR_TYPE_PPP","1999",123.764,"U",,"T8:127_T9:133_T10:138_T11:142_T33:396_T30:140","S3:26_S9:66"
"NPL","BA:1510","EAR_EMTA_SEX_CUR_NB","SEX_T","CUR_TYPE_USD","1999",31.404,"U",,"T8:127_T9:133_T10:138_T11:142_T33:396_T30:140","S3:26_S9:66"
"NRU","BB:14049","EAR_EMTA_SEX_CUR_NB","SEX_T","CUR_TYPE_LCU","2006",9359.371,,,"T30:219","R1:3513"
"NRU","BB:14049","EAR_EMTA_SEX_CUR_NB","SEX_T","CUR_TYPE_USD","2006",7047.86,,,"T30:219","R1:3513"
"NZL","FX:118","EAR_EMTA_SEX_CUR_NB","SEX_T","CUR_TYPE_LCU","2022",5990,,,"T8:127_T9:133_T10:138_T11:142_T12:145_T30:220","S3:24_S4:30_S9:66"
"NZL","FX:118","EAR_EMTA_SEX_CUR_NB","SEX_T","CUR_TYPE_PPP","2022",4064.155,,,"T8:127_T9:133_T10:138_T11:142_T12:145_T30:220","S3:24_S4:30_S9:66"
"NZL","FX:118","EAR_EMTA_SEX_CUR_NB","SEX_T","CUR_TYPE_USD","2022",3797.91,,,"T8:127_T9:133_T10:138_T11:142_T12:145_T30:220","S3:24_S4:30_S9:66"
"NZL","FX:118","EAR_EMTA_SEX_CUR_NB","SEX_T","CUR_TYPE_LCU","2021",5610,,,"T8:127_T9:133_T10:138_T11:142_T12:145_T30:220","S3:24_S4:30_S9:66"
"NZL","FX:118","EAR_EMTA_SEX_CUR_NB","SEX_T","CUR_TYPE_PPP","2021",3602.308,,,"T8:127_T9:133_T10:138_T11:142_T12:145_T30:220","S3:24_S4:30_S9:66"
"NZL","FX:118","EAR_EMTA_SEX_CUR_NB","SEX_T","CUR_TYPE_USD","2021",3968.029,,,"T8:127_T9:133_T10:138_T11:142_T12:145_T30:220","S3:24_S4:30_S9:66"
"NZL","FX:118","EAR_EMTA_SEX_CUR_NB","SEX_T","CUR_TYPE_LCU","2020",5270,,,"T8:127_T9:133_T10:138_T11:142_T12:145_T30:220","S3:24_S4:30_S9:66"
"NZL","FX:118","EAR_EMTA_SEX_CUR_NB","SEX_T","CUR_TYPE_PPP","2020",3411.602,,,"T8:127_T9:133_T10:138_T11:142_T12:145_T30:220","S3:24_S4:30_S9:66"
"NZL","FX:118","EAR_EMTA_SEX_CUR_NB","SEX_T","CUR_TYPE_USD","2020",3417.51,,,"T8:127_T9:133_T10:138_T11:142_T12:145_T30:220","S3:24_S4:30_S9:66"
"NZL","FX:118","EAR_EMTA_SEX_CUR_NB","SEX_T","CUR_TYPE_LCU","2019",5120,,,"T8:127_T9:133_T10:138_T11:142_T12:145_T30:220","S3:24_S4:30_S9:66"
"NZL","FX:118","EAR_EMTA_SEX_CUR_NB","SEX_T","CUR_TYPE_PPP","2019",3268.208,,,"T8:127_T9:133_T10:138_T11:142_T12:145_T30:220","S3:24_S4:30_S9:66"
"NZL","FX:118","EAR_EMTA_SEX_CUR_NB","SEX_T","CUR_TYPE_USD","2019",3373.137,,,"T8:127_T9:133_T10:138_T11:142_T12:145_T30:220","S3:24_S4:30_S9:66"
"NZL","FX:118","EAR_EMTA_SEX_CUR_NB","SEX_T","CUR_TYPE_LCU","2017",4760,,,"T8:127_T9:133_T10:138_T11:142_T12:145_T30:220",
"NZL","FX:118","EAR_EMTA_SEX_CUR_NB","SEX_T","CUR_TYPE_PPP","2017",3011.593,,,"T8:127_T9:133_T10:138_T11:142_T12:145_T30:220",
"NZL","FX:118","EAR_EMTA_SEX_CUR_NB","SEX_T","CUR_TYPE_USD","2017",3382.103,,,"T8:127_T9:133_T10:138_T11:142_T12:145_T30:220",
"NZL","FX:118","EAR_EMTA_SEX_CUR_NB","SEX_T","CUR_TYPE_LCU","2016",4640,,,"T8:127_T9:133_T10:138_T11:142_T12:145_T30:220",
"NZL","FX:118","EAR_EMTA_SEX_CUR_NB","SEX_T","CUR_TYPE_PPP","2016",2926.029,,,"T8:127_T9:133_T10:138_T11:142_T12:145_T30:220",
"NZL","FX:118","EAR_EMTA_SEX_CUR_NB","SEX_T","CUR_TYPE_USD","2016",3230.017,,,"T8:127_T9:133_T10:138_T11:142_T12:145_T30:220",
"NZL","FX:118","EAR_EMTA_SEX_CUR_NB","SEX_T","CUR_TYPE_LCU","2015",4522,,,"T8:127_T9:133_T10:138_T11:142_T12:145_T30:220",
"NZL","FX:118","EAR_EMTA_SEX_CUR_NB","SEX_T","CUR_TYPE_PPP","2015",2772.381,,,"T8:127_T9:133_T10:138_T11:142_T12:145_T30:220",
"NZL","FX:118","EAR_EMTA_SEX_CUR_NB","SEX_T","CUR_TYPE_USD","2015",3153.472,,,"T8:127_T9:133_T10:138_T11:142_T12:145_T30:220",
"NZL","FX:118","EAR_EMTA_SEX_CUR_NB","SEX_T","CUR_TYPE_LCU","2014",4420,,,"T8:127_T9:133_T10:138_T11:142_T12:145_T33:396_T30:220","S3:24_S4:30_S5:40_S9:66"
"NZL","FX:118","EAR_EMTA_SEX_CUR_NB","SEX_T","CUR_TYPE_PPP","2014",2761.069,,,"T8:127_T9:133_T10:138_T11:142_T12:145_T33:396_T30:220","S3:24_S4:30_S5:40_S9:66"
"NZL","FX:118","EAR_EMTA_SEX_CUR_NB","SEX_T","CUR_TYPE_USD","2014",3666.731,,,"T8:127_T9:133_T10:138_T11:142_T12:145_T33:396_T30:220","S3:24_S4:30_S5:40_S9:66"
"NZL","FX:118","EAR_EMTA_SEX_CUR_NB","SEX_T","CUR_TYPE_LCU","2010",3940,,,"T8:127_T9:133_T10:138_T11:142_T12:145_T33:396_T30:220","S3:24_S4:30_S5:40_S9:66"
"NZL","FX:118","EAR_EMTA_SEX_CUR_NB","SEX_T","CUR_TYPE_PPP","2010",2469.681,,,"T8:127_T9:133_T10:138_T11:142_T12:145_T33:396_T30:220","S3:24_S4:30_S5:40_S9:66"
"NZL","FX:118","EAR_EMTA_SEX_CUR_NB","SEX_T","CUR_TYPE_USD","2010",2838.957,,,"T8:127_T9:133_T10:138_T11:142_T12:145_T33:396_T30:220","S3:24_S4:30_S5:40_S9:66"
"NZL","FX:118","EAR_EMTA_SEX_CUR_NB","SEX_T","CUR_TYPE_LCU","2009",3830,,,"T8:127_T9:133_T10:138_T11:142_T12:145_T33:396_T30:220","S3:24_S4:30_S5:40_S9:66"
"NZL","FX:118","EAR_EMTA_SEX_CUR_NB","SEX_T","CUR_TYPE_PPP","2009",2388.186,,,"T8:127_T9:133_T10:138_T11:142_T12:145_T33:396_T30:220","S3:24_S4:30_S5:40_S9:66"
"NZL","FX:118","EAR_EMTA_SEX_CUR_NB","SEX_T","CUR_TYPE_USD","2009",2392.438,,,"T8:127_T9:133_T10:138_T11:142_T12:145_T33:396_T30:220","S3:24_S4:30_S5:40_S9:66"
"PAK","BA:538","EAR_EMTA_SEX_CUR_NB","SEX_T","CUR_TYPE_LCU","2025",26628.502,,,"T30:142","R1:3513_S3:26"
"PAK","BA:538","EAR_EMTA_SEX_CUR_NB","SEX_T","CUR_TYPE_PPP","2025",407.188,,,"T30:142","R1:3513_S3:26"
"PAK","BA:538","EAR_EMTA_SEX_CUR_NB","SEX_T","CUR_TYPE_USD","2025",94.715,,,"T30:142","R1:3513_S3:26"
"PAK","BA:538","EAR_EMTA_SEX_CUR_NB","SEX_T","CUR_TYPE_LCU","2021",24068.182,,,"T30:142","R1:3513_S3:26"
"PAK","BA:538","EAR_EMTA_SEX_CUR_NB","SEX_T","CUR_TYPE_PPP","2021",565.942,,,"T30:142","R1:3513_S3:26"
"PAK","BA:538","EAR_EMTA_SEX_CUR_NB","SEX_T","CUR_TYPE_USD","2021",147.743,,,"T30:142","R1:3513_S3:26"
"PAK","BB:16125","EAR_EMTA_SEX_CUR_NB","SEX_T","CUR_TYPE_LCU","2020",22488.759,"B",,"T30:142_I11:264","R1:3513"
"PAK","BB:16125","EAR_EMTA_SEX_CUR_NB","SEX_T","CUR_TYPE_PPP","2020",563.421,"B",,"T30:142_I11:264","R1:3513"
"PAK","BB:16125","EAR_EMTA_SEX_CUR_NB","SEX_T","CUR_TYPE_USD","2020",138.958,"B",,"T30:142_I11:264","R1:3513"
"PAK","BA:538","EAR_EMTA_SEX_CUR_NB","SEX_T","CUR_TYPE_LCU","2019",21544.745,,,"T30:142","R1:3513_S3:26"
"PAK","BA:538","EAR_EMTA_SEX_CUR_NB","SEX_T","CUR_TYPE_PPP","2019",577.549,,,"T30:142","R1:3513_S3:26"
"PAK","BA:538","EAR_EMTA_SEX_CUR_NB","SEX_T","CUR_TYPE_USD","2019",143.597,,,"T30:142","R1:3513_S3:26"
"PAK","BA:538","EAR_EMTA_SEX_CUR_NB","SEX_T","CUR_TYPE_LCU","2018",19192.732,,,"T30:142","R1:3513_S3:26"
"PAK","BA:538","EAR_EMTA_SEX_CUR_NB","SEX_T","CUR_TYPE_PPP","2018",561.162,,,"T30:142","R1:3513_S3:26"
"PAK","BA:538","EAR_EMTA_SEX_CUR_NB","SEX_T","CUR_TYPE_USD","2018",157.545,,,"T30:142","R1:3513_S3:26"
"PAK","BA:538","EAR_EMTA_SEX_CUR_NB","SEX_T","CUR_TYPE_LCU","2017",18827,,,"T8:127_T9:133_T10:138_T11:142_T12:145_T30:142","S3:26_S5:38"
"PAK","BA:538","EAR_EMTA_SEX_CUR_NB","SEX_T","CUR_TYPE_PPP","2017",574.045,,,"T8:127_T9:133_T10:138_T11:142_T12:145_T30:142","S3:26_S5:38"
"PAK","BA:538","EAR_EMTA_SEX_CUR_NB","SEX_T","CUR_TYPE_USD","2017",178.531,,,"T8:127_T9:133_T10:138_T11:142_T12:145_T30:142","S3:26_S5:38"
"PAK","BA:538","EAR_EMTA_SEX_CUR_NB","SEX_T","CUR_TYPE_LCU","2016",14921,,,"T8:127_T9:133_T10:138_T12:145_T30:142","S5:38"
"PAK","BA:538","EAR_EMTA_SEX_CUR_NB","SEX_T","CUR_TYPE_PPP","2016",470.135,,,"T8:127_T9:133_T10:138_T12:145_T30:142","S5:38"
"PAK","BA:538","EAR_EMTA_SEX_CUR_NB","SEX_T","CUR_TYPE_USD","2016",142.418,,,"T8:127_T9:133_T10:138_T12:145_T30:142","S5:38"
"PAK","BA:538","EAR_EMTA_SEX_CUR_NB","SEX_T","CUR_TYPE_LCU","2015",15494.822,,,"T30:142","R1:3513"
"PAK","BA:538","EAR_EMTA_SEX_CUR_NB","SEX_T","CUR_TYPE_PPP","2015",498.523,,,"T30:142","R1:3513"
"PAK","BA:538","EAR_EMTA_SEX_CUR_NB","SEX_T","CUR_TYPE_USD","2015",150.773,,,"T30:142","R1:3513"
"PAK","BA:538","EAR_EMTA_SEX_CUR_NB","SEX_T","CUR_TYPE_LCU","2014",13635.743,,,"T30:142","R1:3513"
"PAK","BA:538","EAR_EMTA_SEX_CUR_NB","SEX_T","CUR_TYPE_PPP","2014",446.985,,,"T30:142","R1:3513"
"PAK","BA:538","EAR_EMTA_SEX_CUR_NB","SEX_T","CUR_TYPE_USD","2014",134.874,,,"T30:142","R1:3513"
"PAK","BA:538","EAR_EMTA_SEX_CUR_NB","SEX_T","CUR_TYPE_LCU","2013",12568.74,"B",,"T30:142_I11:264","R1:3513"
"PAK","BA:538","EAR_EMTA_SEX_CUR_NB","SEX_T","CUR_TYPE_PPP","2013",437.154,"B",,"T30:142_I11:264","R1:3513"
"PAK","BA:538","EAR_EMTA_SEX_CUR_NB","SEX_T","CUR_TYPE_USD","2013",123.673,"B",,"T30:142_I11:264","R1:3513"
"PAK","BB:16125","EAR_EMTA_SEX_CUR_NB","SEX_T","CUR_TYPE_LCU","2012",9401.493,,,"T30:142","R1:3513"
"PAK","BB:16125","EAR_EMTA_SEX_CUR_NB","SEX_T","CUR_TYPE_PPP","2012",355.383,,,"T30:142","R1:3513"
"PAK","BB:16125","EAR_EMTA_SEX_CUR_NB","SEX_T","CUR_TYPE_USD","2012",100.664,,,"T30:142","R1:3513"
"PAK","BA:538","EAR_EMTA_SEX_CUR_NB","SEX_T","CUR_TYPE_LCU","2011",10093.031,,,"T30:142","R1:3513"
"PAK","BA:538","EAR_EMTA_SEX_CUR_NB","SEX_T","CUR_TYPE_PPP","2011",395.874,,,"T30:142","R1:3513"
"PAK","BA:538","EAR_EMTA_SEX_CUR_NB","SEX_T","CUR_TYPE_USD","2011",116.894,,,"T30:142","R1:3513"
"PAK","BA:538","EAR_EMTA_SEX_CUR_NB","SEX_T","CUR_TYPE_LCU","2010",8939.575,,,"T30:142","R1:3513"
"PAK","BA:538","EAR_EMTA_SEX_CUR_NB","SEX_T","CUR_TYPE_PPP","2010",380.406,,,"T30:142","R1:3513"
"PAK","BA:538","EAR_EMTA_SEX_CUR_NB","SEX_T","CUR_TYPE_USD","2010",104.932,,,"T30:142","R1:3513"
"PAK","BA:538","EAR_EMTA_SEX_CUR_NB","SEX_T","CUR_TYPE_LCU","2009",7922.301,,,"T30:142","R1:3513"
"PAK","BA:538","EAR_EMTA_SEX_CUR_NB","SEX_T","CUR_TYPE_PPP","2009",374.593,,,"T30:142","R1:3513"
"PAK","BA:538","EAR_EMTA_SEX_CUR_NB","SEX_T","CUR_TYPE_USD","2009",96.953,,,"T30:142","R1:3513"
"PAK","BA:538","EAR_EMTA_SEX_CUR_NB","SEX_T","CUR_TYPE_LCU","2008",6878.627,,,"T30:142","R1:3513"
"PAK","BA:538","EAR_EMTA_SEX_CUR_NB","SEX_T","CUR_TYPE_PPP","2008",370.952,,,"T30:142","R1:3513"
"PAK","BA:538","EAR_EMTA_SEX_CUR_NB","SEX_T","CUR_TYPE_USD","2008",97.697,,,"T30:142","R1:3513"
"PAK","BA:538","EAR_EMTA_SEX_CUR_NB","SEX_T","CUR_TYPE_LCU","2007",6013.814,,,"T30:142","R1:3513"
"PAK","BA:538","EAR_EMTA_SEX_CUR_NB","SEX_T","CUR_TYPE_PPP","2007",375.682,,,"T30:142","R1:3513"
"PAK","BA:538","EAR_EMTA_SEX_CUR_NB","SEX_T","CUR_TYPE_USD","2007",99.012,,,"T30:142","R1:3513"
"PAK","BA:538","EAR_EMTA_SEX_CUR_NB","SEX_T","CUR_TYPE_LCU","2006",5196.045,"B",,"T30:142_I11:264","R1:3513"
"PAK","BA:538","EAR_EMTA_SEX_CUR_NB","SEX_T","CUR_TYPE_PPP","2006",339.575,"B",,"T30:142_I11:264","R1:3513"
"PAK","BA:538","EAR_EMTA_SEX_CUR_NB","SEX_T","CUR_TYPE_USD","2006",86.211,"B",,"T30:142_I11:264","R1:3513"
"PAK","BB:16125","EAR_EMTA_SEX_CUR_NB","SEX_T","CUR_TYPE_LCU","2005",4223.248,,,"T30:142","R1:3513"
"PAK","BB:16125","EAR_EMTA_SEX_CUR_NB","SEX_T","CUR_TYPE_PPP","2005",288.554,,,"T30:142","R1:3513"
"PAK","BB:16125","EAR_EMTA_SEX_CUR_NB","SEX_T","CUR_TYPE_USD","2005",70.962,,,"T30:142","R1:3513"
"PAK","BA:538","EAR_EMTA_SEX_CUR_NB","SEX_T","CUR_TYPE_LCU","2004",4088.49,,,"T12:146_T33:396_T30:142","S5:40_T2:239"
"PAK","BA:538","EAR_EMTA_SEX_CUR_NB","SEX_T","CUR_TYPE_PPP","2004",294.667,,,"T12:146_T33:396_T30:142","S5:40_T2:239"
"PAK","BA:538","EAR_EMTA_SEX_CUR_NB","SEX_T","CUR_TYPE_USD","2004",70.179,,,"T12:146_T33:396_T30:142","S5:40_T2:239"
"PAK","BA:538","EAR_EMTA_SEX_CUR_NB","SEX_T","CUR_TYPE_LCU","2002",3432.37,,,"T12:146_T33:396_T30:142","S5:40_T2:239"
"PAK","BA:538","EAR_EMTA_SEX_CUR_NB","SEX_T","CUR_TYPE_PPP","2002",260.495,,,"T12:146_T33:396_T30:142","S5:40_T2:239"
"PAK","BA:538","EAR_EMTA_SEX_CUR_NB","SEX_T","CUR_TYPE_USD","2002",57.471,,,"T12:146_T33:396_T30:142","S5:40_T2:239"
"PAN","BA:511","EAR_EMTA_SEX_CUR_NB","SEX_T","CUR_TYPE_LCU","2025",928.568,,,"T30:94","R1:3513_S3:21"
"PAN","BA:511","EAR_EMTA_SEX_CUR_NB","SEX_T","CUR_TYPE_PPP","2025",1869.462,,,"T30:94","R1:3513_S3:21"
"PAN","BA:511","EAR_EMTA_SEX_CUR_NB","SEX_T","CUR_TYPE_USD","2025",928.568,,,"T30:94","R1:3513_S3:21"
"PAN","BA:511","EAR_EMTA_SEX_CUR_NB","SEX_T","CUR_TYPE_LCU","2024",882.816,,,"T30:94","R1:3513_S3:21"
"PAN","BA:511","EAR_EMTA_SEX_CUR_NB","SEX_T","CUR_TYPE_PPP","2024",1727.372,,,"T30:94","R1:3513_S3:21"
"PAN","BA:511","EAR_EMTA_SEX_CUR_NB","SEX_T","CUR_TYPE_USD","2024",882.816,,,"T30:94","R1:3513_S3:21"
"PAN","BA:511","EAR_EMTA_SEX_CUR_NB","SEX_T","CUR_TYPE_LCU","2023",903.684,,,"T30:94","R1:3513_S3:21"
"PAN","BA:511","EAR_EMTA_SEX_CUR_NB","SEX_T","CUR_TYPE_PPP","2023",1729.451,,,"T30:94","R1:3513_S3:21"
"PAN","BA:511","EAR_EMTA_SEX_CUR_NB","SEX_T","CUR_TYPE_USD","2023",903.684,,,"T30:94","R1:3513_S3:21"
"PAN","BX:16113","EAR_EMTA_SEX_CUR_NB","SEX_T","CUR_TYPE_LCU","2022",827.381,,,"T30:94","R1:3513_S3:21"
"PAN","BX:16113","EAR_EMTA_SEX_CUR_NB","SEX_T","CUR_TYPE_PPP","2022",1543.428,,,"T30:94","R1:3513_S3:21"
"PAN","BX:16113","EAR_EMTA_SEX_CUR_NB","SEX_T","CUR_TYPE_USD","2022",827.381,,,"T30:94","R1:3513_S3:21"
"PAN","BA:511","EAR_EMTA_SEX_CUR_NB","SEX_T","CUR_TYPE_LCU","2021",929.478,"B",,"T30:94_I11:264","R1:3513_S3:21"
"PAN","BA:511","EAR_EMTA_SEX_CUR_NB","SEX_T","CUR_TYPE_PPP","2021",1651.315,"B",,"T30:94_I11:264","R1:3513_S3:21"
"PAN","BA:511","EAR_EMTA_SEX_CUR_NB","SEX_T","CUR_TYPE_USD","2021",929.478,"B",,"T30:94_I11:264","R1:3513_S3:21"
"PAN","BA:511","EAR_EMTA_SEX_CUR_NB","SEX_T","CUR_TYPE_LCU","2020",924.526,"B",,"T30:94_I11:264","R1:3513_S3:19"
"PAN","BA:511","EAR_EMTA_SEX_CUR_NB","SEX_T","CUR_TYPE_PPP","2020",1679.377,"B",,"T30:94_I11:264","R1:3513_S3:19"
"PAN","BA:511","EAR_EMTA_SEX_CUR_NB","SEX_T","CUR_TYPE_USD","2020",924.526,"B",,"T30:94_I11:264","R1:3513_S3:19"
"PAN","BA:511","EAR_EMTA_SEX_CUR_NB","SEX_T","CUR_TYPE_LCU","2019",890.356,,,"T30:94","R1:3513_S3:19"
"PAN","BA:511","EAR_EMTA_SEX_CUR_NB","SEX_T","CUR_TYPE_PPP","2019",1665.738,,,"T30:94","R1:3513_S3:19"
"PAN","BA:511","EAR_EMTA_SEX_CUR_NB","SEX_T","CUR_TYPE_USD","2019",890.356,,,"T30:94","R1:3513_S3:19"
"PAN","BA:511","EAR_EMTA_SEX_CUR_NB","SEX_T","CUR_TYPE_LCU","2018",859.609,,,"T30:94","R1:3513_S3:19"
"PAN","BA:511","EAR_EMTA_SEX_CUR_NB","SEX_T","CUR_TYPE_PPP","2018",1659.525,,,"T30:94","R1:3513_S3:19"
"PAN","BA:511","EAR_EMTA_SEX_CUR_NB","SEX_T","CUR_TYPE_USD","2018",859.609,,,"T30:94","R1:3513_S3:19"
"PAN","BA:511","EAR_EMTA_SEX_CUR_NB","SEX_T","CUR_TYPE_LCU","2017",849.081,,,"T30:94","R1:3513_S3:19"
"PAN","BA:511","EAR_EMTA_SEX_CUR_NB","SEX_T","CUR_TYPE_PPP","2017",1755.926,,,"T30:94","R1:3513_S3:19"
"PAN","BA:511","EAR_EMTA_SEX_CUR_NB","SEX_T","CUR_TYPE_USD","2017",849.081,,,"T30:94","R1:3513_S3:19"
"PAN","BA:511","EAR_EMTA_SEX_CUR_NB","SEX_T","CUR_TYPE_LCU","2016",799.327,,,"T30:94","R1:3513_S3:19"
"PAN","BA:511","EAR_EMTA_SEX_CUR_NB","SEX_T","CUR_TYPE_PPP","2016",1614.857,,,"T30:94","R1:3513_S3:19"
"PAN","BA:511","EAR_EMTA_SEX_CUR_NB","SEX_T","CUR_TYPE_USD","2016",799.327,,,"T30:94","R1:3513_S3:19"
"PAN","BA:511","EAR_EMTA_SEX_CUR_NB","SEX_T","CUR_TYPE_LCU","2015",748.53,,,"T30:94","R1:3513_S3:19"
"PAN","BA:511","EAR_EMTA_SEX_CUR_NB","SEX_T","CUR_TYPE_PPP","2015",1451.964,,,"T30:94","R1:3513_S3:19"
"PAN","BA:511","EAR_EMTA_SEX_CUR_NB","SEX_T","CUR_TYPE_USD","2015",748.53,,,"T30:94","R1:3513_S3:19"
"PAN","BA:511","EAR_EMTA_SEX_CUR_NB","SEX_T","CUR_TYPE_LCU","2014",699.21,,,"T30:94","R1:3513_S3:19"
"PAN","BA:511","EAR_EMTA_SEX_CUR_NB","SEX_T","CUR_TYPE_PPP","2014",1299.551,,,"T30:94","R1:3513_S3:19"
"PAN","BA:511","EAR_EMTA_SEX_CUR_NB","SEX_T","CUR_TYPE_USD","2014",699.21,,,"T30:94","R1:3513_S3:19"
"PAN","BA:511","EAR_EMTA_SEX_CUR_NB","SEX_T","CUR_TYPE_LCU","2013",688.745,,,"T30:94","R1:3513_S3:19"
"PAN","BA:511","EAR_EMTA_SEX_CUR_NB","SEX_T","CUR_TYPE_PPP","2013",1260.102,,,"T30:94","R1:3513_S3:19"
"PAN","BA:511","EAR_EMTA_SEX_CUR_NB","SEX_T","CUR_TYPE_USD","2013",688.745,,,"T30:94","R1:3513_S3:19"
"PAN","BA:511","EAR_EMTA_SEX_CUR_NB","SEX_T","CUR_TYPE_LCU","2012",638.648,,,"T30:94","R1:3513_S3:19"
"PAN","BA:511","EAR_EMTA_SEX_CUR_NB","SEX_T","CUR_TYPE_PPP","2012",1188.229,,,"T30:94","R1:3513_S3:19"
"PAN","BA:511","EAR_EMTA_SEX_CUR_NB","SEX_T","CUR_TYPE_USD","2012",638.648,,,"T30:94","R1:3513_S3:19"
"PAN","BA:511","EAR_EMTA_SEX_CUR_NB","SEX_T","CUR_TYPE_LCU","2011",586.166,,,"T30:94","R1:3513_S3:19"
"PAN","BA:511","EAR_EMTA_SEX_CUR_NB","SEX_T","CUR_TYPE_PPP","2011",1059.517,,,"T30:94","R1:3513_S3:19"
"PAN","BA:511","EAR_EMTA_SEX_CUR_NB","SEX_T","CUR_TYPE_USD","2011",586.166,,,"T30:94","R1:3513_S3:19"
"PAN","BA:511","EAR_EMTA_SEX_CUR_NB","SEX_T","CUR_TYPE_LCU","2010",516.936,"B",,"T30:94_I11:264","R1:3513_S3:19"
"PAN","BA:511","EAR_EMTA_SEX_CUR_NB","SEX_T","CUR_TYPE_PPP","2010",959.009,"B",,"T30:94_I11:264","R1:3513_S3:19"
"PAN","BA:511","EAR_EMTA_SEX_CUR_NB","SEX_T","CUR_TYPE_USD","2010",516.936,"B",,"T30:94_I11:264","R1:3513_S3:19"
"PAN","BA:511","EAR_EMTA_SEX_CUR_NB","SEX_T","CUR_TYPE_LCU","2009",546.177,,,"T8:127_T9:133_T10:138_T11:142_T12:145_T33:396_T30:94","S3:19_S5:40"
"PAN","BA:511","EAR_EMTA_SEX_CUR_NB","SEX_T","CUR_TYPE_PPP","2009",1031.712,,,"T8:127_T9:133_T10:138_T11:142_T12:145_T33:396_T30:94","S3:19_S5:40"
"PAN","BA:511","EAR_EMTA_SEX_CUR_NB","SEX_T","CUR_TYPE_USD","2009",546.177,,,"T8:127_T9:133_T10:138_T11:142_T12:145_T33:396_T30:94","S3:19_S5:40"
"PAN","BB:16128","EAR_EMTA_SEX_CUR_NB","SEX_T","CUR_TYPE_LCU","2008",486.108,,,"T30:94","R1:3513"
"PAN","BB:16128","EAR_EMTA_SEX_CUR_NB","SEX_T","CUR_TYPE_PPP","2008",943.719,,,"T30:94","R1:3513"
"PAN","BB:16128","EAR_EMTA_SEX_CUR_NB","SEX_T","CUR_TYPE_USD","2008",486.108,,,"T30:94","R1:3513"
"PAN","BX:3055","EAR_EMTA_SEX_CUR_NB","SEX_T","CUR_TYPE_LCU","2007",423.037,,,"T30:94","R1:3513_S3:19"
"PAN","BX:3055","EAR_EMTA_SEX_CUR_NB","SEX_T","CUR_TYPE_PPP","2007",860.184,,,"T30:94","R1:3513_S3:19"
"PAN","BX:3055","EAR_EMTA_SEX_CUR_NB","SEX_T","CUR_TYPE_USD","2007",423.037,,,"T30:94","R1:3513_S3:19"
"PAN","BX:3055","EAR_EMTA_SEX_CUR_NB","SEX_T","CUR_TYPE_LCU","2006",416.234,"B",,"T30:94_I11:264","R1:3513_S3:19"
"PAN","BX:3055","EAR_EMTA_SEX_CUR_NB","SEX_T","CUR_TYPE_PPP","2006",857.18,"B",,"T30:94_I11:264","R1:3513_S3:19"
"PAN","BX:3055","EAR_EMTA_SEX_CUR_NB","SEX_T","CUR_TYPE_USD","2006",416.234,"B",,"T30:94_I11:264","R1:3513_S3:19"
"PAN","BB:16128","EAR_EMTA_SEX_CUR_NB","SEX_T","CUR_TYPE_LCU","2003",387.5,,,"T30:94","R1:3513"
"PAN","BB:16128","EAR_EMTA_SEX_CUR_NB","SEX_T","CUR_TYPE_PPP","2003",771.054,,,"T30:94","R1:3513"
"PAN","BB:16128","EAR_EMTA_SEX_CUR_NB","SEX_T","CUR_TYPE_USD","2003",387.5,,,"T30:94","R1:3513"
"PAN","BA:511","EAR_EMTA_SEX_CUR_NB","SEX_T","CUR_TYPE_LCU","1999",296,,,"T8:128_T9:133_T10:138_T33:396_T30:94","S3:14_S9:66"
"PAN","BA:511","EAR_EMTA_SEX_CUR_NB","SEX_T","CUR_TYPE_PPP","1999",550.595,,,"T8:128_T9:133_T10:138_T33:396_T30:94","S3:14_S9:66"
"PAN","BA:511","EAR_EMTA_SEX_CUR_NB","SEX_T","CUR_TYPE_USD","1999",296,,,"T8:128_T9:133_T10:138_T33:396_T30:94","S3:14_S9:66"
"PAN","BA:511","EAR_EMTA_SEX_CUR_NB","SEX_T","CUR_TYPE_LCU","1998",285.9,,,"T8:128_T9:133_T10:138_T33:396_T30:94","S3:14_S9:66"
"PAN","BA:511","EAR_EMTA_SEX_CUR_NB","SEX_T","CUR_TYPE_PPP","1998",526.912,,,"T8:128_T9:133_T10:138_T33:396_T30:94","S3:14_S9:66"
"PAN","BA:511","EAR_EMTA_SEX_CUR_NB","SEX_T","CUR_TYPE_USD","1998",285.9,,,"T8:128_T9:133_T10:138_T33:396_T30:94","S3:14_S9:66"
"PAN","BB:16128","EAR_EMTA_SEX_CUR_NB","SEX_T","CUR_TYPE_LCU","1997",442.173,"B",,"T30:94_I11:264","R1:3513"
"PAN","BB:16128","EAR_EMTA_SEX_CUR_NB","SEX_T","CUR_TYPE_PPP","1997",806.952,"B",,"T30:94_I11:264","R1:3513"
"PAN","BB:16128","EAR_EMTA_SEX_CUR_NB","SEX_T","CUR_TYPE_USD","1997",442.173,"B",,"T30:94_I11:264","R1:3513"
"PER","BA:16208","EAR_EMTA_SEX_CUR_NB","SEX_T","CUR_TYPE_LCU","2025",2008.014,,,"T30:96","R1:3513"
"PER","BA:16208","EAR_EMTA_SEX_CUR_NB","SEX_T","CUR_TYPE_PPP","2025",1042.024,,,"T30:96","R1:3513"
"PER","BA:16208","EAR_EMTA_SEX_CUR_NB","SEX_T","CUR_TYPE_USD","2025",562.932,,,"T30:96","R1:3513"
"PER","BA:16208","EAR_EMTA_SEX_CUR_NB","SEX_T","CUR_TYPE_LCU","2024",1879.013,,,"T30:96","R1:3513"
"PER","BA:16208","EAR_EMTA_SEX_CUR_NB","SEX_T","CUR_TYPE_PPP","2024",964.002,,,"T30:96","R1:3513"
"PER","BA:16208","EAR_EMTA_SEX_CUR_NB","SEX_T","CUR_TYPE_USD","2024",500.736,,,"T30:96","R1:3513"
"PER","BA:16208","EAR_EMTA_SEX_CUR_NB","SEX_T","CUR_TYPE_LCU","2023",1770.391,,,"T30:96","R1:3513"
"PER","BA:16208","EAR_EMTA_SEX_CUR_NB","SEX_T","CUR_TYPE_PPP","2023",899.965,,,"T30:96","R1:3513"
"PER","BA:16208","EAR_EMTA_SEX_CUR_NB","SEX_T","CUR_TYPE_USD","2023",472.883,,,"T30:96","R1:3513"
"PER","BA:16208","EAR_EMTA_SEX_CUR_NB","SEX_T","CUR_TYPE_LCU","2022",1624.76,"B",,"T30:96_I11:264","R1:3513"
"PER","BA:16208","EAR_EMTA_SEX_CUR_NB","SEX_T","CUR_TYPE_PPP","2022",844.492,"B",,"T30:96_I11:264","R1:3513"
"PER","BA:16208","EAR_EMTA_SEX_CUR_NB","SEX_T","CUR_TYPE_USD","2022",423.646,"B",,"T30:96_I11:264","R1:3513"
"PER","BX:375","EAR_EMTA_SEX_CUR_NB","SEX_T","CUR_TYPE_LCU","2021",1638.272,,,"T30:96","R1:3513"
"PER","BX:375","EAR_EMTA_SEX_CUR_NB","SEX_T","CUR_TYPE_PPP","2021",854.124,,,"T30:96","R1:3513"
"PER","BX:375","EAR_EMTA_SEX_CUR_NB","SEX_T","CUR_TYPE_USD","2021",422.175,,,"T30:96","R1:3513"
"PER","BX:375","EAR_EMTA_SEX_CUR_NB","SEX_T","CUR_TYPE_LCU","2020",1495.503,"B",,"T30:96_I11:264","R1:3513"
"PER","BX:375","EAR_EMTA_SEX_CUR_NB","SEX_T","CUR_TYPE_PPP","2020",789.528,"B",,"T30:96_I11:264","R1:3513"
"PER","BX:375","EAR_EMTA_SEX_CUR_NB","SEX_T","CUR_TYPE_USD","2020",427.905,"B",,"T30:96_I11:264","R1:3513"
"PER","BX:375","EAR_EMTA_SEX_CUR_NB","SEX_T","CUR_TYPE_LCU","2019",1585.081,,,"T30:96","R1:3513"
"PER","BX:375","EAR_EMTA_SEX_CUR_NB","SEX_T","CUR_TYPE_PPP","2019",827.858,,,"T30:96","R1:3513"
"PER","BX:375","EAR_EMTA_SEX_CUR_NB","SEX_T","CUR_TYPE_USD","2019",474.964,,,"T30:96","R1:3513"
"PER","BX:375","EAR_EMTA_SEX_CUR_NB","SEX_T","CUR_TYPE_LCU","2018",1528.417,,,"T30:96","R1:3513"
"PER","BX:375","EAR_EMTA_SEX_CUR_NB","SEX_T","CUR_TYPE_PPP","2018",797.222,,,"T30:96","R1:3513"
"PER","BX:375","EAR_EMTA_SEX_CUR_NB","SEX_T","CUR_TYPE_USD","2018",465.045,,,"T30:96","R1:3513"
"PER","BX:375","EAR_EMTA_SEX_CUR_NB","SEX_T","CUR_TYPE_LCU","2017",1477.662,,,"T30:96","R1:3513"
"PER","BX:375","EAR_EMTA_SEX_CUR_NB","SEX_T","CUR_TYPE_PPP","2017",772.094,,,"T30:96","R1:3513"
"PER","BX:375","EAR_EMTA_SEX_CUR_NB","SEX_T","CUR_TYPE_USD","2017",453.203,,,"T30:96","R1:3513"
"PER","BX:375","EAR_EMTA_SEX_CUR_NB","SEX_T","CUR_TYPE_LCU","2016",1465.353,,,"T30:96","R1:3513"
"PER","BX:375","EAR_EMTA_SEX_CUR_NB","SEX_T","CUR_TYPE_PPP","2016",793.734,,,"T30:96","R1:3513"
"PER","BX:375","EAR_EMTA_SEX_CUR_NB","SEX_T","CUR_TYPE_USD","2016",434.171,,,"T30:96","R1:3513"
"PER","BX:375","EAR_EMTA_SEX_CUR_NB","SEX_T","CUR_TYPE_LCU","2015",1370.425,,,"T30:96","R1:3513"
"PER","BX:375","EAR_EMTA_SEX_CUR_NB","SEX_T","CUR_TYPE_PPP","2015",768.788,,,"T30:96","R1:3513"
"PER","BX:375","EAR_EMTA_SEX_CUR_NB","SEX_T","CUR_TYPE_USD","2015",430.35,,,"T30:96","R1:3513"
"PER","BX:375","EAR_EMTA_SEX_CUR_NB","SEX_T","CUR_TYPE_LCU","2014",1325.708,,,"T30:96","R1:3513"
"PER","BX:375","EAR_EMTA_SEX_CUR_NB","SEX_T","CUR_TYPE_PPP","2014",776.381,,,"T30:96","R1:3513"
"PER","BX:375","EAR_EMTA_SEX_CUR_NB","SEX_T","CUR_TYPE_USD","2014",466.956,,,"T30:96","R1:3513"
"PER","BX:375","EAR_EMTA_SEX_CUR_NB","SEX_T","CUR_TYPE_LCU","2013",1263.449,,,"T30:96","R1:3513"
"PER","BX:375","EAR_EMTA_SEX_CUR_NB","SEX_T","CUR_TYPE_PPP","2013",766.172,,,"T30:96","R1:3513"
"PER","BX:375","EAR_EMTA_SEX_CUR_NB","SEX_T","CUR_TYPE_USD","2013",467.615,,,"T30:96","R1:3513"
"PER","BX:375","EAR_EMTA_SEX_CUR_NB","SEX_T","CUR_TYPE_LCU","2012",1188.566,,,"T30:96","R1:3513"
"PER","BX:375","EAR_EMTA_SEX_CUR_NB","SEX_T","CUR_TYPE_PPP","2012",754.604,,,"T30:96","R1:3513"
"PER","BX:375","EAR_EMTA_SEX_CUR_NB","SEX_T","CUR_TYPE_USD","2012",450.626,,,"T30:96","R1:3513"
"PER","BX:375","EAR_EMTA_SEX_CUR_NB","SEX_T","CUR_TYPE_LCU","2011",1099.145,,,"T30:96","R1:3513"
"PER","BX:375","EAR_EMTA_SEX_CUR_NB","SEX_T","CUR_TYPE_PPP","2011",696.024,,,"T30:96","R1:3513"
"PER","BX:375","EAR_EMTA_SEX_CUR_NB","SEX_T","CUR_TYPE_USD","2011",399.094,,,"T30:96","R1:3513"
"PER","BX:375","EAR_EMTA_SEX_CUR_NB","SEX_T","CUR_TYPE_LCU","2010",1038.095,,,"T30:96","R1:3513"
"PER","BX:375","EAR_EMTA_SEX_CUR_NB","SEX_T","CUR_TYPE_PPP","2010",658.719,,,"T30:96","R1:3513"
"PER","BX:375","EAR_EMTA_SEX_CUR_NB","SEX_T","CUR_TYPE_USD","2010",367.451,,,"T30:96","R1:3513"
"PER","BX:375","EAR_EMTA_SEX_CUR_NB","SEX_T","CUR_TYPE_LCU","2009",1023.49,,,"T30:96","R1:3513"
"PER","BX:375","EAR_EMTA_SEX_CUR_NB","SEX_T","CUR_TYPE_PPP","2009",648.737,,,"T30:96","R1:3513"
"PER","BX:375","EAR_EMTA_SEX_CUR_NB","SEX_T","CUR_TYPE_USD","2009",339.86,,,"T30:96","R1:3513"
"PER","BX:375","EAR_EMTA_SEX_CUR_NB","SEX_T","CUR_TYPE_LCU","2008",937.622,,,"T30:96","R1:3513"
"PER","BX:375","EAR_EMTA_SEX_CUR_NB","SEX_T","CUR_TYPE_PPP","2008",613.943,,,"T30:96","R1:3513"
"PER","BX:375","EAR_EMTA_SEX_CUR_NB","SEX_T","CUR_TYPE_USD","2008",320.62,,,"T30:96","R1:3513"
"PER","BX:375","EAR_EMTA_SEX_CUR_NB","SEX_T","CUR_TYPE_LCU","2007",874.889,,,"T30:96","R1:3513"
"PER","BX:375","EAR_EMTA_SEX_CUR_NB","SEX_T","CUR_TYPE_PPP","2007",583.606,,,"T30:96","R1:3513"
"PER","BX:375","EAR_EMTA_SEX_CUR_NB","SEX_T","CUR_TYPE_USD","2007",279.692,,,"T30:96","R1:3513"
"PER","BX:375","EAR_EMTA_SEX_CUR_NB","SEX_T","CUR_TYPE_LCU","2006",811.478,,,"T30:96","R1:3513"
"PER","BX:375","EAR_EMTA_SEX_CUR_NB","SEX_T","CUR_TYPE_PPP","2006",535.661,,,"T30:96","R1:3513"
"PER","BX:375","EAR_EMTA_SEX_CUR_NB","SEX_T","CUR_TYPE_USD","2006",247.853,,,"T30:96","R1:3513"
"PER","BX:375","EAR_EMTA_SEX_CUR_NB","SEX_T","CUR_TYPE_LCU","2005",767.266,,,"T30:96","R1:3513"
"PER","BX:375","EAR_EMTA_SEX_CUR_NB","SEX_T","CUR_TYPE_PPP","2005",500.473,,,"T30:96","R1:3513"
"PER","BX:375","EAR_EMTA_SEX_CUR_NB","SEX_T","CUR_TYPE_USD","2005",232.798,,,"T30:96","R1:3513"
"PER","BX:375","EAR_EMTA_SEX_CUR_NB","SEX_T","CUR_TYPE_LCU","2004",750.341,,,"T30:96","R1:3513"
"PER","BX:375","EAR_EMTA_SEX_CUR_NB","SEX_T","CUR_TYPE_PPP","2004",481.024,,,"T30:96","R1:3513"
"PER","BX:375","EAR_EMTA_SEX_CUR_NB","SEX_T","CUR_TYPE_USD","2004",219.836,,,"T30:96","R1:3513"
"PER","BX:375","EAR_EMTA_SEX_CUR_NB","SEX_T","CUR_TYPE_LCU","2003",842.628,,,"T30:96","R1:3513"
"PER","BX:375","EAR_EMTA_SEX_CUR_NB","SEX_T","CUR_TYPE_PPP","2003",545.37,,,"T30:96","R1:3513"
"PER","BX:375","EAR_EMTA_SEX_CUR_NB","SEX_T","CUR_TYPE_USD","2003",242.241,,,"T30:96","R1:3513"
"PER","BX:375","EAR_EMTA_SEX_CUR_NB","SEX_T","CUR_TYPE_LCU","2002",822.496,"B",,"T30:96_I11:264","R1:3513"
"PER","BX:375","EAR_EMTA_SEX_CUR_NB","SEX_T","CUR_TYPE_PPP","2002",532.285,"B",,"T30:96_I11:264","R1:3513"
"PER","BX:375","EAR_EMTA_SEX_CUR_NB","SEX_T","CUR_TYPE_USD","2002",233.896,"B",,"T30:96_I11:264","R1:3513"
"PER","BX:375","EAR_EMTA_SEX_CUR_NB","SEX_T","CUR_TYPE_LCU","2001",710.278,,,"T30:96","R1:3513"
"PER","BX:375","EAR_EMTA_SEX_CUR_NB","SEX_T","CUR_TYPE_PPP","2001",453.359,,,"T30:96","R1:3513"
"PER","BX:375","EAR_EMTA_SEX_CUR_NB","SEX_T","CUR_TYPE_USD","2001",202.541,,,"T30:96","R1:3513"
"PER","BX:375","EAR_EMTA_SEX_CUR_NB","SEX_T","CUR_TYPE_LCU","2000",706.449,,,"T30:96","R1:3513"
"PER","BX:375","EAR_EMTA_SEX_CUR_NB","SEX_T","CUR_TYPE_PPP","2000",447.191,,,"T30:96","R1:3513"
"PER","BX:375","EAR_EMTA_SEX_CUR_NB","SEX_T","CUR_TYPE_USD","2000",202.421,,,"T30:96","R1:3513"
"PER","BX:375","EAR_EMTA_SEX_CUR_NB","SEX_T","CUR_TYPE_LCU","1999",776.922,,,"T30:96","R1:3513"
"PER","BX:375","EAR_EMTA_SEX_CUR_NB","SEX_T","CUR_TYPE_PPP","1999",493.612,,,"T30:96","R1:3513"
"PER","BX:375","EAR_EMTA_SEX_CUR_NB","SEX_T","CUR_TYPE_USD","1999",229.632,,,"T30:96","R1:3513"
"PER","BX:375","EAR_EMTA_SEX_CUR_NB","SEX_T","CUR_TYPE_LCU","1998",740.65,,,"T30:96","R1:3513"
"PER","BX:375","EAR_EMTA_SEX_CUR_NB","SEX_T","CUR_TYPE_PPP","1998",476.468,,,"T30:96","R1:3513"
"PER","BX:375","EAR_EMTA_SEX_CUR_NB","SEX_T","CUR_TYPE_USD","1998",252.781,,,"T30:96","R1:3513"
"PER","BX:375","EAR_EMTA_SEX_CUR_NB","SEX_T","CUR_TYPE_LCU","1997",652.978,,,"T30:96","R1:3513"
"PER","BX:375","EAR_EMTA_SEX_CUR_NB","SEX_T","CUR_TYPE_PPP","1997",443.628,,,"T30:96","R1:3513"
"PER","BX:375","EAR_EMTA_SEX_CUR_NB","SEX_T","CUR_TYPE_USD","1997",245.097,,,"T30:96","R1:3513"
"PHL","BA:629","EAR_EMTA_SEX_CUR_NB","SEX_T","CUR_TYPE_LCU","2023",17604.959,,,"T30:143","R1:3513"
"PHL","BA:629","EAR_EMTA_SEX_CUR_NB","SEX_T","CUR_TYPE_PPP","2023",850.866,,,"T30:143","R1:3513"
"PHL","BA:629","EAR_EMTA_SEX_CUR_NB","SEX_T","CUR_TYPE_USD","2023",316.463,,,"T30:143","R1:3513"
"PHL","BA:629","EAR_EMTA_SEX_CUR_NB","SEX_T","CUR_TYPE_LCU","2022",16487.742,,,"T30:143","R1:3513"
"PHL","BA:629","EAR_EMTA_SEX_CUR_NB","SEX_T","CUR_TYPE_PPP","2022",811.119,,,"T30:143","R1:3513"
"PHL","BA:629","EAR_EMTA_SEX_CUR_NB","SEX_T","CUR_TYPE_USD","2022",302.651,,,"T30:143","R1:3513"
"PHL","BA:629","EAR_EMTA_SEX_CUR_NB","SEX_T","CUR_TYPE_LCU","2021",15528.057,"B",,"T30:143_I11:264","R1:3513"
"PHL","BA:629","EAR_EMTA_SEX_CUR_NB","SEX_T","CUR_TYPE_PPP","2021",748.476,"B",,"T30:143_I11:264","R1:3513"
"PHL","BA:629","EAR_EMTA_SEX_CUR_NB","SEX_T","CUR_TYPE_USD","2021",315.261,"B",,"T30:143_I11:264","R1:3513"
"PHL","BA:629","EAR_EMTA_SEX_CUR_NB","SEX_T","CUR_TYPE_LCU","2020",15229.753,,,"T30:143","R1:3513"
"PHL","BA:629","EAR_EMTA_SEX_CUR_NB","SEX_T","CUR_TYPE_PPP","2020",735.997,,,"T30:143","R1:3513"
"PHL","BA:629","EAR_EMTA_SEX_CUR_NB","SEX_T","CUR_TYPE_USD","2020",306.902,,,"T30:143","R1:3513"
"PHL","BA:629","EAR_EMTA_SEX_CUR_NB","SEX_T","CUR_TYPE_LCU","2019",14623.306,,,"T30:143","R1:3513"
"PHL","BA:629","EAR_EMTA_SEX_CUR_NB","SEX_T","CUR_TYPE_PPP","2019",709.652,,,"T30:143","R1:3513"
"PHL","BA:629","EAR_EMTA_SEX_CUR_NB","SEX_T","CUR_TYPE_USD","2019",282.326,,,"T30:143","R1:3513"
"PHL","BA:629","EAR_EMTA_SEX_CUR_NB","SEX_T","CUR_TYPE_LCU","2018",13452.754,,,"T30:143","R1:3513"
"PHL","BA:629","EAR_EMTA_SEX_CUR_NB","SEX_T","CUR_TYPE_PPP","2018",652.33,,,"T30:143","R1:3513"
"PHL","BA:629","EAR_EMTA_SEX_CUR_NB","SEX_T","CUR_TYPE_USD","2018",255.457,,,"T30:143","R1:3513"
"PHL","BA:629","EAR_EMTA_SEX_CUR_NB","SEX_T","CUR_TYPE_LCU","2017",12630.924,,,"T30:143","R1:3513"
"PHL","BA:629","EAR_EMTA_SEX_CUR_NB","SEX_T","CUR_TYPE_PPP","2017",628.24,,,"T30:143","R1:3513"
"PHL","BA:629","EAR_EMTA_SEX_CUR_NB","SEX_T","CUR_TYPE_USD","2017",250.595,,,"T30:143","R1:3513"
"PHL","BA:629","EAR_EMTA_SEX_CUR_NB","SEX_T","CUR_TYPE_LCU","2016",12194.434,"B",,"T30:143_I11:264","R1:3513"
"PHL","BA:629","EAR_EMTA_SEX_CUR_NB","SEX_T","CUR_TYPE_PPP","2016",625.233,"B",,"T30:143_I11:264","R1:3513"
"PHL","BA:629","EAR_EMTA_SEX_CUR_NB","SEX_T","CUR_TYPE_USD","2016",256.766,"B",,"T30:143_I11:264","R1:3513"
"PHL","BA:629","EAR_EMTA_SEX_CUR_NB","SEX_T","CUR_TYPE_LCU","2015",11497.51,,,"T30:143","R1:3513"
"PHL","BA:629","EAR_EMTA_SEX_CUR_NB","SEX_T","CUR_TYPE_PPP","2015",589.544,,,"T30:143","R1:3513"
"PHL","BA:629","EAR_EMTA_SEX_CUR_NB","SEX_T","CUR_TYPE_USD","2015",252.677,,,"T30:143","R1:3513"
"PHL","BA:629","EAR_EMTA_SEX_CUR_NB","SEX_T","CUR_TYPE_LCU","2014",11160.633,,,"T30:143","R1:3513"
"PHL","BA:629","EAR_EMTA_SEX_CUR_NB","SEX_T","CUR_TYPE_PPP","2014",574.843,,,"T30:143","R1:3513"
"PHL","BA:629","EAR_EMTA_SEX_CUR_NB","SEX_T","CUR_TYPE_USD","2014",251.393,,,"T30:143","R1:3513"
"PHL","BA:629","EAR_EMTA_SEX_CUR_NB","SEX_T","CUR_TYPE_LCU","2013",10631.893,,,"T30:143","R1:3513"
"PHL","BA:629","EAR_EMTA_SEX_CUR_NB","SEX_T","CUR_TYPE_PPP","2013",562.171,,,"T30:143","R1:3513"
"PHL","BA:629","EAR_EMTA_SEX_CUR_NB","SEX_T","CUR_TYPE_USD","2013",250.479,,,"T30:143","R1:3513"
"PHL","BA:629","EAR_EMTA_SEX_CUR_NB","SEX_T","CUR_TYPE_LCU","2012",10141.655,,,"T30:143","R1:3513"
"PHL","BA:629","EAR_EMTA_SEX_CUR_NB","SEX_T","CUR_TYPE_PPP","2012",556.114,,,"T30:143","R1:3513"
"PHL","BA:629","EAR_EMTA_SEX_CUR_NB","SEX_T","CUR_TYPE_USD","2012",240.16,,,"T30:143","R1:3513"
"PHL","BA:629","EAR_EMTA_SEX_CUR_NB","SEX_T","CUR_TYPE_LCU","2011",9666.602,,,"T30:143","R1:3513"
"PHL","BA:629","EAR_EMTA_SEX_CUR_NB","SEX_T","CUR_TYPE_PPP","2011",514.945,,,"T30:143","R1:3513"
"PHL","BA:629","EAR_EMTA_SEX_CUR_NB","SEX_T","CUR_TYPE_USD","2011",223.179,,,"T30:143","R1:3513"
"PHL","BA:629","EAR_EMTA_SEX_CUR_NB","SEX_T","CUR_TYPE_LCU","2010",9309.254,,,"T30:143","R1:3513"
"PHL","BA:629","EAR_EMTA_SEX_CUR_NB","SEX_T","CUR_TYPE_PPP","2010",503.416,,,"T30:143","R1:3513"
"PHL","BA:629","EAR_EMTA_SEX_CUR_NB","SEX_T","CUR_TYPE_USD","2010",206.369,,,"T30:143","R1:3513"
"PHL","BA:629","EAR_EMTA_SEX_CUR_NB","SEX_T","CUR_TYPE_LCU","2009",8835.451,,,"T30:143","R1:3513"
"PHL","BA:629","EAR_EMTA_SEX_CUR_NB","SEX_T","CUR_TYPE_PPP","2009",487.9,,,"T30:143","R1:3513"
"PHL","BA:629","EAR_EMTA_SEX_CUR_NB","SEX_T","CUR_TYPE_USD","2009",185.309,,,"T30:143","R1:3513"
"PHL","BA:629","EAR_EMTA_SEX_CUR_NB","SEX_T","CUR_TYPE_LCU","2008",8493.399,,,"T30:143","R1:3513"
"PHL","BA:629","EAR_EMTA_SEX_CUR_NB","SEX_T","CUR_TYPE_PPP","2008",490.543,,,"T30:143","R1:3513"
"PHL","BA:629","EAR_EMTA_SEX_CUR_NB","SEX_T","CUR_TYPE_USD","2008",191.624,,,"T30:143","R1:3513"
"PHL","BA:629","EAR_EMTA_SEX_CUR_NB","SEX_T","CUR_TYPE_LCU","2007",8070.828,,,"T30:143","R1:3513"
"PHL","BA:629","EAR_EMTA_SEX_CUR_NB","SEX_T","CUR_TYPE_PPP","2007",485.985,,,"T30:143","R1:3513"
"PHL","BA:629","EAR_EMTA_SEX_CUR_NB","SEX_T","CUR_TYPE_USD","2007",174.889,,,"T30:143","R1:3513"
"PHL","BA:629","EAR_EMTA_SEX_CUR_NB","SEX_T","CUR_TYPE_LCU","2006",7779.03,,,"T30:143","R1:3513"
"PHL","BA:629","EAR_EMTA_SEX_CUR_NB","SEX_T","CUR_TYPE_PPP","2006",468.63,,,"T30:143","R1:3513"
"PHL","BA:629","EAR_EMTA_SEX_CUR_NB","SEX_T","CUR_TYPE_USD","2006",151.596,,,"T30:143","R1:3513"
"PHL","BA:629","EAR_EMTA_SEX_CUR_NB","SEX_T","CUR_TYPE_LCU","2005",7470.595,,,"T30:143","R1:3513"
"PHL","BA:629","EAR_EMTA_SEX_CUR_NB","SEX_T","CUR_TYPE_PPP","2005",459.899,,,"T30:143","R1:3513"
"PHL","BA:629","EAR_EMTA_SEX_CUR_NB","SEX_T","CUR_TYPE_USD","2005",135.618,,,"T30:143","R1:3513"
"PHL","BA:629","EAR_EMTA_SEX_CUR_NB","SEX_T","CUR_TYPE_LCU","2004",7131.76,,,"T30:143","R1:3513"
"PHL","BA:629","EAR_EMTA_SEX_CUR_NB","SEX_T","CUR_TYPE_PPP","2004",452.306,,,"T30:143","R1:3513"
"PHL","BA:629","EAR_EMTA_SEX_CUR_NB","SEX_T","CUR_TYPE_USD","2004",127.262,,,"T30:143","R1:3513"
"PHL","BA:629","EAR_EMTA_SEX_CUR_NB","SEX_T","CUR_TYPE_LCU","2003",7007.359,,,"T30:143","R1:3513"
"PHL","BA:629","EAR_EMTA_SEX_CUR_NB","SEX_T","CUR_TYPE_PPP","2003",453.73,,,"T30:143","R1:3513"
"PHL","BA:629","EAR_EMTA_SEX_CUR_NB","SEX_T","CUR_TYPE_USD","2003",129.279,,,"T30:143","R1:3513"
"PHL","BA:629","EAR_EMTA_SEX_CUR_NB","SEX_T","CUR_TYPE_LCU","2001",6764.709,"B",,"T30:143_I11:264","R1:3513"
"PHL","BA:629","EAR_EMTA_SEX_CUR_NB","SEX_T","CUR_TYPE_PPP","2001",443.003,"B",,"T30:143_I11:264","R1:3513"
"PHL","BA:629","EAR_EMTA_SEX_CUR_NB","SEX_T","CUR_TYPE_USD","2001",132.661,"B",,"T30:143_I11:264","R1:3513"
"PHL","DA:1539","EAR_EMTA_SEX_CUR_NB","SEX_T","CUR_TYPE_LCU","1999",9086,,,"T8:127_T9:133_T10:138_T33:396_T30:143_I11:266","S9:66_S6:49"
"PHL","DA:1539","EAR_EMTA_SEX_CUR_NB","SEX_T","CUR_TYPE_PPP","1999",613.136,,,"T8:127_T9:133_T10:138_T33:396_T30:143_I11:266","S9:66_S6:49"
"PHL","DA:1539","EAR_EMTA_SEX_CUR_NB","SEX_T","CUR_TYPE_USD","1999",232.444,,,"T8:127_T9:133_T10:138_T33:396_T30:143_I11:266","S9:66_S6:49"
"PHL","DA:1539","EAR_EMTA_SEX_CUR_NB","SEX_T","CUR_TYPE_LCU","1998",8565,,,"T8:127_T9:133_T10:138_T33:396_T30:143","S9:66_S6:48"
"PHL","DA:1539","EAR_EMTA_SEX_CUR_NB","SEX_T","CUR_TYPE_PPP","1998",599.194,,,"T8:127_T9:133_T10:138_T33:396_T30:143","S9:66_S6:48"
"PHL","DA:1539","EAR_EMTA_SEX_CUR_NB","SEX_T","CUR_TYPE_USD","1998",209.449,,,"T8:127_T9:133_T10:138_T33:396_T30:143","S9:66_S6:48"
"PHL","DA:1539","EAR_EMTA_SEX_CUR_NB","SEX_T","CUR_TYPE_LCU","1997",7887,,,"T8:127_T9:133_T10:138_T33:396_T30:143","S9:66_S6:48"
"PHL","DA:1539","EAR_EMTA_SEX_CUR_NB","SEX_T","CUR_TYPE_PPP","1997",593.504,,,"T8:127_T9:133_T10:138_T33:396_T30:143","S9:66_S6:48"
"PHL","DA:1539","EAR_EMTA_SEX_CUR_NB","SEX_T","CUR_TYPE_USD","1997",267.622,,,"T8:127_T9:133_T10:138_T33:396_T30:143","S9:66_S6:48"
"PHL","DA:1539","EAR_EMTA_SEX_CUR_NB","SEX_T","CUR_TYPE_LCU","1996",7194,,,"T8:127_T9:133_T10:138_T33:396_T30:143","S9:66_S6:48"
"PHL","DA:1539","EAR_EMTA_SEX_CUR_NB","SEX_T","CUR_TYPE_PPP","1996",558.561,,,"T8:127_T9:133_T10:138_T33:396_T30:143","S9:66_S6:48"
"PHL","DA:1539","EAR_EMTA_SEX_CUR_NB","SEX_T","CUR_TYPE_USD","1996",274.412,,,"T8:127_T9:133_T10:138_T33:396_T30:143","S9:66_S6:48"
"PHL","DA:1539","EAR_EMTA_SEX_CUR_NB","SEX_T","CUR_TYPE_LCU","1995",6959,,,"T8:127_T9:133_T10:138_T33:396_T30:143","S9:66_S6:49"
"PHL","DA:1539","EAR_EMTA_SEX_CUR_NB","SEX_T","CUR_TYPE_PPP","1995",564.172,,,"T8:127_T9:133_T10:138_T33:396_T30:143","S9:66_S6:49"
"PHL","DA:1539","EAR_EMTA_SEX_CUR_NB","SEX_T","CUR_TYPE_USD","1995",270.626,,,"T8:127_T9:133_T10:138_T33:396_T30:143","S9:66_S6:49"
"PHL","DA:1539","EAR_EMTA_SEX_CUR_NB","SEX_T","CUR_TYPE_LCU","1994",6461,,,"T8:127_T9:133_T10:138_T33:396_T30:143","S9:66_S6:49"
"PHL","DA:1539","EAR_EMTA_SEX_CUR_NB","SEX_T","CUR_TYPE_PPP","1994",544.315,,,"T8:127_T9:133_T10:138_T33:396_T30:143","S9:66_S6:49"
"PHL","DA:1539","EAR_EMTA_SEX_CUR_NB","SEX_T","CUR_TYPE_USD","1994",244.576,,,"T8:127_T9:133_T10:138_T33:396_T30:143","S9:66_S6:49"
"PHL","DA:1539","EAR_EMTA_SEX_CUR_NB","SEX_T","CUR_TYPE_LCU","1993",5873,,,"T8:127_T9:133_T10:138_T33:396_T30:143","S9:66_S6:49"
"PHL","DA:1539","EAR_EMTA_SEX_CUR_NB","SEX_T","CUR_TYPE_PPP","1993",532.289,,,"T8:127_T9:133_T10:138_T33:396_T30:143","S9:66_S6:49"
"PHL","DA:1539","EAR_EMTA_SEX_CUR_NB","SEX_T","CUR_TYPE_USD","1993",216.557,,,"T8:127_T9:133_T10:138_T33:396_T30:143","S9:66_S6:49"
"PHL","DA:1539","EAR_EMTA_SEX_CUR_NB","SEX_T","CUR_TYPE_LCU","1992",5517,,,"T8:127_T9:133_T10:138_T33:396_T30:143","S9:66_S6:49"
"PHL","DA:1539","EAR_EMTA_SEX_CUR_NB","SEX_T","CUR_TYPE_PPP","1992",518.308,,,"T8:127_T9:133_T10:138_T33:396_T30:143","S9:66_S6:49"
"PHL","DA:1539","EAR_EMTA_SEX_CUR_NB","SEX_T","CUR_TYPE_USD","1992",216.247,,,"T8:127_T9:133_T10:138_T33:396_T30:143","S9:66_S6:49"
"PHL","DA:1539","EAR_EMTA_SEX_CUR_NB","SEX_T","CUR_TYPE_LCU","1991",5025,,,"T8:127_T9:133_T10:138_T33:396_T30:143","S9:66_S6:49"
"PHL","DA:1539","EAR_EMTA_SEX_CUR_NB","SEX_T","CUR_TYPE_PPP","1991",497.847,,,"T8:127_T9:133_T10:138_T33:396_T30:143","S9:66_S6:49"
"PHL","DA:1539","EAR_EMTA_SEX_CUR_NB","SEX_T","CUR_TYPE_USD","1991",182.869,,,"T8:127_T9:133_T10:138_T33:396_T30:143","S9:66_S6:49"
"PHL","DA:1539","EAR_EMTA_SEX_CUR_NB","SEX_T","CUR_TYPE_LCU","1990",4259,,,"T8:127_T9:133_T10:138_T33:396_T30:143","S9:66_S6:49"
"PHL","DA:1539","EAR_EMTA_SEX_CUR_NB","SEX_T","CUR_TYPE_PPP","1990",482.786,,,"T8:127_T9:133_T10:138_T33:396_T30:143","S9:66_S6:49"
"PHL","DA:1539","EAR_EMTA_SEX_CUR_NB","SEX_T","CUR_TYPE_USD","1990",175.192,,,"T8:127_T9:133_T10:138_T33:396_T30:143","S9:66_S6:49"
"PHL","DA:1539","EAR_EMTA_SEX_CUR_NB","SEX_T","CUR_TYPE_LCU","1989",3592,,,"T8:127_T9:133_T10:138_T33:396_T30:143","S9:66_S6:49"
"PHL","DA:1539","EAR_EMTA_SEX_CUR_NB","SEX_T","CUR_TYPE_USD","1989",165.251,,,"T8:127_T9:133_T10:138_T33:396_T30:143","S9:66_S6:49"
"PLW","BB:14046","EAR_EMTA_SEX_CUR_NB","SEX_T","CUR_TYPE_LCU","2023",1042.366,,,"T30:225","R1:3513"
"PLW","BB:14046","EAR_EMTA_SEX_CUR_NB","SEX_T","CUR_TYPE_PPP","2023",1041.905,,,"T30:225","R1:3513"
"PLW","BB:14046","EAR_EMTA_SEX_CUR_NB","SEX_T","CUR_TYPE_USD","2023",1042.366,,,"T30:225","R1:3513"
"PLW","AA:1541","EAR_EMTA_SEX_CUR_NB","SEX_T","CUR_TYPE_LCU","2000",781.718,,,"T30:225","R1:3513"
"PLW","AA:1541","EAR_EMTA_SEX_CUR_NB","SEX_T","CUR_TYPE_PPP","2000",945.341,,,"T30:225","R1:3513"
"POL","BB:13355","EAR_EMTA_SEX_CUR_NB","SEX_T","CUR_TYPE_LCU","2025",2037.092,,,"T30:392","R1:3513_T2:85"
"POL","BB:13355","EAR_EMTA_SEX_CUR_NB","SEX_T","CUR_TYPE_PPP","2025",4195.725,,,"T30:392","R1:3513_T2:85"
"POL","BB:13355","EAR_EMTA_SEX_CUR_NB","SEX_T","CUR_TYPE_USD","2025",2301.914,,,"T30:392","R1:3513_T2:85"
"POL","BB:13355","EAR_EMTA_SEX_CUR_NB","SEX_T","CUR_TYPE_LCU","2024",1682.769,,,"T30:392","R1:3513_T2:85"
"POL","BB:13355","EAR_EMTA_SEX_CUR_NB","SEX_T","CUR_TYPE_PPP","2024",3610.837,,,"T30:392","R1:3513_T2:85"
"POL","BB:13355","EAR_EMTA_SEX_CUR_NB","SEX_T","CUR_TYPE_USD","2024",1821.429,,,"T30:392","R1:3513_T2:85"
"POL","BB:13355","EAR_EMTA_SEX_CUR_NB","SEX_T","CUR_TYPE_LCU","2023",1401.822,,,"T30:392","R1:3513_T2:85"
"POL","BB:13355","EAR_EMTA_SEX_CUR_NB","SEX_T","CUR_TYPE_PPP","2023",3194.857,,,"T30:392","R1:3513_T2:85"
"POL","BB:13355","EAR_EMTA_SEX_CUR_NB","SEX_T","CUR_TYPE_USD","2023",1515.79,,,"T30:392","R1:3513_T2:85"
"POL","BB:13355","EAR_EMTA_SEX_CUR_NB","SEX_T","CUR_TYPE_LCU","2022",1279.429,,,"T30:392","R1:3513_T2:85"
"POL","BB:13355","EAR_EMTA_SEX_CUR_NB","SEX_T","CUR_TYPE_PPP","2022",3113.625,,,"T30:392","R1:3513_T2:85"
"POL","BB:13355","EAR_EMTA_SEX_CUR_NB","SEX_T","CUR_TYPE_USD","2022",1347.239,,,"T30:392","R1:3513_T2:85"
"POL","BB:13355","EAR_EMTA_SEX_CUR_NB","SEX_T","CUR_TYPE_LCU","2021",1164.874,,,"T30:392","R1:3513_T2:85"
"POL","BB:13355","EAR_EMTA_SEX_CUR_NB","SEX_T","CUR_TYPE_PPP","2021",2781.594,,,"T30:392","R1:3513_T2:85"
"POL","BB:13355","EAR_EMTA_SEX_CUR_NB","SEX_T","CUR_TYPE_USD","2021",1377.696,,,"T30:392","R1:3513_T2:85"
"POL","BB:13355","EAR_EMTA_SEX_CUR_NB","SEX_T","CUR_TYPE_LCU","2020",1159.714,,,"T30:392","R1:3513_T2:85"
"POL","BB:13355","EAR_EMTA_SEX_CUR_NB","SEX_T","CUR_TYPE_PPP","2020",2804.382,,,"T30:392","R1:3513_T2:85"
"POL","BB:13355","EAR_EMTA_SEX_CUR_NB","SEX_T","CUR_TYPE_USD","2020",1324.626,,,"T30:392","R1:3513_T2:85"
"POL","BB:13355","EAR_EMTA_SEX_CUR_NB","SEX_T","CUR_TYPE_LCU","2019",1066.971,,,"T30:392","R1:3513_T2:85"
"POL","BB:13355","EAR_EMTA_SEX_CUR_NB","SEX_T","CUR_TYPE_PPP","2019",2504.202,,,"T30:392","R1:3513_T2:85"
"POL","BB:13355","EAR_EMTA_SEX_CUR_NB","SEX_T","CUR_TYPE_USD","2019",1194.474,,,"T30:392","R1:3513_T2:85"
"POL","BB:13355","EAR_EMTA_SEX_CUR_NB","SEX_T","CUR_TYPE_LCU","2018",974.297,,,"T30:392","R1:3513_T2:85"
"POL","BB:13355","EAR_EMTA_SEX_CUR_NB","SEX_T","CUR_TYPE_PPP","2018",2215.775,,,"T30:392","R1:3513_T2:85"
"POL","BB:13355","EAR_EMTA_SEX_CUR_NB","SEX_T","CUR_TYPE_USD","2018",1150.645,,,"T30:392","R1:3513_T2:85"
"POL","BB:13355","EAR_EMTA_SEX_CUR_NB","SEX_T","CUR_TYPE_LCU","2017",910.845,,,"T30:392","R1:3513_T2:85"
"POL","BB:13355","EAR_EMTA_SEX_CUR_NB","SEX_T","CUR_TYPE_PPP","2017",2072.354,,,"T30:392","R1:3513_T2:85"
"POL","BB:13355","EAR_EMTA_SEX_CUR_NB","SEX_T","CUR_TYPE_USD","2017",1028.981,,,"T30:392","R1:3513_T2:85"
"POL","BB:13355","EAR_EMTA_SEX_CUR_NB","SEX_T","CUR_TYPE_LCU","2016",913.182,,,"T30:392","R1:3513_T2:85"
"POL","BB:13355","EAR_EMTA_SEX_CUR_NB","SEX_T","CUR_TYPE_PPP","2016",2167.56,,,"T30:392","R1:3513_T2:85"
"POL","BB:13355","EAR_EMTA_SEX_CUR_NB","SEX_T","CUR_TYPE_USD","2016",1010.802,,,"T30:392","R1:3513_T2:85"
"POL","BB:13355","EAR_EMTA_SEX_CUR_NB","SEX_T","CUR_TYPE_LCU","2015",876.793,,,"T30:392","R1:3513_T2:85"
"POL","BB:13355","EAR_EMTA_SEX_CUR_NB","SEX_T","CUR_TYPE_PPP","2015",1954.411,,,"T30:392","R1:3513_T2:85"
"POL","BB:13355","EAR_EMTA_SEX_CUR_NB","SEX_T","CUR_TYPE_USD","2015",972.802,,,"T30:392","R1:3513_T2:85"
"POL","BB:13355","EAR_EMTA_SEX_CUR_NB","SEX_T","CUR_TYPE_LCU","2014",875.513,,,"T30:392","R1:3513_T2:85"
"POL","BB:13355","EAR_EMTA_SEX_CUR_NB","SEX_T","CUR_TYPE_PPP","2014",1952.36,,,"T30:392","R1:3513_T2:85"
"POL","BB:13355","EAR_EMTA_SEX_CUR_NB","SEX_T","CUR_TYPE_USD","2014",1163.119,,,"T30:392","R1:3513_T2:85"
"POL","BB:13355","EAR_EMTA_SEX_CUR_NB","SEX_T","CUR_TYPE_LCU","2013",841.062,,,"T30:392","R1:3513_T2:85"
"POL","BB:13355","EAR_EMTA_SEX_CUR_NB","SEX_T","CUR_TYPE_PPP","2013",1885.288,,,"T30:392","R1:3513_T2:85"
"POL","BB:13355","EAR_EMTA_SEX_CUR_NB","SEX_T","CUR_TYPE_USD","2013",1117.014,,,"T30:392","R1:3513_T2:85"
"POL","BB:13355","EAR_EMTA_SEX_CUR_NB","SEX_T","CUR_TYPE_LCU","2012",826.694,,,"T30:392","R1:3513_T2:85"
"POL","BB:13355","EAR_EMTA_SEX_CUR_NB","SEX_T","CUR_TYPE_PPP","2012",1812.882,,,"T30:392","R1:3513_T2:85"
"POL","BB:13355","EAR_EMTA_SEX_CUR_NB","SEX_T","CUR_TYPE_USD","2012",1062.136,,,"T30:392","R1:3513_T2:85"
"POL","BB:13355","EAR_EMTA_SEX_CUR_NB","SEX_T","CUR_TYPE_LCU","2011",809.452,,,"T30:392","R1:3513_T2:85"
"POL","BB:13355","EAR_EMTA_SEX_CUR_NB","SEX_T","CUR_TYPE_PPP","2011",1738.57,,,"T30:392","R1:3513_T2:85"
"POL","BB:13355","EAR_EMTA_SEX_CUR_NB","SEX_T","CUR_TYPE_USD","2011",1126.757,,,"T30:392","R1:3513_T2:85"
"POL","BB:13355","EAR_EMTA_SEX_CUR_NB","SEX_T","CUR_TYPE_LCU","2010",727.052,,,"T30:392","R1:3513_T2:85"
"POL","BB:13355","EAR_EMTA_SEX_CUR_NB","SEX_T","CUR_TYPE_PPP","2010",1489.868,,,"T30:392","R1:3513_T2:85"
"POL","BB:13355","EAR_EMTA_SEX_CUR_NB","SEX_T","CUR_TYPE_USD","2010",963.852,,,"T30:392","R1:3513_T2:85"
"POL","BB:13355","EAR_EMTA_SEX_CUR_NB","SEX_T","CUR_TYPE_LCU","2009",861.583,,,"T30:392","R1:3513_T2:85"
"POL","BB:13355","EAR_EMTA_SEX_CUR_NB","SEX_T","CUR_TYPE_PPP","2009",1851.503,,,"T30:392","R1:3513_T2:85"
"POL","BB:13355","EAR_EMTA_SEX_CUR_NB","SEX_T","CUR_TYPE_USD","2009",1201.735,,,"T30:392","R1:3513_T2:85"
"POL","BB:13355","EAR_EMTA_SEX_CUR_NB","SEX_T","CUR_TYPE_LCU","2008",740.103,,,"T30:392","R1:3513_T2:85"
"POL","BB:13355","EAR_EMTA_SEX_CUR_NB","SEX_T","CUR_TYPE_PPP","2008",1307.443,,,"T30:392","R1:3513_T2:85"
"POL","BB:13355","EAR_EMTA_SEX_CUR_NB","SEX_T","CUR_TYPE_USD","2008",1088.544,,,"T30:392","R1:3513_T2:85"
"POL","BB:13355","EAR_EMTA_SEX_CUR_NB","SEX_T","CUR_TYPE_LCU","2007",641.847,,,"T30:392","R1:3513_T2:85"
"POL","BB:13355","EAR_EMTA_SEX_CUR_NB","SEX_T","CUR_TYPE_PPP","2007",1203.348,,,"T30:392","R1:3513_T2:85"
"POL","BB:13355","EAR_EMTA_SEX_CUR_NB","SEX_T","CUR_TYPE_USD","2007",879.651,,,"T30:392","R1:3513_T2:85"
"POL","BB:13355","EAR_EMTA_SEX_CUR_NB","SEX_T","CUR_TYPE_LCU","2006",537.205,,,"T30:392","R1:3513_T2:85"
"POL","BB:13355","EAR_EMTA_SEX_CUR_NB","SEX_T","CUR_TYPE_PPP","2006",1001.644,,,"T30:392","R1:3513_T2:85"
"POL","BB:13355","EAR_EMTA_SEX_CUR_NB","SEX_T","CUR_TYPE_USD","2006",674.514,,,"T30:392","R1:3513_T2:85"
"POL","BB:13355","EAR_EMTA_SEX_CUR_NB","SEX_T","CUR_TYPE_LCU","2005",448.508,,,"T30:392","R1:3513_T2:85"
"POL","BB:13355","EAR_EMTA_SEX_CUR_NB","SEX_T","CUR_TYPE_PPP","2005",852.588,,,"T30:392","R1:3513_T2:85"
"POL","BB:13355","EAR_EMTA_SEX_CUR_NB","SEX_T","CUR_TYPE_USD","2005",557.989,,,"T30:392","R1:3513_T2:85"
"POL","DA:428","EAR_EMTA_SEX_CUR_NB","SEX_T","CUR_TYPE_LCU","2004",2273.44,,,"T30:198",
"POL","DA:428","EAR_EMTA_SEX_CUR_NB","SEX_T","CUR_TYPE_PPP","2004",1111.173,,,"T30:198",
"POL","DA:428","EAR_EMTA_SEX_CUR_NB","SEX_T","CUR_TYPE_USD","2004",621.559,,,"T30:198",
"POL","DA:428","EAR_EMTA_SEX_CUR_NB","SEX_T","CUR_TYPE_LCU","2003",2185.02,,,"T30:198",
"POL","DA:428","EAR_EMTA_SEX_CUR_NB","SEX_T","CUR_TYPE_PPP","2003",1083.732,,,"T30:198",
"POL","DA:428","EAR_EMTA_SEX_CUR_NB","SEX_T","CUR_TYPE_USD","2003",561.835,,,"T30:198",
"POL","DA:428","EAR_EMTA_SEX_CUR_NB","SEX_T","CUR_TYPE_LCU","2002",2097.83,,,"T30:198",
"POL","DA:428","EAR_EMTA_SEX_CUR_NB","SEX_T","CUR_TYPE_PPP","2002",1034.669,,,"T30:198",
"POL","DA:428","EAR_EMTA_SEX_CUR_NB","SEX_T","CUR_TYPE_USD","2002",514.17,,,"T30:198",
"POL","DA:428","EAR_EMTA_SEX_CUR_NB","SEX_T","CUR_TYPE_LCU","2001",2045.13,,,"T30:198",
"POL","DA:428","EAR_EMTA_SEX_CUR_NB","SEX_T","CUR_TYPE_PPP","2001",999.442,,,"T30:198",
"POL","DA:428","EAR_EMTA_SEX_CUR_NB","SEX_T","CUR_TYPE_USD","2001",499.555,,,"T30:198",
"POL","DA:428","EAR_EMTA_SEX_CUR_NB","SEX_T","CUR_TYPE_LCU","2000",1893.74,,,"T30:198",
"POL","DA:428","EAR_EMTA_SEX_CUR_NB","SEX_T","CUR_TYPE_PPP","2000",935.257,,,"T30:198",
"POL","DA:428","EAR_EMTA_SEX_CUR_NB","SEX_T","CUR_TYPE_USD","2000",435.736,,,"T30:198",
"POL","DA:428","EAR_EMTA_SEX_CUR_NB","SEX_T","CUR_TYPE_LCU","1999",1697.12,,,"T30:198",
"POL","DA:428","EAR_EMTA_SEX_CUR_NB","SEX_T","CUR_TYPE_PPP","1999",887.614,,,"T30:198",
"POL","DA:428","EAR_EMTA_SEX_CUR_NB","SEX_T","CUR_TYPE_USD","1999",427.798,,,"T30:198",
"POL","DA:428","EAR_EMTA_SEX_CUR_NB","SEX_T","CUR_TYPE_LCU","1998",1239.49,,,"T30:198",
"POL","DA:428","EAR_EMTA_SEX_CUR_NB","SEX_T","CUR_TYPE_PPP","1998",676.505,,,"T30:198",
"POL","DA:428","EAR_EMTA_SEX_CUR_NB","SEX_T","CUR_TYPE_USD","1998",356.647,,,"T30:198",
"POL","DA:428","EAR_EMTA_SEX_CUR_NB","SEX_T","CUR_TYPE_LCU","1997",1061.93,,,"T30:198",
"POL","DA:428","EAR_EMTA_SEX_CUR_NB","SEX_T","CUR_TYPE_PPP","1997",631.159,,,"T30:198",
"POL","DA:428","EAR_EMTA_SEX_CUR_NB","SEX_T","CUR_TYPE_USD","1997",323.829,,,"T30:198",
"POL","DA:428","EAR_EMTA_SEX_CUR_NB","SEX_T","CUR_TYPE_LCU","1996",874.3,,,"T30:198",
"POL","DA:428","EAR_EMTA_SEX_CUR_NB","SEX_T","CUR_TYPE_PPP","1996",584.452,,,"T30:198",
"POL","DA:428","EAR_EMTA_SEX_CUR_NB","SEX_T","CUR_TYPE_USD","1996",324.283,,,"T30:198",
"POL","DA:428","EAR_EMTA_SEX_CUR_NB","SEX_T","CUR_TYPE_LCU","1995",727.23,"U",,"T30:198",
"POL","DA:428","EAR_EMTA_SEX_CUR_NB","SEX_T","CUR_TYPE_PPP","1995",566.277,"U",,"T30:198",
"POL","DA:428","EAR_EMTA_SEX_CUR_NB","SEX_T","CUR_TYPE_USD","1995",299.891,"U",,"T30:198",
"POL","DA:428","EAR_EMTA_SEX_CUR_NB","SEX_T","CUR_TYPE_LCU","1994",5472500,,,"T30:329",
"POL","DA:428","EAR_EMTA_SEX_CUR_NB","SEX_T","CUR_TYPE_LCU","1993",3995000,,,"T30:329",
"POL","DA:428","EAR_EMTA_SEX_CUR_NB","SEX_T","CUR_TYPE_LCU","1992",2935000,,,"T30:329",
"POL","DA:428","EAR_EMTA_SEX_CUR_NB","SEX_T","CUR_TYPE_LCU","1991",1764500,,"C5:2067","T8:127_T9:133_T10:138_T33:396_T30:329","S9:66"
"POL","DA:428","EAR_EMTA_SEX_CUR_NB","SEX_T","CUR_TYPE_LCU","1990",1036300,,"C5:2067","T8:127_T9:133_T10:138_T33:396_T30:329","S9:66"
"POL","DA:428","EAR_EMTA_SEX_CUR_NB","SEX_T","CUR_TYPE_LCU","1989",207443,,"C5:2067","T8:127_T9:133_T10:138_T33:396_T30:329","S9:66"
"PRI","AA:1553","EAR_EMTA_SEX_CUR_NB","SEX_T","CUR_TYPE_LCU","2020",2232.785,,,"T30:97","R1:3513"
"PRI","AA:1553","EAR_EMTA_SEX_CUR_NB","SEX_T","CUR_TYPE_PPP","2020",2381.447,,,"T30:97","R1:3513"
"PRI","AA:1553","EAR_EMTA_SEX_CUR_NB","SEX_T","CUR_TYPE_USD","2020",2232.785,,,"T30:97","R1:3513"
"PRI","AA:1553","EAR_EMTA_SEX_CUR_NB","SEX_T","CUR_TYPE_LCU","2015",2059.587,,,"T30:97","R1:3513"
"PRI","AA:1553","EAR_EMTA_SEX_CUR_NB","SEX_T","CUR_TYPE_PPP","2015",2014.794,,,"T30:97","R1:3513"
"PRI","AA:1553","EAR_EMTA_SEX_CUR_NB","SEX_T","CUR_TYPE_USD","2015",2059.587,,,"T30:97","R1:3513"
"PRT","BA:199","EAR_EMTA_SEX_CUR_NB","SEX_T","CUR_TYPE_LCU","2025",1262.156,,,"T30:199","R1:3513"
"PRT","BA:199","EAR_EMTA_SEX_CUR_NB","SEX_T","CUR_TYPE_PPP","2025",2196.151,,,"T30:199","R1:3513"
"PRT","BA:199","EAR_EMTA_SEX_CUR_NB","SEX_T","CUR_TYPE_USD","2025",1426.237,,,"T30:199","R1:3513"
"PRT","BA:199","EAR_EMTA_SEX_CUR_NB","SEX_T","CUR_TYPE_LCU","2024",1171.414,,,"T30:199","R1:3513"
"PRT","BA:199","EAR_EMTA_SEX_CUR_NB","SEX_T","CUR_TYPE_PPP","2024",2096.494,,,"T30:199","R1:3513"
"PRT","BA:199","EAR_EMTA_SEX_CUR_NB","SEX_T","CUR_TYPE_USD","2024",1267.938,,,"T30:199","R1:3513"
"PRT","BA:199","EAR_EMTA_SEX_CUR_NB","SEX_T","CUR_TYPE_LCU","2023",1058.826,,,"T30:199","R1:3513"
"PRT","BA:199","EAR_EMTA_SEX_CUR_NB","SEX_T","CUR_TYPE_PPP","2023",1907.675,,,"T30:199","R1:3513"
"PRT","BA:199","EAR_EMTA_SEX_CUR_NB","SEX_T","CUR_TYPE_USD","2023",1144.909,,,"T30:199","R1:3513"
"PRT","BA:199","EAR_EMTA_SEX_CUR_NB","SEX_T","CUR_TYPE_LCU","2022",1037.934,,,"T30:199","R1:3513"
"PRT","BA:199","EAR_EMTA_SEX_CUR_NB","SEX_T","CUR_TYPE_PPP","2022",1793.187,,,"T30:199","R1:3513"
"PRT","BA:199","EAR_EMTA_SEX_CUR_NB","SEX_T","CUR_TYPE_USD","2022",1092.945,,,"T30:199","R1:3513"
"PRT","BA:199","EAR_EMTA_SEX_CUR_NB","SEX_T","CUR_TYPE_LCU","2021",1005.916,,,"T30:199","R1:3513"
"PRT","BA:199","EAR_EMTA_SEX_CUR_NB","SEX_T","CUR_TYPE_PPP","2021",1642.366,,,"T30:199","R1:3513"
"PRT","BA:199","EAR_EMTA_SEX_CUR_NB","SEX_T","CUR_TYPE_USD","2021",1189.697,,,"T30:199","R1:3513"
"PRT","BA:199","EAR_EMTA_SEX_CUR_NB","SEX_T","CUR_TYPE_LCU","2020",943.504,,,"T30:199","R1:3513"
"PRT","BA:199","EAR_EMTA_SEX_CUR_NB","SEX_T","CUR_TYPE_PPP","2020",1489.379,,,"T30:199","R1:3513"
"PRT","BA:199","EAR_EMTA_SEX_CUR_NB","SEX_T","CUR_TYPE_USD","2020",1077.67,,,"T30:199","R1:3513"
"PRT","BA:199","EAR_EMTA_SEX_CUR_NB","SEX_T","CUR_TYPE_LCU","2019",895.558,,,"T30:199","R1:3513"
"PRT","BA:199","EAR_EMTA_SEX_CUR_NB","SEX_T","CUR_TYPE_PPP","2019",1431.99,,,"T30:199","R1:3513"
"PRT","BA:199","EAR_EMTA_SEX_CUR_NB","SEX_T","CUR_TYPE_USD","2019",1002.577,,,"T30:199","R1:3513"
"PRT","BA:199","EAR_EMTA_SEX_CUR_NB","SEX_T","CUR_TYPE_LCU","2018",875.271,,,"T30:199","R1:3513"
"PRT","BA:199","EAR_EMTA_SEX_CUR_NB","SEX_T","CUR_TYPE_PPP","2018",1345.333,,,"T30:199","R1:3513"
"PRT","BA:199","EAR_EMTA_SEX_CUR_NB","SEX_T","CUR_TYPE_USD","2018",1033.695,,,"T30:199","R1:3513"
"PRT","BA:199","EAR_EMTA_SEX_CUR_NB","SEX_T","CUR_TYPE_LCU","2017",852.152,,,"T30:199","R1:3513"
"PRT","BA:199","EAR_EMTA_SEX_CUR_NB","SEX_T","CUR_TYPE_PPP","2017",1277.341,,,"T30:199","R1:3513"
"PRT","BA:199","EAR_EMTA_SEX_CUR_NB","SEX_T","CUR_TYPE_USD","2017",962.676,,,"T30:199","R1:3513"
"PRT","BA:199","EAR_EMTA_SEX_CUR_NB","SEX_T","CUR_TYPE_LCU","2016",830.914,,,"T30:199","R1:3513"
"PRT","BA:199","EAR_EMTA_SEX_CUR_NB","SEX_T","CUR_TYPE_PPP","2016",1262.754,,,"T30:199","R1:3513"
"PRT","BA:199","EAR_EMTA_SEX_CUR_NB","SEX_T","CUR_TYPE_USD","2016",919.739,,,"T30:199","R1:3513"
"PRT","BA:199","EAR_EMTA_SEX_CUR_NB","SEX_T","CUR_TYPE_LCU","2015",825.463,,,"T30:199","R1:3513"
"PRT","BA:199","EAR_EMTA_SEX_CUR_NB","SEX_T","CUR_TYPE_PPP","2015",1226.481,,,"T30:199","R1:3513"
"PRT","BA:199","EAR_EMTA_SEX_CUR_NB","SEX_T","CUR_TYPE_USD","2015",915.852,,,"T30:199","R1:3513"
"PRT","BA:199","EAR_EMTA_SEX_CUR_NB","SEX_T","CUR_TYPE_LCU","2014",811.931,,,"T30:199","R1:3513"
"PRT","BA:199","EAR_EMTA_SEX_CUR_NB","SEX_T","CUR_TYPE_PPP","2014",1216.76,,,"T30:199","R1:3513"
"PRT","BA:199","EAR_EMTA_SEX_CUR_NB","SEX_T","CUR_TYPE_USD","2014",1078.65,,,"T30:199","R1:3513"
"PRT","BA:199","EAR_EMTA_SEX_CUR_NB","SEX_T","CUR_TYPE_LCU","2013",801.549,,,"T30:199","R1:3513"
"PRT","BA:199","EAR_EMTA_SEX_CUR_NB","SEX_T","CUR_TYPE_PPP","2013",1205.68,,,"T30:199","R1:3513"
"PRT","BA:199","EAR_EMTA_SEX_CUR_NB","SEX_T","CUR_TYPE_USD","2013",1064.538,,,"T30:199","R1:3513"
"PRT","BA:199","EAR_EMTA_SEX_CUR_NB","SEX_T","CUR_TYPE_LCU","2012",807.076,,,"T30:199","R1:3513"
"PRT","BA:199","EAR_EMTA_SEX_CUR_NB","SEX_T","CUR_TYPE_PPP","2012",1170.544,,,"T30:199","R1:3513"
"PRT","BA:199","EAR_EMTA_SEX_CUR_NB","SEX_T","CUR_TYPE_USD","2012",1036.931,,,"T30:199","R1:3513"
"PRT","BA:199","EAR_EMTA_SEX_CUR_NB","SEX_T","CUR_TYPE_LCU","2011",798.203,,,"T30:199","R1:3513"
"PRT","BA:199","EAR_EMTA_SEX_CUR_NB","SEX_T","CUR_TYPE_PPP","2011",1150.278,,,"T30:199","R1:3513"
"PRT","BA:199","EAR_EMTA_SEX_CUR_NB","SEX_T","CUR_TYPE_USD","2011",1111.098,,,"T30:199","R1:3513"
"PRT","BA:199","EAR_EMTA_SEX_CUR_NB","SEX_T","CUR_TYPE_LCU","2010",773.823,,,"T30:199","R1:3513"
"PRT","BA:199","EAR_EMTA_SEX_CUR_NB","SEX_T","CUR_TYPE_PPP","2010",1104.814,,,"T30:199","R1:3513"
"PRT","BA:199","EAR_EMTA_SEX_CUR_NB","SEX_T","CUR_TYPE_USD","2010",1025.857,,,"T30:199","R1:3513"
"PRT","BA:199","EAR_EMTA_SEX_CUR_NB","SEX_T","CUR_TYPE_LCU","2009",763.768,,,"T30:199","R1:3513"
"PRT","BA:199","EAR_EMTA_SEX_CUR_NB","SEX_T","CUR_TYPE_PPP","2009",1082.667,,,"T30:199","R1:3513"
"PRT","BA:199","EAR_EMTA_SEX_CUR_NB","SEX_T","CUR_TYPE_USD","2009",1065.304,,,"T30:199","R1:3513"
"PRT","BA:199","EAR_EMTA_SEX_CUR_NB","SEX_T","CUR_TYPE_LCU","2008",752.502,,,"T30:199","R1:3513"
"PRT","BA:199","EAR_EMTA_SEX_CUR_NB","SEX_T","CUR_TYPE_PPP","2008",1052.816,,,"T30:199","R1:3513"
"PRT","BA:199","EAR_EMTA_SEX_CUR_NB","SEX_T","CUR_TYPE_USD","2008",1106.779,,,"T30:199","R1:3513"
"PRT","BA:199","EAR_EMTA_SEX_CUR_NB","SEX_T","CUR_TYPE_LCU","2007",720.728,,,"T30:199","R1:3513"
"PRT","BA:199","EAR_EMTA_SEX_CUR_NB","SEX_T","CUR_TYPE_PPP","2007",1004.277,,,"T30:199","R1:3513"
"PRT","BA:199","EAR_EMTA_SEX_CUR_NB","SEX_T","CUR_TYPE_USD","2007",987.758,,,"T30:199","R1:3513"
"PRT","BA:199","EAR_EMTA_SEX_CUR_NB","SEX_T","CUR_TYPE_LCU","2006",710.558,,,"T30:199","R1:3513"
"PRT","BA:199","EAR_EMTA_SEX_CUR_NB","SEX_T","CUR_TYPE_PPP","2006",1018.296,,,"T30:199","R1:3513"
"PRT","BA:199","EAR_EMTA_SEX_CUR_NB","SEX_T","CUR_TYPE_USD","2006",892.177,,,"T30:199","R1:3513"
"PRT","BA:199","EAR_EMTA_SEX_CUR_NB","SEX_T","CUR_TYPE_LCU","2005",685.535,,,"T30:199","R1:3513"
"PRT","BA:199","EAR_EMTA_SEX_CUR_NB","SEX_T","CUR_TYPE_PPP","2005",973.45,,,"T30:199","R1:3513"
"PRT","BA:199","EAR_EMTA_SEX_CUR_NB","SEX_T","CUR_TYPE_USD","2005",852.874,,,"T30:199","R1:3513"
"PRT","BA:199","EAR_EMTA_SEX_CUR_NB","SEX_T","CUR_TYPE_LCU","2004",668.381,,,"T30:199","R1:3513"
"PRT","BA:199","EAR_EMTA_SEX_CUR_NB","SEX_T","CUR_TYPE_PPP","2004",934.268,,,"T30:199","R1:3513"
"PRT","BA:199","EAR_EMTA_SEX_CUR_NB","SEX_T","CUR_TYPE_USD","2004",831.399,,,"T30:199","R1:3513"
"PRT","BA:199","EAR_EMTA_SEX_CUR_NB","SEX_T","CUR_TYPE_LCU","2003",638.885,,,"T30:199","R1:3513"
"PRT","BA:199","EAR_EMTA_SEX_CUR_NB","SEX_T","CUR_TYPE_PPP","2003",894.589,,,"T30:199","R1:3513"
"PRT","BA:199","EAR_EMTA_SEX_CUR_NB","SEX_T","CUR_TYPE_USD","2003",722.707,,,"T30:199","R1:3513"
"PRT","BA:199","EAR_EMTA_SEX_CUR_NB","SEX_T","CUR_TYPE_LCU","2002",610.432,,,"T30:199","R1:3513"
"PRT","BA:199","EAR_EMTA_SEX_CUR_NB","SEX_T","CUR_TYPE_PPP","2002",845.778,,,"T30:199","R1:3513"
"PRT","BA:199","EAR_EMTA_SEX_CUR_NB","SEX_T","CUR_TYPE_USD","2002",577.224,,,"T30:199","R1:3513"
"PRT","BA:199","EAR_EMTA_SEX_CUR_NB","SEX_T","CUR_TYPE_LCU","2001",116026.331,,,"T30:330","R1:3513"
"PRT","BA:199","EAR_EMTA_SEX_CUR_NB","SEX_T","CUR_TYPE_LCU","2000",109793.424,,,"T30:330","R1:3513"
"PRT","BA:199","EAR_EMTA_SEX_CUR_NB","SEX_T","CUR_TYPE_LCU","1999",104717.603,,,"T30:330","R1:3513"
"PRT","BA:199","EAR_EMTA_SEX_CUR_NB","SEX_T","CUR_TYPE_LCU","1998",100671.312,"B",,"T30:330_I11:264","R1:3513"
"PRT","BA:199","EAR_EMTA_SEX_CUR_NB","SEX_T","CUR_TYPE_PPP","1998",705.041,"B",,"T30:330_I11:264","R1:3513"
"PRT","BA:199","EAR_EMTA_SEX_CUR_NB","SEX_T","CUR_TYPE_USD","1998",558.961,"B",,"T30:330_I11:264","R1:3513"
"PRT","DA:205","EAR_EMTA_SEX_CUR_NB","SEX_T","CUR_TYPE_LCU","1997",132800,,"C5:2067","T8:127_T9:133_T10:138_T33:396_T30:330","S9:66"
"PRT","DA:205","EAR_EMTA_SEX_CUR_NB","SEX_T","CUR_TYPE_PPP","1997",976.816,,"C5:2067","T8:127_T9:133_T10:138_T33:396_T30:330","S9:66"
"PRT","DA:205","EAR_EMTA_SEX_CUR_NB","SEX_T","CUR_TYPE_USD","1997",757.505,,"C5:2067","T8:127_T9:133_T10:138_T33:396_T30:330","S9:66"
"PRT","DA:205","EAR_EMTA_SEX_CUR_NB","SEX_T","CUR_TYPE_LCU","1996",124100,,"C5:2067","T8:127_T9:133_T10:138_T33:396_T30:330","S9:66"
"PRT","DA:205","EAR_EMTA_SEX_CUR_NB","SEX_T","CUR_TYPE_PPP","1996",943.587,,"C5:2067","T8:127_T9:133_T10:138_T33:396_T30:330","S9:66"
"PRT","DA:205","EAR_EMTA_SEX_CUR_NB","SEX_T","CUR_TYPE_USD","1996",804.571,,"C5:2067","T8:127_T9:133_T10:138_T33:396_T30:330","S9:66"
"PRT","DA:205","EAR_EMTA_SEX_CUR_NB","SEX_T","CUR_TYPE_LCU","1995",116300,,"C5:2067","T8:127_T9:133_T10:138_T33:396_T30:330","S9:66"
"PRT","DA:205","EAR_EMTA_SEX_CUR_NB","SEX_T","CUR_TYPE_PPP","1995",886.97,,"C5:2067","T8:127_T9:133_T10:138_T33:396_T30:330","S9:66"
"PRT","DA:205","EAR_EMTA_SEX_CUR_NB","SEX_T","CUR_TYPE_USD","1995",769.661,,"C5:2067","T8:127_T9:133_T10:138_T33:396_T30:330","S9:66"
"PRY","BX:14043","EAR_EMTA_SEX_CUR_NB","SEX_T","CUR_TYPE_LCU","2025",3235818.31,,,"T30:95","R1:3513"
"PRY","BX:14043","EAR_EMTA_SEX_CUR_NB","SEX_T","CUR_TYPE_PPP","2025",1125.674,,,"T30:95","R1:3513"
"PRY","BX:14043","EAR_EMTA_SEX_CUR_NB","SEX_T","CUR_TYPE_USD","2025",428.844,,,"T30:95","R1:3513"
"PRY","BX:14043","EAR_EMTA_SEX_CUR_NB","SEX_T","CUR_TYPE_LCU","2024",3089898.591,,,"T30:95","R1:3513"
"PRY","BX:14043","EAR_EMTA_SEX_CUR_NB","SEX_T","CUR_TYPE_PPP","2024",1088.936,,,"T30:95","R1:3513"
"PRY","BX:14043","EAR_EMTA_SEX_CUR_NB","SEX_T","CUR_TYPE_USD","2024",408.703,,,"T30:95","R1:3513"
"PRY","BX:14043","EAR_EMTA_SEX_CUR_NB","SEX_T","CUR_TYPE_LCU","2023",2904994.057,,,"T30:95","R1:3513"
"PRY","BX:14043","EAR_EMTA_SEX_CUR_NB","SEX_T","CUR_TYPE_PPP","2023",1032.582,,,"T30:95","R1:3513"
"PRY","BX:14043","EAR_EMTA_SEX_CUR_NB","SEX_T","CUR_TYPE_USD","2023",398.552,,,"T30:95","R1:3513"
"PRY","BX:14043","EAR_EMTA_SEX_CUR_NB","SEX_T","CUR_TYPE_LCU","2022",2720117.622,,,"T30:95","R1:3513"
"PRY","BX:14043","EAR_EMTA_SEX_CUR_NB","SEX_T","CUR_TYPE_PPP","2022",971.656,,,"T30:95","R1:3513"
"PRY","BX:14043","EAR_EMTA_SEX_CUR_NB","SEX_T","CUR_TYPE_USD","2022",389.548,,,"T30:95","R1:3513"
"PRY","BX:14043","EAR_EMTA_SEX_CUR_NB","SEX_T","CUR_TYPE_LCU","2021",2584028.56,,,"T30:95","R1:3513"
"PRY","BX:14043","EAR_EMTA_SEX_CUR_NB","SEX_T","CUR_TYPE_PPP","2021",938.109,,,"T30:95","R1:3513"
"PRY","BX:14043","EAR_EMTA_SEX_CUR_NB","SEX_T","CUR_TYPE_USD","2021",381.454,,,"T30:95","R1:3513"
"PRY","BX:14043","EAR_EMTA_SEX_CUR_NB","SEX_T","CUR_TYPE_LCU","2020",2505151,,,"I20:4077_T8:252_T9:133_T10:139_T11:142_T12:145_T30:95","S3:11_S4:34"
"PRY","BX:14043","EAR_EMTA_SEX_CUR_NB","SEX_T","CUR_TYPE_PPP","2020",936.929,,,"I20:4077_T8:252_T9:133_T10:139_T11:142_T12:145_T30:95","S3:11_S4:34"
"PRY","BX:14043","EAR_EMTA_SEX_CUR_NB","SEX_T","CUR_TYPE_USD","2020",369.977,,,"I20:4077_T8:252_T9:133_T10:139_T11:142_T12:145_T30:95","S3:11_S4:34"
"PRY","BX:14043","EAR_EMTA_SEX_CUR_NB","SEX_T","CUR_TYPE_LCU","2019",2489187.59,,,"T30:95","R1:3513"
"PRY","BX:14043","EAR_EMTA_SEX_CUR_NB","SEX_T","CUR_TYPE_PPP","2019",938.646,,,"T30:95","R1:3513"
"PRY","BX:14043","EAR_EMTA_SEX_CUR_NB","SEX_T","CUR_TYPE_USD","2019",398.862,,,"T30:95","R1:3513"
"PRY","BX:14043","EAR_EMTA_SEX_CUR_NB","SEX_T","CUR_TYPE_LCU","2018",2406764.787,,,"T30:95","R1:3513"
"PRY","BX:14043","EAR_EMTA_SEX_CUR_NB","SEX_T","CUR_TYPE_PPP","2018",923.153,,,"T30:95","R1:3513"
"PRY","BX:14043","EAR_EMTA_SEX_CUR_NB","SEX_T","CUR_TYPE_USD","2018",419.874,,,"T30:95","R1:3513"
"PRY","BX:14043","EAR_EMTA_SEX_CUR_NB","SEX_T","CUR_TYPE_LCU","2017",2319496.117,,,"T30:95","R1:3513"
"PRY","BX:14043","EAR_EMTA_SEX_CUR_NB","SEX_T","CUR_TYPE_PPP","2017",926.066,,,"T30:95","R1:3513"
"PRY","BX:14043","EAR_EMTA_SEX_CUR_NB","SEX_T","CUR_TYPE_USD","2017",412.8,,,"T30:95","R1:3513"
"PRY","BX:534","EAR_EMTA_SEX_CUR_NB","SEX_T","CUR_TYPE_LCU","2016",2075944.677,,,"T30:95","R1:3513"
"PRY","BX:534","EAR_EMTA_SEX_CUR_NB","SEX_T","CUR_TYPE_PPP","2016",850.47,,,"T30:95","R1:3513"
"PRY","BX:534","EAR_EMTA_SEX_CUR_NB","SEX_T","CUR_TYPE_USD","2016",366.093,,,"T30:95","R1:3513"
"PRY","BX:534","EAR_EMTA_SEX_CUR_NB","SEX_T","CUR_TYPE_LCU","2015",2093259.272,,,"T30:95","R1:3513"
"PRY","BX:534","EAR_EMTA_SEX_CUR_NB","SEX_T","CUR_TYPE_PPP","2015",871.896,,,"T30:95","R1:3513"
"PRY","BX:534","EAR_EMTA_SEX_CUR_NB","SEX_T","CUR_TYPE_USD","2015",402.169,,,"T30:95","R1:3513"
"PRY","BX:534","EAR_EMTA_SEX_CUR_NB","SEX_T","CUR_TYPE_LCU","2014",2035461.723,,,"T30:95","R1:3513"
"PRY","BX:534","EAR_EMTA_SEX_CUR_NB","SEX_T","CUR_TYPE_PPP","2014",864.474,,,"T30:95","R1:3513"
"PRY","BX:534","EAR_EMTA_SEX_CUR_NB","SEX_T","CUR_TYPE_USD","2014",456.158,,,"T30:95","R1:3513"
"PRY","BX:534","EAR_EMTA_SEX_CUR_NB","SEX_T","CUR_TYPE_LCU","2013",1903658.703,,,"T30:95","R1:3513"
"PRY","BX:534","EAR_EMTA_SEX_CUR_NB","SEX_T","CUR_TYPE_PPP","2013",835.394,,,"T30:95","R1:3513"
"PRY","BX:534","EAR_EMTA_SEX_CUR_NB","SEX_T","CUR_TYPE_USD","2013",442.312,,,"T30:95","R1:3513"
"PRY","BX:534","EAR_EMTA_SEX_CUR_NB","SEX_T","CUR_TYPE_LCU","2012",1680374.219,,,"T30:95","R1:3513"
"PRY","BX:534","EAR_EMTA_SEX_CUR_NB","SEX_T","CUR_TYPE_PPP","2012",759.897,,,"T30:95","R1:3513"
"PRY","BX:534","EAR_EMTA_SEX_CUR_NB","SEX_T","CUR_TYPE_USD","2012",380.033,,,"T30:95","R1:3513"
"PRY","BX:534","EAR_EMTA_SEX_CUR_NB","SEX_T","CUR_TYPE_LCU","2011",1633673.763,,,"T30:95","R1:3513"
"PRY","BX:534","EAR_EMTA_SEX_CUR_NB","SEX_T","CUR_TYPE_PPP","2011",728.637,,,"T30:95","R1:3513"
"PRY","BX:534","EAR_EMTA_SEX_CUR_NB","SEX_T","CUR_TYPE_USD","2011",389.545,,,"T30:95","R1:3513"
"PRY","BX:534","EAR_EMTA_SEX_CUR_NB","SEX_T","CUR_TYPE_LCU","2010",1393409.774,,,"T30:95","R1:3513"
"PRY","BX:534","EAR_EMTA_SEX_CUR_NB","SEX_T","CUR_TYPE_PPP","2010",652.184,,,"T30:95","R1:3513"
"PRY","BX:534","EAR_EMTA_SEX_CUR_NB","SEX_T","CUR_TYPE_USD","2010",292.83,,,"T30:95","R1:3513"
"PRY","BX:534","EAR_EMTA_SEX_CUR_NB","SEX_T","CUR_TYPE_LCU","2009",1262973.16,,,"T30:95","R1:3513"
"PRY","BX:534","EAR_EMTA_SEX_CUR_NB","SEX_T","CUR_TYPE_PPP","2009",608.646,,,"T30:95","R1:3513"
"PRY","BX:534","EAR_EMTA_SEX_CUR_NB","SEX_T","CUR_TYPE_USD","2009",254.289,,,"T30:95","R1:3513"
"PRY","BX:534","EAR_EMTA_SEX_CUR_NB","SEX_T","CUR_TYPE_LCU","2008",1216062.833,,,"T30:95","R1:3513"
"PRY","BX:534","EAR_EMTA_SEX_CUR_NB","SEX_T","CUR_TYPE_PPP","2008",603.374,,,"T30:95","R1:3513"
"PRY","BX:534","EAR_EMTA_SEX_CUR_NB","SEX_T","CUR_TYPE_USD","2008",278.703,,,"T30:95","R1:3513"
"PRY","BX:534","EAR_EMTA_SEX_CUR_NB","SEX_T","CUR_TYPE_LCU","2007",1061324.364,,,"T30:95","R1:3513"
"PRY","BX:534","EAR_EMTA_SEX_CUR_NB","SEX_T","CUR_TYPE_PPP","2007",558.626,,,"T30:95","R1:3513"
"PRY","BX:534","EAR_EMTA_SEX_CUR_NB","SEX_T","CUR_TYPE_USD","2007",210.885,,,"T30:95","R1:3513"
"PRY","BX:534","EAR_EMTA_SEX_CUR_NB","SEX_T","CUR_TYPE_LCU","2006",1047254.39,,,"T30:95","R1:3513"
"PRY","BX:534","EAR_EMTA_SEX_CUR_NB","SEX_T","CUR_TYPE_PPP","2006",579.506,,,"T30:95","R1:3513"
"PRY","BX:534","EAR_EMTA_SEX_CUR_NB","SEX_T","CUR_TYPE_USD","2006",185.845,,,"T30:95","R1:3513"
"PRY","BX:534","EAR_EMTA_SEX_CUR_NB","SEX_T","CUR_TYPE_LCU","2005",918977.298,,,"T30:95","R1:3513"
"PRY","BX:534","EAR_EMTA_SEX_CUR_NB","SEX_T","CUR_TYPE_PPP","2005",539.871,,,"T30:95","R1:3513"
"PRY","BX:534","EAR_EMTA_SEX_CUR_NB","SEX_T","CUR_TYPE_USD","2005",148.751,,,"T30:95","R1:3513"
"PRY","BX:534","EAR_EMTA_SEX_CUR_NB","SEX_T","CUR_TYPE_LCU","2004",804576.105,,,"T30:95","R1:3513"
"PRY","BX:534","EAR_EMTA_SEX_CUR_NB","SEX_T","CUR_TYPE_PPP","2004",488.274,,,"T30:95","R1:3513"
"PRY","BX:534","EAR_EMTA_SEX_CUR_NB","SEX_T","CUR_TYPE_USD","2004",134.667,,,"T30:95","R1:3513"
"PRY","BX:534","EAR_EMTA_SEX_CUR_NB","SEX_T","CUR_TYPE_LCU","2003",833219.657,,,"T30:95","R1:3513"
"PRY","BX:534","EAR_EMTA_SEX_CUR_NB","SEX_T","CUR_TYPE_PPP","2003",513.763,,,"T30:95","R1:3513"
"PRY","BX:534","EAR_EMTA_SEX_CUR_NB","SEX_T","CUR_TYPE_USD","2003",129.697,,,"T30:95","R1:3513"
"PRY","BX:534","EAR_EMTA_SEX_CUR_NB","SEX_T","CUR_TYPE_LCU","2002",737552.677,"B",,"T30:95_I11:264","R1:3513"
"PRY","BX:534","EAR_EMTA_SEX_CUR_NB","SEX_T","CUR_TYPE_PPP","2002",507.989,"B",,"T30:95_I11:264","R1:3513"
"PRY","BX:534","EAR_EMTA_SEX_CUR_NB","SEX_T","CUR_TYPE_USD","2002",129.027,"B",,"T30:95_I11:264","R1:3513"
"PRY","BX:534","EAR_EMTA_SEX_CUR_NB","SEX_T","CUR_TYPE_LCU","2001",835030.998,"B",,"T30:95_I11:264","R1:3513"
"PRY","BX:534","EAR_EMTA_SEX_CUR_NB","SEX_T","CUR_TYPE_PPP","2001",625.651,"B",,"T30:95_I11:264","R1:3513"
"PRY","BX:534","EAR_EMTA_SEX_CUR_NB","SEX_T","CUR_TYPE_USD","2001",203.372,"B",,"T30:95_I11:264","R1:3513"
"PRY","BX:534","EAR_EMTA_SEX_CUR_NB","SEX_T","CUR_TYPE_LCU","2000",787514,,,"T8:127_T9:133_T10:138_T33:396_T30:95","S9:66"
"PRY","BX:534","EAR_EMTA_SEX_CUR_NB","SEX_T","CUR_TYPE_PPP","2000",615.538,,,"T8:127_T9:133_T10:138_T33:396_T30:95","S9:66"
"PRY","BX:534","EAR_EMTA_SEX_CUR_NB","SEX_T","CUR_TYPE_USD","2000",225.885,,,"T8:127_T9:133_T10:138_T33:396_T30:95","S9:66"
"PRY","BX:534","EAR_EMTA_SEX_CUR_NB","SEX_T","CUR_TYPE_LCU","1999",777157.115,"B",,"T30:95_I11:264","R1:3513"
"PRY","BX:534","EAR_EMTA_SEX_CUR_NB","SEX_T","CUR_TYPE_PPP","1999",640.379,"B",,"T30:95_I11:264","R1:3513"
"PRY","BX:534","EAR_EMTA_SEX_CUR_NB","SEX_T","CUR_TYPE_USD","1999",249.163,"B",,"T30:95_I11:264","R1:3513"
"PRY","BX:534","EAR_EMTA_SEX_CUR_NB","SEX_T","CUR_TYPE_LCU","1998",704482.77,"B",,"T30:95_I11:264","R1:3513"
"PRY","BX:534","EAR_EMTA_SEX_CUR_NB","SEX_T","CUR_TYPE_PPP","1998",606.423,"B",,"T30:95_I11:264","R1:3513"
"PRY","BX:534","EAR_EMTA_SEX_CUR_NB","SEX_T","CUR_TYPE_USD","1998",258.384,"B",,"T30:95_I11:264","R1:3513"
"PRY","FX:1568","EAR_EMTA_SEX_CUR_NB","SEX_T","CUR_TYPE_LCU","1997",900601,,,"T8:127_T9:133_T10:138_T33:396_T30:95","S9:66"
"PRY","FX:1568","EAR_EMTA_SEX_CUR_NB","SEX_T","CUR_TYPE_PPP","1997",851.59,,,"T8:127_T9:133_T10:138_T33:396_T30:95","S9:66"
"PRY","FX:1568","EAR_EMTA_SEX_CUR_NB","SEX_T","CUR_TYPE_USD","1997",413.525,,,"T8:127_T9:133_T10:138_T33:396_T30:95","S9:66"
"PRY","FX:1568","EAR_EMTA_SEX_CUR_NB","SEX_T","CUR_TYPE_LCU","1996",787852,,,"T8:127_T9:133_T10:138_T33:396_T30:95","S9:66"
"PRY","FX:1568","EAR_EMTA_SEX_CUR_NB","SEX_T","CUR_TYPE_PPP","1996",778.549,,,"T8:127_T9:133_T10:138_T33:396_T30:95","S9:66"
"PRY","FX:1568","EAR_EMTA_SEX_CUR_NB","SEX_T","CUR_TYPE_USD","1996",383.045,,,"T8:127_T9:133_T10:138_T33:396_T30:95","S9:66"
"PRY","FX:1568","EAR_EMTA_SEX_CUR_NB","SEX_T","CUR_TYPE_LCU","1995",710049,,,"T8:127_T9:133_T10:138_T33:396_T30:95","S9:66"
"PRY","FX:1568","EAR_EMTA_SEX_CUR_NB","SEX_T","CUR_TYPE_PPP","1995",748.486,,,"T8:127_T9:133_T10:138_T33:396_T30:95","S9:66"
"PRY","FX:1568","EAR_EMTA_SEX_CUR_NB","SEX_T","CUR_TYPE_USD","1995",361.713,,,"T8:127_T9:133_T10:138_T33:396_T30:95","S9:66"
"PRY","FX:1568","EAR_EMTA_SEX_CUR_NB","SEX_T","CUR_TYPE_LCU","1994",617861,,"C5:2067","T8:127_T9:133_T10:138_T33:396_T30:95","S9:66"
"PRY","FX:1568","EAR_EMTA_SEX_CUR_NB","SEX_T","CUR_TYPE_PPP","1994",718.589,,"C5:2067","T8:127_T9:133_T10:138_T33:396_T30:95","S9:66"
"PRY","FX:1568","EAR_EMTA_SEX_CUR_NB","SEX_T","CUR_TYPE_USD","1994",324.377,,"C5:2067","T8:127_T9:133_T10:138_T33:396_T30:95","S9:66"
"PRY","FX:1568","EAR_EMTA_SEX_CUR_NB","SEX_T","CUR_TYPE_LCU","1993",466505,,"C5:2067","T8:127_T9:133_T10:138_T33:396_T30:95","S9:66"
"PRY","FX:1568","EAR_EMTA_SEX_CUR_NB","SEX_T","CUR_TYPE_PPP","1993",637.519,,"C5:2067","T8:127_T9:133_T10:138_T33:396_T30:95","S9:66"
"PRY","FX:1568","EAR_EMTA_SEX_CUR_NB","SEX_T","CUR_TYPE_USD","1993",267.438,,"C5:2067","T8:127_T9:133_T10:138_T33:396_T30:95","S9:66"
"PRY","FX:1568","EAR_EMTA_SEX_CUR_NB","SEX_T","CUR_TYPE_LCU","1992",370520,,"C5:2067","T8:127_T9:133_T10:138_T33:396_T30:95","S9:66"
"PRY","FX:1568","EAR_EMTA_SEX_CUR_NB","SEX_T","CUR_TYPE_PPP","1992",581.385,,"C5:2067","T8:127_T9:133_T10:138_T33:396_T30:95","S9:66"
"PRY","FX:1568","EAR_EMTA_SEX_CUR_NB","SEX_T","CUR_TYPE_USD","1992",246.971,,"C5:2067","T8:127_T9:133_T10:138_T33:396_T30:95","S9:66"
"PRY","FX:1568","EAR_EMTA_SEX_CUR_NB","SEX_T","CUR_TYPE_LCU","1991",339252,,"C5:2067","T8:127_T9:133_T10:138_T33:396_T30:95","S9:66"
"PRY","FX:1568","EAR_EMTA_SEX_CUR_NB","SEX_T","CUR_TYPE_PPP","1991",595.17,,"C5:2067","T8:127_T9:133_T10:138_T33:396_T30:95","S9:66"
"PRY","FX:1568","EAR_EMTA_SEX_CUR_NB","SEX_T","CUR_TYPE_USD","1991",256.004,,"C5:2067","T8:127_T9:133_T10:138_T33:396_T30:95","S9:66"
"PRY","FX:1568","EAR_EMTA_SEX_CUR_NB","SEX_T","CUR_TYPE_LCU","1990",245183,,"C5:2067","T8:127_T9:133_T10:138_T33:396_T30:95","S9:66"
"PRY","FX:1568","EAR_EMTA_SEX_CUR_NB","SEX_T","CUR_TYPE_PPP","1990",512.632,,"C5:2067","T8:127_T9:133_T10:138_T33:396_T30:95","S9:66"
"PRY","FX:1568","EAR_EMTA_SEX_CUR_NB","SEX_T","CUR_TYPE_USD","1990",199.367,,"C5:2067","T8:127_T9:133_T10:138_T33:396_T30:95","S9:66"
"PRY","FX:1568","EAR_EMTA_SEX_CUR_NB","SEX_T","CUR_TYPE_LCU","1989",201293,,"C5:2067","T8:127_T9:133_T10:138_T33:396_T30:95","S9:66"
"PRY","FX:1568","EAR_EMTA_SEX_CUR_NB","SEX_T","CUR_TYPE_USD","1989",190.579,,"C5:2067","T8:127_T9:133_T10:138_T33:396_T30:95","S9:66"
"PSE","BA:592","EAR_EMTA_SEX_CUR_NB","SEX_T","CUR_TYPE_LCU","2025",3195.099,,,"T30:157","R1:3513_S4:6333"
"PSE","BA:592","EAR_EMTA_SEX_CUR_NB","SEX_T","CUR_TYPE_LCU","2024",3088.247,"B",,"T30:157_I11:264","R1:3513_S4:6333"
"PSE","BA:592","EAR_EMTA_SEX_CUR_NB","SEX_T","CUR_TYPE_LCU","2022",3067.468,,,"T30:157","R1:3513"
"PSE","BA:592","EAR_EMTA_SEX_CUR_NB","SEX_T","CUR_TYPE_LCU","2021",2928.24,,,"T30:157","R1:3513"
"PSE","BA:592","EAR_EMTA_SEX_CUR_NB","SEX_T","CUR_TYPE_LCU","2020",2893.606,,,"T30:157","R1:3513"
"PSE","BA:592","EAR_EMTA_SEX_CUR_NB","SEX_T","CUR_TYPE_LCU","2019",2775.75,,,"T30:157","R1:3513"
"PSE","BA:592","EAR_EMTA_SEX_CUR_NB","SEX_T","CUR_TYPE_LCU","2018",2621.965,,,"T30:157","R1:3513"
"PSE","BA:592","EAR_EMTA_SEX_CUR_NB","SEX_T","CUR_TYPE_LCU","2017",2435.791,,,"T30:157","R1:3513"
"PSE","BA:592","EAR_EMTA_SEX_CUR_NB","SEX_T","CUR_TYPE_LCU","2016",2341.693,,,"T30:157","R1:3513"
"PSE","BA:592","EAR_EMTA_SEX_CUR_NB","SEX_T","CUR_TYPE_LCU","2015",2255.985,,,"T30:157","R1:3513"
"QAT","BA:696","EAR_EMTA_SEX_CUR_NB","SEX_T","CUR_TYPE_LCU","2022",11963,,,"I20:4077_T8:127_T9:131_T12:145_T30:144",
"QAT","BA:696","EAR_EMTA_SEX_CUR_NB","SEX_T","CUR_TYPE_PPP","2022",4225.924,,,"I20:4077_T8:127_T9:131_T12:145_T30:144",
"QAT","BA:696","EAR_EMTA_SEX_CUR_NB","SEX_T","CUR_TYPE_USD","2022",3286.538,,,"I20:4077_T8:127_T9:131_T12:145_T30:144",
"QAT","BA:696","EAR_EMTA_SEX_CUR_NB","SEX_T","CUR_TYPE_LCU","2020",11554,,,"I20:4077_T8:127_T9:131_T12:145_T30:144",
"QAT","BA:696","EAR_EMTA_SEX_CUR_NB","SEX_T","CUR_TYPE_PPP","2020",4227.55,,,"I20:4077_T8:127_T9:131_T12:145_T30:144",
"QAT","BA:696","EAR_EMTA_SEX_CUR_NB","SEX_T","CUR_TYPE_USD","2020",3174.176,,,"I20:4077_T8:127_T9:131_T12:145_T30:144",
"QAT","BA:696","EAR_EMTA_SEX_CUR_NB","SEX_T","CUR_TYPE_LCU","2019",11308,,,"I20:4077_T8:127_T9:131_T12:145_T30:144",
"QAT","BA:696","EAR_EMTA_SEX_CUR_NB","SEX_T","CUR_TYPE_PPP","2019",4153.355,,,"I20:4077_T8:127_T9:131_T12:145_T30:144",
"QAT","BA:696","EAR_EMTA_SEX_CUR_NB","SEX_T","CUR_TYPE_USD","2019",3106.593,,,"I20:4077_T8:127_T9:131_T12:145_T30:144",
"QAT","BA:696","EAR_EMTA_SEX_CUR_NB","SEX_T","CUR_TYPE_LCU","2018",11121,,,"I20:4147_T8:127_T9:131_T12:145_T30:144","S3:20"
"QAT","BA:696","EAR_EMTA_SEX_CUR_NB","SEX_T","CUR_TYPE_PPP","2018",4043.041,,,"I20:4147_T8:127_T9:131_T12:145_T30:144","S3:20"
"QAT","BA:696","EAR_EMTA_SEX_CUR_NB","SEX_T","CUR_TYPE_USD","2018",3055.22,,,"I20:4147_T8:127_T9:131_T12:145_T30:144","S3:20"
"QAT","BA:696","EAR_EMTA_SEX_CUR_NB","SEX_T","CUR_TYPE_LCU","2017",11099,,,"I20:4147_T8:127_T9:131_T12:145_T30:144","S3:20"
"QAT","BA:696","EAR_EMTA_SEX_CUR_NB","SEX_T","CUR_TYPE_PPP","2017",3845.018,,,"I20:4147_T8:127_T9:131_T12:145_T30:144","S3:20"
"QAT","BA:696","EAR_EMTA_SEX_CUR_NB","SEX_T","CUR_TYPE_USD","2017",3049.176,,,"I20:4147_T8:127_T9:131_T12:145_T30:144","S3:20"
"QAT","BA:696","EAR_EMTA_SEX_CUR_NB","SEX_T","CUR_TYPE_LCU","2016",10793,,,"T8:252_T9:131_T10:138_T12:145_T30:144","S3:20"
"QAT","BA:696","EAR_EMTA_SEX_CUR_NB","SEX_T","CUR_TYPE_PPP","2016",3609.77,,,"T8:252_T9:131_T10:138_T12:145_T30:144","S3:20"
"QAT","BA:696","EAR_EMTA_SEX_CUR_NB","SEX_T","CUR_TYPE_USD","2016",2965.11,,,"T8:252_T9:131_T10:138_T12:145_T30:144","S3:20"
"QAT","BA:696","EAR_EMTA_SEX_CUR_NB","SEX_T","CUR_TYPE_LCU","2015",10568,,,"T8:252_T9:131_T10:138_T12:145_T30:144","S3:20"
"QAT","BA:696","EAR_EMTA_SEX_CUR_NB","SEX_T","CUR_TYPE_PPP","2015",3531.703,,,"T8:252_T9:131_T10:138_T12:145_T30:144","S3:20"
"QAT","BA:696","EAR_EMTA_SEX_CUR_NB","SEX_T","CUR_TYPE_USD","2015",2903.297,,,"T8:252_T9:131_T10:138_T12:145_T30:144","S3:20"
"QAT","BA:696","EAR_EMTA_SEX_CUR_NB","SEX_T","CUR_TYPE_LCU","2014",10483,,,"T8:252_T9:131_T10:138_T12:145_T30:144","S3:20"
"QAT","BA:696","EAR_EMTA_SEX_CUR_NB","SEX_T","CUR_TYPE_PPP","2014",3591.97,,,"T8:252_T9:131_T10:138_T12:145_T30:144","S3:20"
"QAT","BA:696","EAR_EMTA_SEX_CUR_NB","SEX_T","CUR_TYPE_USD","2014",2879.945,,,"T8:252_T9:131_T10:138_T12:145_T30:144","S3:20"
"QAT","BA:696","EAR_EMTA_SEX_CUR_NB","SEX_T","CUR_TYPE_LCU","2013",9667,,,"T8:252_T9:131_T10:138_T12:145_T30:144","S3:20"
"QAT","BA:696","EAR_EMTA_SEX_CUR_NB","SEX_T","CUR_TYPE_PPP","2013",3188.736,,,"T8:252_T9:131_T10:138_T12:145_T30:144","S3:20"
"QAT","BA:696","EAR_EMTA_SEX_CUR_NB","SEX_T","CUR_TYPE_USD","2013",2655.769,,,"T8:252_T9:131_T10:138_T12:145_T30:144","S3:20"
"QAT","BA:696","EAR_EMTA_SEX_CUR_NB","SEX_T","CUR_TYPE_LCU","2012",8654,,,"T8:252_T9:131_T10:138_T12:145_T33:396_T30:144","S3:20"
"QAT","BA:696","EAR_EMTA_SEX_CUR_NB","SEX_T","CUR_TYPE_PPP","2012",2865.551,,,"T8:252_T9:131_T10:138_T12:145_T33:396_T30:144","S3:20"
"QAT","BA:696","EAR_EMTA_SEX_CUR_NB","SEX_T","CUR_TYPE_USD","2012",2377.472,,,"T8:252_T9:131_T10:138_T12:145_T33:396_T30:144","S3:20"
"QAT","BA:696","EAR_EMTA_SEX_CUR_NB","SEX_T","CUR_TYPE_LCU","2011",7401,,,"T8:252_T9:131_T10:138_T12:145_T33:396_T30:144","S3:20"
"QAT","BA:696","EAR_EMTA_SEX_CUR_NB","SEX_T","CUR_TYPE_PPP","2011",2473.5,,,"T8:252_T9:131_T10:138_T12:145_T33:396_T30:144","S3:20"
"QAT","BA:696","EAR_EMTA_SEX_CUR_NB","SEX_T","CUR_TYPE_USD","2011",2033.242,,,"T8:252_T9:131_T10:138_T12:145_T33:396_T30:144","S3:20"
"QAT","BA:696","EAR_EMTA_SEX_CUR_NB","SEX_T","CUR_TYPE_LCU","2009",7792,,,"T8:252_T9:131_T10:138_T12:145_T33:396_T30:144","S3:20"
"QAT","BA:696","EAR_EMTA_SEX_CUR_NB","SEX_T","CUR_TYPE_PPP","2009",2451.099,,,"T8:252_T9:131_T10:138_T12:145_T33:396_T30:144","S3:20"
"QAT","BA:696","EAR_EMTA_SEX_CUR_NB","SEX_T","CUR_TYPE_USD","2009",2140.659,,,"T8:252_T9:131_T10:138_T12:145_T33:396_T30:144","S3:20"
"QAT","BA:696","EAR_EMTA_SEX_CUR_NB","SEX_T","CUR_TYPE_LCU","2001",2902,,,"T8:127_T9:133_T10:138_T33:396_T30:144","S3:15"
"QAT","BA:696","EAR_EMTA_SEX_CUR_NB","SEX_T","CUR_TYPE_PPP","2001",1249.867,,,"T8:127_T9:133_T10:138_T33:396_T30:144","S3:15"
"QAT","BA:696","EAR_EMTA_SEX_CUR_NB","SEX_T","CUR_TYPE_USD","2001",797.253,,,"T8:127_T9:133_T10:138_T33:396_T30:144","S3:15"
"REU","FB:95","EAR_EMTA_SEX_CUR_NB","SEX_T","CUR_TYPE_LCU","2012",2714.258,,,"T8:127_T9:133_T10:138_T12:145_T30:38",
"REU","FB:95","EAR_EMTA_SEX_CUR_NB","SEX_T","CUR_TYPE_USD","2012",3487.279,,,"T8:127_T9:133_T10:138_T12:145_T30:38",
"ROU","BB:439","EAR_EMTA_SEX_CUR_NB","SEX_T","CUR_TYPE_LCU","2025",1524.253,,,"T30:393","R1:3513_T2:85"
"ROU","BB:439","EAR_EMTA_SEX_CUR_NB","SEX_T","CUR_TYPE_PPP","2025",3531.252,,,"T30:393","R1:3513_T2:85"
"ROU","BB:439","EAR_EMTA_SEX_CUR_NB","SEX_T","CUR_TYPE_USD","2025",1722.405,,,"T30:393","R1:3513_T2:85"
"ROU","BB:439","EAR_EMTA_SEX_CUR_NB","SEX_T","CUR_TYPE_LCU","2024",1413.135,,,"T30:393","R1:3513_T2:85"
"ROU","BB:439","EAR_EMTA_SEX_CUR_NB","SEX_T","CUR_TYPE_PPP","2024",3420.081,,,"T30:393","R1:3513_T2:85"
"ROU","BB:439","EAR_EMTA_SEX_CUR_NB","SEX_T","CUR_TYPE_USD","2024",1529.578,,,"T30:393","R1:3513_T2:85"
"ROU","BB:439","EAR_EMTA_SEX_CUR_NB","SEX_T","CUR_TYPE_LCU","2023",1231.55,,,"T30:393","R1:3513_T2:85"
"ROU","BB:439","EAR_EMTA_SEX_CUR_NB","SEX_T","CUR_TYPE_PPP","2023",3093.95,,,"T30:393","R1:3513_T2:85"
"ROU","BB:439","EAR_EMTA_SEX_CUR_NB","SEX_T","CUR_TYPE_USD","2023",1331.675,,,"T30:393","R1:3513_T2:85"
"ROU","BB:439","EAR_EMTA_SEX_CUR_NB","SEX_T","CUR_TYPE_LCU","2022",1015.684,,,"T30:393","R1:3513_T2:85"
"ROU","BB:439","EAR_EMTA_SEX_CUR_NB","SEX_T","CUR_TYPE_PPP","2022",2520,,,"T30:393","R1:3513_T2:85"
"ROU","BB:439","EAR_EMTA_SEX_CUR_NB","SEX_T","CUR_TYPE_USD","2022",1069.516,,,"T30:393","R1:3513_T2:85"
"ROU","BB:439","EAR_EMTA_SEX_CUR_NB","SEX_T","CUR_TYPE_LCU","2021",954.663,,,"T30:393","R1:3513_T2:85"
"ROU","BB:439","EAR_EMTA_SEX_CUR_NB","SEX_T","CUR_TYPE_PPP","2021",2461.241,,,"T30:393","R1:3513_T2:85"
"ROU","BB:439","EAR_EMTA_SEX_CUR_NB","SEX_T","CUR_TYPE_USD","2021",1129.08,,,"T30:393","R1:3513_T2:85"
"ROU","BB:439","EAR_EMTA_SEX_CUR_NB","SEX_T","CUR_TYPE_LCU","2020",833.648,,,"T30:393","R1:3513_T2:85"
"ROU","BB:439","EAR_EMTA_SEX_CUR_NB","SEX_T","CUR_TYPE_PPP","2020",2148.724,,,"T30:393","R1:3513_T2:85"
"ROU","BB:439","EAR_EMTA_SEX_CUR_NB","SEX_T","CUR_TYPE_USD","2020",952.193,,,"T30:393","R1:3513_T2:85"
"ROU","BB:439","EAR_EMTA_SEX_CUR_NB","SEX_T","CUR_TYPE_LCU","2019",798.518,,,"T30:393","R1:3513_T2:85"
"ROU","BB:439","EAR_EMTA_SEX_CUR_NB","SEX_T","CUR_TYPE_PPP","2019",2021.55,,,"T30:393","R1:3513_T2:85"
"ROU","BB:439","EAR_EMTA_SEX_CUR_NB","SEX_T","CUR_TYPE_USD","2019",893.942,,,"T30:393","R1:3513_T2:85"
"ROU","BB:439","EAR_EMTA_SEX_CUR_NB","SEX_T","CUR_TYPE_LCU","2018",561.008,,,"T30:393","R1:3513_T2:85"
"ROU","BB:439","EAR_EMTA_SEX_CUR_NB","SEX_T","CUR_TYPE_PPP","2018",1364.25,,,"T30:393","R1:3513_T2:85"
"ROU","BB:439","EAR_EMTA_SEX_CUR_NB","SEX_T","CUR_TYPE_USD","2018",662.55,,,"T30:393","R1:3513_T2:85"
"ROU","BB:439","EAR_EMTA_SEX_CUR_NB","SEX_T","CUR_TYPE_LCU","2017",438.849,,,"T30:393","R1:3513_T2:85"
"ROU","BB:439","EAR_EMTA_SEX_CUR_NB","SEX_T","CUR_TYPE_PPP","2017",1070.968,,,"T30:393","R1:3513_T2:85"
"ROU","BB:439","EAR_EMTA_SEX_CUR_NB","SEX_T","CUR_TYPE_USD","2017",495.767,,,"T30:393","R1:3513_T2:85"
"ROU","BB:439","EAR_EMTA_SEX_CUR_NB","SEX_T","CUR_TYPE_LCU","2016",401.397,,,"T30:393","R1:3513_T2:85"
"ROU","BB:439","EAR_EMTA_SEX_CUR_NB","SEX_T","CUR_TYPE_PPP","2016",991.133,,,"T30:393","R1:3513_T2:85"
"ROU","BB:439","EAR_EMTA_SEX_CUR_NB","SEX_T","CUR_TYPE_USD","2016",444.307,,,"T30:393","R1:3513_T2:85"
"ROU","BB:439","EAR_EMTA_SEX_CUR_NB","SEX_T","CUR_TYPE_LCU","2015",366.938,,,"T30:393","R1:3513_T2:85"
"ROU","BB:439","EAR_EMTA_SEX_CUR_NB","SEX_T","CUR_TYPE_PPP","2015",854.868,,,"T30:393","R1:3513_T2:85"
"ROU","BB:439","EAR_EMTA_SEX_CUR_NB","SEX_T","CUR_TYPE_USD","2015",407.118,,,"T30:393","R1:3513_T2:85"
"ROU","BB:439","EAR_EMTA_SEX_CUR_NB","SEX_T","CUR_TYPE_LCU","2014",349.127,,,"T30:393","R1:3513_T2:85"
"ROU","BB:439","EAR_EMTA_SEX_CUR_NB","SEX_T","CUR_TYPE_PPP","2014",822.395,,,"T30:393","R1:3513_T2:85"
"ROU","BB:439","EAR_EMTA_SEX_CUR_NB","SEX_T","CUR_TYPE_USD","2014",463.815,,,"T30:393","R1:3513_T2:85"
"ROU","BB:439","EAR_EMTA_SEX_CUR_NB","SEX_T","CUR_TYPE_LCU","2013",328.856,,,"T30:393","R1:3513_T2:85"
"ROU","BB:439","EAR_EMTA_SEX_CUR_NB","SEX_T","CUR_TYPE_PPP","2013",771.502,,,"T30:393","R1:3513_T2:85"
"ROU","BB:439","EAR_EMTA_SEX_CUR_NB","SEX_T","CUR_TYPE_USD","2013",436.754,,,"T30:393","R1:3513_T2:85"
"ROU","BB:439","EAR_EMTA_SEX_CUR_NB","SEX_T","CUR_TYPE_LCU","2012",331.07,,,"T30:393","R1:3513_T2:85"
"ROU","BB:439","EAR_EMTA_SEX_CUR_NB","SEX_T","CUR_TYPE_PPP","2012",787.659,,,"T30:393","R1:3513_T2:85"
"ROU","BB:439","EAR_EMTA_SEX_CUR_NB","SEX_T","CUR_TYPE_USD","2012",425.358,,,"T30:393","R1:3513_T2:85"
"ROU","BB:439","EAR_EMTA_SEX_CUR_NB","SEX_T","CUR_TYPE_LCU","2011",328.304,,,"T30:393","R1:3513_T2:85"
"ROU","BB:439","EAR_EMTA_SEX_CUR_NB","SEX_T","CUR_TYPE_PPP","2011",754.102,,,"T30:393","R1:3513_T2:85"
"ROU","BB:439","EAR_EMTA_SEX_CUR_NB","SEX_T","CUR_TYPE_USD","2011",456.999,,,"T30:393","R1:3513_T2:85"
"ROU","BB:439","EAR_EMTA_SEX_CUR_NB","SEX_T","CUR_TYPE_LCU","2010",325.846,,,"T30:393","R1:3513_T2:85"
"ROU","BB:439","EAR_EMTA_SEX_CUR_NB","SEX_T","CUR_TYPE_PPP","2010",741.355,,,"T30:393","R1:3513_T2:85"
"ROU","BB:439","EAR_EMTA_SEX_CUR_NB","SEX_T","CUR_TYPE_USD","2010",431.974,,,"T30:393","R1:3513_T2:85"
"ROU","BB:439","EAR_EMTA_SEX_CUR_NB","SEX_T","CUR_TYPE_LCU","2009",355.054,,,"T30:393","R1:3513_T2:85"
"ROU","BB:439","EAR_EMTA_SEX_CUR_NB","SEX_T","CUR_TYPE_PPP","2009",803.893,,,"T30:393","R1:3513_T2:85"
"ROU","BB:439","EAR_EMTA_SEX_CUR_NB","SEX_T","CUR_TYPE_USD","2009",495.23,,,"T30:393","R1:3513_T2:85"
"ROU","BB:439","EAR_EMTA_SEX_CUR_NB","SEX_T","CUR_TYPE_LCU","2008",338.295,,,"T30:393","R1:3513_T2:85"
"ROU","BB:439","EAR_EMTA_SEX_CUR_NB","SEX_T","CUR_TYPE_PPP","2008",678.792,,,"T30:393","R1:3513_T2:85"
"ROU","BB:439","EAR_EMTA_SEX_CUR_NB","SEX_T","CUR_TYPE_USD","2008",497.564,,,"T30:393","R1:3513_T2:85"
"ROU","BB:439","EAR_EMTA_SEX_CUR_NB","SEX_T","CUR_TYPE_LCU","2007",291.743,,,"T30:393","R1:3513_T2:85"
"ROU","BB:439","EAR_EMTA_SEX_CUR_NB","SEX_T","CUR_TYPE_PPP","2007",548.14,,,"T30:393","R1:3513_T2:85"
"ROU","BB:439","EAR_EMTA_SEX_CUR_NB","SEX_T","CUR_TYPE_USD","2007",399.833,,,"T30:393","R1:3513_T2:85"
"ROU","DA:435","EAR_EMTA_SEX_CUR_NB","SEX_T","CUR_TYPE_LCU","2006",1146,,,"T8:127_T9:133_T10:138_T33:396_T30:200","S9:66"
"ROU","DA:435","EAR_EMTA_SEX_CUR_NB","SEX_T","CUR_TYPE_PPP","2006",675.788,,,"T8:127_T9:133_T10:138_T33:396_T30:200","S9:66"
"ROU","DA:435","EAR_EMTA_SEX_CUR_NB","SEX_T","CUR_TYPE_USD","2006",407.977,,,"T8:127_T9:133_T10:138_T33:396_T30:200","S9:66"
"ROU","DA:435","EAR_EMTA_SEX_CUR_NB","SEX_T","CUR_TYPE_LCU","2005",968,,,"T8:127_T9:133_T10:138_T33:396_T30:200_I11:268","S9:66"
"ROU","DA:435","EAR_EMTA_SEX_CUR_NB","SEX_T","CUR_TYPE_PPP","2005",589.465,,,"T8:127_T9:133_T10:138_T33:396_T30:200_I11:268","S9:66"
"ROU","DA:435","EAR_EMTA_SEX_CUR_NB","SEX_T","CUR_TYPE_USD","2005",332.229,,,"T8:127_T9:133_T10:138_T33:396_T30:200_I11:268","S9:66"
"ROU","DA:435","EAR_EMTA_SEX_CUR_NB","SEX_T","CUR_TYPE_LCU","2004",8183317,,,"T8:127_T9:133_T10:138_T33:396_T30:332","S9:66"
"ROU","DA:435","EAR_EMTA_SEX_CUR_NB","SEX_T","CUR_TYPE_LCU","2003",6637868,,,"T8:127_T9:133_T10:138_T33:396_T30:332","S9:66"
"ROU","DA:435","EAR_EMTA_SEX_CUR_NB","SEX_T","CUR_TYPE_LCU","2002",5320559,,,"T8:127_T9:133_T10:138_T33:396_T30:332","S9:66"
"ROU","DA:435","EAR_EMTA_SEX_CUR_NB","SEX_T","CUR_TYPE_LCU","2001",4220357,,,"T8:127_T9:133_T10:138_T33:396_T30:332","S9:66"
"ROU","DA:435","EAR_EMTA_SEX_CUR_NB","SEX_T","CUR_TYPE_LCU","2000",2840449,,,"T8:127_T9:133_T10:138_T33:396_T30:332","S9:66"
"ROU","DA:435","EAR_EMTA_SEX_CUR_NB","SEX_T","CUR_TYPE_LCU","1999",1921754,,,"T8:127_T9:133_T10:138_T33:396_T30:332","S9:66"
"ROU","DA:435","EAR_EMTA_SEX_CUR_NB","SEX_T","CUR_TYPE_LCU","1998",1318605,,,"T8:127_T9:133_T10:138_T33:396_T30:332","S9:66"
"ROU","DA:435","EAR_EMTA_SEX_CUR_NB","SEX_T","CUR_TYPE_LCU","1997",843316,,,"T8:127_T9:133_T10:138_T33:396_T30:332","S9:66"
"ROU","DA:435","EAR_EMTA_SEX_CUR_NB","SEX_T","CUR_TYPE_LCU","1996",426038,,,"T8:127_T9:133_T10:138_T33:396_T30:332","S9:66"
"ROU","DA:435","EAR_EMTA_SEX_CUR_NB","SEX_T","CUR_TYPE_LCU","1995",275825,,,"T8:127_T9:133_T10:138_T33:396_T30:332","S9:66"
"ROU","DA:435","EAR_EMTA_SEX_CUR_NB","SEX_T","CUR_TYPE_LCU","1994",184719,,,"T30:332",
"ROU","DA:435","EAR_EMTA_SEX_CUR_NB","SEX_T","CUR_TYPE_LCU","1993",76452,,,"T30:332",
"ROU","DA:435","EAR_EMTA_SEX_CUR_NB","SEX_T","CUR_TYPE_LCU","1992",25322,,,"T30:332",
"RUS","DA:122","EAR_EMTA_SEX_CUR_NB","SEX_T","CUR_TYPE_LCU","2021",57240,,,"T8:127_T9:133_T10:138_T12:145_T30:201","S3:21_S4:34"
"RUS","DA:122","EAR_EMTA_SEX_CUR_NB","SEX_T","CUR_TYPE_PPP","2021",2222.435,,,"T8:127_T9:133_T10:138_T12:145_T30:201","S3:21_S4:34"
"RUS","DA:122","EAR_EMTA_SEX_CUR_NB","SEX_T","CUR_TYPE_USD","2021",777.144,,,"T8:127_T9:133_T10:138_T12:145_T30:201","S3:21_S4:34"
"RUS","DA:122","EAR_EMTA_SEX_CUR_NB","SEX_T","CUR_TYPE_LCU","2019",44729,,,"T8:127_T9:133_T10:138_T12:145_T30:201","S3:21_S4:34"
"RUS","DA:122","EAR_EMTA_SEX_CUR_NB","SEX_T","CUR_TYPE_PPP","2019",1754.866,,,"T8:127_T9:133_T10:138_T12:145_T30:201","S3:21_S4:34"
"RUS","DA:122","EAR_EMTA_SEX_CUR_NB","SEX_T","CUR_TYPE_USD","2019",690.927,,,"T8:127_T9:133_T10:138_T12:145_T30:201","S3:21_S4:34"
"RUS","DA:122","EAR_EMTA_SEX_CUR_NB","SEX_T","CUR_TYPE_LCU","2017",38609,,,"I20:4077_T8:127_T9:133_T10:138_T12:145_T30:201","S3:21_S4:34"
"RUS","DA:122","EAR_EMTA_SEX_CUR_NB","SEX_T","CUR_TYPE_PPP","2017",1493.529,,,"I20:4077_T8:127_T9:133_T10:138_T12:145_T30:201","S3:21_S4:34"
"RUS","DA:122","EAR_EMTA_SEX_CUR_NB","SEX_T","CUR_TYPE_USD","2017",661.761,,,"I20:4077_T8:127_T9:133_T10:138_T12:145_T30:201","S3:21_S4:34"
"RUS","DA:122","EAR_EMTA_SEX_CUR_NB","SEX_T","CUR_TYPE_LCU","2016",36709,,,"T8:252_T9:133_T10:138_T11:142_T12:145_T33:396_T30:201","S3:21_S4:34"
"RUS","DA:122","EAR_EMTA_SEX_CUR_NB","SEX_T","CUR_TYPE_PPP","2016",1425.398,,,"T8:252_T9:133_T10:138_T11:142_T12:145_T33:396_T30:201","S3:21_S4:34"
"RUS","DA:122","EAR_EMTA_SEX_CUR_NB","SEX_T","CUR_TYPE_USD","2016",547.438,,,"T8:252_T9:133_T10:138_T11:142_T12:145_T33:396_T30:201","S3:21_S4:34"
"RUS","DA:122","EAR_EMTA_SEX_CUR_NB","SEX_T","CUR_TYPE_LCU","2015",34030,,,"T8:252_T9:133_T10:138_T11:142_T12:145_T33:396_T30:201","S3:21_S4:34"
"RUS","DA:122","EAR_EMTA_SEX_CUR_NB","SEX_T","CUR_TYPE_PPP","2015",1347.663,,,"T8:252_T9:133_T10:138_T11:142_T12:145_T33:396_T30:201","S3:21_S4:34"
"RUS","DA:122","EAR_EMTA_SEX_CUR_NB","SEX_T","CUR_TYPE_USD","2015",558.44,,,"T8:252_T9:133_T10:138_T11:142_T12:145_T33:396_T30:201","S3:21_S4:34"
"RUS","DA:122","EAR_EMTA_SEX_CUR_NB","SEX_T","CUR_TYPE_LCU","2014",32495,,,"T8:252_T9:133_T10:138_T11:142_T12:145_T33:396_T30:201","S3:21_S4:34"
"RUS","DA:122","EAR_EMTA_SEX_CUR_NB","SEX_T","CUR_TYPE_PPP","2014",1438.981,,,"T8:252_T9:133_T10:138_T11:142_T12:145_T33:396_T30:201","S3:21_S4:34"
"RUS","DA:122","EAR_EMTA_SEX_CUR_NB","SEX_T","CUR_TYPE_USD","2014",846.705,,,"T8:252_T9:133_T10:138_T11:142_T12:145_T33:396_T30:201","S3:21_S4:34"
"RUS","DA:122","EAR_EMTA_SEX_CUR_NB","SEX_T","CUR_TYPE_LCU","2013",29792,,,"T8:252_T9:133_T10:138_T11:142_T12:145_T33:396_T30:201","S3:21_S4:34"
"RUS","DA:122","EAR_EMTA_SEX_CUR_NB","SEX_T","CUR_TYPE_PPP","2013",1388.097,,,"T8:252_T9:133_T10:138_T11:142_T12:145_T33:396_T30:201","S3:21_S4:34"
"RUS","DA:122","EAR_EMTA_SEX_CUR_NB","SEX_T","CUR_TYPE_USD","2013",935.762,,,"T8:252_T9:133_T10:138_T11:142_T12:145_T33:396_T30:201","S3:21_S4:34"
"RUS","DA:122","EAR_EMTA_SEX_CUR_NB","SEX_T","CUR_TYPE_LCU","2012",26629,,,"T8:252_T9:133_T10:138_T11:142_T12:145_T33:396_T30:201","S3:21_S4:34"
"RUS","DA:122","EAR_EMTA_SEX_CUR_NB","SEX_T","CUR_TYPE_PPP","2012",1344.265,,,"T8:252_T9:133_T10:138_T11:142_T12:145_T33:396_T30:201","S3:21_S4:34"
"RUS","DA:122","EAR_EMTA_SEX_CUR_NB","SEX_T","CUR_TYPE_USD","2012",863.461,,,"T8:252_T9:133_T10:138_T11:142_T12:145_T33:396_T30:201","S3:21_S4:34"
"RUS","DA:122","EAR_EMTA_SEX_CUR_NB","SEX_T","CUR_TYPE_LCU","2011",23369,,,"T8:252_T9:133_T10:138_T11:142_T12:145_T33:396_T30:201","S3:21_S4:34"
"RUS","DA:122","EAR_EMTA_SEX_CUR_NB","SEX_T","CUR_TYPE_PPP","2011",1235.747,,,"T8:252_T9:133_T10:138_T11:142_T12:145_T33:396_T30:201","S3:21_S4:34"
"RUS","DA:122","EAR_EMTA_SEX_CUR_NB","SEX_T","CUR_TYPE_USD","2011",795.342,,,"T8:252_T9:133_T10:138_T11:142_T12:145_T33:396_T30:201","S3:21_S4:34"
"RUS","DA:122","EAR_EMTA_SEX_CUR_NB","SEX_T","CUR_TYPE_LCU","2010",20952,,,"T8:252_T9:133_T10:138_T11:142_T12:145_T33:396_T30:201","S3:21_S4:34"
"RUS","DA:122","EAR_EMTA_SEX_CUR_NB","SEX_T","CUR_TYPE_PPP","2010",1253.611,,,"T8:252_T9:133_T10:138_T11:142_T12:145_T33:396_T30:201","S3:21_S4:34"
"RUS","DA:122","EAR_EMTA_SEX_CUR_NB","SEX_T","CUR_TYPE_USD","2010",689.939,,,"T8:252_T9:133_T10:138_T11:142_T12:145_T33:396_T30:201","S3:21_S4:34"
"RUS","DA:122","EAR_EMTA_SEX_CUR_NB","SEX_T","CUR_TYPE_LCU","2009",18638,,,"T8:252_T9:133_T10:138_T11:142_T12:145_T33:396_T30:201","S3:21_S4:34"
"RUS","DA:122","EAR_EMTA_SEX_CUR_NB","SEX_T","CUR_TYPE_PPP","2009",1169.029,,,"T8:252_T9:133_T10:138_T11:142_T12:145_T33:396_T30:201","S3:21_S4:34"
"RUS","DA:122","EAR_EMTA_SEX_CUR_NB","SEX_T","CUR_TYPE_USD","2009",587.202,,,"T8:252_T9:133_T10:138_T11:142_T12:145_T33:396_T30:201","S3:21_S4:34"
"RUS","DA:122","EAR_EMTA_SEX_CUR_NB","SEX_T","CUR_TYPE_LCU","2008",17290,,,"T8:252_T9:133_T10:138_T11:142_T12:145_T33:396_T30:201","S3:21_S4:34"
"RUS","DA:122","EAR_EMTA_SEX_CUR_NB","SEX_T","CUR_TYPE_PPP","2008",1147.169,,,"T8:252_T9:133_T10:138_T11:142_T12:145_T33:396_T30:201","S3:21_S4:34"
"RUS","DA:122","EAR_EMTA_SEX_CUR_NB","SEX_T","CUR_TYPE_USD","2008",695.694,,,"T8:252_T9:133_T10:138_T11:142_T12:145_T33:396_T30:201","S3:21_S4:34"
"RUS","DA:122","EAR_EMTA_SEX_CUR_NB","SEX_T","CUR_TYPE_LCU","2007",13593,,,"T8:252_T9:133_T10:138_T11:142_T12:145_T33:396_T30:201","S3:21_S4:34"
"RUS","DA:122","EAR_EMTA_SEX_CUR_NB","SEX_T","CUR_TYPE_PPP","2007",947.499,,,"T8:252_T9:133_T10:138_T11:142_T12:145_T33:396_T30:201","S3:21_S4:34"
"RUS","DA:122","EAR_EMTA_SEX_CUR_NB","SEX_T","CUR_TYPE_USD","2007",531.374,,,"T8:252_T9:133_T10:138_T11:142_T12:145_T33:396_T30:201","S3:21_S4:34"
"RUS","DA:122","EAR_EMTA_SEX_CUR_NB","SEX_T","CUR_TYPE_LCU","2006",12203,,,"T30:201",
"RUS","DA:122","EAR_EMTA_SEX_CUR_NB","SEX_T","CUR_TYPE_PPP","2006",897.47,,,"T30:201",
"RUS","DA:122","EAR_EMTA_SEX_CUR_NB","SEX_T","CUR_TYPE_USD","2006",448.789,,,"T30:201",
"RUS","DA:122","EAR_EMTA_SEX_CUR_NB","SEX_T","CUR_TYPE_LCU","2005",7637.7,,,"T30:201",
"RUS","DA:122","EAR_EMTA_SEX_CUR_NB","SEX_T","CUR_TYPE_PPP","2005",570.367,,,"T30:201",
"RUS","DA:122","EAR_EMTA_SEX_CUR_NB","SEX_T","CUR_TYPE_USD","2005",270.032,,,"T30:201",
"RUS","DA:122","EAR_EMTA_SEX_CUR_NB","SEX_T","CUR_TYPE_LCU","2004",6831.8,,,"T30:201",
"RUS","DA:122","EAR_EMTA_SEX_CUR_NB","SEX_T","CUR_TYPE_PPP","2004",554.647,,,"T30:201",
"RUS","DA:122","EAR_EMTA_SEX_CUR_NB","SEX_T","CUR_TYPE_USD","2004",237.102,,,"T30:201",
"RUS","DA:122","EAR_EMTA_SEX_CUR_NB","SEX_T","CUR_TYPE_LCU","2002",4414,,,"T30:201",
"RUS","DA:122","EAR_EMTA_SEX_CUR_NB","SEX_T","CUR_TYPE_PPP","2002",439.242,,,"T30:201",
"RUS","DA:122","EAR_EMTA_SEX_CUR_NB","SEX_T","CUR_TYPE_USD","2002",140.804,,,"T30:201",
"RUS","DA:122","EAR_EMTA_SEX_CUR_NB","SEX_T","CUR_TYPE_LCU","2001",3240,,,"T30:201",
"RUS","DA:122","EAR_EMTA_SEX_CUR_NB","SEX_T","CUR_TYPE_PPP","2001",365.01,,,"T30:201",
"RUS","DA:122","EAR_EMTA_SEX_CUR_NB","SEX_T","CUR_TYPE_USD","2001",111.079,,,"T30:201",
"RUS","DA:122","EAR_EMTA_SEX_CUR_NB","SEX_T","CUR_TYPE_LCU","2000",2223,,,"T30:201",
"RUS","DA:122","EAR_EMTA_SEX_CUR_NB","SEX_T","CUR_TYPE_PPP","2000",294.269,,,"T30:201",
"RUS","DA:122","EAR_EMTA_SEX_CUR_NB","SEX_T","CUR_TYPE_USD","2000",79.028,,,"T30:201",
"RUS","DA:122","EAR_EMTA_SEX_CUR_NB","SEX_T","CUR_TYPE_LCU","1999",1581,,,"T30:201",
"RUS","DA:122","EAR_EMTA_SEX_CUR_NB","SEX_T","CUR_TYPE_PPP","1999",230.395,,,"T30:201",
"RUS","DA:122","EAR_EMTA_SEX_CUR_NB","SEX_T","CUR_TYPE_USD","1999",64.216,,,"T30:201",
"RUS","DA:122","EAR_EMTA_SEX_CUR_NB","SEX_T","CUR_TYPE_LCU","1998",1095,,,"T30:201",
"RUS","DA:122","EAR_EMTA_SEX_CUR_NB","SEX_T","CUR_TYPE_PPP","1998",276.714,,,"T30:201",
"RUS","DA:122","EAR_EMTA_SEX_CUR_NB","SEX_T","CUR_TYPE_USD","1998",112.828,,,"T30:201",
"RUS","DA:122","EAR_EMTA_SEX_CUR_NB","SEX_T","CUR_TYPE_LCU","1997",950,,,"T30:201",
"RUS","DA:122","EAR_EMTA_SEX_CUR_NB","SEX_T","CUR_TYPE_PPP","1997",289.906,,,"T30:201",
"RUS","DA:122","EAR_EMTA_SEX_CUR_NB","SEX_T","CUR_TYPE_USD","1997",164.222,,,"T30:201",
"RUS","DA:122","EAR_EMTA_SEX_CUR_NB","SEX_T","CUR_TYPE_LCU","1996",790210,,,"T30:333",
"RUS","DA:122","EAR_EMTA_SEX_CUR_NB","SEX_T","CUR_TYPE_LCU","1995",472392,,,"T30:333",
"RWA","BA:1590","EAR_EMTA_SEX_CUR_NB","SEX_T","CUR_TYPE_LCU","2024",69850.796,,,"T30:39","R1:3513"
"RWA","BA:1590","EAR_EMTA_SEX_CUR_NB","SEX_T","CUR_TYPE_PPP","2024",193.281,,,"T30:39","R1:3513"
"RWA","BA:1590","EAR_EMTA_SEX_CUR_NB","SEX_T","CUR_TYPE_USD","2024",52.992,,,"T30:39","R1:3513"
"RWA","BA:1590","EAR_EMTA_SEX_CUR_NB","SEX_T","CUR_TYPE_LCU","2023",54569.446,,,"T30:39","R1:3513"
"RWA","BA:1590","EAR_EMTA_SEX_CUR_NB","SEX_T","CUR_TYPE_PPP","2023",149.267,,,"T30:39","R1:3513"
"RWA","BA:1590","EAR_EMTA_SEX_CUR_NB","SEX_T","CUR_TYPE_USD","2023",47.039,,,"T30:39","R1:3513"
"RWA","BA:1590","EAR_EMTA_SEX_CUR_NB","SEX_T","CUR_TYPE_LCU","2022",41784.348,,,"T30:39","R1:3513"
"RWA","BA:1590","EAR_EMTA_SEX_CUR_NB","SEX_T","CUR_TYPE_PPP","2022",131.501,,,"T30:39","R1:3513"
"RWA","BA:1590","EAR_EMTA_SEX_CUR_NB","SEX_T","CUR_TYPE_USD","2022",40.555,,,"T30:39","R1:3513"
"RWA","BA:1590","EAR_EMTA_SEX_CUR_NB","SEX_T","CUR_TYPE_LCU","2021",40708.075,,,"T30:39","R1:3513"
"RWA","BA:1590","EAR_EMTA_SEX_CUR_NB","SEX_T","CUR_TYPE_PPP","2021",139.604,,,"T30:39","R1:3513"
"RWA","BA:1590","EAR_EMTA_SEX_CUR_NB","SEX_T","CUR_TYPE_USD","2021",41.176,,,"T30:39","R1:3513"
"RWA","BA:1590","EAR_EMTA_SEX_CUR_NB","SEX_T","CUR_TYPE_LCU","2017",45647.63,"B",,"T30:39_I11:264","R1:3513"
"RWA","BA:1590","EAR_EMTA_SEX_CUR_NB","SEX_T","CUR_TYPE_PPP","2017",153.376,"B",,"T30:39_I11:264","R1:3513"
"RWA","BA:1590","EAR_EMTA_SEX_CUR_NB","SEX_T","CUR_TYPE_USD","2017",54.894,"B",,"T30:39_I11:264","R1:3513"
"RWA","BB:763","EAR_EMTA_SEX_CUR_NB","SEX_T","CUR_TYPE_LCU","2014",60387.79,"B",,"T30:39_I11:264","R1:3513"
"RWA","BB:763","EAR_EMTA_SEX_CUR_NB","SEX_T","CUR_TYPE_PPP","2014",225.57,"B",,"T30:39_I11:264","R1:3513"
"RWA","BB:763","EAR_EMTA_SEX_CUR_NB","SEX_T","CUR_TYPE_USD","2014",88.488,"B",,"T30:39_I11:264","R1:3513"
"SAU","BA:627","EAR_EMTA_SEX_CUR_NB","SEX_T","CUR_TYPE_LCU","2022",6748,,,"I20:4077_T8:127_T9:133_T10:138_T11:142_T12:146_T30:145","S3:11_S5:4138"
"SAU","BA:627","EAR_EMTA_SEX_CUR_NB","SEX_T","CUR_TYPE_PPP","2022",3480.078,,,"I20:4077_T8:127_T9:133_T10:138_T11:142_T12:146_T30:145","S3:11_S5:4138"
"SAU","BA:627","EAR_EMTA_SEX_CUR_NB","SEX_T","CUR_TYPE_USD","2022",1799.467,,,"I20:4077_T8:127_T9:133_T10:138_T11:142_T12:146_T30:145","S3:11_S5:4138"
"SAU","BA:627","EAR_EMTA_SEX_CUR_NB","SEX_T","CUR_TYPE_LCU","2020",6563.8,,,"I20:4077_T8:127_T9:133_T10:138_T11:142_T12:146_T30:145","S3:10"
"SAU","BA:627","EAR_EMTA_SEX_CUR_NB","SEX_T","CUR_TYPE_PPP","2020",3137.973,,,"I20:4077_T8:127_T9:133_T10:138_T11:142_T12:146_T30:145","S3:10"
"SAU","BA:627","EAR_EMTA_SEX_CUR_NB","SEX_T","CUR_TYPE_USD","2020",1750.347,,,"I20:4077_T8:127_T9:133_T10:138_T11:142_T12:146_T30:145","S3:10"
"SAU","BA:627","EAR_EMTA_SEX_CUR_NB","SEX_T","CUR_TYPE_LCU","2019",6313,,,"T8:127_T9:131_T10:139_T11:142_T12:145_T30:145","S3:11"
"SAU","BA:627","EAR_EMTA_SEX_CUR_NB","SEX_T","CUR_TYPE_PPP","2019",3352.948,,,"T8:127_T9:131_T10:139_T11:142_T12:145_T30:145","S3:11"
"SAU","BA:627","EAR_EMTA_SEX_CUR_NB","SEX_T","CUR_TYPE_USD","2019",1683.467,,,"T8:127_T9:131_T10:139_T11:142_T12:145_T30:145","S3:11"
"SAU","BA:627","EAR_EMTA_SEX_CUR_NB","SEX_T","CUR_TYPE_LCU","2018",6271.7,,,"T8:127_T9:131_T10:139_T11:142_T12:145_T30:145","S3:11"
"SAU","BA:627","EAR_EMTA_SEX_CUR_NB","SEX_T","CUR_TYPE_PPP","2018",3372.754,,,"T8:127_T9:131_T10:139_T11:142_T12:145_T30:145","S3:11"
"SAU","BA:627","EAR_EMTA_SEX_CUR_NB","SEX_T","CUR_TYPE_USD","2018",1672.453,,,"T8:127_T9:131_T10:139_T11:142_T12:145_T30:145","S3:11"
"SAU","BA:627","EAR_EMTA_SEX_CUR_NB","SEX_T","CUR_TYPE_LCU","2017",6093.011,,,"T8:127_T9:131_T10:139_T11:142_T12:145_T30:145","S3:11"
"SAU","BA:627","EAR_EMTA_SEX_CUR_NB","SEX_T","CUR_TYPE_PPP","2017",3496.477,,,"T8:127_T9:131_T10:139_T11:142_T12:145_T30:145","S3:11"
"SAU","BA:627","EAR_EMTA_SEX_CUR_NB","SEX_T","CUR_TYPE_USD","2017",1624.803,,,"T8:127_T9:131_T10:139_T11:142_T12:145_T30:145","S3:11"
"SAU","BA:627","EAR_EMTA_SEX_CUR_NB","SEX_T","CUR_TYPE_LCU","2016",6225.1,,,"T8:127_T9:131_T10:139_T11:142_T12:145_T30:145","S3:11"
"SAU","BA:627","EAR_EMTA_SEX_CUR_NB","SEX_T","CUR_TYPE_PPP","2016",3488.251,,,"T8:127_T9:131_T10:139_T11:142_T12:145_T30:145","S3:11"
"SAU","BA:627","EAR_EMTA_SEX_CUR_NB","SEX_T","CUR_TYPE_USD","2016",1660.027,,,"T8:127_T9:131_T10:139_T11:142_T12:145_T30:145","S3:11"
"SAU","BA:627","EAR_EMTA_SEX_CUR_NB","SEX_T","CUR_TYPE_LCU","2015",6413.246,,,"T8:127_T9:131_T10:139_T11:142_T12:145_T30:145","S3:7"
"SAU","BA:627","EAR_EMTA_SEX_CUR_NB","SEX_T","CUR_TYPE_PPP","2015",3842.703,,,"T8:127_T9:131_T10:139_T11:142_T12:145_T30:145","S3:7"
"SAU","BA:627","EAR_EMTA_SEX_CUR_NB","SEX_T","CUR_TYPE_USD","2015",1710.199,,,"T8:127_T9:131_T10:139_T11:142_T12:145_T30:145","S3:7"
"SAU","BA:627","EAR_EMTA_SEX_CUR_NB","SEX_T","CUR_TYPE_LCU","2014",6098.8,,,"T8:127_T9:131_T10:139_T11:142_T12:145_T30:145","S3:7"
"SAU","BA:627","EAR_EMTA_SEX_CUR_NB","SEX_T","CUR_TYPE_PPP","2014",3771.186,,,"T8:127_T9:131_T10:139_T11:142_T12:145_T30:145","S3:7"
"SAU","BA:627","EAR_EMTA_SEX_CUR_NB","SEX_T","CUR_TYPE_USD","2014",1626.347,,,"T8:127_T9:131_T10:139_T11:142_T12:145_T30:145","S3:7"
"SAU","BA:627","EAR_EMTA_SEX_CUR_NB","SEX_T","CUR_TYPE_LCU","2013",5580,,,"T8:252_T9:131_T10:139_T11:142_T12:145_T30:145","S3:7"
"SAU","BA:627","EAR_EMTA_SEX_CUR_NB","SEX_T","CUR_TYPE_PPP","2013",3227.038,,,"T8:252_T9:131_T10:139_T11:142_T12:145_T30:145","S3:7"
"SAU","BA:627","EAR_EMTA_SEX_CUR_NB","SEX_T","CUR_TYPE_USD","2013",1488,,,"T8:252_T9:131_T10:139_T11:142_T12:145_T30:145","S3:7"
"SAU","BA:627","EAR_EMTA_SEX_CUR_NB","SEX_T","CUR_TYPE_LCU","2012",5285,,,"T8:127_T9:131_T11:142_T12:145_T33:396_T30:145","S3:7"
"SAU","BA:627","EAR_EMTA_SEX_CUR_NB","SEX_T","CUR_TYPE_PPP","2012",3240.976,,,"T8:127_T9:131_T11:142_T12:145_T33:396_T30:145","S3:7"
"SAU","BA:627","EAR_EMTA_SEX_CUR_NB","SEX_T","CUR_TYPE_USD","2012",1409.333,,,"T8:127_T9:131_T11:142_T12:145_T33:396_T30:145","S3:7"
"SAU","BA:627","EAR_EMTA_SEX_CUR_NB","SEX_T","CUR_TYPE_LCU","2011",5031,,,"T8:127_T9:131_T11:142_T12:145_T33:396_T30:145","S3:7"
"SAU","BA:627","EAR_EMTA_SEX_CUR_NB","SEX_T","CUR_TYPE_PPP","2011",3298.753,,,"T8:127_T9:131_T11:142_T12:145_T33:396_T30:145","S3:7"
"SAU","BA:627","EAR_EMTA_SEX_CUR_NB","SEX_T","CUR_TYPE_USD","2011",1341.6,,,"T8:127_T9:131_T11:142_T12:145_T33:396_T30:145","S3:7"
"SAU","BA:627","EAR_EMTA_SEX_CUR_NB","SEX_T","CUR_TYPE_LCU","2009",4470,,,"T8:252_T9:131_T10:138_T12:145_T33:396_T30:145","S3:7"
"SAU","BA:627","EAR_EMTA_SEX_CUR_NB","SEX_T","CUR_TYPE_PPP","2009",3116.193,,,"T8:252_T9:131_T10:138_T12:145_T33:396_T30:145","S3:7"
"SAU","BA:627","EAR_EMTA_SEX_CUR_NB","SEX_T","CUR_TYPE_USD","2009",1192,,,"T8:252_T9:131_T10:138_T12:145_T33:396_T30:145","S3:7"
"SDN","BA:1603","EAR_EMTA_SEX_CUR_NB","SEX_T","CUR_TYPE_LCU","2022",155379.238,"B",,"T30:48_I11:264","R1:3513"
"SDN","BA:1603","EAR_EMTA_SEX_CUR_NB","SEX_T","CUR_TYPE_PPP","2022",692.78,"B",,"T30:48_I11:264","R1:3513"
"SDN","BA:1603","EAR_EMTA_SEX_CUR_NB","SEX_T","CUR_TYPE_USD","2022",284.182,"B",,"T30:48_I11:264","R1:3513"
"SDN","BA:1603","EAR_EMTA_SEX_CUR_NB","SEX_T","CUR_TYPE_LCU","2011",452.718,,,"T30:48","R1:3513"
"SDN","BA:1603","EAR_EMTA_SEX_CUR_NB","SEX_T","CUR_TYPE_PPP","2011",309.074,,,"T30:48","R1:3513"
"SDN","BA:1603","EAR_EMTA_SEX_CUR_NB","SEX_T","CUR_TYPE_USD","2011",169.772,,,"T30:48","R1:3513"
"SDN","CA:1604","EAR_EMTA_SEX_CUR_NB","SEX_T","CUR_TYPE_LCU","1992",1055,,"C5:2067","T8:127_T9:133_T10:138_T33:396_T30:336_I11:268","S9:67"
"SDN","CA:1604","EAR_EMTA_SEX_CUR_NB","SEX_T","CUR_TYPE_LCU","1990",225.4,,"C5:2067","T8:127_T9:133_T10:138_T33:396_T30:337","S9:67"
"SEN","BA:13368","EAR_EMTA_SEX_CUR_NB","SEX_T","CUR_TYPE_LCU","2024",169275.655,,,"T30:42","R1:3513"
"SEN","BA:13368","EAR_EMTA_SEX_CUR_NB","SEX_T","CUR_TYPE_PPP","2024",738.289,,,"T30:42","R1:3513"
"SEN","BA:13368","EAR_EMTA_SEX_CUR_NB","SEX_T","CUR_TYPE_USD","2024",279.174,,,"T30:42","R1:3513"
"SEN","BA:13368","EAR_EMTA_SEX_CUR_NB","SEX_T","CUR_TYPE_LCU","2023",93595.61,,,"T30:42","R1:3513"
"SEN","BA:13368","EAR_EMTA_SEX_CUR_NB","SEX_T","CUR_TYPE_PPP","2023",399.708,,,"T30:42","R1:3513"
"SEN","BA:13368","EAR_EMTA_SEX_CUR_NB","SEX_T","CUR_TYPE_USD","2023",154.303,,,"T30:42","R1:3513"
"SEN","BA:13368","EAR_EMTA_SEX_CUR_NB","SEX_T","CUR_TYPE_LCU","2022",97572.594,,,"T30:42","R1:3513"
"SEN","BA:13368","EAR_EMTA_SEX_CUR_NB","SEX_T","CUR_TYPE_PPP","2022",423.989,,,"T30:42","R1:3513"
"SEN","BA:13368","EAR_EMTA_SEX_CUR_NB","SEX_T","CUR_TYPE_USD","2022",156.427,,,"T30:42","R1:3513"
"SEN","BA:13368","EAR_EMTA_SEX_CUR_NB","SEX_T","CUR_TYPE_LCU","2019",85966.014,,,"T30:42","R1:3513"
"SEN","BA:13368","EAR_EMTA_SEX_CUR_NB","SEX_T","CUR_TYPE_PPP","2019",369.635,,,"T30:42","R1:3513"
"SEN","BA:13368","EAR_EMTA_SEX_CUR_NB","SEX_T","CUR_TYPE_USD","2019",146.722,,,"T30:42","R1:3513"
"SEN","BX:1608","EAR_EMTA_SEX_CUR_NB","SEX_T","CUR_TYPE_LCU","2011",105131.304,"B",,"T30:42_I11:264","R1:3513"
"SEN","BX:1608","EAR_EMTA_SEX_CUR_NB","SEX_T","CUR_TYPE_PPP","2011",421.744,"B",,"T30:42_I11:264","R1:3513"
"SEN","BX:1608","EAR_EMTA_SEX_CUR_NB","SEX_T","CUR_TYPE_USD","2011",223.091,"B",,"T30:42_I11:264","R1:3513"
"SGP","BA:5873","EAR_EMTA_SEX_CUR_NB","SEX_T","CUR_TYPE_LCU","2021",4680,,,"T8:128_T9:133_T10:138_T11:142_T12:146_T30:146","S3:17_S5:356"
"SGP","BA:5873","EAR_EMTA_SEX_CUR_NB","SEX_T","CUR_TYPE_PPP","2021",4419.631,,,"T8:128_T9:133_T10:138_T11:142_T12:146_T30:146","S3:17_S5:356"
"SGP","BA:5873","EAR_EMTA_SEX_CUR_NB","SEX_T","CUR_TYPE_USD","2021",3483.482,,,"T8:128_T9:133_T10:138_T11:142_T12:146_T30:146","S3:17_S5:356"
"SGP","BA:5873","EAR_EMTA_SEX_CUR_NB","SEX_T","CUR_TYPE_LCU","2020",4534,,,"T8:128_T9:133_T10:138_T11:142_T12:146_T30:146","S3:17_S5:356"
"SGP","BA:5873","EAR_EMTA_SEX_CUR_NB","SEX_T","CUR_TYPE_PPP","2020",4228.29,,,"T8:128_T9:133_T10:138_T11:142_T12:146_T30:146","S3:17_S5:356"
"SGP","BA:5873","EAR_EMTA_SEX_CUR_NB","SEX_T","CUR_TYPE_USD","2020",3286.122,,,"T8:128_T9:133_T10:138_T11:142_T12:146_T30:146","S3:17_S5:356"
"SGP","BA:5873","EAR_EMTA_SEX_CUR_NB","SEX_T","CUR_TYPE_LCU","2019",4563,,,"T8:128_T9:133_T10:138_T11:142_T12:146_T30:146","S3:17_S5:356"
"SGP","BA:5873","EAR_EMTA_SEX_CUR_NB","SEX_T","CUR_TYPE_PPP","2019",4265.551,,,"T8:128_T9:133_T10:138_T11:142_T12:146_T30:146","S3:17_S5:356"
"SGP","BA:5873","EAR_EMTA_SEX_CUR_NB","SEX_T","CUR_TYPE_USD","2019",3344.92,,,"T8:128_T9:133_T10:138_T11:142_T12:146_T30:146","S3:17_S5:356"
"SGP","BA:5873","EAR_EMTA_SEX_CUR_NB","SEX_T","CUR_TYPE_LCU","2018",4437,,,"T8:128_T9:133_T10:138_T11:142_T12:146_T30:146","S3:17_S5:356"
"SGP","BA:5873","EAR_EMTA_SEX_CUR_NB","SEX_T","CUR_TYPE_PPP","2018",4097.497,,,"T8:128_T9:133_T10:138_T11:142_T12:146_T30:146","S3:17_S5:356"
"SGP","BA:5873","EAR_EMTA_SEX_CUR_NB","SEX_T","CUR_TYPE_USD","2018",3289.489,,,"T8:128_T9:133_T10:138_T11:142_T12:146_T30:146","S3:17_S5:356"
"SGP","BA:5873","EAR_EMTA_SEX_CUR_NB","SEX_T","CUR_TYPE_LCU","2017",4232,,,"T8:128_T9:133_T10:138_T11:142_T12:146_T30:146","S3:17_S5:356"
"SGP","BA:5873","EAR_EMTA_SEX_CUR_NB","SEX_T","CUR_TYPE_PPP","2017",3850.843,,,"T8:128_T9:133_T10:138_T11:142_T12:146_T30:146","S3:17_S5:356"
"SGP","BA:5873","EAR_EMTA_SEX_CUR_NB","SEX_T","CUR_TYPE_USD","2017",3064.613,,,"T8:128_T9:133_T10:138_T11:142_T12:146_T30:146","S3:17_S5:356"
"SGP","BA:5873","EAR_EMTA_SEX_CUR_NB","SEX_T","CUR_TYPE_LCU","2016",4056,,,"T8:128_T9:133_T10:138_T11:142_T12:146_T30:146","S3:17_S5:356"
"SGP","BA:5873","EAR_EMTA_SEX_CUR_NB","SEX_T","CUR_TYPE_PPP","2016",3678.826,,,"T8:128_T9:133_T10:138_T11:142_T12:146_T30:146","S3:17_S5:356"
"SGP","BA:5873","EAR_EMTA_SEX_CUR_NB","SEX_T","CUR_TYPE_USD","2016",2935.841,,,"T8:128_T9:133_T10:138_T11:142_T12:146_T30:146","S3:17_S5:356"
"SGP","BA:5873","EAR_EMTA_SEX_CUR_NB","SEX_T","CUR_TYPE_LCU","2015",3949,,,"T8:128_T9:133_T10:138_T11:142_T12:146_T30:146","S3:17_S5:356"
"SGP","BA:5873","EAR_EMTA_SEX_CUR_NB","SEX_T","CUR_TYPE_PPP","2015",3565.642,,,"T8:128_T9:133_T10:138_T11:142_T12:146_T30:146","S3:17_S5:356"
"SGP","BA:5873","EAR_EMTA_SEX_CUR_NB","SEX_T","CUR_TYPE_USD","2015",2872.366,,,"T8:128_T9:133_T10:138_T11:142_T12:146_T30:146","S3:17_S5:356"
"SGP","BA:5873","EAR_EMTA_SEX_CUR_NB","SEX_T","CUR_TYPE_LCU","2014",3770,,,"T8:128_T9:133_T10:138_T11:142_T12:146_T30:146","S3:17_S5:356"
"SGP","BA:5873","EAR_EMTA_SEX_CUR_NB","SEX_T","CUR_TYPE_PPP","2014",3386.585,,,"T8:128_T9:133_T10:138_T11:142_T12:146_T30:146","S3:17_S5:356"
"SGP","BA:5873","EAR_EMTA_SEX_CUR_NB","SEX_T","CUR_TYPE_USD","2014",2975.415,,,"T8:128_T9:133_T10:138_T11:142_T12:146_T30:146","S3:17_S5:356"
"SGP","BA:5873","EAR_EMTA_SEX_CUR_NB","SEX_T","CUR_TYPE_LCU","2013",3705,,,"T8:128_T9:133_T10:138_T11:142_T12:146_T30:146","S3:17_S5:356"
"SGP","BA:5873","EAR_EMTA_SEX_CUR_NB","SEX_T","CUR_TYPE_PPP","2013",3337.017,,,"T8:128_T9:133_T10:138_T11:142_T12:146_T30:146","S3:17_S5:356"
"SGP","BA:5873","EAR_EMTA_SEX_CUR_NB","SEX_T","CUR_TYPE_USD","2013",2960.921,,,"T8:128_T9:133_T10:138_T11:142_T12:146_T30:146","S3:17_S5:356"
"SGP","BA:5873","EAR_EMTA_SEX_CUR_NB","SEX_T","CUR_TYPE_LCU","2012",3480,,,"T8:128_T9:133_T10:138_T11:142_T12:146_T30:146","S3:17_S5:356"
"SGP","BA:5873","EAR_EMTA_SEX_CUR_NB","SEX_T","CUR_TYPE_PPP","2012",3232.611,,,"T8:128_T9:133_T10:138_T11:142_T12:146_T30:146","S3:17_S5:356"
"SGP","BA:5873","EAR_EMTA_SEX_CUR_NB","SEX_T","CUR_TYPE_USD","2012",2784.721,,,"T8:128_T9:133_T10:138_T11:142_T12:146_T30:146","S3:17_S5:356"
"SGP","BA:5873","EAR_EMTA_SEX_CUR_NB","SEX_T","CUR_TYPE_LCU","2011",3249,,,"T8:128_T9:133_T10:138_T11:142_T12:146_T30:146","S3:17_S5:356"
"SGP","BA:5873","EAR_EMTA_SEX_CUR_NB","SEX_T","CUR_TYPE_PPP","2011",2974.498,,,"T8:128_T9:133_T10:138_T11:142_T12:146_T30:146","S3:17_S5:356"
"SGP","BA:5873","EAR_EMTA_SEX_CUR_NB","SEX_T","CUR_TYPE_USD","2011",2583.131,,,"T8:128_T9:133_T10:138_T11:142_T12:146_T30:146","S3:17_S5:356"
"SGP","FA:5921","EAR_EMTA_SEX_CUR_NB","SEX_T","CUR_TYPE_LCU","2010",4089,,,"T8:127_T9:133_T10:138_T12:145_T30:146",
"SGP","FA:5921","EAR_EMTA_SEX_CUR_NB","SEX_T","CUR_TYPE_PPP","2010",3819.53,,,"T8:127_T9:133_T10:138_T12:145_T30:146",
"SGP","FA:5921","EAR_EMTA_SEX_CUR_NB","SEX_T","CUR_TYPE_USD","2010",2998.882,,,"T8:127_T9:133_T10:138_T12:145_T30:146",
"SGP","FA:5921","EAR_EMTA_SEX_CUR_NB","SEX_T","CUR_TYPE_LCU","2009",3872,,,"T8:127_T9:133_T10:138_T12:145_T30:146",
"SGP","FA:5921","EAR_EMTA_SEX_CUR_NB","SEX_T","CUR_TYPE_PPP","2009",3659.134,,,"T8:127_T9:133_T10:138_T12:145_T30:146",
"SGP","FA:5921","EAR_EMTA_SEX_CUR_NB","SEX_T","CUR_TYPE_USD","2009",2662.056,,,"T8:127_T9:133_T10:138_T12:145_T30:146",
"SGP","FA:5921","EAR_EMTA_SEX_CUR_NB","SEX_T","CUR_TYPE_LCU","2008",3977,,,"T8:127_T9:133_T10:138_T33:396_T30:146","S9:66"
"SGP","FA:5921","EAR_EMTA_SEX_CUR_NB","SEX_T","CUR_TYPE_PPP","2008",3793.993,,,"T8:127_T9:133_T10:138_T33:396_T30:146","S9:66"
"SGP","FA:5921","EAR_EMTA_SEX_CUR_NB","SEX_T","CUR_TYPE_USD","2008",2810.877,,,"T8:127_T9:133_T10:138_T33:396_T30:146","S9:66"
"SGP","FA:5921","EAR_EMTA_SEX_CUR_NB","SEX_T","CUR_TYPE_LCU","2007",3773,,,"T8:127_T9:133_T10:138_T33:396_T30:146","S9:66"
"SGP","FA:5921","EAR_EMTA_SEX_CUR_NB","SEX_T","CUR_TYPE_PPP","2007",3696.31,,,"T8:127_T9:133_T10:138_T33:396_T30:146","S9:66"
"SGP","FA:5921","EAR_EMTA_SEX_CUR_NB","SEX_T","CUR_TYPE_USD","2007",2503.481,,,"T8:127_T9:133_T10:138_T33:396_T30:146","S9:66"
"SGP","FA:5921","EAR_EMTA_SEX_CUR_NB","SEX_T","CUR_TYPE_LCU","2006",3554,,,"T30:146","T2:83"
"SGP","FA:5921","EAR_EMTA_SEX_CUR_NB","SEX_T","CUR_TYPE_PPP","2006",3456.614,,,"T30:146","T2:83"
"SGP","FA:5921","EAR_EMTA_SEX_CUR_NB","SEX_T","CUR_TYPE_USD","2006",2236.721,,,"T30:146","T2:83"
"SGP","FA:5921","EAR_EMTA_SEX_CUR_NB","SEX_T","CUR_TYPE_LCU","2005",3444,,,"T30:146","T2:83"
"SGP","FA:5921","EAR_EMTA_SEX_CUR_NB","SEX_T","CUR_TYPE_PPP","2005",3276.283,,,"T30:146","T2:83"
"SGP","FA:5921","EAR_EMTA_SEX_CUR_NB","SEX_T","CUR_TYPE_USD","2005",2069.217,,,"T30:146","T2:83"
"SGP","FA:5921","EAR_EMTA_SEX_CUR_NB","SEX_T","CUR_TYPE_LCU","2004",3329,,,"T30:146","T2:83"
"SGP","FA:5921","EAR_EMTA_SEX_CUR_NB","SEX_T","CUR_TYPE_PPP","2004",3075.985,,,"T30:146","T2:83"
"SGP","FA:5921","EAR_EMTA_SEX_CUR_NB","SEX_T","CUR_TYPE_USD","2004",1969.556,,,"T30:146","T2:83"
"SGP","FA:5921","EAR_EMTA_SEX_CUR_NB","SEX_T","CUR_TYPE_LCU","2003",3213,,,"T30:146","T2:83"
"SGP","FA:5921","EAR_EMTA_SEX_CUR_NB","SEX_T","CUR_TYPE_PPP","2003",2939.468,,,"T30:146","T2:83"
"SGP","FA:5921","EAR_EMTA_SEX_CUR_NB","SEX_T","CUR_TYPE_USD","2003",1844.238,,,"T30:146","T2:83"
"SGP","FA:5921","EAR_EMTA_SEX_CUR_NB","SEX_T","CUR_TYPE_LCU","2002",3158,,,"T30:146","T2:83"
"SGP","FA:5921","EAR_EMTA_SEX_CUR_NB","SEX_T","CUR_TYPE_PPP","2002",2839.368,,,"T30:146","T2:83"
"SGP","FA:5921","EAR_EMTA_SEX_CUR_NB","SEX_T","CUR_TYPE_USD","2002",1763.666,,,"T30:146","T2:83"
"SGP","FA:5921","EAR_EMTA_SEX_CUR_NB","SEX_T","CUR_TYPE_LCU","2001",3134,,,"T30:146","T2:83"
"SGP","FA:5921","EAR_EMTA_SEX_CUR_NB","SEX_T","CUR_TYPE_PPP","2001",2762.932,,,"T30:146","T2:83"
"SGP","FA:5921","EAR_EMTA_SEX_CUR_NB","SEX_T","CUR_TYPE_USD","2001",1749.155,,,"T30:146","T2:83"
"SGP","FA:5921","EAR_EMTA_SEX_CUR_NB","SEX_T","CUR_TYPE_LCU","2000",3063,,,"T30:146","T2:83"
"SGP","FA:5921","EAR_EMTA_SEX_CUR_NB","SEX_T","CUR_TYPE_PPP","2000",2652.308,,,"T30:146","T2:83"
"SGP","FA:5921","EAR_EMTA_SEX_CUR_NB","SEX_T","CUR_TYPE_USD","2000",1776.72,,,"T30:146","T2:83"
"SGP","FA:5921","EAR_EMTA_SEX_CUR_NB","SEX_T","CUR_TYPE_LCU","1999",2813,,,"T30:146","T2:83"
"SGP","FA:5921","EAR_EMTA_SEX_CUR_NB","SEX_T","CUR_TYPE_PPP","1999",2388.344,,,"T30:146","T2:83"
"SGP","FA:5921","EAR_EMTA_SEX_CUR_NB","SEX_T","CUR_TYPE_USD","1999",1659.629,,,"T30:146","T2:83"
"SGP","FA:5921","EAR_EMTA_SEX_CUR_NB","SEX_T","CUR_TYPE_LCU","1998",2740,,,"T30:146","T2:83"
"SGP","FA:5921","EAR_EMTA_SEX_CUR_NB","SEX_T","CUR_TYPE_PPP","1998",2276.933,,,"T30:146","T2:83"
"SGP","FA:5921","EAR_EMTA_SEX_CUR_NB","SEX_T","CUR_TYPE_USD","1998",1637.188,,,"T30:146","T2:83"
"SGP","FA:5921","EAR_EMTA_SEX_CUR_NB","SEX_T","CUR_TYPE_LCU","1997",2480.3,,"C5:2067","T8:127_T9:133_T10:138_T33:396_T30:146","S9:66"
"SGP","FA:5921","EAR_EMTA_SEX_CUR_NB","SEX_T","CUR_TYPE_PPP","1997",2024.188,,"C5:2067","T8:127_T9:133_T10:138_T33:396_T30:146","S9:66"
"SGP","FA:5921","EAR_EMTA_SEX_CUR_NB","SEX_T","CUR_TYPE_USD","1997",1670.454,,"C5:2067","T8:127_T9:133_T10:138_T33:396_T30:146","S9:66"
"SGP","FA:5921","EAR_EMTA_SEX_CUR_NB","SEX_T","CUR_TYPE_LCU","1996",2347.1,,"C5:2067","T8:127_T9:133_T10:138_T33:396_T30:146","S9:66"
"SGP","FA:5921","EAR_EMTA_SEX_CUR_NB","SEX_T","CUR_TYPE_PPP","1996",1909.23,,"C5:2067","T8:127_T9:133_T10:138_T33:396_T30:146","S9:66"
"SGP","FA:5921","EAR_EMTA_SEX_CUR_NB","SEX_T","CUR_TYPE_USD","1996",1664.562,,"C5:2067","T8:127_T9:133_T10:138_T33:396_T30:146","S9:66"
"SGP","FA:5921","EAR_EMTA_SEX_CUR_NB","SEX_T","CUR_TYPE_LCU","1995",2218.6,,"C5:2067","T8:127_T9:133_T10:138_T33:396_T30:146","S9:66"
"SGP","FA:5921","EAR_EMTA_SEX_CUR_NB","SEX_T","CUR_TYPE_PPP","1995",1777.561,,"C5:2067","T8:127_T9:133_T10:138_T33:396_T30:146","S9:66"
"SGP","FA:5921","EAR_EMTA_SEX_CUR_NB","SEX_T","CUR_TYPE_USD","1995",1565.288,,"C5:2067","T8:127_T9:133_T10:138_T33:396_T30:146","S9:66"
"SGP","FA:5921","EAR_EMTA_SEX_CUR_NB","SEX_T","CUR_TYPE_LCU","1994",2085.6,,"C5:2067","T8:127_T9:133_T10:138_T33:396_T30:146","S9:66"
"SGP","FA:5921","EAR_EMTA_SEX_CUR_NB","SEX_T","CUR_TYPE_PPP","1994",1653.366,,"C5:2067","T8:127_T9:133_T10:138_T33:396_T30:146","S9:66"
"SGP","FA:5921","EAR_EMTA_SEX_CUR_NB","SEX_T","CUR_TYPE_USD","1994",1365.418,,"C5:2067","T8:127_T9:133_T10:138_T33:396_T30:146","S9:66"
"SGP","FA:5921","EAR_EMTA_SEX_CUR_NB","SEX_T","CUR_TYPE_LCU","1993",1917.7,,"C5:2067","T8:127_T9:133_T10:138_T33:396_T30:146","S9:66"
"SGP","FA:5921","EAR_EMTA_SEX_CUR_NB","SEX_T","CUR_TYPE_PPP","1993",1527.563,,"C5:2067","T8:127_T9:133_T10:138_T33:396_T30:146","S9:66"
"SGP","FA:5921","EAR_EMTA_SEX_CUR_NB","SEX_T","CUR_TYPE_USD","1993",1186.849,,"C5:2067","T8:127_T9:133_T10:138_T33:396_T30:146","S9:66"
"SGP","FA:5921","EAR_EMTA_SEX_CUR_NB","SEX_T","CUR_TYPE_LCU","1992",1803.9,,"C5:2067","T8:127_T9:133_T10:138_T33:396_T30:146","S9:66"
"SGP","FA:5921","EAR_EMTA_SEX_CUR_NB","SEX_T","CUR_TYPE_PPP","1992",1427.67,,"C5:2067","T8:127_T9:133_T10:138_T33:396_T30:146","S9:66"
"SGP","FA:5921","EAR_EMTA_SEX_CUR_NB","SEX_T","CUR_TYPE_USD","1992",1107.389,,"C5:2067","T8:127_T9:133_T10:138_T33:396_T30:146","S9:66"
"SGP","FA:5921","EAR_EMTA_SEX_CUR_NB","SEX_T","CUR_TYPE_LCU","1991",1668.8,,"C5:2067","T8:127_T9:133_T10:138_T33:396_T30:146","S9:66"
"SGP","FA:5921","EAR_EMTA_SEX_CUR_NB","SEX_T","CUR_TYPE_PPP","1991",1310.93,,"C5:2067","T8:127_T9:133_T10:138_T33:396_T30:146","S9:66"
"SGP","FA:5921","EAR_EMTA_SEX_CUR_NB","SEX_T","CUR_TYPE_USD","1991",965.992,,"C5:2067","T8:127_T9:133_T10:138_T33:396_T30:146","S9:66"
"SGP","DA:1617","EAR_EMTA_SEX_CUR_NB","SEX_T","CUR_TYPE_LCU","1990",1023.48,,"C5:1036_C5:2067","T8:127_T9:133_T10:138_T33:396_T30:146","S3:19_S9:67_S6:50"
"SGP","DA:1617","EAR_EMTA_SEX_CUR_NB","SEX_T","CUR_TYPE_PPP","1990",797.756,,"C5:1036_C5:2067","T8:127_T9:133_T10:138_T33:396_T30:146","S3:19_S9:67_S6:50"
"SGP","DA:1617","EAR_EMTA_SEX_CUR_NB","SEX_T","CUR_TYPE_USD","1990",564.668,,"C5:1036_C5:2067","T8:127_T9:133_T10:138_T33:396_T30:146","S3:19_S9:67_S6:50"
"SGP","DA:1617","EAR_EMTA_SEX_CUR_NB","SEX_T","CUR_TYPE_LCU","1989",941.48,,"C5:1036_C5:2067","T8:127_T9:133_T10:138_T33:396_T30:146","S3:19_S9:67_S6:50"
"SGP","DA:1617","EAR_EMTA_SEX_CUR_NB","SEX_T","CUR_TYPE_USD","1989",482.746,,"C5:1036_C5:2067","T8:127_T9:133_T10:138_T33:396_T30:146","S3:19_S9:67_S6:50"
"SHN","FX:1626","EAR_EMTA_SEX_CUR_NB","SEX_T","CUR_TYPE_LCU","2002",265.6,,,"T8:127_T9:133_T10:138_T33:396_T30:47","S3:26_S9:66"
"SHN","FX:1626","EAR_EMTA_SEX_CUR_NB","SEX_T","CUR_TYPE_LCU","2001",256,,,"T8:127_T9:133_T10:138_T33:396_T30:47","S3:26_S9:66"
"SHN","FX:1626","EAR_EMTA_SEX_CUR_NB","SEX_T","CUR_TYPE_LCU","2000",228.3,,,"T8:127_T9:133_T10:138_T33:396_T30:47","S3:26_S9:66"
"SHN","FX:1626","EAR_EMTA_SEX_CUR_NB","SEX_T","CUR_TYPE_LCU","1999",224.6,,,"T8:127_T9:133_T10:138_T33:396_T30:47","S3:26_S9:66"
"SHN","FX:1626","EAR_EMTA_SEX_CUR_NB","SEX_T","CUR_TYPE_LCU","1998",238.48,,,"T8:127_T9:133_T10:138_T33:396_T30:47","S3:26_S9:66"
"SHN","FX:1626","EAR_EMTA_SEX_CUR_NB","SEX_T","CUR_TYPE_LCU","1997",232.4,,,"T8:127_T9:133_T10:138_T33:396_T30:47","S3:26_S9:66"
"SHN","FX:1626","EAR_EMTA_SEX_CUR_NB","SEX_T","CUR_TYPE_LCU","1996",234.93,,,"T8:127_T9:133_T10:138_T33:396_T30:47","S3:26_S9:66"
"SHN","FX:1626","EAR_EMTA_SEX_CUR_NB","SEX_T","CUR_TYPE_LCU","1995",230.11,,,"T8:127_T9:133_T10:138_T33:396_T30:47","S3:26_S9:66"
"SHN","FX:1626","EAR_EMTA_SEX_CUR_NB","SEX_T","CUR_TYPE_LCU","1994",218.37,,,"T8:127_T9:133_T10:138_T33:396_T30:47","S3:26_S9:66"
"SLB","BB:14050","EAR_EMTA_SEX_CUR_NB","SEX_T","CUR_TYPE_LCU","2005",14206.702,,,"T30:229","R1:3513"
"SLB","BB:14050","EAR_EMTA_SEX_CUR_NB","SEX_T","CUR_TYPE_PPP","2005",2822.708,,,"T30:229","R1:3513"
"SLB","BB:14050","EAR_EMTA_SEX_CUR_NB","SEX_T","CUR_TYPE_USD","2005",1886.712,,,"T30:229","R1:3513"
"SLB","CA:1628","EAR_EMTA_SEX_CUR_NB","SEX_T","CUR_TYPE_LCU","1996",1067,,"C5:1036_C5:2067","T8:127_T9:133_T10:138_T33:396_T30:229","S3:17_S9:66"
"SLB","CA:1628","EAR_EMTA_SEX_CUR_NB","SEX_T","CUR_TYPE_PPP","1996",355.496,,"C5:1036_C5:2067","T8:127_T9:133_T10:138_T33:396_T30:229","S3:17_S9:66"
"SLB","CA:1628","EAR_EMTA_SEX_CUR_NB","SEX_T","CUR_TYPE_USD","1996",299.185,,"C5:1036_C5:2067","T8:127_T9:133_T10:138_T33:396_T30:229","S3:17_S9:66"
"SLB","CA:1628","EAR_EMTA_SEX_CUR_NB","SEX_T","CUR_TYPE_LCU","1995",744,,"C5:1036_C5:2067","T8:127_T9:133_T10:138_T33:396_T30:229","S3:17_S9:66"
"SLB","CA:1628","EAR_EMTA_SEX_CUR_NB","SEX_T","CUR_TYPE_PPP","1995",269.178,,"C5:1036_C5:2067","T8:127_T9:133_T10:138_T33:396_T30:229","S3:17_S9:66"
"SLB","CA:1628","EAR_EMTA_SEX_CUR_NB","SEX_T","CUR_TYPE_USD","1995",218.445,,"C5:1036_C5:2067","T8:127_T9:133_T10:138_T33:396_T30:229","S3:17_S9:66"
"SLB","CA:1628","EAR_EMTA_SEX_CUR_NB","SEX_T","CUR_TYPE_LCU","1994",700,,"C5:1036_C5:2067","T8:127_T9:133_T10:138_T33:396_T30:229","S3:17_S9:66"
"SLB","CA:1628","EAR_EMTA_SEX_CUR_NB","SEX_T","CUR_TYPE_PPP","1994",270.069,,"C5:1036_C5:2067","T8:127_T9:133_T10:138_T33:396_T30:229","S3:17_S9:66"
"SLB","CA:1628","EAR_EMTA_SEX_CUR_NB","SEX_T","CUR_TYPE_USD","1994",212.678,,"C5:1036_C5:2067","T8:127_T9:133_T10:138_T33:396_T30:229","S3:17_S9:66"
"SLB","CA:1628","EAR_EMTA_SEX_CUR_NB","SEX_T","CUR_TYPE_LCU","1993",641,,"C5:1036_C5:2067","T8:127_T9:133_T10:138_T33:396_T30:229","S3:17_S9:66"
"SLB","CA:1628","EAR_EMTA_SEX_CUR_NB","SEX_T","CUR_TYPE_PPP","1993",272.971,,"C5:1036_C5:2067","T8:127_T9:133_T10:138_T33:396_T30:229","S3:17_S9:66"
"SLB","CA:1628","EAR_EMTA_SEX_CUR_NB","SEX_T","CUR_TYPE_USD","1993",201.083,,"C5:1036_C5:2067","T8:127_T9:133_T10:138_T33:396_T30:229","S3:17_S9:66"
"SLB","CA:1628","EAR_EMTA_SEX_CUR_NB","SEX_T","CUR_TYPE_LCU","1991",544,,"C5:1036_C5:2067","T8:127_T9:133_T10:138_T33:396_T30:229","S3:17_S9:66"
"SLB","CA:1628","EAR_EMTA_SEX_CUR_NB","SEX_T","CUR_TYPE_PPP","1991",264.066,,"C5:1036_C5:2067","T8:127_T9:133_T10:138_T33:396_T30:229","S3:17_S9:66"
"SLB","CA:1628","EAR_EMTA_SEX_CUR_NB","SEX_T","CUR_TYPE_USD","1991",200.387,,"C5:1036_C5:2067","T8:127_T9:133_T10:138_T33:396_T30:229","S3:17_S9:66"
"SLB","CA:1628","EAR_EMTA_SEX_CUR_NB","SEX_T","CUR_TYPE_LCU","1990",449,,"C5:1036_C5:2067","T8:127_T9:133_T10:138_T33:396_T30:229","S3:17_S9:66"
"SLB","CA:1628","EAR_EMTA_SEX_CUR_NB","SEX_T","CUR_TYPE_PPP","1990",240.565,,"C5:1036_C5:2067","T8:127_T9:133_T10:138_T33:396_T30:229","S3:17_S9:66"
"SLB","CA:1628","EAR_EMTA_SEX_CUR_NB","SEX_T","CUR_TYPE_USD","1990",177.556,,"C5:1036_C5:2067","T8:127_T9:133_T10:138_T33:396_T30:229","S3:17_S9:66"
"SLE","BX:15953","EAR_EMTA_SEX_CUR_NB","SEX_T","CUR_TYPE_LCU","2018",2057586.761,,,"T30:44","R1:3513"
"SLV","BX:461","EAR_EMTA_SEX_CUR_NB","SEX_T","CUR_TYPE_LCU","2025",507.036,,,"T30:78","R1:3513"
"SLV","BX:461","EAR_EMTA_SEX_CUR_NB","SEX_T","CUR_TYPE_PPP","2025",1081.453,,,"T30:78","R1:3513"
"SLV","BX:461","EAR_EMTA_SEX_CUR_NB","SEX_T","CUR_TYPE_USD","2025",507.036,,,"T30:78","R1:3513"
"SLV","BX:461","EAR_EMTA_SEX_CUR_NB","SEX_T","CUR_TYPE_LCU","2024",484.409,,,"T30:78","R1:3513"
"SLV","BX:461","EAR_EMTA_SEX_CUR_NB","SEX_T","CUR_TYPE_PPP","2024",1008.64,,,"T30:78","R1:3513"
"SLV","BX:461","EAR_EMTA_SEX_CUR_NB","SEX_T","CUR_TYPE_USD","2024",484.409,,,"T30:78","R1:3513"
"SLV","BX:461","EAR_EMTA_SEX_CUR_NB","SEX_T","CUR_TYPE_LCU","2023",450.144,,,"T30:78","R1:3513"
"SLV","BX:461","EAR_EMTA_SEX_CUR_NB","SEX_T","CUR_TYPE_PPP","2023",918.213,,,"T30:78","R1:3513"
"SLV","BX:461","EAR_EMTA_SEX_CUR_NB","SEX_T","CUR_TYPE_USD","2023",450.144,,,"T30:78","R1:3513"
"SLV","BX:461","EAR_EMTA_SEX_CUR_NB","SEX_T","CUR_TYPE_LCU","2022",414.734,,,"T30:78","R1:3513"
"SLV","BX:461","EAR_EMTA_SEX_CUR_NB","SEX_T","CUR_TYPE_PPP","2022",845.406,,,"T30:78","R1:3513"
"SLV","BX:461","EAR_EMTA_SEX_CUR_NB","SEX_T","CUR_TYPE_USD","2022",414.734,,,"T30:78","R1:3513"
"SLV","BX:461","EAR_EMTA_SEX_CUR_NB","SEX_T","CUR_TYPE_LCU","2021",390.652,,,"T30:78","R1:3513"
"SLV","BX:461","EAR_EMTA_SEX_CUR_NB","SEX_T","CUR_TYPE_PPP","2021",790.388,,,"T30:78","R1:3513"
"SLV","BX:461","EAR_EMTA_SEX_CUR_NB","SEX_T","CUR_TYPE_USD","2021",390.652,,,"T30:78","R1:3513"
"SLV","BX:461","EAR_EMTA_SEX_CUR_NB","SEX_T","CUR_TYPE_LCU","2019",380.286,,,"T30:78","R1:3513_T2:85"
"SLV","BX:461","EAR_EMTA_SEX_CUR_NB","SEX_T","CUR_TYPE_PPP","2019",754.486,,,"T30:78","R1:3513_T2:85"
"SLV","BX:461","EAR_EMTA_SEX_CUR_NB","SEX_T","CUR_TYPE_USD","2019",380.286,,,"T30:78","R1:3513_T2:85"
"SLV","BX:461","EAR_EMTA_SEX_CUR_NB","SEX_T","CUR_TYPE_LCU","2018",358.185,,,"T30:78","R1:3513_T2:85"
"SLV","BX:461","EAR_EMTA_SEX_CUR_NB","SEX_T","CUR_TYPE_PPP","2018",695.977,,,"T30:78","R1:3513_T2:85"
"SLV","BX:461","EAR_EMTA_SEX_CUR_NB","SEX_T","CUR_TYPE_USD","2018",358.185,,,"T30:78","R1:3513_T2:85"
"SLV","BX:461","EAR_EMTA_SEX_CUR_NB","SEX_T","CUR_TYPE_LCU","2017",344.977,,,"T30:78","R1:3513_T2:85"
"SLV","BX:461","EAR_EMTA_SEX_CUR_NB","SEX_T","CUR_TYPE_PPP","2017",657.638,,,"T30:78","R1:3513_T2:85"
"SLV","BX:461","EAR_EMTA_SEX_CUR_NB","SEX_T","CUR_TYPE_USD","2017",344.977,,,"T30:78","R1:3513_T2:85"
"SLV","BX:461","EAR_EMTA_SEX_CUR_NB","SEX_T","CUR_TYPE_LCU","2016",324.722,,,"T30:78","R1:3513_T2:85"
"SLV","BX:461","EAR_EMTA_SEX_CUR_NB","SEX_T","CUR_TYPE_PPP","2016",624.758,,,"T30:78","R1:3513_T2:85"
"SLV","BX:461","EAR_EMTA_SEX_CUR_NB","SEX_T","CUR_TYPE_USD","2016",324.722,,,"T30:78","R1:3513_T2:85"
"SLV","BX:461","EAR_EMTA_SEX_CUR_NB","SEX_T","CUR_TYPE_LCU","2015",331.55,,,"T30:78","R1:3513_T2:85"
"SLV","BX:461","EAR_EMTA_SEX_CUR_NB","SEX_T","CUR_TYPE_PPP","2015",634.058,,,"T30:78","R1:3513_T2:85"
"SLV","BX:461","EAR_EMTA_SEX_CUR_NB","SEX_T","CUR_TYPE_USD","2015",331.55,,,"T30:78","R1:3513_T2:85"
"SLV","BX:461","EAR_EMTA_SEX_CUR_NB","SEX_T","CUR_TYPE_LCU","2014",330.575,,,"T30:78","R1:3513_T2:85"
"SLV","BX:461","EAR_EMTA_SEX_CUR_NB","SEX_T","CUR_TYPE_PPP","2014",624.712,,,"T30:78","R1:3513_T2:85"
"SLV","BX:461","EAR_EMTA_SEX_CUR_NB","SEX_T","CUR_TYPE_USD","2014",330.575,,,"T30:78","R1:3513_T2:85"
"SLV","BX:461","EAR_EMTA_SEX_CUR_NB","SEX_T","CUR_TYPE_LCU","2013",325.789,,,"T30:78","R1:3513_T2:85"
"SLV","BX:461","EAR_EMTA_SEX_CUR_NB","SEX_T","CUR_TYPE_PPP","2013",616.822,,,"T30:78","R1:3513_T2:85"
"SLV","BX:461","EAR_EMTA_SEX_CUR_NB","SEX_T","CUR_TYPE_USD","2013",325.789,,,"T30:78","R1:3513_T2:85"
"SLV","BX:461","EAR_EMTA_SEX_CUR_NB","SEX_T","CUR_TYPE_LCU","2012",307.289,,,"T30:78","R1:3513_T2:85"
"SLV","BX:461","EAR_EMTA_SEX_CUR_NB","SEX_T","CUR_TYPE_PPP","2012",590.706,,,"T30:78","R1:3513_T2:85"
"SLV","BX:461","EAR_EMTA_SEX_CUR_NB","SEX_T","CUR_TYPE_USD","2012",307.289,,,"T30:78","R1:3513_T2:85"
"SLV","BX:461","EAR_EMTA_SEX_CUR_NB","SEX_T","CUR_TYPE_LCU","2011",296.44,,,"T30:78","R1:3513_T2:85"
"SLV","BX:461","EAR_EMTA_SEX_CUR_NB","SEX_T","CUR_TYPE_PPP","2011",551.78,,,"T30:78","R1:3513_T2:85"
"SLV","BX:461","EAR_EMTA_SEX_CUR_NB","SEX_T","CUR_TYPE_USD","2011",296.44,,,"T30:78","R1:3513_T2:85"
"SLV","BX:461","EAR_EMTA_SEX_CUR_NB","SEX_T","CUR_TYPE_LCU","2010",294.188,"B",,"T30:78_I11:264","R1:3513_T2:85"
"SLV","BX:461","EAR_EMTA_SEX_CUR_NB","SEX_T","CUR_TYPE_PPP","2010",558.054,"B",,"T30:78_I11:264","R1:3513_T2:85"
"SLV","BX:461","EAR_EMTA_SEX_CUR_NB","SEX_T","CUR_TYPE_USD","2010",294.188,"B",,"T30:78_I11:264","R1:3513_T2:85"
"SLV","BA:1635","EAR_EMTA_SEX_CUR_NB","SEX_T","CUR_TYPE_LCU","2006",247.4,,,"T8:127_T9:133_T10:138_T33:396_T30:78","S9:66"
"SLV","BA:1635","EAR_EMTA_SEX_CUR_NB","SEX_T","CUR_TYPE_PPP","2006",495.05,,,"T8:127_T9:133_T10:138_T33:396_T30:78","S9:66"
"SLV","BA:1635","EAR_EMTA_SEX_CUR_NB","SEX_T","CUR_TYPE_USD","2006",247.4,,,"T8:127_T9:133_T10:138_T33:396_T30:78","S9:66"
"SLV","BA:1635","EAR_EMTA_SEX_CUR_NB","SEX_T","CUR_TYPE_LCU","2005",246.7,,,"T8:127_T9:133_T10:138_T33:396_T30:78","S9:66"
"SLV","BA:1635","EAR_EMTA_SEX_CUR_NB","SEX_T","CUR_TYPE_PPP","2005",497.528,,,"T8:127_T9:133_T10:138_T33:396_T30:78","S9:66"
"SLV","BA:1635","EAR_EMTA_SEX_CUR_NB","SEX_T","CUR_TYPE_USD","2005",246.7,,,"T8:127_T9:133_T10:138_T33:396_T30:78","S9:66"
"SLV","BA:1635","EAR_EMTA_SEX_CUR_NB","SEX_T","CUR_TYPE_LCU","2004",234.01,,,"T8:127_T9:133_T10:138_T33:396_T30:78","S9:66"
"SLV","BA:1635","EAR_EMTA_SEX_CUR_NB","SEX_T","CUR_TYPE_PPP","2004",477.861,,,"T8:127_T9:133_T10:138_T33:396_T30:78","S9:66"
"SLV","BA:1635","EAR_EMTA_SEX_CUR_NB","SEX_T","CUR_TYPE_USD","2004",234.01,,,"T8:127_T9:133_T10:138_T33:396_T30:78","S9:66"
"SLV","BA:1635","EAR_EMTA_SEX_CUR_NB","SEX_T","CUR_TYPE_LCU","2003",232,,,"T8:127_T9:133_T10:138_T33:396_T30:78","S9:66"
"SLV","BA:1635","EAR_EMTA_SEX_CUR_NB","SEX_T","CUR_TYPE_PPP","2003",481.945,,,"T8:127_T9:133_T10:138_T33:396_T30:78","S9:66"
"SLV","BA:1635","EAR_EMTA_SEX_CUR_NB","SEX_T","CUR_TYPE_USD","2003",232,,,"T8:127_T9:133_T10:138_T33:396_T30:78","S9:66"
"SLV","BA:1635","EAR_EMTA_SEX_CUR_NB","SEX_T","CUR_TYPE_LCU","2002",243.71,,,"T8:127_T9:133_T10:138_T33:396_T30:78_I11:268","S9:66"
"SLV","BA:1635","EAR_EMTA_SEX_CUR_NB","SEX_T","CUR_TYPE_PPP","2002",505.53,,,"T8:127_T9:133_T10:138_T33:396_T30:78_I11:268","S9:66"
"SLV","BA:1635","EAR_EMTA_SEX_CUR_NB","SEX_T","CUR_TYPE_USD","2002",243.71,,,"T8:127_T9:133_T10:138_T33:396_T30:78_I11:268","S9:66"
"SLV","BA:1635","EAR_EMTA_SEX_CUR_NB","SEX_T","CUR_TYPE_LCU","2001",2108.02,,,"T8:127_T9:133_T10:138_T33:396_T30:383","S9:66"
"SLV","BA:1635","EAR_EMTA_SEX_CUR_NB","SEX_T","CUR_TYPE_LCU","2000",2073.25,,,"T8:127_T9:133_T10:138_T33:396_T30:383","S9:66"
"SLV","BA:1635","EAR_EMTA_SEX_CUR_NB","SEX_T","CUR_TYPE_PPP","2000",4351.173,,,"T8:127_T9:133_T10:138_T33:396_T30:383","S9:66"
"SLV","BA:1635","EAR_EMTA_SEX_CUR_NB","SEX_T","CUR_TYPE_USD","2000",236.808,,,"T8:127_T9:133_T10:138_T33:396_T30:383","S9:66"
"SLV","BA:1635","EAR_EMTA_SEX_CUR_NB","SEX_T","CUR_TYPE_LCU","1999",1969.35,,,"T8:127_T9:133_T10:138_T33:396_T30:383","S9:66"
"SLV","BA:1635","EAR_EMTA_SEX_CUR_NB","SEX_T","CUR_TYPE_PPP","1999",4088.914,,,"T8:127_T9:133_T10:138_T33:396_T30:383","S9:66"
"SLV","BA:1635","EAR_EMTA_SEX_CUR_NB","SEX_T","CUR_TYPE_USD","1999",224.94,,,"T8:127_T9:133_T10:138_T33:396_T30:383","S9:66"
"SLV","BA:1635","EAR_EMTA_SEX_CUR_NB","SEX_T","CUR_TYPE_LCU","1998",1968.13,,,"T8:127_T9:133_T10:138_T33:396_T30:383","S9:66"
"SLV","BA:1635","EAR_EMTA_SEX_CUR_NB","SEX_T","CUR_TYPE_PPP","1998",4019.472,,,"T8:127_T9:133_T10:138_T33:396_T30:383","S9:66"
"SLV","BA:1635","EAR_EMTA_SEX_CUR_NB","SEX_T","CUR_TYPE_USD","1998",224.801,,,"T8:127_T9:133_T10:138_T33:396_T30:383","S9:66"
"SMR","EA:5918","EAR_EMTA_SEX_CUR_NB","SEX_T","CUR_TYPE_LCU","2022",2200,,,"T8:127_T9:133_T10:138_T12:145_T30:202","S3:24"
"SMR","EA:5918","EAR_EMTA_SEX_CUR_NB","SEX_T","CUR_TYPE_PPP","2022",2979.155,,,"T8:127_T9:133_T10:138_T12:145_T30:202","S3:24"
"SMR","EA:5918","EAR_EMTA_SEX_CUR_NB","SEX_T","CUR_TYPE_USD","2022",2316.6,,,"T8:127_T9:133_T10:138_T12:145_T30:202","S3:24"
"SMR","EA:5918","EAR_EMTA_SEX_CUR_NB","SEX_T","CUR_TYPE_LCU","2021",2516,,,"T8:127_T9:133_T10:138_T12:145_T30:202","S3:24"
"SMR","EA:5918","EAR_EMTA_SEX_CUR_NB","SEX_T","CUR_TYPE_PPP","2021",3322.61,,,"T8:127_T9:133_T10:138_T12:145_T30:202","S3:24"
"SMR","EA:5918","EAR_EMTA_SEX_CUR_NB","SEX_T","CUR_TYPE_USD","2021",2975.673,,,"T8:127_T9:133_T10:138_T12:145_T30:202","S3:24"
"SMR","EA:5918","EAR_EMTA_SEX_CUR_NB","SEX_T","CUR_TYPE_LCU","2020",2049,,,"T8:127_T9:133_T10:138_T12:145_T30:202","S3:24"
"SMR","EA:5918","EAR_EMTA_SEX_CUR_NB","SEX_T","CUR_TYPE_PPP","2020",2650.953,,,"T8:127_T9:133_T10:138_T12:145_T30:202","S3:24"
"SMR","EA:5918","EAR_EMTA_SEX_CUR_NB","SEX_T","CUR_TYPE_USD","2020",2340.368,,,"T8:127_T9:133_T10:138_T12:145_T30:202","S3:24"
"SMR","EA:5918","EAR_EMTA_SEX_CUR_NB","SEX_T","CUR_TYPE_LCU","2019",2161,,,"T8:127_T9:133_T10:138_T11:142_T12:145_T30:202","S3:24"
"SMR","EA:5918","EAR_EMTA_SEX_CUR_NB","SEX_T","CUR_TYPE_PPP","2019",2771.295,,,"T8:127_T9:133_T10:138_T11:142_T12:145_T30:202","S3:24"
"SMR","EA:5918","EAR_EMTA_SEX_CUR_NB","SEX_T","CUR_TYPE_USD","2019",2419.24,,,"T8:127_T9:133_T10:138_T11:142_T12:145_T30:202","S3:24"
"SMR","EA:5918","EAR_EMTA_SEX_CUR_NB","SEX_T","CUR_TYPE_LCU","2018",2154,,,"T8:127_T9:133_T10:138_T11:142_T12:145_T30:202","S3:24"
"SMR","EA:5918","EAR_EMTA_SEX_CUR_NB","SEX_T","CUR_TYPE_PPP","2018",2739.025,,,"T8:127_T9:133_T10:138_T11:142_T12:145_T30:202","S3:24"
"SMR","EA:5918","EAR_EMTA_SEX_CUR_NB","SEX_T","CUR_TYPE_USD","2018",2543.874,,,"T8:127_T9:133_T10:138_T11:142_T12:145_T30:202","S3:24"
"SMR","EA:5918","EAR_EMTA_SEX_CUR_NB","SEX_T","CUR_TYPE_LCU","2017",2132,,,"T8:127_T9:133_T10:138_T11:142_T12:145_T30:202","S3:24"
"SMR","EA:5918","EAR_EMTA_SEX_CUR_NB","SEX_T","CUR_TYPE_PPP","2017",2690.014,,,"T8:127_T9:133_T10:138_T11:142_T12:145_T30:202","S3:24"
"SMR","EA:5918","EAR_EMTA_SEX_CUR_NB","SEX_T","CUR_TYPE_USD","2017",2408.52,,,"T8:127_T9:133_T10:138_T11:142_T12:145_T30:202","S3:24"
"SMR","EA:5918","EAR_EMTA_SEX_CUR_NB","SEX_T","CUR_TYPE_LCU","2016",2115,,,"T8:127_T9:133_T10:138_T11:142_T12:145_T30:202","S3:24"
"SMR","EA:5918","EAR_EMTA_SEX_CUR_NB","SEX_T","CUR_TYPE_USD","2016",2341.094,,,"T8:127_T9:133_T10:138_T11:142_T12:145_T30:202","S3:24"
"SMR","EA:5918","EAR_EMTA_SEX_CUR_NB","SEX_T","CUR_TYPE_LCU","2006",2070.7,,,"T8:127_T9:133_T10:138_T33:396_T30:202","S9:66"
"SMR","EA:5918","EAR_EMTA_SEX_CUR_NB","SEX_T","CUR_TYPE_USD","2006",2599.971,,,"T8:127_T9:133_T10:138_T33:396_T30:202","S9:66"
"SMR","EA:5918","EAR_EMTA_SEX_CUR_NB","SEX_T","CUR_TYPE_LCU","2005",2034.8,,,"T8:127_T9:133_T10:138_T33:396_T30:202","S9:66"
"SMR","EA:5918","EAR_EMTA_SEX_CUR_NB","SEX_T","CUR_TYPE_USD","2005",2531.495,,,"T8:127_T9:133_T10:138_T33:396_T30:202","S9:66"
"SMR","EA:5918","EAR_EMTA_SEX_CUR_NB","SEX_T","CUR_TYPE_LCU","2004",1967,,,"T8:127_T9:133_T10:138_T33:396_T30:202","S9:66"
"SMR","EA:5918","EAR_EMTA_SEX_CUR_NB","SEX_T","CUR_TYPE_USD","2004",2446.751,,,"T8:127_T9:133_T10:138_T33:396_T30:202","S9:66"
"SMR","EA:5918","EAR_EMTA_SEX_CUR_NB","SEX_T","CUR_TYPE_LCU","2003",1970.6,,,"T8:127_T9:133_T10:138_T33:396_T30:202","S9:66"
"SMR","EA:5918","EAR_EMTA_SEX_CUR_NB","SEX_T","CUR_TYPE_USD","2003",2229.143,,,"T8:127_T9:133_T10:138_T33:396_T30:202","S9:66"
"SMR","EA:5918","EAR_EMTA_SEX_CUR_NB","SEX_T","CUR_TYPE_LCU","2002",1832.07,,,"T8:127_T9:133_T10:138_T33:396_T30:202_I11:268","S9:66"
"SMR","EA:5918","EAR_EMTA_SEX_CUR_NB","SEX_T","CUR_TYPE_USD","2002",1732.405,,,"T8:127_T9:133_T10:138_T33:396_T30:202_I11:268","S9:66"
"SMR","EA:5918","EAR_EMTA_SEX_CUR_NB","SEX_T","CUR_TYPE_LCU","2001",3287274.34,,,"T8:127_T9:133_T10:138_T33:396_T30:338","S9:66"
"SMR","EA:5918","EAR_EMTA_SEX_CUR_NB","SEX_T","CUR_TYPE_LCU","1999",3198614.3,,,"T8:127_T9:133_T10:138_T33:396_T30:338","S9:66"
"SMR","EA:5918","EAR_EMTA_SEX_CUR_NB","SEX_T","CUR_TYPE_LCU","1998",3090191.1,,,"T8:127_T9:133_T10:138_T33:396_T30:338","S9:66"
"SMR","EA:5918","EAR_EMTA_SEX_CUR_NB","SEX_T","CUR_TYPE_USD","1998",1779.851,,,"T8:127_T9:133_T10:138_T33:396_T30:338","S9:66"
"SMR","EA:5918","EAR_EMTA_SEX_CUR_NB","SEX_T","CUR_TYPE_LCU","1997",3207793.9,,,"T8:127_T9:133_T10:138_T33:396_T30:338","S9:66"
"SMR","EA:5918","EAR_EMTA_SEX_CUR_NB","SEX_T","CUR_TYPE_USD","1997",1883.506,,,"T8:127_T9:133_T10:138_T33:396_T30:338","S9:66"
"SMR","EA:5918","EAR_EMTA_SEX_CUR_NB","SEX_T","CUR_TYPE_LCU","1996",3059101.7,,,"T8:127_T9:133_T10:138_T33:396_T30:338","S9:66"
"SMR","EA:5918","EAR_EMTA_SEX_CUR_NB","SEX_T","CUR_TYPE_USD","1996",1982.636,,,"T8:127_T9:133_T10:138_T33:396_T30:338","S9:66"
"SMR","EA:5918","EAR_EMTA_SEX_CUR_NB","SEX_T","CUR_TYPE_LCU","1995",2848274,,,"T8:127_T9:133_T10:138_T33:396_T30:338","S9:66"
"SMR","EA:5918","EAR_EMTA_SEX_CUR_NB","SEX_T","CUR_TYPE_USD","1995",1748.552,,,"T8:127_T9:133_T10:138_T33:396_T30:338","S9:66"
"SMR","EA:5918","EAR_EMTA_SEX_CUR_NB","SEX_T","CUR_TYPE_LCU","1994",2718655.45,,,"T8:127_T9:133_T10:138_T33:396_T30:338","S9:66"
"SMR","EA:5918","EAR_EMTA_SEX_CUR_NB","SEX_T","CUR_TYPE_USD","1994",1686.045,,,"T8:127_T9:133_T10:138_T33:396_T30:338","S9:66"
"SMR","EA:5918","EAR_EMTA_SEX_CUR_NB","SEX_T","CUR_TYPE_LCU","1993",2535539.75,,,"T8:127_T9:133_T10:138_T33:396_T30:338","S9:66"
"SMR","EA:5918","EAR_EMTA_SEX_CUR_NB","SEX_T","CUR_TYPE_USD","1993",1611.231,,,"T8:127_T9:133_T10:138_T33:396_T30:338","S9:66"
"SMR","EA:5918","EAR_EMTA_SEX_CUR_NB","SEX_T","CUR_TYPE_LCU","1992",2499925.5,,,"T8:127_T9:133_T10:138_T33:396_T30:338","S9:66"
"SMR","EA:5918","EAR_EMTA_SEX_CUR_NB","SEX_T","CUR_TYPE_USD","1992",2028.492,,,"T8:127_T9:133_T10:138_T33:396_T30:338","S9:66"
"SMR","EA:5918","EAR_EMTA_SEX_CUR_NB","SEX_T","CUR_TYPE_LCU","1991",2248222.6,,,"T8:127_T9:133_T10:138_T33:396_T30:338","S9:66"
"SMR","EA:5918","EAR_EMTA_SEX_CUR_NB","SEX_T","CUR_TYPE_USD","1991",1812.186,,,"T8:127_T9:133_T10:138_T33:396_T30:338","S9:66"
"SMR","EA:5918","EAR_EMTA_SEX_CUR_NB","SEX_T","CUR_TYPE_LCU","1990",1953977.45,,,"T8:127_T9:133_T10:138_T33:396_T30:338","S9:66"
"SMR","EA:5918","EAR_EMTA_SEX_CUR_NB","SEX_T","CUR_TYPE_USD","1990",1630.895,,,"T8:127_T9:133_T10:138_T33:396_T30:338","S9:66"
"SMR","EA:5918","EAR_EMTA_SEX_CUR_NB","SEX_T","CUR_TYPE_LCU","1989",1904896.9,,"C5:2067_C5:1941","T8:127_T9:133_T10:138_T33:396_T30:338","S9:66"
"SMR","EA:5918","EAR_EMTA_SEX_CUR_NB","SEX_T","CUR_TYPE_USD","1989",1388.314,,"C5:2067_C5:1941","T8:127_T9:133_T10:138_T33:396_T30:338","S9:66"
"SOM","BB:16925","EAR_EMTA_SEX_CUR_NB","SEX_T","CUR_TYPE_LCU","2022",247.087,,,"T30:405","R1:3513"
"SRB","BB:6644","EAR_EMTA_SEX_CUR_NB","SEX_T","CUR_TYPE_LCU","2025",1379.624,,,"T30:394","R1:3513_T2:85"
"SRB","BB:6644","EAR_EMTA_SEX_CUR_NB","SEX_T","CUR_TYPE_PPP","2025",3062.461,,,"T30:394","R1:3513_T2:85"
"SRB","BB:6644","EAR_EMTA_SEX_CUR_NB","SEX_T","CUR_TYPE_USD","2025",1558.976,,,"T30:394","R1:3513_T2:85"
"SRB","BB:6644","EAR_EMTA_SEX_CUR_NB","SEX_T","CUR_TYPE_LCU","2024",1073.296,,,"T30:394","R1:3513_T2:85"
"SRB","BB:6644","EAR_EMTA_SEX_CUR_NB","SEX_T","CUR_TYPE_PPP","2024",2485.147,,,"T30:394","R1:3513_T2:85"
"SRB","BB:6644","EAR_EMTA_SEX_CUR_NB","SEX_T","CUR_TYPE_USD","2024",1161.736,,,"T30:394","R1:3513_T2:85"
"SRB","BB:6644","EAR_EMTA_SEX_CUR_NB","SEX_T","CUR_TYPE_LCU","2023",890.488,,,"T30:394","R1:3513_T2:85"
"SRB","BB:6644","EAR_EMTA_SEX_CUR_NB","SEX_T","CUR_TYPE_PPP","2023",2120.271,,,"T30:394","R1:3513_T2:85"
"SRB","BB:6644","EAR_EMTA_SEX_CUR_NB","SEX_T","CUR_TYPE_USD","2023",962.884,,,"T30:394","R1:3513_T2:85"
"SRB","BB:6644","EAR_EMTA_SEX_CUR_NB","SEX_T","CUR_TYPE_LCU","2022",782.931,,,"T30:394","R1:3513_T2:85"
"SRB","BB:6644","EAR_EMTA_SEX_CUR_NB","SEX_T","CUR_TYPE_PPP","2022",1857.46,,,"T30:394","R1:3513_T2:85"
"SRB","BB:6644","EAR_EMTA_SEX_CUR_NB","SEX_T","CUR_TYPE_USD","2022",824.427,,,"T30:394","R1:3513_T2:85"
"SRB","BB:6644","EAR_EMTA_SEX_CUR_NB","SEX_T","CUR_TYPE_LCU","2021",753.913,,,"T30:394","R1:3513_T2:85"
"SRB","BB:6644","EAR_EMTA_SEX_CUR_NB","SEX_T","CUR_TYPE_PPP","2021",1825.8,,,"T30:394","R1:3513_T2:85"
"SRB","BB:6644","EAR_EMTA_SEX_CUR_NB","SEX_T","CUR_TYPE_USD","2021",891.653,,,"T30:394","R1:3513_T2:85"
"SRB","BB:6644","EAR_EMTA_SEX_CUR_NB","SEX_T","CUR_TYPE_LCU","2020",690.411,,,"T30:394","R1:3513_T2:85"
"SRB","BB:6644","EAR_EMTA_SEX_CUR_NB","SEX_T","CUR_TYPE_PPP","2020",1681.63,,,"T30:394","R1:3513_T2:85"
"SRB","BB:6644","EAR_EMTA_SEX_CUR_NB","SEX_T","CUR_TYPE_USD","2020",788.587,,,"T30:394","R1:3513_T2:85"
"SRB","BB:6644","EAR_EMTA_SEX_CUR_NB","SEX_T","CUR_TYPE_LCU","2019",865.306,,,"T30:394","R1:3513_T2:85"
"SRB","BB:6644","EAR_EMTA_SEX_CUR_NB","SEX_T","CUR_TYPE_PPP","2019",2152.271,,,"T30:394","R1:3513_T2:85"
"SRB","BB:6644","EAR_EMTA_SEX_CUR_NB","SEX_T","CUR_TYPE_USD","2019",968.71,,,"T30:394","R1:3513_T2:85"
"SRB","BB:6644","EAR_EMTA_SEX_CUR_NB","SEX_T","CUR_TYPE_LCU","2018",768.782,,,"T30:394","R1:3513_T2:85"
"SRB","BB:6644","EAR_EMTA_SEX_CUR_NB","SEX_T","CUR_TYPE_PPP","2018",1867.857,,,"T30:394","R1:3513_T2:85"
"SRB","BB:6644","EAR_EMTA_SEX_CUR_NB","SEX_T","CUR_TYPE_USD","2018",907.931,,,"T30:394","R1:3513_T2:85"
"SRB","BB:6644","EAR_EMTA_SEX_CUR_NB","SEX_T","CUR_TYPE_LCU","2017",763.622,,,"T30:394","R1:3513_T2:85"
"SRB","BB:6644","EAR_EMTA_SEX_CUR_NB","SEX_T","CUR_TYPE_PPP","2017",1899.529,,,"T30:394","R1:3513_T2:85"
"SRB","BB:6644","EAR_EMTA_SEX_CUR_NB","SEX_T","CUR_TYPE_USD","2017",862.664,,,"T30:394","R1:3513_T2:85"
"SRB","BB:6644","EAR_EMTA_SEX_CUR_NB","SEX_T","CUR_TYPE_LCU","2016",733.784,,,"T30:394","R1:3513_T2:85"
"SRB","BB:6644","EAR_EMTA_SEX_CUR_NB","SEX_T","CUR_TYPE_PPP","2016",1892.792,,,"T30:394","R1:3513_T2:85"
"SRB","BB:6644","EAR_EMTA_SEX_CUR_NB","SEX_T","CUR_TYPE_USD","2016",812.225,,,"T30:394","R1:3513_T2:85"
"SRB","BB:6644","EAR_EMTA_SEX_CUR_NB","SEX_T","CUR_TYPE_LCU","2015",731.397,,,"T30:394","R1:3513_T2:85"
"SRB","BB:6644","EAR_EMTA_SEX_CUR_NB","SEX_T","CUR_TYPE_PPP","2015",1829.618,,,"T30:394","R1:3513_T2:85"
"SRB","BB:6644","EAR_EMTA_SEX_CUR_NB","SEX_T","CUR_TYPE_USD","2015",811.485,,,"T30:394","R1:3513_T2:85"
"SRB","BB:6644","EAR_EMTA_SEX_CUR_NB","SEX_T","CUR_TYPE_LCU","2014",749.956,,,"T30:394","R1:3513_T2:85"
"SRB","BB:6644","EAR_EMTA_SEX_CUR_NB","SEX_T","CUR_TYPE_PPP","2014",1844.35,,,"T30:394","R1:3513_T2:85"
"SRB","BB:6644","EAR_EMTA_SEX_CUR_NB","SEX_T","CUR_TYPE_USD","2014",996.317,,,"T30:394","R1:3513_T2:85"
"SRB","BB:6644","EAR_EMTA_SEX_CUR_NB","SEX_T","CUR_TYPE_LCU","2013",537.263,,,"T30:394","R1:3513_T2:85"
"SRB","BB:6644","EAR_EMTA_SEX_CUR_NB","SEX_T","CUR_TYPE_PPP","2013",1275.042,,,"T30:394","R1:3513_T2:85"
"SRB","BB:6644","EAR_EMTA_SEX_CUR_NB","SEX_T","CUR_TYPE_USD","2013",713.539,,,"T30:394","R1:3513_T2:85"
"SRB","DA:3105","EAR_EMTA_SEX_CUR_NB","SEX_T","CUR_TYPE_LCU","2008",45674,,,"T30:203","S4:34"
"SRB","DA:3105","EAR_EMTA_SEX_CUR_NB","SEX_T","CUR_TYPE_PPP","2008",14.508,,,"T30:203","S4:34"
"SRB","DA:3105","EAR_EMTA_SEX_CUR_NB","SEX_T","CUR_TYPE_USD","2008",819.57,,,"T30:203","S4:34"
"SRB","DA:3105","EAR_EMTA_SEX_CUR_NB","SEX_T","CUR_TYPE_LCU","2007",38744,,,"T30:203","S4:34"
"SRB","DA:3105","EAR_EMTA_SEX_CUR_NB","SEX_T","CUR_TYPE_PPP","2007",1035.499,,,"T30:203","S4:34"
"SRB","DA:3105","EAR_EMTA_SEX_CUR_NB","SEX_T","CUR_TYPE_USD","2007",662.862,,,"T30:203","S4:34"
"SRB","DA:3105","EAR_EMTA_SEX_CUR_NB","SEX_T","CUR_TYPE_LCU","2006",31745,,,"T30:203","S4:34"
"SRB","DA:3105","EAR_EMTA_SEX_CUR_NB","SEX_T","CUR_TYPE_PPP","2006",10.56,,,"T30:203","S4:34"
"SRB","DA:3105","EAR_EMTA_SEX_CUR_NB","SEX_T","CUR_TYPE_USD","2006",472.712,,,"T30:203","S4:34"
"SRB","DA:3105","EAR_EMTA_SEX_CUR_NB","SEX_T","CUR_TYPE_LCU","2005",25514,,,"T30:203","S4:34"
"SRB","DA:3105","EAR_EMTA_SEX_CUR_NB","SEX_T","CUR_TYPE_PPP","2005",9.231,,,"T30:203","S4:34"
"SRB","DA:3105","EAR_EMTA_SEX_CUR_NB","SEX_T","CUR_TYPE_USD","2005",382.416,,,"T30:203","S4:34"
"SRB","DA:3105","EAR_EMTA_SEX_CUR_NB","SEX_T","CUR_TYPE_LCU","2004",20555,,,"T30:203","S4:34"
"SRB","DA:3105","EAR_EMTA_SEX_CUR_NB","SEX_T","CUR_TYPE_PPP","2004",686.63,,,"T30:203","S4:34"
"SRB","DA:3105","EAR_EMTA_SEX_CUR_NB","SEX_T","CUR_TYPE_USD","2004",352.116,,,"T30:203","S4:34"
"SUR","BB:15691","EAR_EMTA_SEX_CUR_NB","SEX_T","CUR_TYPE_LCU","2016",2310.033,,,"T30:102","R1:3513"
"SUR","BB:15691","EAR_EMTA_SEX_CUR_NB","SEX_T","CUR_TYPE_PPP","2016",884.836,,,"T30:102","R1:3513"
"SUR","BB:15691","EAR_EMTA_SEX_CUR_NB","SEX_T","CUR_TYPE_USD","2016",370.873,,,"T30:102","R1:3513"
"SVK","BB:560","EAR_EMTA_SEX_CUR_NB","SEX_T","CUR_TYPE_LCU","2025",2208.978,,,"T30:204","R1:3513_T2:85"
"SVK","BB:560","EAR_EMTA_SEX_CUR_NB","SEX_T","CUR_TYPE_PPP","2025",3904.527,,,"T30:204","R1:3513_T2:85"
"SVK","BB:560","EAR_EMTA_SEX_CUR_NB","SEX_T","CUR_TYPE_USD","2025",2496.145,,,"T30:204","R1:3513_T2:85"
"SVK","BB:560","EAR_EMTA_SEX_CUR_NB","SEX_T","CUR_TYPE_LCU","2024",1336.415,,,"T30:204","R1:3513_T2:85"
"SVK","BB:560","EAR_EMTA_SEX_CUR_NB","SEX_T","CUR_TYPE_PPP","2024",2450.738,,,"T30:204","R1:3513_T2:85"
"SVK","BB:560","EAR_EMTA_SEX_CUR_NB","SEX_T","CUR_TYPE_USD","2024",1446.535,,,"T30:204","R1:3513_T2:85"
"SVK","BB:560","EAR_EMTA_SEX_CUR_NB","SEX_T","CUR_TYPE_LCU","2023",1293.46,,,"T30:204","R1:3513_T2:85"
"SVK","BB:560","EAR_EMTA_SEX_CUR_NB","SEX_T","CUR_TYPE_PPP","2023",2390.392,,,"T30:204","R1:3513_T2:85"
"SVK","BB:560","EAR_EMTA_SEX_CUR_NB","SEX_T","CUR_TYPE_USD","2023",1398.619,,,"T30:204","R1:3513_T2:85"
"SVK","BB:560","EAR_EMTA_SEX_CUR_NB","SEX_T","CUR_TYPE_LCU","2022",1281.814,,,"T30:204","R1:3513_T2:85"
"SVK","BB:560","EAR_EMTA_SEX_CUR_NB","SEX_T","CUR_TYPE_PPP","2022",2249.997,,,"T30:204","R1:3513_T2:85"
"SVK","BB:560","EAR_EMTA_SEX_CUR_NB","SEX_T","CUR_TYPE_USD","2022",1349.75,,,"T30:204","R1:3513_T2:85"
"SVK","BB:560","EAR_EMTA_SEX_CUR_NB","SEX_T","CUR_TYPE_LCU","2021",1332.586,,,"T30:204","R1:3513_T2:85"
"SVK","BB:560","EAR_EMTA_SEX_CUR_NB","SEX_T","CUR_TYPE_PPP","2021",2334.377,,,"T30:204","R1:3513_T2:85"
"SVK","BB:560","EAR_EMTA_SEX_CUR_NB","SEX_T","CUR_TYPE_USD","2021",1576.05,,,"T30:204","R1:3513_T2:85"
"SVK","BB:560","EAR_EMTA_SEX_CUR_NB","SEX_T","CUR_TYPE_LCU","2020",1351.013,,,"T30:204","R1:3513_T2:85"
"SVK","BB:560","EAR_EMTA_SEX_CUR_NB","SEX_T","CUR_TYPE_PPP","2020",2314.374,,,"T30:204","R1:3513_T2:85"
"SVK","BB:560","EAR_EMTA_SEX_CUR_NB","SEX_T","CUR_TYPE_USD","2020",1543.127,,,"T30:204","R1:3513_T2:85"
"SVK","BB:560","EAR_EMTA_SEX_CUR_NB","SEX_T","CUR_TYPE_LCU","2019",1287.938,,,"T30:204","R1:3513_T2:85"
"SVK","BB:560","EAR_EMTA_SEX_CUR_NB","SEX_T","CUR_TYPE_PPP","2019",2103.26,,,"T30:204","R1:3513_T2:85"
"SVK","BB:560","EAR_EMTA_SEX_CUR_NB","SEX_T","CUR_TYPE_USD","2019",1441.846,,,"T30:204","R1:3513_T2:85"
"SVK","BB:560","EAR_EMTA_SEX_CUR_NB","SEX_T","CUR_TYPE_LCU","2018",1139.425,,,"T30:204","R1:3513_T2:85"
"SVK","BB:560","EAR_EMTA_SEX_CUR_NB","SEX_T","CUR_TYPE_PPP","2018",1826.303,,,"T30:204","R1:3513_T2:85"
"SVK","BB:560","EAR_EMTA_SEX_CUR_NB","SEX_T","CUR_TYPE_USD","2018",1345.661,,,"T30:204","R1:3513_T2:85"
"SVK","BB:560","EAR_EMTA_SEX_CUR_NB","SEX_T","CUR_TYPE_LCU","2017",1079.203,,,"T30:204","R1:3513_T2:85"
"SVK","BB:560","EAR_EMTA_SEX_CUR_NB","SEX_T","CUR_TYPE_PPP","2017",1746.059,,,"T30:204","R1:3513_T2:85"
"SVK","BB:560","EAR_EMTA_SEX_CUR_NB","SEX_T","CUR_TYPE_USD","2017",1219.175,,,"T30:204","R1:3513_T2:85"
"SVK","BB:560","EAR_EMTA_SEX_CUR_NB","SEX_T","CUR_TYPE_LCU","2016",1083.932,,,"T30:204","R1:3513_T2:85"
"SVK","BB:560","EAR_EMTA_SEX_CUR_NB","SEX_T","CUR_TYPE_PPP","2016",1845.692,,,"T30:204","R1:3513_T2:85"
"SVK","BB:560","EAR_EMTA_SEX_CUR_NB","SEX_T","CUR_TYPE_USD","2016",1199.805,,,"T30:204","R1:3513_T2:85"
"SVK","BB:560","EAR_EMTA_SEX_CUR_NB","SEX_T","CUR_TYPE_LCU","2015",1086.339,,,"T30:204","R1:3513_T2:85"
"SVK","BB:560","EAR_EMTA_SEX_CUR_NB","SEX_T","CUR_TYPE_PPP","2015",1975.294,,,"T30:204","R1:3513_T2:85"
"SVK","BB:560","EAR_EMTA_SEX_CUR_NB","SEX_T","CUR_TYPE_USD","2015",1205.293,,,"T30:204","R1:3513_T2:85"
"SVK","BB:560","EAR_EMTA_SEX_CUR_NB","SEX_T","CUR_TYPE_LCU","2014",1063.539,,,"T30:204","R1:3513_T2:85"
"SVK","BB:560","EAR_EMTA_SEX_CUR_NB","SEX_T","CUR_TYPE_PPP","2014",1951.64,,,"T30:204","R1:3513_T2:85"
"SVK","BB:560","EAR_EMTA_SEX_CUR_NB","SEX_T","CUR_TYPE_USD","2014",1412.911,,,"T30:204","R1:3513_T2:85"
"SVK","BB:560","EAR_EMTA_SEX_CUR_NB","SEX_T","CUR_TYPE_LCU","2013",935.266,,,"T30:204","R1:3513_T2:85"
"SVK","BB:560","EAR_EMTA_SEX_CUR_NB","SEX_T","CUR_TYPE_PPP","2013",1700.657,,,"T30:204","R1:3513_T2:85"
"SVK","BB:560","EAR_EMTA_SEX_CUR_NB","SEX_T","CUR_TYPE_USD","2013",1242.127,,,"T30:204","R1:3513_T2:85"
"SVK","BB:560","EAR_EMTA_SEX_CUR_NB","SEX_T","CUR_TYPE_LCU","2012",970.216,,,"T30:204","R1:3513_T2:85"
"SVK","BB:560","EAR_EMTA_SEX_CUR_NB","SEX_T","CUR_TYPE_PPP","2012",1703.727,,,"T30:204","R1:3513_T2:85"
"SVK","BB:560","EAR_EMTA_SEX_CUR_NB","SEX_T","CUR_TYPE_USD","2012",1246.534,,,"T30:204","R1:3513_T2:85"
"SVK","BB:560","EAR_EMTA_SEX_CUR_NB","SEX_T","CUR_TYPE_LCU","2011",898.328,,,"T30:204","R1:3513_T2:85"
"SVK","BB:560","EAR_EMTA_SEX_CUR_NB","SEX_T","CUR_TYPE_PPP","2011",1590.537,,,"T30:204","R1:3513_T2:85"
"SVK","BB:560","EAR_EMTA_SEX_CUR_NB","SEX_T","CUR_TYPE_USD","2011",1250.472,,,"T30:204","R1:3513_T2:85"
"SVK","BB:560","EAR_EMTA_SEX_CUR_NB","SEX_T","CUR_TYPE_LCU","2010",923.697,,,"T30:204","R1:3513_T2:85"
"SVK","BB:560","EAR_EMTA_SEX_CUR_NB","SEX_T","CUR_TYPE_PPP","2010",1625.389,,,"T30:204","R1:3513_T2:85"
"SVK","BB:560","EAR_EMTA_SEX_CUR_NB","SEX_T","CUR_TYPE_USD","2010",1224.545,,,"T30:204","R1:3513_T2:85"
"SVK","BB:560","EAR_EMTA_SEX_CUR_NB","SEX_T","CUR_TYPE_LCU","2009",883.251,,,"T30:204","R1:3513_T2:85"
"SVK","BB:560","EAR_EMTA_SEX_CUR_NB","SEX_T","CUR_TYPE_PPP","2009",1487.403,,,"T30:204","R1:3513_T2:85"
"SVK","BB:560","EAR_EMTA_SEX_CUR_NB","SEX_T","CUR_TYPE_USD","2009",1231.958,,,"T30:204","R1:3513_T2:85"
"SVK","BB:560","EAR_EMTA_SEX_CUR_NB","SEX_T","CUR_TYPE_LCU","2008",726.922,,,"T30:204","R1:3513_T2:85"
"SVK","BB:560","EAR_EMTA_SEX_CUR_NB","SEX_T","CUR_TYPE_PPP","2008",1194.787,,,"T30:204","R1:3513_T2:85"
"SVK","BB:560","EAR_EMTA_SEX_CUR_NB","SEX_T","CUR_TYPE_USD","2008",1069.156,,,"T30:204","R1:3513_T2:85"
"SVK","BB:560","EAR_EMTA_SEX_CUR_NB","SEX_T","CUR_TYPE_LCU","2007",610.223,,,"T30:204","R1:3513_T2:85"
"SVK","BB:560","EAR_EMTA_SEX_CUR_NB","SEX_T","CUR_TYPE_PPP","2007",976.355,,,"T30:204","R1:3513_T2:85"
"SVK","BB:560","EAR_EMTA_SEX_CUR_NB","SEX_T","CUR_TYPE_USD","2007",836.31,,,"T30:204","R1:3513_T2:85"
"SVK","BB:560","EAR_EMTA_SEX_CUR_NB","SEX_T","CUR_TYPE_LCU","2006",390.847,,,"T30:204","R1:3513_T2:85"
"SVK","BB:560","EAR_EMTA_SEX_CUR_NB","SEX_T","CUR_TYPE_PPP","2006",624.789,,,"T30:204","R1:3513_T2:85"
"SVK","BB:560","EAR_EMTA_SEX_CUR_NB","SEX_T","CUR_TYPE_USD","2006",490.747,,,"T30:204","R1:3513_T2:85"
"SVK","BB:560","EAR_EMTA_SEX_CUR_NB","SEX_T","CUR_TYPE_LCU","2005",354.367,,,"T30:204","R1:3513_T2:85"
"SVK","BB:560","EAR_EMTA_SEX_CUR_NB","SEX_T","CUR_TYPE_PPP","2005",576.731,,,"T30:204","R1:3513_T2:85"
"SVK","BB:560","EAR_EMTA_SEX_CUR_NB","SEX_T","CUR_TYPE_USD","2005",440.868,,,"T30:204","R1:3513_T2:85"
"SVK","DA:5912","EAR_EMTA_SEX_CUR_NB","SEX_T","CUR_TYPE_LCU","2004",15825,,,"T30:341","S6:49"
"SVK","DA:5912","EAR_EMTA_SEX_CUR_NB","SEX_T","CUR_TYPE_PPP","2004",633.835,,,"T30:341","S6:49"
"SVK","DA:5912","EAR_EMTA_SEX_CUR_NB","SEX_T","CUR_TYPE_USD","2004",490.592,,,"T30:341","S6:49"
"SVK","DA:5912","EAR_EMTA_SEX_CUR_NB","SEX_T","CUR_TYPE_LCU","2003",14365,,,"T30:341","S6:49"
"SVK","DA:5912","EAR_EMTA_SEX_CUR_NB","SEX_T","CUR_TYPE_PPP","2003",576.805,,,"T30:341","S6:49"
"SVK","DA:5912","EAR_EMTA_SEX_CUR_NB","SEX_T","CUR_TYPE_USD","2003",390.641,,,"T30:341","S6:49"
"SVK","DA:5912","EAR_EMTA_SEX_CUR_NB","SEX_T","CUR_TYPE_LCU","2002",13511,,,"T30:341","S6:49"
"SVK","DA:5912","EAR_EMTA_SEX_CUR_NB","SEX_T","CUR_TYPE_PPP","2002",569.006,,,"T30:341","S6:49"
"SVK","DA:5912","EAR_EMTA_SEX_CUR_NB","SEX_T","CUR_TYPE_USD","2002",298.08,,,"T30:341","S6:49"
"SVK","DA:5912","EAR_EMTA_SEX_CUR_NB","SEX_T","CUR_TYPE_LCU","2001",12365,,,"T30:341","S6:49"
"SVK","DA:5912","EAR_EMTA_SEX_CUR_NB","SEX_T","CUR_TYPE_PPP","2001",521.672,,,"T30:341","S6:49"
"SVK","DA:5912","EAR_EMTA_SEX_CUR_NB","SEX_T","CUR_TYPE_USD","2001",255.714,,,"T30:341","S6:49"
"SVK","DA:5912","EAR_EMTA_SEX_CUR_NB","SEX_T","CUR_TYPE_LCU","2000",11430,,,"T30:341","S6:49"
"SVK","DA:5912","EAR_EMTA_SEX_CUR_NB","SEX_T","CUR_TYPE_PPP","2000",483.934,,,"T30:341","S6:49"
"SVK","DA:5912","EAR_EMTA_SEX_CUR_NB","SEX_T","CUR_TYPE_USD","2000",248.288,,,"T30:341","S6:49"
"SVK","DA:5912","EAR_EMTA_SEX_CUR_NB","SEX_T","CUR_TYPE_LCU","1999",10728,,,"T30:341","S6:49"
"SVK","DA:5912","EAR_EMTA_SEX_CUR_NB","SEX_T","CUR_TYPE_PPP","1999",458.243,,,"T30:341","S6:49"
"SVK","DA:5912","EAR_EMTA_SEX_CUR_NB","SEX_T","CUR_TYPE_USD","1999",259.363,,,"T30:341","S6:49"
"SVK","DA:5912","EAR_EMTA_SEX_CUR_NB","SEX_T","CUR_TYPE_LCU","1998",10003,,,"T30:341","S6:49"
"SVK","DA:5912","EAR_EMTA_SEX_CUR_NB","SEX_T","CUR_TYPE_PPP","1998",514.018,,,"T30:341","S6:49"
"SVK","DA:5912","EAR_EMTA_SEX_CUR_NB","SEX_T","CUR_TYPE_USD","1998",283.907,,,"T30:341","S6:49"
"SVK","DA:5912","EAR_EMTA_SEX_CUR_NB","SEX_T","CUR_TYPE_LCU","1997",9226,"B",,"T30:341_I11:264","S6:49"
"SVK","DA:5912","EAR_EMTA_SEX_CUR_NB","SEX_T","CUR_TYPE_PPP","1997",511.23,"B",,"T30:341_I11:264","S6:49"
"SVK","DA:5912","EAR_EMTA_SEX_CUR_NB","SEX_T","CUR_TYPE_USD","1997",274.451,"B",,"T30:341_I11:264","S6:49"
"SVK","DA:5912","EAR_EMTA_SEX_CUR_NB","SEX_T","CUR_TYPE_LCU","1996",8154,,,"T30:341","S6:49"
"SVK","DA:5912","EAR_EMTA_SEX_CUR_NB","SEX_T","CUR_TYPE_PPP","1996",453.788,,,"T30:341","S6:49"
"SVK","DA:5912","EAR_EMTA_SEX_CUR_NB","SEX_T","CUR_TYPE_USD","1996",266.003,,,"T30:341","S6:49"
"SVK","DA:5912","EAR_EMTA_SEX_CUR_NB","SEX_T","CUR_TYPE_LCU","1995",7195,,,"T30:341","S6:49"
"SVK","DA:5912","EAR_EMTA_SEX_CUR_NB","SEX_T","CUR_TYPE_PPP","1995",410.526,,,"T30:341","S6:49"
"SVK","DA:5912","EAR_EMTA_SEX_CUR_NB","SEX_T","CUR_TYPE_USD","1995",242.147,,,"T30:341","S6:49"
"SVK","DA:5912","EAR_EMTA_SEX_CUR_NB","SEX_T","CUR_TYPE_LCU","1994",6285,,,"T30:341","S6:49"
"SVK","DA:5912","EAR_EMTA_SEX_CUR_NB","SEX_T","CUR_TYPE_PPP","1994",390.974,,,"T30:341","S6:49"
"SVK","DA:5912","EAR_EMTA_SEX_CUR_NB","SEX_T","CUR_TYPE_USD","1994",196.131,,,"T30:341","S6:49"
"SVK","DA:5912","EAR_EMTA_SEX_CUR_NB","SEX_T","CUR_TYPE_LCU","1993",5372,,,"T30:341","S6:49"
"SVK","DA:5912","EAR_EMTA_SEX_CUR_NB","SEX_T","CUR_TYPE_PPP","1993",392.818,,,"T30:341","S6:49"
"SVK","DA:5912","EAR_EMTA_SEX_CUR_NB","SEX_T","CUR_TYPE_USD","1993",174.588,,,"T30:341","S6:49"
"SVK","DA:5912","EAR_EMTA_SEX_CUR_NB","SEX_T","CUR_TYPE_LCU","1992",4538,,,"T30:341","S6:49"
"SVK","DA:401","EAR_EMTA_SEX_CUR_NB","SEX_T","CUR_TYPE_LCU","1991",3770,,,"T8:127_T9:133_T10:138_T33:396_T30:341","S6:50"
"SVK","DA:401","EAR_EMTA_SEX_CUR_NB","SEX_T","CUR_TYPE_LCU","1990",3210,,"C5:2067","T8:127_T9:133_T10:138_T33:396_T30:341","S9:66"
"SVK","DA:401","EAR_EMTA_SEX_CUR_NB","SEX_T","CUR_TYPE_LCU","1989",3084,,"C5:2067","T8:127_T9:133_T10:138_T33:396_T30:341","S9:66"
"SVN","BB:445","EAR_EMTA_SEX_CUR_NB","SEX_T","CUR_TYPE_LCU","2025",3269.403,,,"T30:205","R1:3513_T2:85"
"SVN","BB:445","EAR_EMTA_SEX_CUR_NB","SEX_T","CUR_TYPE_PPP","2025",5515.15,,,"T30:205","R1:3513_T2:85"
"SVN","BB:445","EAR_EMTA_SEX_CUR_NB","SEX_T","CUR_TYPE_USD","2025",3694.425,,,"T30:205","R1:3513_T2:85"
"SVN","BB:445","EAR_EMTA_SEX_CUR_NB","SEX_T","CUR_TYPE_LCU","2024",3053.058,,,"T30:205","R1:3513_T2:85"
"SVN","BB:445","EAR_EMTA_SEX_CUR_NB","SEX_T","CUR_TYPE_PPP","2024",5290.62,,,"T30:205","R1:3513_T2:85"
"SVN","BB:445","EAR_EMTA_SEX_CUR_NB","SEX_T","CUR_TYPE_USD","2024",3304.63,,,"T30:205","R1:3513_T2:85"
"SVN","BB:445","EAR_EMTA_SEX_CUR_NB","SEX_T","CUR_TYPE_LCU","2023",2762.815,,,"T30:205","R1:3513_T2:85"
"SVN","BB:445","EAR_EMTA_SEX_CUR_NB","SEX_T","CUR_TYPE_PPP","2023",4789.212,,,"T30:205","R1:3513_T2:85"
"SVN","BB:445","EAR_EMTA_SEX_CUR_NB","SEX_T","CUR_TYPE_USD","2023",2987.432,,,"T30:205","R1:3513_T2:85"
"SVN","BB:445","EAR_EMTA_SEX_CUR_NB","SEX_T","CUR_TYPE_LCU","2022",2633.521,,,"T30:205","R1:3513_T2:85"
"SVN","BB:445","EAR_EMTA_SEX_CUR_NB","SEX_T","CUR_TYPE_PPP","2022",4506.182,,,"T30:205","R1:3513_T2:85"
"SVN","BB:445","EAR_EMTA_SEX_CUR_NB","SEX_T","CUR_TYPE_USD","2022",2773.097,,,"T30:205","R1:3513_T2:85"
"SVN","BB:445","EAR_EMTA_SEX_CUR_NB","SEX_T","CUR_TYPE_LCU","2021",2443.081,,,"T30:205","R1:3513_T2:85"
"SVN","BB:445","EAR_EMTA_SEX_CUR_NB","SEX_T","CUR_TYPE_PPP","2021",4046.598,,,"T30:205","R1:3513_T2:85"
"SVN","BB:445","EAR_EMTA_SEX_CUR_NB","SEX_T","CUR_TYPE_USD","2021",2889.432,,,"T30:205","R1:3513_T2:85"
"SVN","BB:445","EAR_EMTA_SEX_CUR_NB","SEX_T","CUR_TYPE_LCU","2020",2295.388,,,"T30:205","R1:3513_T2:85"
"SVN","BB:445","EAR_EMTA_SEX_CUR_NB","SEX_T","CUR_TYPE_PPP","2020",3747.811,,,"T30:205","R1:3513_T2:85"
"SVN","BB:445","EAR_EMTA_SEX_CUR_NB","SEX_T","CUR_TYPE_USD","2020",2621.792,,,"T30:205","R1:3513_T2:85"
"SVN","BB:445","EAR_EMTA_SEX_CUR_NB","SEX_T","CUR_TYPE_LCU","2019",2187.969,,,"T30:205","R1:3513_T2:85"
"SVN","BB:445","EAR_EMTA_SEX_CUR_NB","SEX_T","CUR_TYPE_PPP","2019",3538.513,,,"T30:205","R1:3513_T2:85"
"SVN","BB:445","EAR_EMTA_SEX_CUR_NB","SEX_T","CUR_TYPE_USD","2019",2449.431,,,"T30:205","R1:3513_T2:85"
"SVN","BB:445","EAR_EMTA_SEX_CUR_NB","SEX_T","CUR_TYPE_LCU","2018",2093.595,,,"T30:205","R1:3513_T2:85"
"SVN","BB:445","EAR_EMTA_SEX_CUR_NB","SEX_T","CUR_TYPE_PPP","2018",3257.976,,,"T30:205","R1:3513_T2:85"
"SVN","BB:445","EAR_EMTA_SEX_CUR_NB","SEX_T","CUR_TYPE_USD","2018",2472.536,,,"T30:205","R1:3513_T2:85"
"SVN","BB:445","EAR_EMTA_SEX_CUR_NB","SEX_T","CUR_TYPE_LCU","2017",2052.266,,,"T30:205","R1:3513_T2:85"
"SVN","BB:445","EAR_EMTA_SEX_CUR_NB","SEX_T","CUR_TYPE_PPP","2017",3161.442,,,"T30:205","R1:3513_T2:85"
"SVN","BB:445","EAR_EMTA_SEX_CUR_NB","SEX_T","CUR_TYPE_USD","2017",2318.445,,,"T30:205","R1:3513_T2:85"
"SVN","BB:445","EAR_EMTA_SEX_CUR_NB","SEX_T","CUR_TYPE_LCU","2016",2023.05,,,"T30:205","R1:3513_T2:85"
"SVN","BB:445","EAR_EMTA_SEX_CUR_NB","SEX_T","CUR_TYPE_PPP","2016",3089.075,,,"T30:205","R1:3513_T2:85"
"SVN","BB:445","EAR_EMTA_SEX_CUR_NB","SEX_T","CUR_TYPE_USD","2016",2239.314,,,"T30:205","R1:3513_T2:85"
"SVN","BB:445","EAR_EMTA_SEX_CUR_NB","SEX_T","CUR_TYPE_LCU","2015",2040.241,,,"T30:205","R1:3513_T2:85"
"SVN","BB:445","EAR_EMTA_SEX_CUR_NB","SEX_T","CUR_TYPE_PPP","2015",3047.92,,,"T30:205","R1:3513_T2:85"
"SVN","BB:445","EAR_EMTA_SEX_CUR_NB","SEX_T","CUR_TYPE_USD","2015",2263.647,,,"T30:205","R1:3513_T2:85"
"SVN","BB:445","EAR_EMTA_SEX_CUR_NB","SEX_T","CUR_TYPE_LCU","2014",1989.283,,,"T30:205","R1:3513_T2:85"
"SVN","BB:445","EAR_EMTA_SEX_CUR_NB","SEX_T","CUR_TYPE_PPP","2014",2986.328,,,"T30:205","R1:3513_T2:85"
"SVN","BB:445","EAR_EMTA_SEX_CUR_NB","SEX_T","CUR_TYPE_USD","2014",2642.762,,,"T30:205","R1:3513_T2:85"
"SVN","BB:445","EAR_EMTA_SEX_CUR_NB","SEX_T","CUR_TYPE_LCU","2013",1976.194,,,"T30:205","R1:3513_T2:85"
"SVN","BB:445","EAR_EMTA_SEX_CUR_NB","SEX_T","CUR_TYPE_PPP","2013",2968.765,,,"T30:205","R1:3513_T2:85"
"SVN","BB:445","EAR_EMTA_SEX_CUR_NB","SEX_T","CUR_TYPE_USD","2013",2624.583,,,"T30:205","R1:3513_T2:85"
"SVN","BB:445","EAR_EMTA_SEX_CUR_NB","SEX_T","CUR_TYPE_LCU","2012",1963.002,,,"T30:205","R1:3513_T2:85"
"SVN","BB:445","EAR_EMTA_SEX_CUR_NB","SEX_T","CUR_TYPE_PPP","2012",2896.684,,,"T30:205","R1:3513_T2:85"
"SVN","BB:445","EAR_EMTA_SEX_CUR_NB","SEX_T","CUR_TYPE_USD","2012",2522.065,,,"T30:205","R1:3513_T2:85"
"SVN","BB:445","EAR_EMTA_SEX_CUR_NB","SEX_T","CUR_TYPE_LCU","2011",1884.161,,,"T30:205","R1:3513_T2:85"
"SVN","BB:445","EAR_EMTA_SEX_CUR_NB","SEX_T","CUR_TYPE_PPP","2011",2765.23,,,"T30:205","R1:3513_T2:85"
"SVN","BB:445","EAR_EMTA_SEX_CUR_NB","SEX_T","CUR_TYPE_USD","2011",2622.753,,,"T30:205","R1:3513_T2:85"
"SVN","BB:445","EAR_EMTA_SEX_CUR_NB","SEX_T","CUR_TYPE_LCU","2010",1863.089,,,"T30:205","R1:3513_T2:85"
"SVN","BB:445","EAR_EMTA_SEX_CUR_NB","SEX_T","CUR_TYPE_PPP","2010",2665.783,,,"T30:205","R1:3513_T2:85"
"SVN","BB:445","EAR_EMTA_SEX_CUR_NB","SEX_T","CUR_TYPE_USD","2010",2469.897,,,"T30:205","R1:3513_T2:85"
"SVN","BB:445","EAR_EMTA_SEX_CUR_NB","SEX_T","CUR_TYPE_LCU","2009",1801.389,,,"T30:205","R1:3513_T2:85"
"SVN","BB:445","EAR_EMTA_SEX_CUR_NB","SEX_T","CUR_TYPE_PPP","2009",2541.453,,,"T30:205","R1:3513_T2:85"
"SVN","BB:445","EAR_EMTA_SEX_CUR_NB","SEX_T","CUR_TYPE_USD","2009",2512.578,,,"T30:205","R1:3513_T2:85"
"SVN","BB:445","EAR_EMTA_SEX_CUR_NB","SEX_T","CUR_TYPE_LCU","2008",1699.122,,,"T30:205","R1:3513_T2:85"
"SVN","BB:445","EAR_EMTA_SEX_CUR_NB","SEX_T","CUR_TYPE_PPP","2008",2475.094,,,"T30:205","R1:3513_T2:85"
"SVN","BB:445","EAR_EMTA_SEX_CUR_NB","SEX_T","CUR_TYPE_USD","2008",2499.069,,,"T30:205","R1:3513_T2:85"
"SVN","BB:445","EAR_EMTA_SEX_CUR_NB","SEX_T","CUR_TYPE_LCU","2007",1590.637,,,"T30:205","R1:3513_T2:85"
"SVN","BB:445","EAR_EMTA_SEX_CUR_NB","SEX_T","CUR_TYPE_PPP","2007",2326.06,,,"T30:205","R1:3513_T2:85"
"SVN","BB:445","EAR_EMTA_SEX_CUR_NB","SEX_T","CUR_TYPE_USD","2007",2179.968,,,"T30:205","R1:3513_T2:85"
"SVN","BB:445","EAR_EMTA_SEX_CUR_NB","SEX_T","CUR_TYPE_LCU","2006",1247.473,,,"T30:205","R1:3513_T2:85"
"SVN","BB:445","EAR_EMTA_SEX_CUR_NB","SEX_T","CUR_TYPE_PPP","2006",1871.095,,,"T30:205","R1:3513_T2:85"
"SVN","BB:445","EAR_EMTA_SEX_CUR_NB","SEX_T","CUR_TYPE_USD","2006",1566.326,,,"T30:205","R1:3513_T2:85"
"SVN","BB:445","EAR_EMTA_SEX_CUR_NB","SEX_T","CUR_TYPE_LCU","2005",1217.367,,,"T30:205","R1:3513_T2:85"
"SVN","BB:445","EAR_EMTA_SEX_CUR_NB","SEX_T","CUR_TYPE_PPP","2005",1837.688,,,"T30:205","R1:3513_T2:85"
"SVN","BB:445","EAR_EMTA_SEX_CUR_NB","SEX_T","CUR_TYPE_USD","2005",1514.526,,,"T30:205","R1:3513_T2:85"
"SVN","CA:1662","EAR_EMTA_SEX_CUR_NB","SEX_T","CUR_TYPE_LCU","2004",267571,,,"T8:127_T9:133_T10:138_T33:396_T30:342","S9:66"
"SVN","CA:1662","EAR_EMTA_SEX_CUR_NB","SEX_T","CUR_TYPE_PPP","2004",1710.012,,,"T8:127_T9:133_T10:138_T33:396_T30:342","S9:66"
"SVN","CA:1662","EAR_EMTA_SEX_CUR_NB","SEX_T","CUR_TYPE_USD","2004",1390.838,,,"T8:127_T9:133_T10:138_T33:396_T30:342","S9:66"
"SVN","CA:1662","EAR_EMTA_SEX_CUR_NB","SEX_T","CUR_TYPE_LCU","2003",253200,,,"T8:127_T9:133_T10:138_T33:396_T30:342","S9:66"
"SVN","CA:1662","EAR_EMTA_SEX_CUR_NB","SEX_T","CUR_TYPE_PPP","2003",1673.642,,,"T8:127_T9:133_T10:138_T33:396_T30:342","S9:66"
"SVN","CA:1662","EAR_EMTA_SEX_CUR_NB","SEX_T","CUR_TYPE_USD","2003",1222.517,,,"T8:127_T9:133_T10:138_T33:396_T30:342","S9:66"
"SVN","CA:1662","EAR_EMTA_SEX_CUR_NB","SEX_T","CUR_TYPE_LCU","2002",235436,,,"T8:127_T9:133_T10:138_T33:396_T30:342","S9:66"
"SVN","CA:1662","EAR_EMTA_SEX_CUR_NB","SEX_T","CUR_TYPE_PPP","2002",1666.426,,,"T8:127_T9:133_T10:138_T33:396_T30:342","S9:66"
"SVN","CA:1662","EAR_EMTA_SEX_CUR_NB","SEX_T","CUR_TYPE_USD","2002",979.97,,,"T8:127_T9:133_T10:138_T33:396_T30:342","S9:66"
"SVN","CA:1662","EAR_EMTA_SEX_CUR_NB","SEX_T","CUR_TYPE_LCU","2001",214561,,,"T8:127_T9:133_T10:138_T33:396_T30:342","S9:66"
"SVN","CA:1662","EAR_EMTA_SEX_CUR_NB","SEX_T","CUR_TYPE_PPP","2001",1654.256,,,"T8:127_T9:133_T10:138_T33:396_T30:342","S9:66"
"SVN","CA:1662","EAR_EMTA_SEX_CUR_NB","SEX_T","CUR_TYPE_USD","2001",883.881,,,"T8:127_T9:133_T10:138_T33:396_T30:342","S9:66"
"SVN","CA:1662","EAR_EMTA_SEX_CUR_NB","SEX_T","CUR_TYPE_LCU","2000",191669,,,"T8:127_T9:133_T10:138_T33:396_T30:342","S9:66"
"SVN","CA:1662","EAR_EMTA_SEX_CUR_NB","SEX_T","CUR_TYPE_PPP","2000",1658.229,,,"T8:127_T9:133_T10:138_T33:396_T30:342","S9:66"
"SVN","CA:1662","EAR_EMTA_SEX_CUR_NB","SEX_T","CUR_TYPE_USD","2000",860.83,,,"T8:127_T9:133_T10:138_T33:396_T30:342","S9:66"
"SVN","CA:1662","EAR_EMTA_SEX_CUR_NB","SEX_T","CUR_TYPE_LCU","1999",173245,,,"T8:127_T9:133_T10:138_T33:396_T30:342","S9:66"
"SVN","CA:1662","EAR_EMTA_SEX_CUR_NB","SEX_T","CUR_TYPE_PPP","1999",1655.728,,,"T8:127_T9:133_T10:138_T33:396_T30:342","S9:66"
"SVN","CA:1662","EAR_EMTA_SEX_CUR_NB","SEX_T","CUR_TYPE_USD","1999",953.104,,,"T8:127_T9:133_T10:138_T33:396_T30:342","S9:66"
"SVN","CA:1662","EAR_EMTA_SEX_CUR_NB","SEX_T","CUR_TYPE_LCU","1998",158069,,,"T8:127_T9:133_T10:138_T33:396_T30:342","S9:66"
"SVN","CA:1662","EAR_EMTA_SEX_CUR_NB","SEX_T","CUR_TYPE_PPP","1998",1641.313,,,"T8:127_T9:133_T10:138_T33:396_T30:342","S9:66"
"SVN","CA:1662","EAR_EMTA_SEX_CUR_NB","SEX_T","CUR_TYPE_USD","1998",951.454,,,"T8:127_T9:133_T10:138_T33:396_T30:342","S9:66"
"SVN","CA:1662","EAR_EMTA_SEX_CUR_NB","SEX_T","CUR_TYPE_LCU","1997",144251,,,"T8:127_T9:133_T10:138_T33:396_T30:342","S9:66"
"SVN","CA:1662","EAR_EMTA_SEX_CUR_NB","SEX_T","CUR_TYPE_PPP","1997",1622.973,,,"T8:127_T9:133_T10:138_T33:396_T30:342","S9:66"
"SVN","CA:1662","EAR_EMTA_SEX_CUR_NB","SEX_T","CUR_TYPE_USD","1997",903.328,,,"T8:127_T9:133_T10:138_T33:396_T30:342","S9:66"
"SVN","CA:1662","EAR_EMTA_SEX_CUR_NB","SEX_T","CUR_TYPE_LCU","1996",129125,,,"T8:127_T9:133_T10:138_T33:396_T30:342","S9:66"
"SVN","CA:1662","EAR_EMTA_SEX_CUR_NB","SEX_T","CUR_TYPE_PPP","1996",1631.293,,,"T8:127_T9:133_T10:138_T33:396_T30:342","S9:66"
"SVN","CA:1662","EAR_EMTA_SEX_CUR_NB","SEX_T","CUR_TYPE_USD","1996",953.907,,,"T8:127_T9:133_T10:138_T33:396_T30:342","S9:66"
"SVN","CA:1662","EAR_EMTA_SEX_CUR_NB","SEX_T","CUR_TYPE_LCU","1995",111996,,,"T8:127_T9:133_T10:138_T33:396_T30:342","S9:66"
"SVN","CA:1662","EAR_EMTA_SEX_CUR_NB","SEX_T","CUR_TYPE_PPP","1995",1701.255,,,"T8:127_T9:133_T10:138_T33:396_T30:342","S9:66"
"SVN","CA:1662","EAR_EMTA_SEX_CUR_NB","SEX_T","CUR_TYPE_USD","1995",944.967,,,"T8:127_T9:133_T10:138_T33:396_T30:342","S9:66"
"SVN","CA:1662","EAR_EMTA_SEX_CUR_NB","SEX_T","CUR_TYPE_LCU","1994",94618,,,"T8:127_T9:133_T10:138_T33:396_T30:342","S9:66"
"SVN","CA:1662","EAR_EMTA_SEX_CUR_NB","SEX_T","CUR_TYPE_PPP","1994",1803.566,,,"T8:127_T9:133_T10:138_T33:396_T30:342","S9:66"
"SVN","CA:1662","EAR_EMTA_SEX_CUR_NB","SEX_T","CUR_TYPE_USD","1994",734.563,,,"T8:127_T9:133_T10:138_T33:396_T30:342","S9:66"
"SVN","CA:1662","EAR_EMTA_SEX_CUR_NB","SEX_T","CUR_TYPE_LCU","1993",75432,,,"T30:342",
"SVN","CA:1662","EAR_EMTA_SEX_CUR_NB","SEX_T","CUR_TYPE_PPP","1993",1957.616,,,"T30:342",
"SVN","CA:1662","EAR_EMTA_SEX_CUR_NB","SEX_T","CUR_TYPE_USD","1993",666.114,,,"T30:342",
"SVN","CA:1662","EAR_EMTA_SEX_CUR_NB","SEX_T","CUR_TYPE_LCU","1992",51044,,,"T30:342",
"SVN","CA:1662","EAR_EMTA_SEX_CUR_NB","SEX_T","CUR_TYPE_PPP","1992",2133.013,,,"T30:342",
"SVN","CA:1662","EAR_EMTA_SEX_CUR_NB","SEX_T","CUR_TYPE_USD","1992",627.948,,,"T30:342",
"SVN","CA:1662","EAR_EMTA_SEX_CUR_NB","SEX_T","CUR_TYPE_LCU","1991",16823,,,"T30:342",
"SVN","CA:1662","EAR_EMTA_SEX_CUR_NB","SEX_T","CUR_TYPE_PPP","1991",6431.888,,,"T30:342",
"SVN","CA:1662","EAR_EMTA_SEX_CUR_NB","SEX_T","CUR_TYPE_USD","1991",610.166,,,"T30:342",
"SVN","CA:1662","EAR_EMTA_SEX_CUR_NB","SEX_T","CUR_TYPE_LCU","1990",10171,,,"T30:342",
"SVN","CA:1662","EAR_EMTA_SEX_CUR_NB","SEX_T","CUR_TYPE_LCU","1989",2121,,,"T30:342",
"SWE","BB:3063","EAR_EMTA_SEX_CUR_NB","SEX_T","CUR_TYPE_LCU","2025",4232.515,,,"T30:395","R1:3513_T2:85"
"SWE","BB:3063","EAR_EMTA_SEX_CUR_NB","SEX_T","CUR_TYPE_PPP","2025",5284.045,,,"T30:395","R1:3513_T2:85"
"SWE","BB:3063","EAR_EMTA_SEX_CUR_NB","SEX_T","CUR_TYPE_USD","2025",4782.742,,,"T30:395","R1:3513_T2:85"
"SWE","BB:3063","EAR_EMTA_SEX_CUR_NB","SEX_T","CUR_TYPE_LCU","2024",3987.2,,,"T30:395","R1:3513_T2:85"
"SWE","BB:3063","EAR_EMTA_SEX_CUR_NB","SEX_T","CUR_TYPE_PPP","2024",5317.007,,,"T30:395","R1:3513_T2:85"
"SWE","BB:3063","EAR_EMTA_SEX_CUR_NB","SEX_T","CUR_TYPE_USD","2024",4315.746,,,"T30:395","R1:3513_T2:85"
"SWE","BB:3063","EAR_EMTA_SEX_CUR_NB","SEX_T","CUR_TYPE_LCU","2023",4156.317,,,"T30:395","R1:3513_T2:85"
"SWE","BB:3063","EAR_EMTA_SEX_CUR_NB","SEX_T","CUR_TYPE_PPP","2023",5599.51,,,"T30:395","R1:3513_T2:85"
"SWE","BB:3063","EAR_EMTA_SEX_CUR_NB","SEX_T","CUR_TYPE_USD","2023",4494.225,,,"T30:395","R1:3513_T2:85"
"SWE","BB:3063","EAR_EMTA_SEX_CUR_NB","SEX_T","CUR_TYPE_LCU","2022",4210.861,,,"T30:395","R1:3513_T2:85"
"SWE","BB:3063","EAR_EMTA_SEX_CUR_NB","SEX_T","CUR_TYPE_PPP","2022",5181.834,,,"T30:395","R1:3513_T2:85"
"SWE","BB:3063","EAR_EMTA_SEX_CUR_NB","SEX_T","CUR_TYPE_USD","2022",4434.037,,,"T30:395","R1:3513_T2:85"
"SWE","BB:3063","EAR_EMTA_SEX_CUR_NB","SEX_T","CUR_TYPE_LCU","2021",3947.131,,,"T30:395","R1:3513_T2:85"
"SWE","BB:3063","EAR_EMTA_SEX_CUR_NB","SEX_T","CUR_TYPE_PPP","2021",4425.821,,,"T30:395","R1:3513_T2:85"
"SWE","BB:3063","EAR_EMTA_SEX_CUR_NB","SEX_T","CUR_TYPE_USD","2021",4668.272,,,"T30:395","R1:3513_T2:85"
"SWE","BB:3063","EAR_EMTA_SEX_CUR_NB","SEX_T","CUR_TYPE_LCU","2020",3705.021,,,"T30:395","R1:3513_T2:85"
"SWE","BB:3063","EAR_EMTA_SEX_CUR_NB","SEX_T","CUR_TYPE_PPP","2020",4242.965,,,"T30:395","R1:3513_T2:85"
"SWE","BB:3063","EAR_EMTA_SEX_CUR_NB","SEX_T","CUR_TYPE_USD","2020",4231.874,,,"T30:395","R1:3513_T2:85"
"SWE","BB:3063","EAR_EMTA_SEX_CUR_NB","SEX_T","CUR_TYPE_LCU","2019",3732.821,,,"T30:395","R1:3513_T2:85"
"SWE","BB:3063","EAR_EMTA_SEX_CUR_NB","SEX_T","CUR_TYPE_PPP","2019",4257.899,,,"T30:395","R1:3513_T2:85"
"SWE","BB:3063","EAR_EMTA_SEX_CUR_NB","SEX_T","CUR_TYPE_USD","2019",4178.893,,,"T30:395","R1:3513_T2:85"
"SWE","BB:3063","EAR_EMTA_SEX_CUR_NB","SEX_T","CUR_TYPE_LCU","2018",3882.14,,,"T30:395","R1:3513_T2:85"
"SWE","BB:3063","EAR_EMTA_SEX_CUR_NB","SEX_T","CUR_TYPE_PPP","2018",4208.254,,,"T30:395","R1:3513_T2:85"
"SWE","BB:3063","EAR_EMTA_SEX_CUR_NB","SEX_T","CUR_TYPE_USD","2018",4584.807,,,"T30:395","R1:3513_T2:85"
"SWE","BB:3063","EAR_EMTA_SEX_CUR_NB","SEX_T","CUR_TYPE_LCU","2017",3794.309,,,"T30:395","R1:3513_T2:85"
"SWE","BB:3063","EAR_EMTA_SEX_CUR_NB","SEX_T","CUR_TYPE_PPP","2017",3863.825,,,"T30:395","R1:3513_T2:85"
"SWE","BB:3063","EAR_EMTA_SEX_CUR_NB","SEX_T","CUR_TYPE_USD","2017",4286.431,,,"T30:395","R1:3513_T2:85"
"SWE","BB:3063","EAR_EMTA_SEX_CUR_NB","SEX_T","CUR_TYPE_LCU","2016",3758.657,,,"T30:395","R1:3513_T2:85"
"SWE","BB:3063","EAR_EMTA_SEX_CUR_NB","SEX_T","CUR_TYPE_PPP","2016",3820.379,,,"T30:395","R1:3513_T2:85"
"SWE","BB:3063","EAR_EMTA_SEX_CUR_NB","SEX_T","CUR_TYPE_USD","2016",4160.457,,,"T30:395","R1:3513_T2:85"
"SWE","BB:3063","EAR_EMTA_SEX_CUR_NB","SEX_T","CUR_TYPE_LCU","2015",3663.803,,,"T30:395","R1:3513_T2:85"
"SWE","BB:3063","EAR_EMTA_SEX_CUR_NB","SEX_T","CUR_TYPE_PPP","2015",3686.309,,,"T30:395","R1:3513_T2:85"
"SWE","BB:3063","EAR_EMTA_SEX_CUR_NB","SEX_T","CUR_TYPE_USD","2015",4064.99,,,"T30:395","R1:3513_T2:85"
"SWE","BB:3063","EAR_EMTA_SEX_CUR_NB","SEX_T","CUR_TYPE_LCU","2014",3729.411,,,"T30:395","R1:3513_T2:85"
"SWE","BB:3063","EAR_EMTA_SEX_CUR_NB","SEX_T","CUR_TYPE_PPP","2014",3726.106,,,"T30:395","R1:3513_T2:85"
"SWE","BB:3063","EAR_EMTA_SEX_CUR_NB","SEX_T","CUR_TYPE_USD","2014",4954.523,,,"T30:395","R1:3513_T2:85"
"SWE","BB:3063","EAR_EMTA_SEX_CUR_NB","SEX_T","CUR_TYPE_LCU","2013",3719.624,,,"T30:395","R1:3513_T2:85"
"SWE","BB:3063","EAR_EMTA_SEX_CUR_NB","SEX_T","CUR_TYPE_PPP","2013",3555.024,,,"T30:395","R1:3513_T2:85"
"SWE","BB:3063","EAR_EMTA_SEX_CUR_NB","SEX_T","CUR_TYPE_USD","2013",4940.032,,,"T30:395","R1:3513_T2:85"
"SWE","BB:3063","EAR_EMTA_SEX_CUR_NB","SEX_T","CUR_TYPE_LCU","2012",3496.859,,,"T30:395","R1:3513_T2:85"
"SWE","BB:3063","EAR_EMTA_SEX_CUR_NB","SEX_T","CUR_TYPE_PPP","2012",3396.74,,,"T30:395","R1:3513_T2:85"
"SWE","BB:3063","EAR_EMTA_SEX_CUR_NB","SEX_T","CUR_TYPE_USD","2012",4492.764,,,"T30:395","R1:3513_T2:85"
"SWE","BB:3063","EAR_EMTA_SEX_CUR_NB","SEX_T","CUR_TYPE_LCU","2011",3129.247,,,"T30:395","R1:3513_T2:85"
"SWE","BB:3063","EAR_EMTA_SEX_CUR_NB","SEX_T","CUR_TYPE_PPP","2011",3133.799,,,"T30:395","R1:3513_T2:85"
"SWE","BB:3063","EAR_EMTA_SEX_CUR_NB","SEX_T","CUR_TYPE_USD","2011",4355.912,,,"T30:395","R1:3513_T2:85"
"SWE","BB:3063","EAR_EMTA_SEX_CUR_NB","SEX_T","CUR_TYPE_LCU","2010",2804.145,,,"T30:395","R1:3513_T2:85"
"SWE","BB:3063","EAR_EMTA_SEX_CUR_NB","SEX_T","CUR_TYPE_PPP","2010",2927.514,,,"T30:395","R1:3513_T2:85"
"SWE","BB:3063","EAR_EMTA_SEX_CUR_NB","SEX_T","CUR_TYPE_USD","2010",3717.455,,,"T30:395","R1:3513_T2:85"
"SWE","BB:3063","EAR_EMTA_SEX_CUR_NB","SEX_T","CUR_TYPE_LCU","2009",3056.13,,,"T30:395","R1:3513_T2:85"
"SWE","BB:3063","EAR_EMTA_SEX_CUR_NB","SEX_T","CUR_TYPE_PPP","2009",3596.036,,,"T30:395","R1:3513_T2:85"
"SWE","BB:3063","EAR_EMTA_SEX_CUR_NB","SEX_T","CUR_TYPE_USD","2009",4262.69,,,"T30:395","R1:3513_T2:85"
"SWE","BB:3063","EAR_EMTA_SEX_CUR_NB","SEX_T","CUR_TYPE_LCU","2008",2976.379,,,"T30:395","R1:3513_T2:85"
"SWE","BB:3063","EAR_EMTA_SEX_CUR_NB","SEX_T","CUR_TYPE_PPP","2008",3232.182,,,"T30:395","R1:3513_T2:85"
"SWE","BB:3063","EAR_EMTA_SEX_CUR_NB","SEX_T","CUR_TYPE_USD","2008",4377.659,,,"T30:395","R1:3513_T2:85"
"SWE","BB:3063","EAR_EMTA_SEX_CUR_NB","SEX_T","CUR_TYPE_LCU","2007",2854.046,,,"T30:395","R1:3513_T2:85"
"SWE","BB:3063","EAR_EMTA_SEX_CUR_NB","SEX_T","CUR_TYPE_PPP","2007",2922.133,,,"T30:395","R1:3513_T2:85"
"SWE","BB:3063","EAR_EMTA_SEX_CUR_NB","SEX_T","CUR_TYPE_USD","2007",3911.47,,,"T30:395","R1:3513_T2:85"
"SWE","BB:3063","EAR_EMTA_SEX_CUR_NB","SEX_T","CUR_TYPE_LCU","2006",2234.02,,,"T30:395","R1:3513_T2:85"
"SWE","BB:3063","EAR_EMTA_SEX_CUR_NB","SEX_T","CUR_TYPE_PPP","2006",2231.621,,,"T30:395","R1:3513_T2:85"
"SWE","BB:3063","EAR_EMTA_SEX_CUR_NB","SEX_T","CUR_TYPE_USD","2006",2805.035,,,"T30:395","R1:3513_T2:85"
"SWE","BB:3063","EAR_EMTA_SEX_CUR_NB","SEX_T","CUR_TYPE_LCU","2005",2285.978,,,"T30:395","R1:3513_T2:85"
"SWE","BB:3063","EAR_EMTA_SEX_CUR_NB","SEX_T","CUR_TYPE_PPP","2005",2230.414,,,"T30:395","R1:3513_T2:85"
"SWE","BB:3063","EAR_EMTA_SEX_CUR_NB","SEX_T","CUR_TYPE_USD","2005",2843.985,,,"T30:395","R1:3513_T2:85"
"SWE","BB:3063","EAR_EMTA_SEX_CUR_NB","SEX_T","CUR_TYPE_LCU","2004",2210.65,,,"T30:395","R1:3513_T2:85"
"SWE","BB:3063","EAR_EMTA_SEX_CUR_NB","SEX_T","CUR_TYPE_PPP","2004",2120.396,,,"T30:395","R1:3513_T2:85"
"SWE","BB:3063","EAR_EMTA_SEX_CUR_NB","SEX_T","CUR_TYPE_USD","2004",2749.828,,,"T30:395","R1:3513_T2:85"
"SWE","DA:1665","EAR_EMTA_SEX_CUR_NB","SEX_T","CUR_TYPE_LCU","2003",16921.333,,,"T8:127_T9:133_T10:138_T33:396_T30:207","S3:20_S7:57_S9:67_S9:391"
"SWE","DA:1665","EAR_EMTA_SEX_CUR_NB","SEX_T","CUR_TYPE_PPP","2003",1737.268,,,"T8:127_T9:133_T10:138_T33:396_T30:207","S3:20_S7:57_S9:67_S9:391"
"SWE","DA:1665","EAR_EMTA_SEX_CUR_NB","SEX_T","CUR_TYPE_USD","2003",2092.592,,,"T8:127_T9:133_T10:138_T33:396_T30:207","S3:20_S7:57_S9:67_S9:391"
"SWE","DA:1665","EAR_EMTA_SEX_CUR_NB","SEX_T","CUR_TYPE_LCU","2002",16751.735,,,"T8:127_T9:133_T10:138_T33:396_T30:207","S3:20_S7:57_S9:67_S9:391"
"SWE","DA:1665","EAR_EMTA_SEX_CUR_NB","SEX_T","CUR_TYPE_PPP","2002",1749.177,,,"T8:127_T9:133_T10:138_T33:396_T30:207","S3:20_S7:57_S9:67_S9:391"
"SWE","DA:1665","EAR_EMTA_SEX_CUR_NB","SEX_T","CUR_TYPE_USD","2002",1720.399,,,"T8:127_T9:133_T10:138_T33:396_T30:207","S3:20_S7:57_S9:67_S9:391"
"SWE","DA:1665","EAR_EMTA_SEX_CUR_NB","SEX_T","CUR_TYPE_LCU","2001",16119.253,,,"T8:127_T9:133_T10:138_T33:396_T30:207","S3:20_S7:57_S9:67_S9:391"
"SWE","DA:1665","EAR_EMTA_SEX_CUR_NB","SEX_T","CUR_TYPE_PPP","2001",1694.159,,,"T8:127_T9:133_T10:138_T33:396_T30:207","S3:20_S7:57_S9:67_S9:391"
"SWE","DA:1665","EAR_EMTA_SEX_CUR_NB","SEX_T","CUR_TYPE_USD","2001",1560.562,,,"T8:127_T9:133_T10:138_T33:396_T30:207","S3:20_S7:57_S9:67_S9:391"
"SWE","DA:1665","EAR_EMTA_SEX_CUR_NB","SEX_T","CUR_TYPE_LCU","2000",16502.083,,,"T8:127_T9:133_T10:138_T33:396_T30:207","S3:20_S7:57_S9:67_S9:391"
"SWE","DA:1665","EAR_EMTA_SEX_CUR_NB","SEX_T","CUR_TYPE_PPP","2000",1769.546,,,"T8:127_T9:133_T10:138_T33:396_T30:207","S3:20_S7:57_S9:67_S9:391"
"SWE","DA:1665","EAR_EMTA_SEX_CUR_NB","SEX_T","CUR_TYPE_USD","2000",1801.096,,,"T8:127_T9:133_T10:138_T33:396_T30:207","S3:20_S7:57_S9:67_S9:391"
"SWE","DA:1665","EAR_EMTA_SEX_CUR_NB","SEX_T","CUR_TYPE_LCU","1999",15795.426,,,"T8:127_T9:133_T10:138_T33:396_T30:207","S3:20_S7:57_S9:67_S9:391"
"SWE","DA:1665","EAR_EMTA_SEX_CUR_NB","SEX_T","CUR_TYPE_PPP","1999",1650.749,,,"T8:127_T9:133_T10:138_T33:396_T30:207","S3:20_S7:57_S9:67_S9:391"
"SWE","DA:1665","EAR_EMTA_SEX_CUR_NB","SEX_T","CUR_TYPE_USD","1999",1911.717,,,"T8:127_T9:133_T10:138_T33:396_T30:207","S3:20_S7:57_S9:67_S9:391"
"SWE","DA:1665","EAR_EMTA_SEX_CUR_NB","SEX_T","CUR_TYPE_LCU","1998",14503.26,,,"T8:127_T9:133_T10:138_T33:396_T30:207","S3:20_S7:57_S9:67_S9:391"
"SWE","DA:1665","EAR_EMTA_SEX_CUR_NB","SEX_T","CUR_TYPE_PPP","1998",1496.356,,,"T8:127_T9:133_T10:138_T33:396_T30:207","S3:20_S7:57_S9:67_S9:391"
"SWE","DA:1665","EAR_EMTA_SEX_CUR_NB","SEX_T","CUR_TYPE_USD","1998",1824.34,,,"T8:127_T9:133_T10:138_T33:396_T30:207","S3:20_S7:57_S9:67_S9:391"
"SWE","DA:1665","EAR_EMTA_SEX_CUR_NB","SEX_T","CUR_TYPE_LCU","1997",14775.878,,,"T8:127_T9:133_T10:138_T33:396_T30:207_I11:266","S3:20_S7:57_S9:67_S9:391"
"SWE","DA:1665","EAR_EMTA_SEX_CUR_NB","SEX_T","CUR_TYPE_PPP","1997",1525.395,,,"T8:127_T9:133_T10:138_T33:396_T30:207_I11:266","S3:20_S7:57_S9:67_S9:391"
"SWE","DA:1665","EAR_EMTA_SEX_CUR_NB","SEX_T","CUR_TYPE_USD","1997",1935.309,,,"T8:127_T9:133_T10:138_T33:396_T30:207_I11:266","S3:20_S7:57_S9:67_S9:391"
"SWE","DA:1665","EAR_EMTA_SEX_CUR_NB","SEX_T","CUR_TYPE_LCU","1996",15673.444,,,"T8:127_T9:133_T10:138_T33:396_T30:207","S3:20_S7:57_S9:67_S9:391"
"SWE","DA:1665","EAR_EMTA_SEX_CUR_NB","SEX_T","CUR_TYPE_PPP","1996",1623.462,,,"T8:127_T9:133_T10:138_T33:396_T30:207","S3:20_S7:57_S9:67_S9:391"
"SWE","DA:1665","EAR_EMTA_SEX_CUR_NB","SEX_T","CUR_TYPE_USD","1996",2337.242,,,"T8:127_T9:133_T10:138_T33:396_T30:207","S3:20_S7:57_S9:67_S9:391"
"SWE","DA:1665","EAR_EMTA_SEX_CUR_NB","SEX_T","CUR_TYPE_LCU","1995",14559.939,,,"T8:127_T9:133_T10:138_T33:396_T30:207","S3:20_S7:57_S9:67_S9:391"
"SWE","DA:1665","EAR_EMTA_SEX_CUR_NB","SEX_T","CUR_TYPE_PPP","1995",1487.403,,,"T8:127_T9:133_T10:138_T33:396_T30:207","S3:20_S7:57_S9:67_S9:391"
"SWE","DA:1665","EAR_EMTA_SEX_CUR_NB","SEX_T","CUR_TYPE_USD","1995",2041.131,,,"T8:127_T9:133_T10:138_T33:396_T30:207","S3:20_S7:57_S9:67_S9:391"
"SWE","DA:1665","EAR_EMTA_SEX_CUR_NB","SEX_T","CUR_TYPE_LCU","1994",14818.245,,,"T8:127_T9:133_T10:138_T33:396_T30:207","S3:20_S7:57_S9:67_S9:391"
"SWE","DA:1665","EAR_EMTA_SEX_CUR_NB","SEX_T","CUR_TYPE_PPP","1994",1526.352,,,"T8:127_T9:133_T10:138_T33:396_T30:207","S3:20_S7:57_S9:67_S9:391"
"SWE","DA:1665","EAR_EMTA_SEX_CUR_NB","SEX_T","CUR_TYPE_USD","1994",1920.464,,,"T8:127_T9:133_T10:138_T33:396_T30:207","S3:20_S7:57_S9:67_S9:391"
"SWE","DA:1665","EAR_EMTA_SEX_CUR_NB","SEX_T","CUR_TYPE_LCU","1993",95.88,,,"T30:207",
"SWE","DA:1665","EAR_EMTA_SEX_CUR_NB","SEX_T","CUR_TYPE_PPP","1993",9.93,,,"T30:207",
"SWE","DA:1665","EAR_EMTA_SEX_CUR_NB","SEX_T","CUR_TYPE_USD","1993",12.318,,,"T30:207",
"SWZ","BA:1672","EAR_EMTA_SEX_CUR_NB","SEX_T","CUR_TYPE_LCU","2023",7094.844,,,"T30:49","R1:3513"
"SWZ","BA:1672","EAR_EMTA_SEX_CUR_NB","SEX_T","CUR_TYPE_USD","2023",384.469,,,"T30:49","R1:3513"
"SWZ","BA:1672","EAR_EMTA_SEX_CUR_NB","SEX_T","CUR_TYPE_LCU","2021",5586.983,,,"T30:49","R1:3513"
"SWZ","BA:1672","EAR_EMTA_SEX_CUR_NB","SEX_T","CUR_TYPE_PPP","2021",902.724,,,"T30:49","R1:3513"
"SWZ","BA:1672","EAR_EMTA_SEX_CUR_NB","SEX_T","CUR_TYPE_USD","2021",377.922,,,"T30:49","R1:3513"
"SWZ","BA:1672","EAR_EMTA_SEX_CUR_NB","SEX_T","CUR_TYPE_LCU","2016",4573.403,,,"T30:49","R1:3513"
"SWZ","BA:1672","EAR_EMTA_SEX_CUR_NB","SEX_T","CUR_TYPE_PPP","2016",793.73,,,"T30:49","R1:3513"
"SWZ","BA:1672","EAR_EMTA_SEX_CUR_NB","SEX_T","CUR_TYPE_USD","2016",310.913,,,"T30:49","R1:3513"
"SYC","FA:5920","EAR_EMTA_SEX_CUR_NB","SEX_T","CUR_TYPE_LCU","2022",14972,,,"T8:127_T9:133_T10:138_T11:142_T12:145_T30:43","S3:11_S9:66"
"SYC","FA:5920","EAR_EMTA_SEX_CUR_NB","SEX_T","CUR_TYPE_PPP","2022",1602.598,,,"T8:127_T9:133_T10:138_T11:142_T12:145_T30:43","S3:11_S9:66"
"SYC","FA:5920","EAR_EMTA_SEX_CUR_NB","SEX_T","CUR_TYPE_USD","2022",1048.989,,,"T8:127_T9:133_T10:138_T11:142_T12:145_T30:43","S3:11_S9:66"
"SYC","FA:5920","EAR_EMTA_SEX_CUR_NB","SEX_T","CUR_TYPE_LCU","2019",14732.615,,,"T8:127_T9:131_T10:138_T11:142_T12:145_T30:43","S3:11"
"SYC","FA:5920","EAR_EMTA_SEX_CUR_NB","SEX_T","CUR_TYPE_PPP","2019",1636.501,,,"T8:127_T9:131_T10:138_T11:142_T12:145_T30:43","S3:11"
"SYC","FA:5920","EAR_EMTA_SEX_CUR_NB","SEX_T","CUR_TYPE_USD","2019",1049.836,,,"T8:127_T9:131_T10:138_T11:142_T12:145_T30:43","S3:11"
"SYC","BA:2524","EAR_EMTA_SEX_CUR_NB","SEX_T","CUR_TYPE_LCU","2018",14181,,,"I20:3359_T8:127_T9:131_T10:138_T12:145_T30:43","S3:11"
"SYC","BA:2524","EAR_EMTA_SEX_CUR_NB","SEX_T","CUR_TYPE_PPP","2018",1565.358,,,"I20:3359_T8:127_T9:131_T10:138_T12:145_T30:43","S3:11"
"SYC","BA:2524","EAR_EMTA_SEX_CUR_NB","SEX_T","CUR_TYPE_USD","2018",1019.401,,,"I20:3359_T8:127_T9:131_T10:138_T12:145_T30:43","S3:11"
"SYC","FA:5920","EAR_EMTA_SEX_CUR_NB","SEX_T","CUR_TYPE_LCU","2012",8722,,,"T30:43",
"SYC","FA:5920","EAR_EMTA_SEX_CUR_NB","SEX_T","CUR_TYPE_PPP","2012",1032.856,,,"T30:43",
"SYC","FA:5920","EAR_EMTA_SEX_CUR_NB","SEX_T","CUR_TYPE_USD","2012",636.455,,,"T30:43",
"SYC","FA:5920","EAR_EMTA_SEX_CUR_NB","SEX_T","CUR_TYPE_LCU","2011",7928,,,"T30:43",
"SYC","FA:5920","EAR_EMTA_SEX_CUR_NB","SEX_T","CUR_TYPE_PPP","2011",962.935,,,"T30:43",
"SYC","FA:5920","EAR_EMTA_SEX_CUR_NB","SEX_T","CUR_TYPE_USD","2011",640.334,,,"T30:43",
"SYC","FA:5920","EAR_EMTA_SEX_CUR_NB","SEX_T","CUR_TYPE_LCU","2010",6987,"B",,"T30:43_I11:264",
"SYC","FA:5920","EAR_EMTA_SEX_CUR_NB","SEX_T","CUR_TYPE_PPP","2010",843.725,"B",,"T30:43_I11:264",
"SYC","FA:5920","EAR_EMTA_SEX_CUR_NB","SEX_T","CUR_TYPE_USD","2010",578.981,"B",,"T30:43_I11:264",
"SYC","FA:5920","EAR_EMTA_SEX_CUR_NB","SEX_T","CUR_TYPE_LCU","2009",5958,,,"T30:43",
"SYC","FA:5920","EAR_EMTA_SEX_CUR_NB","SEX_T","CUR_TYPE_PPP","2009",690.836,,,"T30:43",
"SYC","FA:5920","EAR_EMTA_SEX_CUR_NB","SEX_T","CUR_TYPE_USD","2009",437.768,,,"T30:43",
"SYC","FA:5920","EAR_EMTA_SEX_CUR_NB","SEX_T","CUR_TYPE_LCU","2008",4645,,,"T30:43",
"SYC","FA:5920","EAR_EMTA_SEX_CUR_NB","SEX_T","CUR_TYPE_PPP","2008",712.152,,,"T30:43",
"SYC","FA:5920","EAR_EMTA_SEX_CUR_NB","SEX_T","CUR_TYPE_USD","2008",491.158,,,"T30:43",
"SYC","FA:5920","EAR_EMTA_SEX_CUR_NB","SEX_T","CUR_TYPE_LCU","2007",4015,,,"T30:43",
"SYC","FA:5920","EAR_EMTA_SEX_CUR_NB","SEX_T","CUR_TYPE_PPP","2007",811.933,,,"T30:43",
"SYC","FA:5920","EAR_EMTA_SEX_CUR_NB","SEX_T","CUR_TYPE_USD","2007",599.159,,,"T30:43",
"SYC","FA:5920","EAR_EMTA_SEX_CUR_NB","SEX_T","CUR_TYPE_LCU","2006",3938,,,"T30:43",
"SYC","FA:5920","EAR_EMTA_SEX_CUR_NB","SEX_T","CUR_TYPE_PPP","2006",815.47,,,"T30:43",
"SYC","FA:5920","EAR_EMTA_SEX_CUR_NB","SEX_T","CUR_TYPE_USD","2006",713.446,,,"T30:43",
"SYC","FA:5920","EAR_EMTA_SEX_CUR_NB","SEX_T","CUR_TYPE_LCU","2005",3750,,,"T30:43",
"SYC","FA:5920","EAR_EMTA_SEX_CUR_NB","SEX_T","CUR_TYPE_PPP","2005",749.613,,,"T30:43",
"SYC","FA:5920","EAR_EMTA_SEX_CUR_NB","SEX_T","CUR_TYPE_USD","2005",681.818,,,"T30:43",
"SYC","FA:5920","EAR_EMTA_SEX_CUR_NB","SEX_T","CUR_TYPE_LCU","2004",3708,,,"T30:43",
"SYC","FA:5920","EAR_EMTA_SEX_CUR_NB","SEX_T","CUR_TYPE_PPP","2004",723.398,,,"T30:43",
"SYC","FA:5920","EAR_EMTA_SEX_CUR_NB","SEX_T","CUR_TYPE_USD","2004",674.182,,,"T30:43",
"SYC","FA:5920","EAR_EMTA_SEX_CUR_NB","SEX_T","CUR_TYPE_LCU","2003",3603,,,"T30:43",
"SYC","FA:5920","EAR_EMTA_SEX_CUR_NB","SEX_T","CUR_TYPE_PPP","2003",710.992,,,"T30:43",
"SYC","FA:5920","EAR_EMTA_SEX_CUR_NB","SEX_T","CUR_TYPE_USD","2003",667.134,,,"T30:43",
"SYC","FA:5920","EAR_EMTA_SEX_CUR_NB","SEX_T","CUR_TYPE_LCU","2002",3465,,,"T30:43",
"SYC","FA:5920","EAR_EMTA_SEX_CUR_NB","SEX_T","CUR_TYPE_PPP","2002",690.663,,,"T30:43",
"SYC","FA:5920","EAR_EMTA_SEX_CUR_NB","SEX_T","CUR_TYPE_USD","2002",632.295,,,"T30:43",
"SYC","FA:5920","EAR_EMTA_SEX_CUR_NB","SEX_T","CUR_TYPE_LCU","2001",3417,,,"T30:43",
"SYC","FA:5920","EAR_EMTA_SEX_CUR_NB","SEX_T","CUR_TYPE_PPP","2001",671.635,,,"T30:43",
"SYC","FA:5920","EAR_EMTA_SEX_CUR_NB","SEX_T","CUR_TYPE_USD","2001",583.35,,,"T30:43",
"SYC","FA:5920","EAR_EMTA_SEX_CUR_NB","SEX_T","CUR_TYPE_LCU","2000",3343,,,"T30:43",
"SYC","FA:5920","EAR_EMTA_SEX_CUR_NB","SEX_T","CUR_TYPE_PPP","2000",677.178,,,"T30:43",
"SYC","FA:5920","EAR_EMTA_SEX_CUR_NB","SEX_T","CUR_TYPE_USD","2000",585.073,,,"T30:43",
"SYC","FA:5920","EAR_EMTA_SEX_CUR_NB","SEX_T","CUR_TYPE_LCU","1999",3274,,,"T30:43",
"SYC","FA:5920","EAR_EMTA_SEX_CUR_NB","SEX_T","CUR_TYPE_PPP","1999",681.753,,,"T30:43",
"SYC","FA:5920","EAR_EMTA_SEX_CUR_NB","SEX_T","CUR_TYPE_USD","1999",612.812,,,"T30:43",
"SYC","FA:5920","EAR_EMTA_SEX_CUR_NB","SEX_T","CUR_TYPE_LCU","1998",3177,,,"T30:43",
"SYC","FA:5920","EAR_EMTA_SEX_CUR_NB","SEX_T","CUR_TYPE_PPP","1998",688.481,,,"T30:43",
"SYC","FA:5920","EAR_EMTA_SEX_CUR_NB","SEX_T","CUR_TYPE_USD","1998",603.741,,,"T30:43",
"SYC","FA:5920","EAR_EMTA_SEX_CUR_NB","SEX_T","CUR_TYPE_LCU","1997",2985,,,"T30:43",
"SYC","FA:5920","EAR_EMTA_SEX_CUR_NB","SEX_T","CUR_TYPE_PPP","1997",653.419,,,"T30:43",
"SYC","FA:5920","EAR_EMTA_SEX_CUR_NB","SEX_T","CUR_TYPE_USD","1997",593.871,,,"T30:43",
"SYC","FA:5920","EAR_EMTA_SEX_CUR_NB","SEX_T","CUR_TYPE_LCU","1996",2948,,,"T30:43",
"SYC","FA:5920","EAR_EMTA_SEX_CUR_NB","SEX_T","CUR_TYPE_PPP","1996",634.476,,,"T30:43",
"SYC","FA:5920","EAR_EMTA_SEX_CUR_NB","SEX_T","CUR_TYPE_USD","1996",593.161,,,"T30:43",
"SYC","FA:5920","EAR_EMTA_SEX_CUR_NB","SEX_T","CUR_TYPE_LCU","1995",2920,,,"T30:43",
"SYC","FA:5920","EAR_EMTA_SEX_CUR_NB","SEX_T","CUR_TYPE_PPP","1995",603.836,,,"T30:43",
"SYC","FA:5920","EAR_EMTA_SEX_CUR_NB","SEX_T","CUR_TYPE_USD","1995",613.191,,,"T30:43",
"SYC","FA:5920","EAR_EMTA_SEX_CUR_NB","SEX_T","CUR_TYPE_LCU","1994",2757,,,"T30:43",
"SYC","FA:5920","EAR_EMTA_SEX_CUR_NB","SEX_T","CUR_TYPE_PPP","1994",553.218,,,"T30:43",
"SYC","FA:5920","EAR_EMTA_SEX_CUR_NB","SEX_T","CUR_TYPE_USD","1994",545.308,,,"T30:43",
"SYC","FA:5920","EAR_EMTA_SEX_CUR_NB","SEX_T","CUR_TYPE_LCU","1993",2725,,,"T30:43",
"SYC","FA:5920","EAR_EMTA_SEX_CUR_NB","SEX_T","CUR_TYPE_PPP","1993",542.158,,,"T30:43",
"SYC","FA:5920","EAR_EMTA_SEX_CUR_NB","SEX_T","CUR_TYPE_USD","1993",525.906,,,"T30:43",
"SYC","FA:5920","EAR_EMTA_SEX_CUR_NB","SEX_T","CUR_TYPE_LCU","1992",2637,,,"T30:43",
"SYC","FA:5920","EAR_EMTA_SEX_CUR_NB","SEX_T","CUR_TYPE_PPP","1992",516.659,,,"T30:43",
"SYC","FA:5920","EAR_EMTA_SEX_CUR_NB","SEX_T","CUR_TYPE_USD","1992",514.84,,,"T30:43",
"SYC","FA:5920","EAR_EMTA_SEX_CUR_NB","SEX_T","CUR_TYPE_LCU","1991",2307,,,"T30:43",
"SYC","FA:5920","EAR_EMTA_SEX_CUR_NB","SEX_T","CUR_TYPE_PPP","1991",452.959,,,"T30:43",
"SYC","FA:5920","EAR_EMTA_SEX_CUR_NB","SEX_T","CUR_TYPE_USD","1991",436.163,,,"T30:43",
"SYC","FA:5920","EAR_EMTA_SEX_CUR_NB","SEX_T","CUR_TYPE_LCU","1990",2241,,,"T30:43",
"SYC","FA:5920","EAR_EMTA_SEX_CUR_NB","SEX_T","CUR_TYPE_PPP","1990",430.51,,,"T30:43",
"SYC","FA:5920","EAR_EMTA_SEX_CUR_NB","SEX_T","CUR_TYPE_USD","1990",419.907,,,"T30:43",
"SYR","BA:745","EAR_EMTA_SEX_CUR_NB","SEX_T","CUR_TYPE_LCU","2010",11344,,,"T33:396_T30:148","S9:68"
"SYR","BA:745","EAR_EMTA_SEX_CUR_NB","SEX_T","CUR_TYPE_LCU","2009",11096,,,"T33:396_T30:148","S9:68"
"SYR","BA:745","EAR_EMTA_SEX_CUR_NB","SEX_T","CUR_TYPE_LCU","2008",10622,,,"T8:127_T9:133_T10:138_T12:145_T33:396_T30:148","S9:68"
"SYR","BA:745","EAR_EMTA_SEX_CUR_NB","SEX_T","CUR_TYPE_USD","2008",946.281,,,"T8:127_T9:133_T10:138_T12:145_T33:396_T30:148","S9:68"
"SYR","BA:745","EAR_EMTA_SEX_CUR_NB","SEX_T","CUR_TYPE_LCU","2007",9017,,,"T8:127_T9:133_T10:138_T12:145_T33:396_T30:148","S9:68"
"SYR","BA:745","EAR_EMTA_SEX_CUR_NB","SEX_T","CUR_TYPE_USD","2007",803.296,,,"T8:127_T9:133_T10:138_T12:145_T33:396_T30:148","S9:68"
"SYR","BA:745","EAR_EMTA_SEX_CUR_NB","SEX_T","CUR_TYPE_LCU","2006",8693,,,"T8:127_T9:133_T10:138_T12:145_T33:396_T30:148","S9:68"
"SYR","BA:745","EAR_EMTA_SEX_CUR_NB","SEX_T","CUR_TYPE_USD","2006",774.432,,,"T8:127_T9:133_T10:138_T12:145_T33:396_T30:148","S9:68"
"SYR","BA:745","EAR_EMTA_SEX_CUR_NB","SEX_T","CUR_TYPE_LCU","2005",7727,,,"T8:127_T9:133_T10:138_T12:145_T33:396_T30:148","S9:68"
"SYR","BA:745","EAR_EMTA_SEX_CUR_NB","SEX_T","CUR_TYPE_USD","2005",688.374,,,"T8:127_T9:133_T10:138_T12:145_T33:396_T30:148","S9:68"
"TCD","BB:15712","EAR_EMTA_SEX_CUR_NB","SEX_T","CUR_TYPE_LCU","2022",128464.351,,,"T30:53","R1:3513"
"TCD","BB:15712","EAR_EMTA_SEX_CUR_NB","SEX_T","CUR_TYPE_PPP","2022",607.596,,,"T30:53","R1:3513"
"TCD","BB:15712","EAR_EMTA_SEX_CUR_NB","SEX_T","CUR_TYPE_USD","2022",205.952,,,"T30:53","R1:3513"
"TCD","BB:15712","EAR_EMTA_SEX_CUR_NB","SEX_T","CUR_TYPE_LCU","2018",121734.157,,,"T30:53","R1:3513"
"TCD","BB:15712","EAR_EMTA_SEX_CUR_NB","SEX_T","CUR_TYPE_PPP","2018",529.902,,,"T30:53","R1:3513"
"TCD","BB:15712","EAR_EMTA_SEX_CUR_NB","SEX_T","CUR_TYPE_USD","2018",219.165,,,"T30:53","R1:3513"
"TGO","BB:16196","EAR_EMTA_SEX_CUR_NB","SEX_T","CUR_TYPE_LCU","2022",85868.237,,,"T30:54","R1:3513"
"TGO","BB:16196","EAR_EMTA_SEX_CUR_NB","SEX_T","CUR_TYPE_PPP","2022",389.256,,,"T30:54","R1:3513"
"TGO","BB:16196","EAR_EMTA_SEX_CUR_NB","SEX_T","CUR_TYPE_USD","2022",137.662,,,"T30:54","R1:3513"
"TGO","BB:16196","EAR_EMTA_SEX_CUR_NB","SEX_T","CUR_TYPE_LCU","2019",76890.756,,,"T30:54","R1:3513"
"TGO","BB:16196","EAR_EMTA_SEX_CUR_NB","SEX_T","CUR_TYPE_PPP","2019",333.17,,,"T30:54","R1:3513"
"TGO","BB:16196","EAR_EMTA_SEX_CUR_NB","SEX_T","CUR_TYPE_USD","2019",131.233,,,"T30:54","R1:3513"
"TGO","BA:14123","EAR_EMTA_SEX_CUR_NB","SEX_T","CUR_TYPE_LCU","2017",89279.318,"B",,"T30:54_I11:264","R1:3513_T3:240"
"TGO","BA:14123","EAR_EMTA_SEX_CUR_NB","SEX_T","CUR_TYPE_PPP","2017",369.732,"B",,"T30:54_I11:264","R1:3513_T3:240"
"TGO","BA:14123","EAR_EMTA_SEX_CUR_NB","SEX_T","CUR_TYPE_USD","2017",153.756,"B",,"T30:54_I11:264","R1:3513_T3:240"
"TGO","BX:686","EAR_EMTA_SEX_CUR_NB","SEX_T","CUR_TYPE_LCU","2015",152478.292,,,"T30:54","R1:3513"
"TGO","BX:686","EAR_EMTA_SEX_CUR_NB","SEX_T","CUR_TYPE_PPP","2015",626.417,,,"T30:54","R1:3513"
"TGO","BX:686","EAR_EMTA_SEX_CUR_NB","SEX_T","CUR_TYPE_USD","2015",257.908,,,"T30:54","R1:3513"
"TGO","BX:686","EAR_EMTA_SEX_CUR_NB","SEX_T","CUR_TYPE_LCU","2011",113912.543,"B",,"T30:54_I11:264","R1:3513"
"TGO","BX:686","EAR_EMTA_SEX_CUR_NB","SEX_T","CUR_TYPE_PPP","2011",481.483,"B",,"T30:54_I11:264","R1:3513"
"TGO","BX:686","EAR_EMTA_SEX_CUR_NB","SEX_T","CUR_TYPE_USD","2011",241.725,"B",,"T30:54_I11:264","R1:3513"
"THA","BA:741","EAR_EMTA_SEX_CUR_NB","SEX_T","CUR_TYPE_LCU","2025",16698.516,,,"T30:151","R1:3513"
"THA","BA:741","EAR_EMTA_SEX_CUR_NB","SEX_T","CUR_TYPE_PPP","2025",1574.402,,,"T30:151","R1:3513"
"THA","BA:741","EAR_EMTA_SEX_CUR_NB","SEX_T","CUR_TYPE_USD","2025",507.819,,,"T30:151","R1:3513"
"THA","BA:741","EAR_EMTA_SEX_CUR_NB","SEX_T","CUR_TYPE_LCU","2024",16519.035,,,"T30:151","R1:3513"
"THA","BA:741","EAR_EMTA_SEX_CUR_NB","SEX_T","CUR_TYPE_PPP","2024",1514.533,,,"T30:151","R1:3513"
"THA","BA:741","EAR_EMTA_SEX_CUR_NB","SEX_T","CUR_TYPE_USD","2024",468.047,,,"T30:151","R1:3513"
"THA","BA:741","EAR_EMTA_SEX_CUR_NB","SEX_T","CUR_TYPE_LCU","2023",16556.41,,,"T30:151","R1:3513"
"THA","BA:741","EAR_EMTA_SEX_CUR_NB","SEX_T","CUR_TYPE_PPP","2023",1480.343,,,"T30:151","R1:3513"
"THA","BA:741","EAR_EMTA_SEX_CUR_NB","SEX_T","CUR_TYPE_USD","2023",475.729,,,"T30:151","R1:3513"
"THA","BA:741","EAR_EMTA_SEX_CUR_NB","SEX_T","CUR_TYPE_LCU","2022",16384.75,,,"T30:151","R1:3513"
"THA","BA:741","EAR_EMTA_SEX_CUR_NB","SEX_T","CUR_TYPE_PPP","2022",1424.369,,,"T30:151","R1:3513"
"THA","BA:741","EAR_EMTA_SEX_CUR_NB","SEX_T","CUR_TYPE_USD","2022",467.317,,,"T30:151","R1:3513"
"THA","BA:741","EAR_EMTA_SEX_CUR_NB","SEX_T","CUR_TYPE_LCU","2021",15534.329,,,"T30:151","R1:3513"
"THA","BA:741","EAR_EMTA_SEX_CUR_NB","SEX_T","CUR_TYPE_PPP","2021",1326.346,,,"T30:151","R1:3513"
"THA","BA:741","EAR_EMTA_SEX_CUR_NB","SEX_T","CUR_TYPE_USD","2021",485.796,,,"T30:151","R1:3513"
"THA","BA:741","EAR_EMTA_SEX_CUR_NB","SEX_T","CUR_TYPE_LCU","2020",15342.49,,,"T30:151","R1:3513"
"THA","BA:741","EAR_EMTA_SEX_CUR_NB","SEX_T","CUR_TYPE_PPP","2020",1279.989,,,"T30:151","R1:3513"
"THA","BA:741","EAR_EMTA_SEX_CUR_NB","SEX_T","CUR_TYPE_USD","2020",490.274,,,"T30:151","R1:3513"
"THA","BA:741","EAR_EMTA_SEX_CUR_NB","SEX_T","CUR_TYPE_LCU","2019",15128.268,,,"T30:151","R1:3513"
"THA","BA:741","EAR_EMTA_SEX_CUR_NB","SEX_T","CUR_TYPE_PPP","2019",1236.204,,,"T30:151","R1:3513"
"THA","BA:741","EAR_EMTA_SEX_CUR_NB","SEX_T","CUR_TYPE_USD","2019",487.26,,,"T30:151","R1:3513"
"THA","BA:741","EAR_EMTA_SEX_CUR_NB","SEX_T","CUR_TYPE_LCU","2018",14922.795,,,"T30:151","R1:3513"
"THA","BA:741","EAR_EMTA_SEX_CUR_NB","SEX_T","CUR_TYPE_PPP","2018",1204.276,,,"T30:151","R1:3513"
"THA","BA:741","EAR_EMTA_SEX_CUR_NB","SEX_T","CUR_TYPE_USD","2018",461.86,,,"T30:151","R1:3513"
"THA","BA:741","EAR_EMTA_SEX_CUR_NB","SEX_T","CUR_TYPE_LCU","2017",14742.789,,,"T30:151","R1:3513"
"THA","BA:741","EAR_EMTA_SEX_CUR_NB","SEX_T","CUR_TYPE_PPP","2017",1174.792,,,"T30:151","R1:3513"
"THA","BA:741","EAR_EMTA_SEX_CUR_NB","SEX_T","CUR_TYPE_USD","2017",434.38,,,"T30:151","R1:3513"
"THA","BA:741","EAR_EMTA_SEX_CUR_NB","SEX_T","CUR_TYPE_LCU","2016",14733.381,,,"T30:151","R1:3513"
"THA","BA:741","EAR_EMTA_SEX_CUR_NB","SEX_T","CUR_TYPE_PPP","2016",1182.184,,,"T30:151","R1:3513"
"THA","BA:741","EAR_EMTA_SEX_CUR_NB","SEX_T","CUR_TYPE_USD","2016",417.419,,,"T30:151","R1:3513"
"THA","BA:741","EAR_EMTA_SEX_CUR_NB","SEX_T","CUR_TYPE_LCU","2015",11106.65,,,"T30:151","R1:3513"
"THA","BA:741","EAR_EMTA_SEX_CUR_NB","SEX_T","CUR_TYPE_PPP","2015",888.623,,,"T30:151","R1:3513"
"THA","BA:741","EAR_EMTA_SEX_CUR_NB","SEX_T","CUR_TYPE_USD","2015",324.303,,,"T30:151","R1:3513"
"THA","BA:741","EAR_EMTA_SEX_CUR_NB","SEX_T","CUR_TYPE_LCU","2014",14218.865,,,"T30:151","R1:3513"
"THA","BA:741","EAR_EMTA_SEX_CUR_NB","SEX_T","CUR_TYPE_PPP","2014",1126.16,,,"T30:151","R1:3513"
"THA","BA:741","EAR_EMTA_SEX_CUR_NB","SEX_T","CUR_TYPE_USD","2014",437.775,,,"T30:151","R1:3513"
"THA","BB:15893","EAR_EMTA_SEX_CUR_NB","SEX_T","CUR_TYPE_LCU","2013",13638.31,,,"T30:151","R1:3513"
"THA","BB:15893","EAR_EMTA_SEX_CUR_NB","SEX_T","CUR_TYPE_PPP","2013",1087.526,,,"T30:151","R1:3513"
"THA","BB:15893","EAR_EMTA_SEX_CUR_NB","SEX_T","CUR_TYPE_USD","2013",443.869,,,"T30:151","R1:3513"
"THA","BA:741","EAR_EMTA_SEX_CUR_NB","SEX_T","CUR_TYPE_LCU","2012",11184,,,"T8:127_T9:133_T10:138_T12:145_T33:396_T30:151",
"THA","BA:741","EAR_EMTA_SEX_CUR_NB","SEX_T","CUR_TYPE_PPP","2012",915.764,,,"T8:127_T9:133_T10:138_T12:145_T33:396_T30:151",
"THA","BA:741","EAR_EMTA_SEX_CUR_NB","SEX_T","CUR_TYPE_USD","2012",359.81,,,"T8:127_T9:133_T10:138_T12:145_T33:396_T30:151",
"THA","BA:741","EAR_EMTA_SEX_CUR_NB","SEX_T","CUR_TYPE_LCU","2011",10340,,,"T8:127_T9:133_T10:138_T12:145_T33:396_T30:151",
"THA","BA:741","EAR_EMTA_SEX_CUR_NB","SEX_T","CUR_TYPE_PPP","2011",810.428,,,"T8:127_T9:133_T10:138_T12:145_T33:396_T30:151",
"THA","BA:741","EAR_EMTA_SEX_CUR_NB","SEX_T","CUR_TYPE_USD","2011",339.108,,,"T8:127_T9:133_T10:138_T12:145_T33:396_T30:151",
"THA","BB:15893","EAR_EMTA_SEX_CUR_NB","SEX_T","CUR_TYPE_LCU","2007",9526.116,,,"T30:151","R1:3513"
"THA","BB:15893","EAR_EMTA_SEX_CUR_NB","SEX_T","CUR_TYPE_PPP","2007",771.426,,,"T30:151","R1:3513"
"THA","BB:15893","EAR_EMTA_SEX_CUR_NB","SEX_T","CUR_TYPE_USD","2007",275.974,,,"T30:151","R1:3513"
"THA","BB:15893","EAR_EMTA_SEX_CUR_NB","SEX_T","CUR_TYPE_LCU","2000",6860.362,,,"T30:151","R1:3513"
"THA","BB:15893","EAR_EMTA_SEX_CUR_NB","SEX_T","CUR_TYPE_PPP","2000",552.437,,,"T30:151","R1:3513"
"THA","BB:15893","EAR_EMTA_SEX_CUR_NB","SEX_T","CUR_TYPE_USD","2000",171.031,,,"T30:151","R1:3513"
"TJK","CA:1705","EAR_EMTA_SEX_CUR_NB","SEX_T","CUR_TYPE_LCU","2019",1335.52,,,"T8:127_T9:133_T10:138_T12:145_T33:396_T30:150","S9:66"
"TJK","CA:1705","EAR_EMTA_SEX_CUR_NB","SEX_T","CUR_TYPE_PPP","2019",459.982,,,"T8:127_T9:133_T10:138_T12:145_T33:396_T30:150","S9:66"
"TJK","CA:1705","EAR_EMTA_SEX_CUR_NB","SEX_T","CUR_TYPE_USD","2019",140.133,,,"T8:127_T9:133_T10:138_T12:145_T33:396_T30:150","S9:66"
"TJK","BB:2229","EAR_EMTA_SEX_CUR_NB","SEX_T","CUR_TYPE_LCU","2009",370.614,,,"T30:150","R1:3513"
"TJK","BB:2229","EAR_EMTA_SEX_CUR_NB","SEX_T","CUR_TYPE_PPP","2009",236.802,,,"T30:150","R1:3513"
"TJK","BB:2229","EAR_EMTA_SEX_CUR_NB","SEX_T","CUR_TYPE_USD","2009",89.462,,,"T30:150","R1:3513"
"TJK","CA:1705","EAR_EMTA_SEX_CUR_NB","SEX_T","CUR_TYPE_LCU","2008",231.53,,,"T8:127_T9:133_T10:138_T12:145_T33:396_T30:150","S9:66"
"TJK","CA:1705","EAR_EMTA_SEX_CUR_NB","SEX_T","CUR_TYPE_PPP","2008",158.036,,,"T8:127_T9:133_T10:138_T12:145_T33:396_T30:150","S9:66"
"TJK","CA:1705","EAR_EMTA_SEX_CUR_NB","SEX_T","CUR_TYPE_USD","2008",67.487,,,"T8:127_T9:133_T10:138_T12:145_T33:396_T30:150","S9:66"
"TJK","BB:2229","EAR_EMTA_SEX_CUR_NB","SEX_T","CUR_TYPE_LCU","2007",258.563,,,"T30:150","R1:3513"
"TJK","BB:2229","EAR_EMTA_SEX_CUR_NB","SEX_T","CUR_TYPE_PPP","2007",204.756,,,"T30:150","R1:3513"
"TJK","BB:2229","EAR_EMTA_SEX_CUR_NB","SEX_T","CUR_TYPE_USD","2007",75.109,,,"T30:150","R1:3513"
"TJK","CA:1705","EAR_EMTA_SEX_CUR_NB","SEX_T","CUR_TYPE_LCU","2006",116.3,,,"T8:127_T9:133_T10:138_T33:396_T30:150","S9:66"
"TJK","CA:1705","EAR_EMTA_SEX_CUR_NB","SEX_T","CUR_TYPE_PPP","2006",101.318,,,"T8:127_T9:133_T10:138_T33:396_T30:150","S9:66"
"TJK","CA:1705","EAR_EMTA_SEX_CUR_NB","SEX_T","CUR_TYPE_USD","2006",35.259,,,"T8:127_T9:133_T10:138_T33:396_T30:150","S9:66"
"TJK","CA:1705","EAR_EMTA_SEX_CUR_NB","SEX_T","CUR_TYPE_LCU","2005",83.6,,,"T8:127_T9:133_T10:138_T33:396_T30:150","S9:66"
"TJK","CA:1705","EAR_EMTA_SEX_CUR_NB","SEX_T","CUR_TYPE_PPP","2005",77.617,,,"T8:127_T9:133_T10:138_T33:396_T30:150","S9:66"
"TJK","CA:1705","EAR_EMTA_SEX_CUR_NB","SEX_T","CUR_TYPE_USD","2005",26.824,,,"T8:127_T9:133_T10:138_T33:396_T30:150","S9:66"
"TJK","CA:1705","EAR_EMTA_SEX_CUR_NB","SEX_T","CUR_TYPE_LCU","2004",61.81,,,"T8:127_T9:133_T10:138_T33:396_T30:150","S9:66"
"TJK","CA:1705","EAR_EMTA_SEX_CUR_NB","SEX_T","CUR_TYPE_PPP","2004",59.44,,,"T8:127_T9:133_T10:138_T33:396_T30:150","S9:66"
"TJK","CA:1705","EAR_EMTA_SEX_CUR_NB","SEX_T","CUR_TYPE_USD","2004",20.808,,,"T8:127_T9:133_T10:138_T33:396_T30:150","S9:66"
"TJK","BB:2229","EAR_EMTA_SEX_CUR_NB","SEX_T","CUR_TYPE_LCU","2003",43.049,,,"T30:150","R1:3513"
"TJK","BB:2229","EAR_EMTA_SEX_CUR_NB","SEX_T","CUR_TYPE_PPP","2003",43.198,,,"T30:150","R1:3513"
"TJK","BB:2229","EAR_EMTA_SEX_CUR_NB","SEX_T","CUR_TYPE_USD","2003",14.062,,,"T30:150","R1:3513"
"TJK","CA:1705","EAR_EMTA_SEX_CUR_NB","SEX_T","CUR_TYPE_LCU","2002",32.55,,,"T8:127_T9:133_T10:138_T33:396_T30:150_I11:268","S9:66"
"TJK","CA:1705","EAR_EMTA_SEX_CUR_NB","SEX_T","CUR_TYPE_PPP","2002",37.145,,,"T8:127_T9:133_T10:138_T33:396_T30:150_I11:268","S9:66"
"TJK","CA:1705","EAR_EMTA_SEX_CUR_NB","SEX_T","CUR_TYPE_USD","2002",11.776,,,"T8:127_T9:133_T10:138_T33:396_T30:150_I11:268","S9:66"
"TJK","CA:1705","EAR_EMTA_SEX_CUR_NB","SEX_T","CUR_TYPE_LCU","2001",23.5,,,"T8:127_T9:133_T10:138_T33:396_T30:150","S9:66"
"TJK","CA:1705","EAR_EMTA_SEX_CUR_NB","SEX_T","CUR_TYPE_PPP","2001",29.632,,,"T8:127_T9:133_T10:138_T33:396_T30:150","S9:66"
"TJK","CA:1705","EAR_EMTA_SEX_CUR_NB","SEX_T","CUR_TYPE_USD","2001",9.906,,,"T8:127_T9:133_T10:138_T33:396_T30:150","S9:66"
"TJK","CA:1705","EAR_EMTA_SEX_CUR_NB","SEX_T","CUR_TYPE_LCU","2000",15.57,,,"T8:127_T9:133_T10:138_T33:396_T30:150","S9:66"
"TJK","CA:1705","EAR_EMTA_SEX_CUR_NB","SEX_T","CUR_TYPE_PPP","2000",26.462,,,"T8:127_T9:133_T10:138_T33:396_T30:150","S9:66"
"TJK","CA:1705","EAR_EMTA_SEX_CUR_NB","SEX_T","CUR_TYPE_USD","2000",7.499,,,"T8:127_T9:133_T10:138_T33:396_T30:150","S9:66"
"TJK","CA:1705","EAR_EMTA_SEX_CUR_NB","SEX_T","CUR_TYPE_LCU","1997",4975,,,"T8:127_T9:133_T10:138_T33:396_T30:345","S9:66"
"TJK","CA:1705","EAR_EMTA_SEX_CUR_NB","SEX_T","CUR_TYPE_LCU","1996",2805,,,"T8:127_T9:133_T10:138_T33:396_T30:345","S9:66"
"TJK","CA:1705","EAR_EMTA_SEX_CUR_NB","SEX_T","CUR_TYPE_LCU","1995",731,,,"T8:127_T9:133_T10:138_T33:396_T30:345_I11:268","S9:66"
"TJK","CA:1705","EAR_EMTA_SEX_CUR_NB","SEX_T","CUR_TYPE_LCU","1994",40449,,,"T8:127_T9:133_T10:138_T33:396_T30:344","S9:66"
"TJK","CA:1705","EAR_EMTA_SEX_CUR_NB","SEX_T","CUR_TYPE_LCU","1993",17452.3,,,"T8:127_T9:133_T10:138_T33:396_T30:344","S9:66"
"TJK","CA:1705","EAR_EMTA_SEX_CUR_NB","SEX_T","CUR_TYPE_LCU","1992",1909,,,"T8:127_T9:133_T10:138_T33:396_T30:344","S9:66"
"TJK","CA:1705","EAR_EMTA_SEX_CUR_NB","SEX_T","CUR_TYPE_LCU","1991",340.8,,,"T8:127_T9:133_T10:138_T33:396_T30:344","S9:66"
"TKL","BB:16122","EAR_EMTA_SEX_CUR_NB","SEX_T","CUR_TYPE_LCU","2016",758.781,,,"T30:230","R1:3513"
"TKM","CA:1709","EAR_EMTA_SEX_CUR_NB","SEX_T","CUR_TYPE_LCU","2003",1750000,,,"T33:396_T30:347","S9:66"
"TKM","CA:1709","EAR_EMTA_SEX_CUR_NB","SEX_T","CUR_TYPE_LCU","2002",950000,,,"T33:396_T30:347","S9:66"
"TKM","CA:1709","EAR_EMTA_SEX_CUR_NB","SEX_T","CUR_TYPE_LCU","2001",878100,,,"T33:396_T30:347","S9:66"
"TKM","CA:1709","EAR_EMTA_SEX_CUR_NB","SEX_T","CUR_TYPE_LCU","2000",596800,,,"T33:396_T30:347","S9:66"
"TLS","BA:3050","EAR_EMTA_SEX_CUR_NB","SEX_T","CUR_TYPE_LCU","2021",257.594,,,"T30:152","R1:3513"
"TLS","BA:3050","EAR_EMTA_SEX_CUR_NB","SEX_T","CUR_TYPE_PPP","2021",578.152,,,"T30:152","R1:3513"
"TLS","BA:3050","EAR_EMTA_SEX_CUR_NB","SEX_T","CUR_TYPE_USD","2021",257.594,,,"T30:152","R1:3513"
"TLS","BA:3050","EAR_EMTA_SEX_CUR_NB","SEX_T","CUR_TYPE_LCU","2016",340.374,,,"T30:152","R1:3513"
"TLS","BA:3050","EAR_EMTA_SEX_CUR_NB","SEX_T","CUR_TYPE_PPP","2016",812.734,,,"T30:152","R1:3513"
"TLS","BA:3050","EAR_EMTA_SEX_CUR_NB","SEX_T","CUR_TYPE_USD","2016",340.374,,,"T30:152","R1:3513"
"TLS","BA:3050","EAR_EMTA_SEX_CUR_NB","SEX_T","CUR_TYPE_LCU","2013",412.772,"B",,"T30:152_I11:264","R1:3513"
"TLS","BA:3050","EAR_EMTA_SEX_CUR_NB","SEX_T","CUR_TYPE_PPP","2013",783.063,"B",,"T30:152_I11:264","R1:3513"
"TLS","BA:3050","EAR_EMTA_SEX_CUR_NB","SEX_T","CUR_TYPE_USD","2013",412.772,"B",,"T30:152_I11:264","R1:3513"
"TLS","BA:3050","EAR_EMTA_SEX_CUR_NB","SEX_T","CUR_TYPE_LCU","2010",173.774,"B",,"T30:152_I11:264","R1:3513"
"TLS","BA:3050","EAR_EMTA_SEX_CUR_NB","SEX_T","CUR_TYPE_PPP","2010",380.8,"B",,"T30:152_I11:264","R1:3513"
"TLS","BA:3050","EAR_EMTA_SEX_CUR_NB","SEX_T","CUR_TYPE_USD","2010",173.774,"B",,"T30:152_I11:264","R1:3513"
"TLS","BB:7029","EAR_EMTA_SEX_CUR_NB","SEX_T","CUR_TYPE_LCU","2007",162.044,,,"T30:152","R1:3513"
"TLS","BB:7029","EAR_EMTA_SEX_CUR_NB","SEX_T","CUR_TYPE_PPP","2007",395.802,,,"T30:152","R1:3513"
"TLS","BB:7029","EAR_EMTA_SEX_CUR_NB","SEX_T","CUR_TYPE_USD","2007",162.044,,,"T30:152","R1:3513"
"TLS","BB:7029","EAR_EMTA_SEX_CUR_NB","SEX_T","CUR_TYPE_LCU","2001",1498488.384,,,"T30:349","R1:3513"
"TON","BA:1712","EAR_EMTA_SEX_CUR_NB","SEX_T","CUR_TYPE_LCU","2023",1566.627,,,"T30:231","R1:3513"
"TON","BA:1712","EAR_EMTA_SEX_CUR_NB","SEX_T","CUR_TYPE_PPP","2023",860.168,,,"T30:231","R1:3513"
"TON","BA:1712","EAR_EMTA_SEX_CUR_NB","SEX_T","CUR_TYPE_USD","2023",662.786,,,"T30:231","R1:3513"
"TON","BB:16119","EAR_EMTA_SEX_CUR_NB","SEX_T","CUR_TYPE_LCU","2021",1287.277,,,"T30:231","R1:3513"
"TON","BB:16119","EAR_EMTA_SEX_CUR_NB","SEX_T","CUR_TYPE_PPP","2021",741.803,,,"T30:231","R1:3513"
"TON","BB:16119","EAR_EMTA_SEX_CUR_NB","SEX_T","CUR_TYPE_USD","2021",568.344,,,"T30:231","R1:3513"
"TON","BA:1712","EAR_EMTA_SEX_CUR_NB","SEX_T","CUR_TYPE_LCU","2018",1334.408,"B",,"T30:231_I11:264","R1:3513"
"TON","BA:1712","EAR_EMTA_SEX_CUR_NB","SEX_T","CUR_TYPE_PPP","2018",759.005,"B",,"T30:231_I11:264","R1:3513"
"TON","BA:1712","EAR_EMTA_SEX_CUR_NB","SEX_T","CUR_TYPE_USD","2018",596.631,"B",,"T30:231_I11:264","R1:3513"
"TON","BA:1712","EAR_EMTA_SEX_CUR_NB","SEX_T","CUR_TYPE_LCU","1994",417.412,,,"T8:127_T9:133_T10:138_T33:396_T30:231","S3:26_S9:66"
"TON","BA:1712","EAR_EMTA_SEX_CUR_NB","SEX_T","CUR_TYPE_PPP","1994",457.798,,,"T8:127_T9:133_T10:138_T33:396_T30:231","S3:26_S9:66"
"TON","BA:1712","EAR_EMTA_SEX_CUR_NB","SEX_T","CUR_TYPE_USD","1994",316.169,,,"T8:127_T9:133_T10:138_T33:396_T30:231","S3:26_S9:66"
"TON","BA:1712","EAR_EMTA_SEX_CUR_NB","SEX_T","CUR_TYPE_LCU","1990",283.182,,,"T8:127_T9:133_T10:138_T33:396_T30:231","S9:66"
"TON","BA:1712","EAR_EMTA_SEX_CUR_NB","SEX_T","CUR_TYPE_PPP","1990",333.294,,,"T8:127_T9:133_T10:138_T33:396_T30:231","S9:66"
"TON","BA:1712","EAR_EMTA_SEX_CUR_NB","SEX_T","CUR_TYPE_USD","1990",221.076,,,"T8:127_T9:133_T10:138_T33:396_T30:231","S9:66"
"TTO","BA:549","EAR_EMTA_SEX_CUR_NB","SEX_T","CUR_TYPE_LCU","2016",5758.393,,,"T30:103","R1:3513"
"TTO","BA:549","EAR_EMTA_SEX_CUR_NB","SEX_T","CUR_TYPE_PPP","2016",1276.482,,,"T30:103","R1:3513"
"TTO","BA:549","EAR_EMTA_SEX_CUR_NB","SEX_T","CUR_TYPE_USD","2016",863.461,,,"T30:103","R1:3513"
"TTO","BA:549","EAR_EMTA_SEX_CUR_NB","SEX_T","CUR_TYPE_LCU","2015",5560.678,,,"T30:103","R1:3513"
"TTO","BA:549","EAR_EMTA_SEX_CUR_NB","SEX_T","CUR_TYPE_PPP","2015",1218.161,,,"T30:103","R1:3513"
"TTO","BA:549","EAR_EMTA_SEX_CUR_NB","SEX_T","CUR_TYPE_USD","2015",871.929,,,"T30:103","R1:3513"
"TTO","BA:549","EAR_EMTA_SEX_CUR_NB","SEX_T","CUR_TYPE_LCU","2014",5434.253,,,"T30:103","R1:3513"
"TTO","BA:549","EAR_EMTA_SEX_CUR_NB","SEX_T","CUR_TYPE_PPP","2014",1193.199,,,"T30:103","R1:3513"
"TTO","BA:549","EAR_EMTA_SEX_CUR_NB","SEX_T","CUR_TYPE_USD","2014",847.897,,,"T30:103","R1:3513"
"TTO","BA:549","EAR_EMTA_SEX_CUR_NB","SEX_T","CUR_TYPE_LCU","2013",5138.545,,,"T30:103","R1:3513"
"TTO","BA:549","EAR_EMTA_SEX_CUR_NB","SEX_T","CUR_TYPE_PPP","2013",1123.159,,,"T30:103","R1:3513"
"TTO","BA:549","EAR_EMTA_SEX_CUR_NB","SEX_T","CUR_TYPE_USD","2013",797.585,,,"T30:103","R1:3513"
"TTO","BA:549","EAR_EMTA_SEX_CUR_NB","SEX_T","CUR_TYPE_LCU","2012",4980.742,,,"T30:103","R1:3513"
"TTO","BA:549","EAR_EMTA_SEX_CUR_NB","SEX_T","CUR_TYPE_PPP","2012",1146.414,,,"T30:103","R1:3513"
"TTO","BA:549","EAR_EMTA_SEX_CUR_NB","SEX_T","CUR_TYPE_USD","2012",774.658,,,"T30:103","R1:3513"
"TTO","BA:549","EAR_EMTA_SEX_CUR_NB","SEX_T","CUR_TYPE_LCU","2011",4837.277,,,"T30:103","R1:3513"
"TTO","BA:549","EAR_EMTA_SEX_CUR_NB","SEX_T","CUR_TYPE_PPP","2011",1070.088,,,"T30:103","R1:3513"
"TTO","BA:549","EAR_EMTA_SEX_CUR_NB","SEX_T","CUR_TYPE_USD","2011",754.728,,,"T30:103","R1:3513"
"TTO","BA:549","EAR_EMTA_SEX_CUR_NB","SEX_T","CUR_TYPE_LCU","2010",4529.413,"B",,"T30:103_I11:264","R1:3513"
"TTO","BA:549","EAR_EMTA_SEX_CUR_NB","SEX_T","CUR_TYPE_PPP","2010",1020.927,"B",,"T30:103_I11:264","R1:3513"
"TTO","BA:549","EAR_EMTA_SEX_CUR_NB","SEX_T","CUR_TYPE_USD","2010",710.439,"B",,"T30:103_I11:264","R1:3513"
"TUN","BA:743","EAR_EMTA_SEX_CUR_NB","SEX_T","CUR_TYPE_LCU","2019",739.678,,,"T30:55","R1:3513_S3:9"
"TUN","BA:743","EAR_EMTA_SEX_CUR_NB","SEX_T","CUR_TYPE_PPP","2019",901.806,,,"T30:55","R1:3513_S3:9"
"TUN","BA:743","EAR_EMTA_SEX_CUR_NB","SEX_T","CUR_TYPE_USD","2019",252.068,,,"T30:55","R1:3513_S3:9"
"TUR","BA:622","EAR_EMTA_SEX_CUR_NB","SEX_T","CUR_TYPE_LCU","2025",39486.797,,,"T30:208","R1:3513"
"TUR","BA:622","EAR_EMTA_SEX_CUR_NB","SEX_T","CUR_TYPE_PPP","2025",2225.313,,,"T30:208","R1:3513"
"TUR","BA:622","EAR_EMTA_SEX_CUR_NB","SEX_T","CUR_TYPE_USD","2025",1000.811,,,"T30:208","R1:3513"
"TUR","BA:622","EAR_EMTA_SEX_CUR_NB","SEX_T","CUR_TYPE_LCU","2024",28173.303,,,"T30:208","R1:3513"
"TUR","BA:622","EAR_EMTA_SEX_CUR_NB","SEX_T","CUR_TYPE_PPP","2024",2244.586,,,"T30:208","R1:3513"
"TUR","BA:622","EAR_EMTA_SEX_CUR_NB","SEX_T","CUR_TYPE_USD","2024",858.789,,,"T30:208","R1:3513"
"TUR","BA:622","EAR_EMTA_SEX_CUR_NB","SEX_T","CUR_TYPE_LCU","2023",14445.936,,,"T30:208","R1:3513"
"TUR","BA:622","EAR_EMTA_SEX_CUR_NB","SEX_T","CUR_TYPE_PPP","2023",1877.056,,,"T30:208","R1:3513"
"TUR","BA:622","EAR_EMTA_SEX_CUR_NB","SEX_T","CUR_TYPE_USD","2023",608.543,,,"T30:208","R1:3513"
"TUR","BA:622","EAR_EMTA_SEX_CUR_NB","SEX_T","CUR_TYPE_LCU","2022",6804.076,,,"T30:208","R1:3513"
"TUR","BA:622","EAR_EMTA_SEX_CUR_NB","SEX_T","CUR_TYPE_PPP","2022",1399.086,,,"T30:208","R1:3513"
"TUR","BA:622","EAR_EMTA_SEX_CUR_NB","SEX_T","CUR_TYPE_USD","2022",411.151,,,"T30:208","R1:3513"
"TUR","BA:622","EAR_EMTA_SEX_CUR_NB","SEX_T","CUR_TYPE_LCU","2021",4025.438,,,"T30:208","R1:3513"
"TUR","BA:622","EAR_EMTA_SEX_CUR_NB","SEX_T","CUR_TYPE_PPP","2021",1308.458,,,"T30:208","R1:3513"
"TUR","BA:622","EAR_EMTA_SEX_CUR_NB","SEX_T","CUR_TYPE_USD","2021",454.831,,,"T30:208","R1:3513"
"TUR","BA:622","EAR_EMTA_SEX_CUR_NB","SEX_T","CUR_TYPE_LCU","2020",3426.625,,,"T30:208","R1:3513"
"TUR","BA:622","EAR_EMTA_SEX_CUR_NB","SEX_T","CUR_TYPE_PPP","2020",1351.278,,,"T30:208","R1:3513"
"TUR","BA:622","EAR_EMTA_SEX_CUR_NB","SEX_T","CUR_TYPE_USD","2020",488.917,,,"T30:208","R1:3513"
"TUR","BA:622","EAR_EMTA_SEX_CUR_NB","SEX_T","CUR_TYPE_LCU","2019",2951.546,,,"T30:208","R1:3513"
"TUR","BA:622","EAR_EMTA_SEX_CUR_NB","SEX_T","CUR_TYPE_PPP","2019",1378.928,,,"T30:208","R1:3513"
"TUR","BA:622","EAR_EMTA_SEX_CUR_NB","SEX_T","CUR_TYPE_USD","2019",520.204,,,"T30:208","R1:3513"
"TUR","BA:622","EAR_EMTA_SEX_CUR_NB","SEX_T","CUR_TYPE_LCU","2018",2438.058,,,"T30:208","R1:3513"
"TUR","BA:622","EAR_EMTA_SEX_CUR_NB","SEX_T","CUR_TYPE_PPP","2018",1262.412,,,"T30:208","R1:3513"
"TUR","BA:622","EAR_EMTA_SEX_CUR_NB","SEX_T","CUR_TYPE_USD","2018",504.944,,,"T30:208","R1:3513"
"TUR","BA:622","EAR_EMTA_SEX_CUR_NB","SEX_T","CUR_TYPE_LCU","2017",2141.934,,,"T30:208","R1:3513"
"TUR","BA:622","EAR_EMTA_SEX_CUR_NB","SEX_T","CUR_TYPE_PPP","2017",1254.204,,,"T30:208","R1:3513"
"TUR","BA:622","EAR_EMTA_SEX_CUR_NB","SEX_T","CUR_TYPE_USD","2017",587.132,,,"T30:208","R1:3513"
"TUR","BA:622","EAR_EMTA_SEX_CUR_NB","SEX_T","CUR_TYPE_LCU","2016",1973.197,,,"T30:208","R1:3513"
"TUR","BA:622","EAR_EMTA_SEX_CUR_NB","SEX_T","CUR_TYPE_PPP","2016",1268.812,,,"T30:208","R1:3513"
"TUR","BA:622","EAR_EMTA_SEX_CUR_NB","SEX_T","CUR_TYPE_USD","2016",653.348,,,"T30:208","R1:3513"
"TUR","BA:622","EAR_EMTA_SEX_CUR_NB","SEX_T","CUR_TYPE_LCU","2015",1683.984,,,"T30:208","R1:3513"
"TUR","BA:622","EAR_EMTA_SEX_CUR_NB","SEX_T","CUR_TYPE_PPP","2015",1164.837,,,"T30:208","R1:3513"
"TUR","BA:622","EAR_EMTA_SEX_CUR_NB","SEX_T","CUR_TYPE_USD","2015",619.11,,,"T30:208","R1:3513"
"TUR","BA:622","EAR_EMTA_SEX_CUR_NB","SEX_T","CUR_TYPE_LCU","2014",1541.999,,,"T30:208","R1:3513"
"TUR","BA:622","EAR_EMTA_SEX_CUR_NB","SEX_T","CUR_TYPE_PPP","2014",1126.086,,,"T30:208","R1:3513"
"TUR","BA:622","EAR_EMTA_SEX_CUR_NB","SEX_T","CUR_TYPE_USD","2014",704.578,,,"T30:208","R1:3513"
"TUR","BA:622","EAR_EMTA_SEX_CUR_NB","SEX_T","CUR_TYPE_LCU","2013",1410.372,,,"T30:208","R1:3513"
"TUR","BA:622","EAR_EMTA_SEX_CUR_NB","SEX_T","CUR_TYPE_PPP","2013",1087.118,,,"T30:208","R1:3513"
"TUR","BA:622","EAR_EMTA_SEX_CUR_NB","SEX_T","CUR_TYPE_USD","2013",740.832,,,"T30:208","R1:3513"
"TUR","BA:622","EAR_EMTA_SEX_CUR_NB","SEX_T","CUR_TYPE_LCU","2012",1286.271,,,"T30:208","R1:3513"
"TUR","BA:622","EAR_EMTA_SEX_CUR_NB","SEX_T","CUR_TYPE_PPP","2012",1045.356,,,"T30:208","R1:3513"
"TUR","BA:622","EAR_EMTA_SEX_CUR_NB","SEX_T","CUR_TYPE_USD","2012",716.186,,,"T30:208","R1:3513"
"TUR","BA:622","EAR_EMTA_SEX_CUR_NB","SEX_T","CUR_TYPE_LCU","2011",1144.197,,,"T30:208","R1:3513"
"TUR","BA:622","EAR_EMTA_SEX_CUR_NB","SEX_T","CUR_TYPE_PPP","2011",996.454,,,"T30:208","R1:3513"
"TUR","BA:622","EAR_EMTA_SEX_CUR_NB","SEX_T","CUR_TYPE_USD","2011",683.121,,,"T30:208","R1:3513"
"TUR","BA:622","EAR_EMTA_SEX_CUR_NB","SEX_T","CUR_TYPE_LCU","2010",1034.533,,,"T30:208","R1:3513"
"TUR","BA:622","EAR_EMTA_SEX_CUR_NB","SEX_T","CUR_TYPE_PPP","2010",928.212,,,"T30:208","R1:3513"
"TUR","BA:622","EAR_EMTA_SEX_CUR_NB","SEX_T","CUR_TYPE_USD","2010",688.381,,,"T30:208","R1:3513"
"TUR","BA:622","EAR_EMTA_SEX_CUR_NB","SEX_T","CUR_TYPE_LCU","2009",958.723,,,"T30:208","R1:3513"
"TUR","BA:622","EAR_EMTA_SEX_CUR_NB","SEX_T","CUR_TYPE_PPP","2009",883.065,,,"T30:208","R1:3513"
"TUR","BA:622","EAR_EMTA_SEX_CUR_NB","SEX_T","CUR_TYPE_USD","2009",618.547,,,"T30:208","R1:3513"
"TUR","BA:622","EAR_EMTA_SEX_CUR_NB","SEX_T","CUR_TYPE_LCU","2008",867.804,,,"T30:351","R1:3513"
"TUR","BA:622","EAR_EMTA_SEX_CUR_NB","SEX_T","CUR_TYPE_LCU","2007",761.017,,,"T30:351","R1:3513"
"TUR","BA:622","EAR_EMTA_SEX_CUR_NB","SEX_T","CUR_TYPE_LCU","2006",676.075,,,"T30:351","R1:3513"
"TUR","BA:622","EAR_EMTA_SEX_CUR_NB","SEX_T","CUR_TYPE_LCU","2005",597.153,,,"T30:351","R1:3513"
"TZA","BA:1743","EAR_EMTA_SEX_CUR_NB","SEX_T","CUR_TYPE_LCU","2024",549783.131,"B",,"T30:50_I11:264","R1:3513"
"TZA","BA:1743","EAR_EMTA_SEX_CUR_NB","SEX_T","CUR_TYPE_PPP","2024",836.21,"B",,"T30:50_I11:264","R1:3513"
"TZA","BA:1743","EAR_EMTA_SEX_CUR_NB","SEX_T","CUR_TYPE_USD","2024",211.626,"B",,"T30:50_I11:264","R1:3513"
"TZA","BA:1743","EAR_EMTA_SEX_CUR_NB","SEX_T","CUR_TYPE_LCU","2020",425957.245,"B",,"T30:50_I11:264","R1:3513"
"TZA","BA:1743","EAR_EMTA_SEX_CUR_NB","SEX_T","CUR_TYPE_PPP","2020",613.086,"B",,"T30:50_I11:264","R1:3513"
"TZA","BA:1743","EAR_EMTA_SEX_CUR_NB","SEX_T","CUR_TYPE_USD","2020",185.671,"B",,"T30:50_I11:264","R1:3513"
"TZA","BA:1743","EAR_EMTA_SEX_CUR_NB","SEX_T","CUR_TYPE_LCU","2014",304324,,,"T8:127_T9:133_T10:138_T12:145_T33:396_T30:50","S3:17_S9:66_S6:2683"
"TZA","BA:1743","EAR_EMTA_SEX_CUR_NB","SEX_T","CUR_TYPE_PPP","2014",424.072,,,"T8:127_T9:133_T10:138_T12:145_T33:396_T30:50","S3:17_S9:66_S6:2683"
"TZA","BA:1743","EAR_EMTA_SEX_CUR_NB","SEX_T","CUR_TYPE_USD","2014",184.078,,,"T8:127_T9:133_T10:138_T12:145_T33:396_T30:50","S3:17_S9:66_S6:2683"
"TZA","BB:2542","EAR_EMTA_SEX_CUR_NB","SEX_T","CUR_TYPE_LCU","2012",402648.777,,,"T30:50","R1:3513"
"TZA","BB:2542","EAR_EMTA_SEX_CUR_NB","SEX_T","CUR_TYPE_PPP","2012",629.394,,,"T30:50","R1:3513"
"TZA","BB:2542","EAR_EMTA_SEX_CUR_NB","SEX_T","CUR_TYPE_USD","2012",256.187,,,"T30:50","R1:3513"
"TZA","DA:2543","EAR_EMTA_SEX_CUR_NB","SEX_T","CUR_TYPE_LCU","2011",368589,,,"T8:127_T9:133_T10:138_T12:145_T33:396_T30:50","S3:17_S9:66_S6:2683"
"TZA","DA:2543","EAR_EMTA_SEX_CUR_NB","SEX_T","CUR_TYPE_PPP","2011",626.016,,,"T8:127_T9:133_T10:138_T12:145_T33:396_T30:50","S3:17_S9:66_S6:2683"
"TZA","DA:2543","EAR_EMTA_SEX_CUR_NB","SEX_T","CUR_TYPE_USD","2011",236.664,,,"T8:127_T9:133_T10:138_T12:145_T33:396_T30:50","S3:17_S9:66_S6:2683"
"TZA","BB:2542","EAR_EMTA_SEX_CUR_NB","SEX_T","CUR_TYPE_LCU","2010",410807.015,,,"T30:50","R1:3513"
"TZA","BB:2542","EAR_EMTA_SEX_CUR_NB","SEX_T","CUR_TYPE_PPP","2010",762.205,,,"T30:50","R1:3513"
"TZA","BB:2542","EAR_EMTA_SEX_CUR_NB","SEX_T","CUR_TYPE_USD","2010",294.353,,,"T30:50","R1:3513"
"TZA","BA:1743","EAR_EMTA_SEX_CUR_NB","SEX_T","CUR_TYPE_LCU","2006",111132.724,"B",,"T30:50_I11:264","R1:3513"
"TZA","BA:1743","EAR_EMTA_SEX_CUR_NB","SEX_T","CUR_TYPE_PPP","2006",267.95,"B",,"T30:50_I11:264","R1:3513"
"TZA","BA:1743","EAR_EMTA_SEX_CUR_NB","SEX_T","CUR_TYPE_USD","2006",88.771,"B",,"T30:50_I11:264","R1:3513"
"TZA","BA:1743","EAR_EMTA_SEX_CUR_NB","SEX_T","CUR_TYPE_LCU","2001",55659.06,"B",,"T30:50_I11:264","R1:3513"
"TZA","BA:1743","EAR_EMTA_SEX_CUR_NB","SEX_T","CUR_TYPE_PPP","2001",154.236,"B",,"T30:50_I11:264","R1:3513"
"TZA","BA:1743","EAR_EMTA_SEX_CUR_NB","SEX_T","CUR_TYPE_USD","2001",63.508,"B",,"T30:50_I11:264","R1:3513"
"UGA","BA:13047","EAR_EMTA_SEX_CUR_NB","SEX_T","CUR_TYPE_LCU","2021",577677.938,,,"T30:56","R1:3513"
"UGA","BA:13047","EAR_EMTA_SEX_CUR_NB","SEX_T","CUR_TYPE_PPP","2021",439.209,,,"T30:56","R1:3513"
"UGA","BA:13047","EAR_EMTA_SEX_CUR_NB","SEX_T","CUR_TYPE_USD","2021",161.045,,,"T30:56","R1:3513"
"UGA","BB:268","EAR_EMTA_SEX_CUR_NB","SEX_T","CUR_TYPE_LCU","2019",407686.528,,,"T30:56","R1:3513"
"UGA","BB:268","EAR_EMTA_SEX_CUR_NB","SEX_T","CUR_TYPE_PPP","2019",318.593,,,"T30:56","R1:3513"
"UGA","BB:268","EAR_EMTA_SEX_CUR_NB","SEX_T","CUR_TYPE_USD","2019",110.065,,,"T30:56","R1:3513"
"UGA","BA:13047","EAR_EMTA_SEX_CUR_NB","SEX_T","CUR_TYPE_LCU","2017",383573.202,"B",,"T30:56_I11:264","R1:3513"
"UGA","BA:13047","EAR_EMTA_SEX_CUR_NB","SEX_T","CUR_TYPE_PPP","2017",314.614,"B",,"T30:56_I11:264","R1:3513"
"UGA","BA:13047","EAR_EMTA_SEX_CUR_NB","SEX_T","CUR_TYPE_USD","2017",106.217,"B",,"T30:56_I11:264","R1:3513"
"UGA","BB:268","EAR_EMTA_SEX_CUR_NB","SEX_T","CUR_TYPE_LCU","2014",858312.551,,,"T30:56","R1:3513"
"UGA","BB:268","EAR_EMTA_SEX_CUR_NB","SEX_T","CUR_TYPE_PPP","2014",794.5,,,"T30:56","R1:3513"
"UGA","BB:268","EAR_EMTA_SEX_CUR_NB","SEX_T","CUR_TYPE_USD","2014",330.147,,,"T30:56","R1:3513"
"UGA","BA:13047","EAR_EMTA_SEX_CUR_NB","SEX_T","CUR_TYPE_LCU","2012",265557.974,"B",,"T30:56_I11:264","R1:3513"
"UGA","BA:13047","EAR_EMTA_SEX_CUR_NB","SEX_T","CUR_TYPE_PPP","2012",261.108,"B",,"T30:56_I11:264","R1:3513"
"UGA","BA:13047","EAR_EMTA_SEX_CUR_NB","SEX_T","CUR_TYPE_USD","2012",106.03,"B",,"T30:56_I11:264","R1:3513"
"UGA","BB:268","EAR_EMTA_SEX_CUR_NB","SEX_T","CUR_TYPE_LCU","2011",688634.933,,,"T30:56","R1:3513"
"UGA","BB:268","EAR_EMTA_SEX_CUR_NB","SEX_T","CUR_TYPE_PPP","2011",729.289,,,"T30:56","R1:3513"
"UGA","BB:268","EAR_EMTA_SEX_CUR_NB","SEX_T","CUR_TYPE_USD","2011",272.964,,,"T30:56","R1:3513"
"UGA","BB:268","EAR_EMTA_SEX_CUR_NB","SEX_T","CUR_TYPE_LCU","2010",681218.15,,,"T30:56","R1:3513"
"UGA","BB:268","EAR_EMTA_SEX_CUR_NB","SEX_T","CUR_TYPE_PPP","2010",815.2,,,"T30:56","R1:3513"
"UGA","BB:268","EAR_EMTA_SEX_CUR_NB","SEX_T","CUR_TYPE_USD","2010",312.836,,,"T30:56","R1:3513"
"UGA","BB:268","EAR_EMTA_SEX_CUR_NB","SEX_T","CUR_TYPE_LCU","2009",247264.8,,,"T8:127_T9:133_T10:139_T12:145_T33:396_T30:56","S5:38"
"UGA","BB:268","EAR_EMTA_SEX_CUR_NB","SEX_T","CUR_TYPE_PPP","2009",302.699,,,"T8:127_T9:133_T10:139_T12:145_T33:396_T30:56","S5:38"
"UGA","BB:268","EAR_EMTA_SEX_CUR_NB","SEX_T","CUR_TYPE_USD","2009",121.776,,,"T8:127_T9:133_T10:139_T12:145_T33:396_T30:56","S5:38"
"UGA","BB:268","EAR_EMTA_SEX_CUR_NB","SEX_T","CUR_TYPE_LCU","2005",36200,,,"T8:128_T33:396_T30:56","S3:26_S4:34_S5:38_T2:83_T3:94"
"UGA","BB:268","EAR_EMTA_SEX_CUR_NB","SEX_T","CUR_TYPE_PPP","2005",58.185,,,"T8:128_T33:396_T30:56","S3:26_S4:34_S5:38_T2:83_T3:94"
"UGA","BB:268","EAR_EMTA_SEX_CUR_NB","SEX_T","CUR_TYPE_USD","2005",20.331,,,"T8:128_T33:396_T30:56","S3:26_S4:34_S5:38_T2:83_T3:94"
"UGA","BB:268","EAR_EMTA_SEX_CUR_NB","SEX_T","CUR_TYPE_LCU","2002",54300,,,"T8:128_T33:396_T30:56","S3:26_S4:34_S5:38_T2:83_T3:94"
"UGA","BB:268","EAR_EMTA_SEX_CUR_NB","SEX_T","CUR_TYPE_PPP","2002",98.274,,,"T8:128_T33:396_T30:56","S3:26_S4:34_S5:38_T2:83_T3:94"
"UGA","BB:268","EAR_EMTA_SEX_CUR_NB","SEX_T","CUR_TYPE_USD","2002",30.208,,,"T8:128_T33:396_T30:56","S3:26_S4:34_S5:38_T2:83_T3:94"
"UKR","DA:5913","EAR_EMTA_SEX_CUR_NB","SEX_T","CUR_TYPE_LCU","2022",14847,,,"T8:127_T9:133_T10:138_T11:142_T12:145_T30:209","S4:34_S8:1619_S9:66_S6:48"
"UKR","DA:5913","EAR_EMTA_SEX_CUR_NB","SEX_T","CUR_TYPE_PPP","2022",1540.192,,,"T8:127_T9:133_T10:138_T11:142_T12:145_T30:209","S4:34_S8:1619_S9:66_S6:48"
"UKR","DA:5913","EAR_EMTA_SEX_CUR_NB","SEX_T","CUR_TYPE_USD","2022",459.058,,,"T8:127_T9:133_T10:138_T11:142_T12:145_T30:209","S4:34_S8:1619_S9:66_S6:48"
"UKR","DA:5913","EAR_EMTA_SEX_CUR_NB","SEX_T","CUR_TYPE_LCU","2021",14014,,,"T8:127_T9:133_T10:138_T11:142_T12:145_T30:209","S4:34_S8:1619_S9:66_S6:48"
"UKR","DA:5913","EAR_EMTA_SEX_CUR_NB","SEX_T","CUR_TYPE_PPP","2021",1617.74,,,"T8:127_T9:133_T10:138_T11:142_T12:145_T30:209","S4:34_S8:1619_S9:66_S6:48"
"UKR","DA:5913","EAR_EMTA_SEX_CUR_NB","SEX_T","CUR_TYPE_USD","2021",513.593,,,"T8:127_T9:133_T10:138_T11:142_T12:145_T30:209","S4:34_S8:1619_S9:66_S6:48"
"UKR","DA:5913","EAR_EMTA_SEX_CUR_NB","SEX_T","CUR_TYPE_LCU","2020",11591,,,"T8:127_T9:133_T10:138_T11:142_T12:145_T30:209","S4:34_S8:1619_S9:66_S6:48"
"UKR","DA:5913","EAR_EMTA_SEX_CUR_NB","SEX_T","CUR_TYPE_PPP","2020",1493.977,,,"T8:127_T9:133_T10:138_T11:142_T12:145_T30:209","S4:34_S8:1619_S9:66_S6:48"
"UKR","DA:5913","EAR_EMTA_SEX_CUR_NB","SEX_T","CUR_TYPE_USD","2020",429.973,,,"T8:127_T9:133_T10:138_T11:142_T12:145_T30:209","S4:34_S8:1619_S9:66_S6:48"
"UKR","DA:5913","EAR_EMTA_SEX_CUR_NB","SEX_T","CUR_TYPE_LCU","2019",10497,,,"T8:127_T9:133_T10:138_T11:142_T12:145_T30:209","S4:34_S8:1619_S9:66_S6:48"
"UKR","DA:5913","EAR_EMTA_SEX_CUR_NB","SEX_T","CUR_TYPE_PPP","2019",1329.764,,,"T8:127_T9:133_T10:138_T11:142_T12:145_T30:209","S4:34_S8:1619_S9:66_S6:48"
"UKR","DA:5913","EAR_EMTA_SEX_CUR_NB","SEX_T","CUR_TYPE_USD","2019",406.143,,,"T8:127_T9:133_T10:138_T11:142_T12:145_T30:209","S4:34_S8:1619_S9:66_S6:48"
"UKR","DA:5913","EAR_EMTA_SEX_CUR_NB","SEX_T","CUR_TYPE_LCU","2018",8865,,,"T8:127_T9:133_T10:138_T11:142_T12:145_T30:209","S4:34_S8:1619_S9:66_S6:48"
"UKR","DA:5913","EAR_EMTA_SEX_CUR_NB","SEX_T","CUR_TYPE_PPP","2018",1141.705,,,"T8:127_T9:133_T10:138_T11:142_T12:145_T30:209","S4:34_S8:1619_S9:66_S6:48"
"UKR","DA:5913","EAR_EMTA_SEX_CUR_NB","SEX_T","CUR_TYPE_USD","2018",325.913,,,"T8:127_T9:133_T10:138_T11:142_T12:145_T30:209","S4:34_S8:1619_S9:66_S6:48"
"UKR","DA:5913","EAR_EMTA_SEX_CUR_NB","SEX_T","CUR_TYPE_LCU","2017",7104,,,"T8:127_T9:133_T10:138_T11:142_T12:145_T30:209","S4:34_S9:66_S6:48"
"UKR","DA:5913","EAR_EMTA_SEX_CUR_NB","SEX_T","CUR_TYPE_PPP","2017",999.715,,,"T8:127_T9:133_T10:138_T11:142_T12:145_T30:209","S4:34_S9:66_S6:48"
"UKR","DA:5913","EAR_EMTA_SEX_CUR_NB","SEX_T","CUR_TYPE_USD","2017",267.102,,,"T8:127_T9:133_T10:138_T11:142_T12:145_T30:209","S4:34_S9:66_S6:48"
"UKR","DA:5913","EAR_EMTA_SEX_CUR_NB","SEX_T","CUR_TYPE_LCU","2016",5183,,,"T8:127_T9:133_T10:138_T11:142_T12:145_T30:209","S9:66_S6:48"
"UKR","DA:5913","EAR_EMTA_SEX_CUR_NB","SEX_T","CUR_TYPE_PPP","2016",834.21,,,"T8:127_T9:133_T10:138_T11:142_T12:145_T30:209","S9:66_S6:48"
"UKR","DA:5913","EAR_EMTA_SEX_CUR_NB","SEX_T","CUR_TYPE_USD","2016",202.847,,,"T8:127_T9:133_T10:138_T11:142_T12:145_T30:209","S9:66_S6:48"
"UKR","DA:5913","EAR_EMTA_SEX_CUR_NB","SEX_T","CUR_TYPE_LCU","2015",4195,,,"T8:127_T9:133_T10:138_T11:142_T12:145_T30:209","S4:34_S9:66_S6:48"
"UKR","DA:5913","EAR_EMTA_SEX_CUR_NB","SEX_T","CUR_TYPE_PPP","2015",754.698,,,"T8:127_T9:133_T10:138_T11:142_T12:145_T30:209","S4:34_S9:66_S6:48"
"UKR","DA:5913","EAR_EMTA_SEX_CUR_NB","SEX_T","CUR_TYPE_USD","2015",192.037,,,"T8:127_T9:133_T10:138_T11:142_T12:145_T30:209","S4:34_S9:66_S6:48"
"UKR","DA:5913","EAR_EMTA_SEX_CUR_NB","SEX_T","CUR_TYPE_LCU","2014",3480,,,"T8:127_T9:133_T10:138_T11:142_T12:145_T30:209","S4:34_S9:66_S6:48"
"UKR","DA:5913","EAR_EMTA_SEX_CUR_NB","SEX_T","CUR_TYPE_PPP","2014",966.145,,,"T8:127_T9:133_T10:138_T11:142_T12:145_T30:209","S4:34_S9:66_S6:48"
"UKR","DA:5913","EAR_EMTA_SEX_CUR_NB","SEX_T","CUR_TYPE_USD","2014",292.765,,,"T8:127_T9:133_T10:138_T11:142_T12:145_T30:209","S4:34_S9:66_S6:48"
"UKR","DA:5913","EAR_EMTA_SEX_CUR_NB","SEX_T","CUR_TYPE_LCU","2013",3265,,,"T8:127_T9:133_T10:138_T11:142_T12:145_T30:209","S9:66_S6:48"
"UKR","DA:5913","EAR_EMTA_SEX_CUR_NB","SEX_T","CUR_TYPE_PPP","2013",983.245,,,"T8:127_T9:133_T10:138_T11:142_T12:145_T30:209","S9:66_S6:48"
"UKR","DA:5913","EAR_EMTA_SEX_CUR_NB","SEX_T","CUR_TYPE_USD","2013",408.482,,,"T8:127_T9:133_T10:138_T11:142_T12:145_T30:209","S9:66_S6:48"
"UKR","DA:5913","EAR_EMTA_SEX_CUR_NB","SEX_T","CUR_TYPE_LCU","2012",3026,,,"T8:127_T9:133_T10:138_T11:142_T12:145_T33:396_T30:209","S9:66_S6:48"
"UKR","DA:5913","EAR_EMTA_SEX_CUR_NB","SEX_T","CUR_TYPE_PPP","2012",926.845,,,"T8:127_T9:133_T10:138_T11:142_T12:145_T33:396_T30:209","S9:66_S6:48"
"UKR","DA:5913","EAR_EMTA_SEX_CUR_NB","SEX_T","CUR_TYPE_USD","2012",378.675,,,"T8:127_T9:133_T10:138_T11:142_T12:145_T33:396_T30:209","S9:66_S6:48"
"UKR","DA:5913","EAR_EMTA_SEX_CUR_NB","SEX_T","CUR_TYPE_LCU","2011",2633,,,"T8:127_T9:133_T10:138_T11:142_T12:145_T33:396_T30:209","S9:66_S6:48"
"UKR","DA:5913","EAR_EMTA_SEX_CUR_NB","SEX_T","CUR_TYPE_PPP","2011",827.534,,,"T8:127_T9:133_T10:138_T11:142_T12:145_T33:396_T30:209","S9:66_S6:48"
"UKR","DA:5913","EAR_EMTA_SEX_CUR_NB","SEX_T","CUR_TYPE_USD","2011",330.465,,,"T8:127_T9:133_T10:138_T11:142_T12:145_T33:396_T30:209","S9:66_S6:48"
"UKR","DA:5913","EAR_EMTA_SEX_CUR_NB","SEX_T","CUR_TYPE_LCU","2010",2239,,,"T8:127_T9:133_T10:138_T11:142_T12:145_T33:396_T30:209","S9:66_S6:48"
"UKR","DA:5913","EAR_EMTA_SEX_CUR_NB","SEX_T","CUR_TYPE_PPP","2010",736.439,,,"T8:127_T9:133_T10:138_T11:142_T12:145_T33:396_T30:209","S9:66_S6:48"
"UKR","DA:5913","EAR_EMTA_SEX_CUR_NB","SEX_T","CUR_TYPE_USD","2010",282.145,,,"T8:127_T9:133_T10:138_T11:142_T12:145_T33:396_T30:209","S9:66_S6:48"
"UKR","DA:5913","EAR_EMTA_SEX_CUR_NB","SEX_T","CUR_TYPE_LCU","2009",1906,,,"T8:127_T9:133_T10:138_T11:142_T12:145_T33:396_T30:209","S9:66_S6:48"
"UKR","DA:5913","EAR_EMTA_SEX_CUR_NB","SEX_T","CUR_TYPE_PPP","2009",674.607,,,"T8:127_T9:133_T10:138_T11:142_T12:145_T33:396_T30:209","S9:66_S6:48"
"UKR","DA:5913","EAR_EMTA_SEX_CUR_NB","SEX_T","CUR_TYPE_USD","2009",244.634,,,"T8:127_T9:133_T10:138_T11:142_T12:145_T33:396_T30:209","S9:66_S6:48"
"UKR","DA:5913","EAR_EMTA_SEX_CUR_NB","SEX_T","CUR_TYPE_LCU","2008",1806.33,,,"T8:127_T9:133_T10:138_T11:142_T12:145_T33:396_T30:209","S9:66_S6:48"
"UKR","DA:5913","EAR_EMTA_SEX_CUR_NB","SEX_T","CUR_TYPE_PPP","2008",743.506,,,"T8:127_T9:133_T10:138_T11:142_T12:145_T33:396_T30:209","S9:66_S6:48"
"UKR","DA:5913","EAR_EMTA_SEX_CUR_NB","SEX_T","CUR_TYPE_USD","2008",342.938,,,"T8:127_T9:133_T10:138_T11:142_T12:145_T33:396_T30:209","S9:66_S6:48"
"UKR","DA:5913","EAR_EMTA_SEX_CUR_NB","SEX_T","CUR_TYPE_LCU","2007",1351.1,,,"T8:127_T9:133_T10:138_T11:142_T12:145_T33:396_T30:209","S9:66_S6:48"
"UKR","DA:5913","EAR_EMTA_SEX_CUR_NB","SEX_T","CUR_TYPE_PPP","2007",670.672,,,"T8:127_T9:133_T10:138_T11:142_T12:145_T33:396_T30:209","S9:66_S6:48"
"UKR","DA:5913","EAR_EMTA_SEX_CUR_NB","SEX_T","CUR_TYPE_USD","2007",267.545,,,"T8:127_T9:133_T10:138_T11:142_T12:145_T33:396_T30:209","S9:66_S6:48"
"UKR","DA:5913","EAR_EMTA_SEX_CUR_NB","SEX_T","CUR_TYPE_LCU","2006",1041.5,,,"T8:127_T9:133_T10:138_T11:142_T12:145_T33:396_T30:209","S9:66_S6:48"
"UKR","DA:5913","EAR_EMTA_SEX_CUR_NB","SEX_T","CUR_TYPE_PPP","2006",567.185,,,"T8:127_T9:133_T10:138_T11:142_T12:145_T33:396_T30:209","S9:66_S6:48"
"UKR","DA:5913","EAR_EMTA_SEX_CUR_NB","SEX_T","CUR_TYPE_USD","2006",206.238,,,"T8:127_T9:133_T10:138_T11:142_T12:145_T33:396_T30:209","S9:66_S6:48"
"UKR","DA:5913","EAR_EMTA_SEX_CUR_NB","SEX_T","CUR_TYPE_LCU","2005",806.2,,,"T8:127_T9:133_T10:138_T11:142_T12:145_T33:396_T30:209","S9:66_S6:48"
"UKR","DA:5913","EAR_EMTA_SEX_CUR_NB","SEX_T","CUR_TYPE_PPP","2005",463.826,,,"T8:127_T9:133_T10:138_T11:142_T12:145_T33:396_T30:209","S9:66_S6:48"
"UKR","DA:5913","EAR_EMTA_SEX_CUR_NB","SEX_T","CUR_TYPE_USD","2005",157.316,,,"T8:127_T9:133_T10:138_T11:142_T12:145_T33:396_T30:209","S9:66_S6:48"
"UKR","DA:5913","EAR_EMTA_SEX_CUR_NB","SEX_T","CUR_TYPE_LCU","2004",589.6,,,"T8:127_T9:133_T10:138_T11:142_T12:145_T33:396_T30:209","S9:66_S6:48"
"UKR","DA:5913","EAR_EMTA_SEX_CUR_NB","SEX_T","CUR_TYPE_PPP","2004",372.599,,,"T8:127_T9:133_T10:138_T11:142_T12:145_T33:396_T30:209","S9:66_S6:48"
"UKR","DA:5913","EAR_EMTA_SEX_CUR_NB","SEX_T","CUR_TYPE_USD","2004",110.844,,,"T8:127_T9:133_T10:138_T11:142_T12:145_T33:396_T30:209","S9:66_S6:48"
"UKR","DA:5913","EAR_EMTA_SEX_CUR_NB","SEX_T","CUR_TYPE_LCU","2003",462.3,,,"T8:127_T9:133_T10:138_T11:142_T12:145_T33:396_T30:209","S9:66_S6:48"
"UKR","DA:5913","EAR_EMTA_SEX_CUR_NB","SEX_T","CUR_TYPE_PPP","2003",310.279,,,"T8:127_T9:133_T10:138_T11:142_T12:145_T33:396_T30:209","S9:66_S6:48"
"UKR","DA:5913","EAR_EMTA_SEX_CUR_NB","SEX_T","CUR_TYPE_USD","2003",86.692,,,"T8:127_T9:133_T10:138_T11:142_T12:145_T33:396_T30:209","S9:66_S6:48"
"UKR","DA:5913","EAR_EMTA_SEX_CUR_NB","SEX_T","CUR_TYPE_LCU","2002",376.4,,,"T8:127_T9:133_T10:138_T11:142_T12:145_T33:396_T30:209","S9:66_S6:48"
"UKR","DA:5913","EAR_EMTA_SEX_CUR_NB","SEX_T","CUR_TYPE_PPP","2002",259.813,,,"T8:127_T9:133_T10:138_T11:142_T12:145_T33:396_T30:209","S9:66_S6:48"
"UKR","DA:5913","EAR_EMTA_SEX_CUR_NB","SEX_T","CUR_TYPE_USD","2002",70.664,,,"T8:127_T9:133_T10:138_T11:142_T12:145_T33:396_T30:209","S9:66_S6:48"
"UKR","DA:5913","EAR_EMTA_SEX_CUR_NB","SEX_T","CUR_TYPE_LCU","2000",230.1,,,"T8:127_T9:133_T10:138_T11:142_T12:145_T33:396_T30:209","S9:66_S6:48"
"UKR","DA:5913","EAR_EMTA_SEX_CUR_NB","SEX_T","CUR_TYPE_PPP","2000",171.524,,,"T8:127_T9:133_T10:138_T11:142_T12:145_T33:396_T30:209","S9:66_S6:48"
"UKR","DA:5913","EAR_EMTA_SEX_CUR_NB","SEX_T","CUR_TYPE_USD","2000",42.296,,,"T8:127_T9:133_T10:138_T11:142_T12:145_T33:396_T30:209","S9:66_S6:48"
"UKR","DA:5913","EAR_EMTA_SEX_CUR_NB","SEX_T","CUR_TYPE_LCU","1999",177.5,,,"T30:209",
"UKR","DA:5913","EAR_EMTA_SEX_CUR_NB","SEX_T","CUR_TYPE_PPP","1999",164.09,,,"T30:209",
"UKR","DA:5913","EAR_EMTA_SEX_CUR_NB","SEX_T","CUR_TYPE_USD","1999",42.974,,,"T30:209",
"UKR","DA:5913","EAR_EMTA_SEX_CUR_NB","SEX_T","CUR_TYPE_LCU","1998",153.5,,,"T30:209",
"UKR","DA:5913","EAR_EMTA_SEX_CUR_NB","SEX_T","CUR_TYPE_PPP","1998",170.364,,,"T30:209",
"UKR","DA:5913","EAR_EMTA_SEX_CUR_NB","SEX_T","CUR_TYPE_USD","1998",62.665,,,"T30:209",
"UKR","DA:5913","EAR_EMTA_SEX_CUR_NB","SEX_T","CUR_TYPE_LCU","1997",143.1,,,"T30:209",
"UKR","DA:5913","EAR_EMTA_SEX_CUR_NB","SEX_T","CUR_TYPE_PPP","1997",172.936,,,"T30:209",
"UKR","DA:5913","EAR_EMTA_SEX_CUR_NB","SEX_T","CUR_TYPE_USD","1997",76.867,,,"T30:209",
"UKR","DA:5913","EAR_EMTA_SEX_CUR_NB","SEX_T","CUR_TYPE_LCU","1996",125.8,,,"T30:209",
"UKR","DA:5913","EAR_EMTA_SEX_CUR_NB","SEX_T","CUR_TYPE_PPP","1996",172.237,,,"T30:209",
"UKR","DA:5913","EAR_EMTA_SEX_CUR_NB","SEX_T","CUR_TYPE_USD","1996",68.763,,,"T30:209",
"UKR","DA:5913","EAR_EMTA_SEX_CUR_NB","SEX_T","CUR_TYPE_LCU","1995",73.4,,,"T30:209",
"UKR","DA:5913","EAR_EMTA_SEX_CUR_NB","SEX_T","CUR_TYPE_PPP","1995",176.057,,,"T30:209",
"UKR","DA:5913","EAR_EMTA_SEX_CUR_NB","SEX_T","CUR_TYPE_USD","1995",49.828,,,"T30:209",
"UKR","DA:5913","EAR_EMTA_SEX_CUR_NB","SEX_T","CUR_TYPE_LCU","1994",1427.7,,,"T8:127_T9:133_T10:138_T33:396_T30:353_I9:318","S9:66"
"UKR","DA:5913","EAR_EMTA_SEX_CUR_NB","SEX_T","CUR_TYPE_LCU","1993",162.8,,,"T8:127_T9:133_T10:138_T33:396_T30:353_I9:318_I11:268","S9:66"
"UKR","DA:5913","EAR_EMTA_SEX_CUR_NB","SEX_T","CUR_TYPE_LCU","1992",6505.4,,,"T8:127_T9:133_T10:138_T33:396_T30:371","S9:66"
"UKR","DA:5913","EAR_EMTA_SEX_CUR_NB","SEX_T","CUR_TYPE_LCU","1991",479.7,,,"T8:127_T9:133_T10:138_T33:396_T30:371","S9:66"
"UKR","DA:5913","EAR_EMTA_SEX_CUR_NB","SEX_T","CUR_TYPE_LCU","1990",244.3,,,"T8:127_T9:133_T10:138_T33:396_T30:371","S9:66"
"UKR","DA:5913","EAR_EMTA_SEX_CUR_NB","SEX_T","CUR_TYPE_LCU","1989",212.8,,,"T8:127_T9:133_T10:138_T33:396_T30:371","S9:66"
"URY","BA:16753","EAR_EMTA_SEX_CUR_NB","SEX_T","CUR_TYPE_LCU","2024",47938.864,,,"T30:106","R1:3513"
"URY","BA:16753","EAR_EMTA_SEX_CUR_NB","SEX_T","CUR_TYPE_PPP","2024",1636.238,,,"T30:106","R1:3513"
"URY","BA:16753","EAR_EMTA_SEX_CUR_NB","SEX_T","CUR_TYPE_USD","2024",1192.13,,,"T30:106","R1:3513"
"URY","BA:16753","EAR_EMTA_SEX_CUR_NB","SEX_T","CUR_TYPE_LCU","2023",44603.316,,,"T30:106","R1:3513"
"URY","BA:16753","EAR_EMTA_SEX_CUR_NB","SEX_T","CUR_TYPE_PPP","2023",1550.481,,,"T30:106","R1:3513"
"URY","BA:16753","EAR_EMTA_SEX_CUR_NB","SEX_T","CUR_TYPE_USD","2023",1148.862,,,"T30:106","R1:3513"
"URY","BA:16753","EAR_EMTA_SEX_CUR_NB","SEX_T","CUR_TYPE_LCU","2022",40944.092,,,"T30:106","R1:3513"
"URY","BA:16753","EAR_EMTA_SEX_CUR_NB","SEX_T","CUR_TYPE_PPP","2022",1447.241,,,"T30:106","R1:3513"
"URY","BA:16753","EAR_EMTA_SEX_CUR_NB","SEX_T","CUR_TYPE_USD","2022",994.487,,,"T30:106","R1:3513"
"URY","BA:348","EAR_EMTA_SEX_CUR_NB","SEX_T","CUR_TYPE_LCU","2020",36970.875,"B",,"T30:106_I11:264","R1:3513"
"URY","BA:348","EAR_EMTA_SEX_CUR_NB","SEX_T","CUR_TYPE_PPP","2020",1331.613,"B",,"T30:106_I11:264","R1:3513"
"URY","BA:348","EAR_EMTA_SEX_CUR_NB","SEX_T","CUR_TYPE_USD","2020",879.98,"B",,"T30:106_I11:264","R1:3513"
"URY","BA:348","EAR_EMTA_SEX_CUR_NB","SEX_T","CUR_TYPE_LCU","2019",34682.006,"B",,"T30:106_I11:264","R1:3513"
"URY","BA:348","EAR_EMTA_SEX_CUR_NB","SEX_T","CUR_TYPE_PPP","2019",1270.342,"B",,"T30:106_I11:264","R1:3513"
"URY","BA:348","EAR_EMTA_SEX_CUR_NB","SEX_T","CUR_TYPE_USD","2019",983.737,"B",,"T30:106_I11:264","R1:3513"
"URY","BA:348","EAR_EMTA_SEX_CUR_NB","SEX_T","CUR_TYPE_LCU","2018",32084.575,,,"T30:106","R1:3513"
"URY","BA:348","EAR_EMTA_SEX_CUR_NB","SEX_T","CUR_TYPE_PPP","2018",1215.945,,,"T30:106","R1:3513"
"URY","BA:348","EAR_EMTA_SEX_CUR_NB","SEX_T","CUR_TYPE_USD","2018",1044.241,,,"T30:106","R1:3513"
"URY","BA:348","EAR_EMTA_SEX_CUR_NB","SEX_T","CUR_TYPE_LCU","2017",30239.285,,,"T30:106","R1:3513"
"URY","BA:348","EAR_EMTA_SEX_CUR_NB","SEX_T","CUR_TYPE_PPP","2017",1179.393,,,"T30:106","R1:3513"
"URY","BA:348","EAR_EMTA_SEX_CUR_NB","SEX_T","CUR_TYPE_USD","2017",1054.501,,,"T30:106","R1:3513"
"URY","BA:348","EAR_EMTA_SEX_CUR_NB","SEX_T","CUR_TYPE_LCU","2016",25950.029,,,"T30:106","R1:3513"
"URY","BA:348","EAR_EMTA_SEX_CUR_NB","SEX_T","CUR_TYPE_PPP","2016",1073.279,,,"T30:106","R1:3513"
"URY","BA:348","EAR_EMTA_SEX_CUR_NB","SEX_T","CUR_TYPE_USD","2016",860.338,,,"T30:106","R1:3513"
"URY","BA:348","EAR_EMTA_SEX_CUR_NB","SEX_T","CUR_TYPE_LCU","2015",25231.879,,,"T30:106","R1:3513"
"URY","BA:348","EAR_EMTA_SEX_CUR_NB","SEX_T","CUR_TYPE_PPP","2015",1132.486,,,"T30:106","R1:3513"
"URY","BA:348","EAR_EMTA_SEX_CUR_NB","SEX_T","CUR_TYPE_USD","2015",923.319,,,"T30:106","R1:3513"
"URY","BA:348","EAR_EMTA_SEX_CUR_NB","SEX_T","CUR_TYPE_LCU","2014",22932.928,,,"T30:106","R1:3513"
"URY","BA:348","EAR_EMTA_SEX_CUR_NB","SEX_T","CUR_TYPE_PPP","2014",1118.117,,,"T30:106","R1:3513"
"URY","BA:348","EAR_EMTA_SEX_CUR_NB","SEX_T","CUR_TYPE_USD","2014",986.531,,,"T30:106","R1:3513"
"URY","BA:348","EAR_EMTA_SEX_CUR_NB","SEX_T","CUR_TYPE_LCU","2013",20207.959,,,"T30:106","R1:3513"
"URY","BA:348","EAR_EMTA_SEX_CUR_NB","SEX_T","CUR_TYPE_PPP","2013",1068.344,,,"T30:106","R1:3513"
"URY","BA:348","EAR_EMTA_SEX_CUR_NB","SEX_T","CUR_TYPE_USD","2013",986.639,,,"T30:106","R1:3513"
"URY","BA:348","EAR_EMTA_SEX_CUR_NB","SEX_T","CUR_TYPE_LCU","2012",17979.648,,,"T30:106","R1:3513"
"URY","BA:348","EAR_EMTA_SEX_CUR_NB","SEX_T","CUR_TYPE_PPP","2012",1045.991,,,"T30:106","R1:3513"
"URY","BA:348","EAR_EMTA_SEX_CUR_NB","SEX_T","CUR_TYPE_USD","2012",885.236,,,"T30:106","R1:3513"
"URY","BA:348","EAR_EMTA_SEX_CUR_NB","SEX_T","CUR_TYPE_LCU","2011",16207.058,,,"T30:106","R1:3513"
"URY","BA:348","EAR_EMTA_SEX_CUR_NB","SEX_T","CUR_TYPE_PPP","2011",975.833,,,"T30:106","R1:3513"
"URY","BA:348","EAR_EMTA_SEX_CUR_NB","SEX_T","CUR_TYPE_USD","2011",839.126,,,"T30:106","R1:3513"
"URY","BA:348","EAR_EMTA_SEX_CUR_NB","SEX_T","CUR_TYPE_LCU","2010",14011.868,,,"T30:106","R1:3513"
"URY","BA:348","EAR_EMTA_SEX_CUR_NB","SEX_T","CUR_TYPE_PPP","2010",884.028,,,"T30:106","R1:3513"
"URY","BA:348","EAR_EMTA_SEX_CUR_NB","SEX_T","CUR_TYPE_USD","2010",698.523,,,"T30:106","R1:3513"
"URY","BA:348","EAR_EMTA_SEX_CUR_NB","SEX_T","CUR_TYPE_LCU","2009",13211.219,,,"T30:106","R1:3513"
"URY","BA:348","EAR_EMTA_SEX_CUR_NB","SEX_T","CUR_TYPE_PPP","2009",874.998,,,"T30:106","R1:3513"
"URY","BA:348","EAR_EMTA_SEX_CUR_NB","SEX_T","CUR_TYPE_USD","2009",585.396,,,"T30:106","R1:3513"
"URY","BA:348","EAR_EMTA_SEX_CUR_NB","SEX_T","CUR_TYPE_LCU","2008",11447.949,,,"T30:106","R1:3513"
"URY","BA:348","EAR_EMTA_SEX_CUR_NB","SEX_T","CUR_TYPE_PPP","2008",814.658,,,"T30:106","R1:3513"
"URY","BA:348","EAR_EMTA_SEX_CUR_NB","SEX_T","CUR_TYPE_USD","2008",546.459,,,"T30:106","R1:3513"
"URY","BA:348","EAR_EMTA_SEX_CUR_NB","SEX_T","CUR_TYPE_LCU","2007",10205.725,,,"T30:106","R1:3513"
"URY","BA:348","EAR_EMTA_SEX_CUR_NB","SEX_T","CUR_TYPE_PPP","2007",754.501,,,"T30:106","R1:3513"
"URY","BA:348","EAR_EMTA_SEX_CUR_NB","SEX_T","CUR_TYPE_USD","2007",434.822,,,"T30:106","R1:3513"
"URY","BA:348","EAR_EMTA_SEX_CUR_NB","SEX_T","CUR_TYPE_LCU","2006",9063.285,,,"T30:106","R1:3513"
"URY","BA:348","EAR_EMTA_SEX_CUR_NB","SEX_T","CUR_TYPE_PPP","2006",704.32,,,"T30:106","R1:3513"
"URY","BA:348","EAR_EMTA_SEX_CUR_NB","SEX_T","CUR_TYPE_USD","2006",376.486,,,"T30:106","R1:3513"
"URY","BA:348","EAR_EMTA_SEX_CUR_NB","SEX_T","CUR_TYPE_LCU","2005",7884.203,,,"T30:106","R1:3513"
"URY","BA:348","EAR_EMTA_SEX_CUR_NB","SEX_T","CUR_TYPE_PPP","2005",631.518,,,"T30:106","R1:3513"
"URY","BA:348","EAR_EMTA_SEX_CUR_NB","SEX_T","CUR_TYPE_USD","2005",322.086,,,"T30:106","R1:3513"
"URY","BA:348","EAR_EMTA_SEX_CUR_NB","SEX_T","CUR_TYPE_LCU","2004",7445.954,,,"T30:106","R1:3513"
"URY","BA:348","EAR_EMTA_SEX_CUR_NB","SEX_T","CUR_TYPE_PPP","2004",603.951,,,"T30:106","R1:3513"
"URY","BA:348","EAR_EMTA_SEX_CUR_NB","SEX_T","CUR_TYPE_USD","2004",259.407,,,"T30:106","R1:3513"
"URY","BA:348","EAR_EMTA_SEX_CUR_NB","SEX_T","CUR_TYPE_LCU","2003",6861.93,,,"T30:106","R1:3513"
"URY","BA:348","EAR_EMTA_SEX_CUR_NB","SEX_T","CUR_TYPE_PPP","2003",591.708,,,"T30:106","R1:3513"
"URY","BA:348","EAR_EMTA_SEX_CUR_NB","SEX_T","CUR_TYPE_USD","2003",243.256,,,"T30:106","R1:3513"
"URY","BA:348","EAR_EMTA_SEX_CUR_NB","SEX_T","CUR_TYPE_LCU","2002",6672.623,,,"T30:106","R1:3513"
"URY","BA:348","EAR_EMTA_SEX_CUR_NB","SEX_T","CUR_TYPE_PPP","2002",671.645,,,"T30:106","R1:3513"
"URY","BA:348","EAR_EMTA_SEX_CUR_NB","SEX_T","CUR_TYPE_USD","2002",313.903,,,"T30:106","R1:3513"
"URY","BA:348","EAR_EMTA_SEX_CUR_NB","SEX_T","CUR_TYPE_LCU","2001",6609.574,,,"T30:106","R1:3513"
"URY","BA:348","EAR_EMTA_SEX_CUR_NB","SEX_T","CUR_TYPE_PPP","2001",746.419,,,"T30:106","R1:3513"
"URY","BA:348","EAR_EMTA_SEX_CUR_NB","SEX_T","CUR_TYPE_USD","2001",496.247,,,"T30:106","R1:3513"
"URY","BA:348","EAR_EMTA_SEX_CUR_NB","SEX_T","CUR_TYPE_LCU","2000",6619.009,,,"T30:106","R1:3513"
"URY","BA:348","EAR_EMTA_SEX_CUR_NB","SEX_T","CUR_TYPE_PPP","2000",758.63,,,"T30:106","R1:3513"
"URY","BA:348","EAR_EMTA_SEX_CUR_NB","SEX_T","CUR_TYPE_USD","2000",547.044,,,"T30:106","R1:3513"
"URY","BA:348","EAR_EMTA_SEX_CUR_NB","SEX_T","CUR_TYPE_LCU","1999",6448.421,,,"T30:106","R1:3513"
"URY","BA:348","EAR_EMTA_SEX_CUR_NB","SEX_T","CUR_TYPE_PPP","1999",748.994,,,"T30:106","R1:3513"
"URY","BA:348","EAR_EMTA_SEX_CUR_NB","SEX_T","CUR_TYPE_USD","1999",568.679,,,"T30:106","R1:3513"
"URY","BA:348","EAR_EMTA_SEX_CUR_NB","SEX_T","CUR_TYPE_LCU","1998",5957.616,"B",,"T30:106_I11:264","R1:3513"
"URY","BA:348","EAR_EMTA_SEX_CUR_NB","SEX_T","CUR_TYPE_PPP","1998",715.488,"B",,"T30:106_I11:264","R1:3513"
"URY","BA:348","EAR_EMTA_SEX_CUR_NB","SEX_T","CUR_TYPE_USD","1998",568.914,"B",,"T30:106_I11:264","R1:3513"
"URY","DA:1759","EAR_EMTA_SEX_CUR_NB","SEX_T","CUR_TYPE_LCU","1996",113.16,,"C5:2067_C5:1941","T8:127_T9:133_T10:138_T33:396_T30:106_I11:268","S7:57_S9:66"
"URY","DA:1759","EAR_EMTA_SEX_CUR_NB","SEX_T","CUR_TYPE_PPP","1996",17.362,,"C5:2067_C5:1941","T8:127_T9:133_T10:138_T33:396_T30:106_I11:268","S7:57_S9:66"
"URY","DA:1759","EAR_EMTA_SEX_CUR_NB","SEX_T","CUR_TYPE_USD","1996",14.195,,"C5:2067_C5:1941","T8:127_T9:133_T10:138_T33:396_T30:106_I11:268","S7:57_S9:66"
"USA","BA:453","EAR_EMTA_SEX_CUR_NB","SEX_T","CUR_TYPE_LCU","2025",6272.925,"B",,"T30:105_I11:264","R1:3513_R1:2803_T2:85"
"USA","BA:453","EAR_EMTA_SEX_CUR_NB","SEX_T","CUR_TYPE_PPP","2025",6272.925,"B",,"T30:105_I11:264","R1:3513_R1:2803_T2:85"
"USA","BA:453","EAR_EMTA_SEX_CUR_NB","SEX_T","CUR_TYPE_USD","2025",6272.925,"B",,"T30:105_I11:264","R1:3513_R1:2803_T2:85"
"USA","BA:453","EAR_EMTA_SEX_CUR_NB","SEX_T","CUR_TYPE_LCU","2024",5985.292,,,"T30:105","R1:3513_T2:85"
"USA","BA:453","EAR_EMTA_SEX_CUR_NB","SEX_T","CUR_TYPE_PPP","2024",5985.292,,,"T30:105","R1:3513_T2:85"
"USA","BA:453","EAR_EMTA_SEX_CUR_NB","SEX_T","CUR_TYPE_USD","2024",5985.292,,,"T30:105","R1:3513_T2:85"
"USA","BA:453","EAR_EMTA_SEX_CUR_NB","SEX_T","CUR_TYPE_LCU","2023",5334.394,,,"T30:105","R1:3513_T2:85"
"USA","BA:453","EAR_EMTA_SEX_CUR_NB","SEX_T","CUR_TYPE_PPP","2023",5334.394,,,"T30:105","R1:3513_T2:85"
"USA","BA:453","EAR_EMTA_SEX_CUR_NB","SEX_T","CUR_TYPE_USD","2023",5334.394,,,"T30:105","R1:3513_T2:85"
"USA","BA:453","EAR_EMTA_SEX_CUR_NB","SEX_T","CUR_TYPE_LCU","2022",4844.618,,,"T30:105","R1:3513_T2:85"
"USA","BA:453","EAR_EMTA_SEX_CUR_NB","SEX_T","CUR_TYPE_PPP","2022",4844.618,,,"T30:105","R1:3513_T2:85"
"USA","BA:453","EAR_EMTA_SEX_CUR_NB","SEX_T","CUR_TYPE_USD","2022",4844.618,,,"T30:105","R1:3513_T2:85"
"USA","BA:453","EAR_EMTA_SEX_CUR_NB","SEX_T","CUR_TYPE_LCU","2021",4600.127,,,"T30:105","R1:3513_T2:85"
"USA","BA:453","EAR_EMTA_SEX_CUR_NB","SEX_T","CUR_TYPE_PPP","2021",4600.127,,,"T30:105","R1:3513_T2:85"
"USA","BA:453","EAR_EMTA_SEX_CUR_NB","SEX_T","CUR_TYPE_USD","2021",4600.127,,,"T30:105","R1:3513_T2:85"
"USA","BA:453","EAR_EMTA_SEX_CUR_NB","SEX_T","CUR_TYPE_LCU","2020",4502.189,"B",,"T30:105_I11:264","R1:3513_T2:85"
"USA","BA:453","EAR_EMTA_SEX_CUR_NB","SEX_T","CUR_TYPE_PPP","2020",4502.189,"B",,"T30:105_I11:264","R1:3513_T2:85"
"USA","BA:453","EAR_EMTA_SEX_CUR_NB","SEX_T","CUR_TYPE_USD","2020",4502.189,"B",,"T30:105_I11:264","R1:3513_T2:85"
"USA","BA:453","EAR_EMTA_SEX_CUR_NB","SEX_T","CUR_TYPE_LCU","2019",4233.085,,,"T30:105","R1:3513_T2:85"
"USA","BA:453","EAR_EMTA_SEX_CUR_NB","SEX_T","CUR_TYPE_PPP","2019",4233.085,,,"T30:105","R1:3513_T2:85"
"USA","BA:453","EAR_EMTA_SEX_CUR_NB","SEX_T","CUR_TYPE_USD","2019",4233.085,,,"T30:105","R1:3513_T2:85"
"USA","BA:453","EAR_EMTA_SEX_CUR_NB","SEX_T","CUR_TYPE_LCU","2018",4088.47,,,"T30:105","R1:3513_T2:85"
"USA","BA:453","EAR_EMTA_SEX_CUR_NB","SEX_T","CUR_TYPE_PPP","2018",4088.47,,,"T30:105","R1:3513_T2:85"
"USA","BA:453","EAR_EMTA_SEX_CUR_NB","SEX_T","CUR_TYPE_USD","2018",4088.47,,,"T30:105","R1:3513_T2:85"
"USA","BA:453","EAR_EMTA_SEX_CUR_NB","SEX_T","CUR_TYPE_LCU","2017",3955.181,,,"T30:105","R1:3513_T2:85"
"USA","BA:453","EAR_EMTA_SEX_CUR_NB","SEX_T","CUR_TYPE_PPP","2017",3955.181,,,"T30:105","R1:3513_T2:85"
"USA","BA:453","EAR_EMTA_SEX_CUR_NB","SEX_T","CUR_TYPE_USD","2017",3955.181,,,"T30:105","R1:3513_T2:85"
"USA","BA:453","EAR_EMTA_SEX_CUR_NB","SEX_T","CUR_TYPE_LCU","2016",3834.601,,,"T30:105","R1:3513_T2:85"
"USA","BA:453","EAR_EMTA_SEX_CUR_NB","SEX_T","CUR_TYPE_PPP","2016",3834.601,,,"T30:105","R1:3513_T2:85"
"USA","BA:453","EAR_EMTA_SEX_CUR_NB","SEX_T","CUR_TYPE_USD","2016",3834.601,,,"T30:105","R1:3513_T2:85"
"USA","BA:453","EAR_EMTA_SEX_CUR_NB","SEX_T","CUR_TYPE_LCU","2015",3728.372,,,"T30:105","R1:3513_T2:85"
"USA","BA:453","EAR_EMTA_SEX_CUR_NB","SEX_T","CUR_TYPE_PPP","2015",3728.372,,,"T30:105","R1:3513_T2:85"
"USA","BA:453","EAR_EMTA_SEX_CUR_NB","SEX_T","CUR_TYPE_USD","2015",3728.372,,,"T30:105","R1:3513_T2:85"
"USA","BA:453","EAR_EMTA_SEX_CUR_NB","SEX_T","CUR_TYPE_LCU","2014",3623.504,,,"T30:105","R1:3513_T2:85"
"USA","BA:453","EAR_EMTA_SEX_CUR_NB","SEX_T","CUR_TYPE_PPP","2014",3623.504,,,"T30:105","R1:3513_T2:85"
"USA","BA:453","EAR_EMTA_SEX_CUR_NB","SEX_T","CUR_TYPE_USD","2014",3623.504,,,"T30:105","R1:3513_T2:85"
"USA","BA:453","EAR_EMTA_SEX_CUR_NB","SEX_T","CUR_TYPE_LCU","2013",3578.783,,,"T30:105","R1:3513_T2:85"
"USA","BA:453","EAR_EMTA_SEX_CUR_NB","SEX_T","CUR_TYPE_PPP","2013",3578.783,,,"T30:105","R1:3513_T2:85"
"USA","BA:453","EAR_EMTA_SEX_CUR_NB","SEX_T","CUR_TYPE_USD","2013",3578.783,,,"T30:105","R1:3513_T2:85"
"USA","BA:453","EAR_EMTA_SEX_CUR_NB","SEX_T","CUR_TYPE_LCU","2012",3512.329,,,"T30:105","R1:3513_T2:85"
"USA","BA:453","EAR_EMTA_SEX_CUR_NB","SEX_T","CUR_TYPE_PPP","2012",3512.329,,,"T30:105","R1:3513_T2:85"
"USA","BA:453","EAR_EMTA_SEX_CUR_NB","SEX_T","CUR_TYPE_USD","2012",3512.329,,,"T30:105","R1:3513_T2:85"
"USA","BA:453","EAR_EMTA_SEX_CUR_NB","SEX_T","CUR_TYPE_LCU","2011",3433.603,,,"T30:105","R1:3513_T2:85"
"USA","BA:453","EAR_EMTA_SEX_CUR_NB","SEX_T","CUR_TYPE_PPP","2011",3433.603,,,"T30:105","R1:3513_T2:85"
"USA","BA:453","EAR_EMTA_SEX_CUR_NB","SEX_T","CUR_TYPE_USD","2011",3433.603,,,"T30:105","R1:3513_T2:85"
"USA","BA:453","EAR_EMTA_SEX_CUR_NB","SEX_T","CUR_TYPE_LCU","2010",3389.019,,,"T30:105","R1:3513_T2:85"
"USA","BA:453","EAR_EMTA_SEX_CUR_NB","SEX_T","CUR_TYPE_PPP","2010",3389.019,,,"T30:105","R1:3513_T2:85"
"USA","BA:453","EAR_EMTA_SEX_CUR_NB","SEX_T","CUR_TYPE_USD","2010",3389.019,,,"T30:105","R1:3513_T2:85"
"USA","BA:453","EAR_EMTA_SEX_CUR_NB","SEX_T","CUR_TYPE_LCU","2009",3354.7,,,"T30:105","R1:3513_T2:85"
"USA","BA:453","EAR_EMTA_SEX_CUR_NB","SEX_T","CUR_TYPE_PPP","2009",3354.7,,,"T30:105","R1:3513_T2:85"
"USA","BA:453","EAR_EMTA_SEX_CUR_NB","SEX_T","CUR_TYPE_USD","2009",3354.7,,,"T30:105","R1:3513_T2:85"
"USA","BA:453","EAR_EMTA_SEX_CUR_NB","SEX_T","CUR_TYPE_LCU","2008",3339.885,,,"T30:105","R1:3513_T2:85"
"USA","BA:453","EAR_EMTA_SEX_CUR_NB","SEX_T","CUR_TYPE_PPP","2008",3339.885,,,"T30:105","R1:3513_T2:85"
"USA","BA:453","EAR_EMTA_SEX_CUR_NB","SEX_T","CUR_TYPE_USD","2008",3339.885,,,"T30:105","R1:3513_T2:85"
"USA","BA:453","EAR_EMTA_SEX_CUR_NB","SEX_T","CUR_TYPE_LCU","2007",3223.712,,,"T30:105","R1:3513_T2:85"
"USA","BA:453","EAR_EMTA_SEX_CUR_NB","SEX_T","CUR_TYPE_PPP","2007",3223.712,,,"T30:105","R1:3513_T2:85"
"USA","BA:453","EAR_EMTA_SEX_CUR_NB","SEX_T","CUR_TYPE_USD","2007",3223.712,,,"T30:105","R1:3513_T2:85"
"USA","BA:453","EAR_EMTA_SEX_CUR_NB","SEX_T","CUR_TYPE_LCU","2006",3130.431,,,"T30:105","R1:3513_T2:85"
"USA","BA:453","EAR_EMTA_SEX_CUR_NB","SEX_T","CUR_TYPE_PPP","2006",3130.431,,,"T30:105","R1:3513_T2:85"
"USA","BA:453","EAR_EMTA_SEX_CUR_NB","SEX_T","CUR_TYPE_USD","2006",3130.431,,,"T30:105","R1:3513_T2:85"
"USA","BA:453","EAR_EMTA_SEX_CUR_NB","SEX_T","CUR_TYPE_LCU","2005",3029.409,,,"T30:105","R1:3513_T2:85"
"USA","BA:453","EAR_EMTA_SEX_CUR_NB","SEX_T","CUR_TYPE_PPP","2005",3029.409,,,"T30:105","R1:3513_T2:85"
"USA","BA:453","EAR_EMTA_SEX_CUR_NB","SEX_T","CUR_TYPE_USD","2005",3029.409,,,"T30:105","R1:3513_T2:85"
"USA","BA:453","EAR_EMTA_SEX_CUR_NB","SEX_T","CUR_TYPE_LCU","2004",2946.492,,,"T30:105","R1:3513_T2:85"
"USA","BA:453","EAR_EMTA_SEX_CUR_NB","SEX_T","CUR_TYPE_PPP","2004",2946.492,,,"T30:105","R1:3513_T2:85"
"USA","BA:453","EAR_EMTA_SEX_CUR_NB","SEX_T","CUR_TYPE_USD","2004",2946.492,,,"T30:105","R1:3513_T2:85"
"USA","BA:453","EAR_EMTA_SEX_CUR_NB","SEX_T","CUR_TYPE_LCU","2003",2869.141,,,"T30:105","R1:3513_T2:85"
"USA","BA:453","EAR_EMTA_SEX_CUR_NB","SEX_T","CUR_TYPE_PPP","2003",2869.141,,,"T30:105","R1:3513_T2:85"
"USA","BA:453","EAR_EMTA_SEX_CUR_NB","SEX_T","CUR_TYPE_USD","2003",2869.141,,,"T30:105","R1:3513_T2:85"
"USA","BA:453","EAR_EMTA_SEX_CUR_NB","SEX_T","CUR_TYPE_LCU","2002",2806.444,,,"T30:105","R1:3513_T2:85"
"USA","BA:453","EAR_EMTA_SEX_CUR_NB","SEX_T","CUR_TYPE_PPP","2002",2806.444,,,"T30:105","R1:3513_T2:85"
"USA","BA:453","EAR_EMTA_SEX_CUR_NB","SEX_T","CUR_TYPE_USD","2002",2806.444,,,"T30:105","R1:3513_T2:85"
"USA","BA:453","EAR_EMTA_SEX_CUR_NB","SEX_T","CUR_TYPE_LCU","2001",2741.631,,,"T30:105","R1:3513_T2:85"
"USA","BA:453","EAR_EMTA_SEX_CUR_NB","SEX_T","CUR_TYPE_PPP","2001",2741.631,,,"T30:105","R1:3513_T2:85"
"USA","BA:453","EAR_EMTA_SEX_CUR_NB","SEX_T","CUR_TYPE_USD","2001",2741.631,,,"T30:105","R1:3513_T2:85"
"USA","BA:453","EAR_EMTA_SEX_CUR_NB","SEX_T","CUR_TYPE_LCU","2000",2629.435,,,"T30:105","R1:3513_T2:85"
"USA","BA:453","EAR_EMTA_SEX_CUR_NB","SEX_T","CUR_TYPE_PPP","2000",2629.435,,,"T30:105","R1:3513_T2:85"
"USA","BA:453","EAR_EMTA_SEX_CUR_NB","SEX_T","CUR_TYPE_USD","2000",2629.435,,,"T30:105","R1:3513_T2:85"
"USA","BA:453","EAR_EMTA_SEX_CUR_NB","SEX_T","CUR_TYPE_LCU","1999",2509.195,,,"T30:105","R1:3513_T2:85"
"USA","BA:453","EAR_EMTA_SEX_CUR_NB","SEX_T","CUR_TYPE_PPP","1999",2509.195,,,"T30:105","R1:3513_T2:85"
"USA","BA:453","EAR_EMTA_SEX_CUR_NB","SEX_T","CUR_TYPE_USD","1999",2509.195,,,"T30:105","R1:3513_T2:85"
"USA","BA:453","EAR_EMTA_SEX_CUR_NB","SEX_T","CUR_TYPE_LCU","1998",2408.575,,,"T30:105","R1:3513_T2:85"
"USA","BA:453","EAR_EMTA_SEX_CUR_NB","SEX_T","CUR_TYPE_PPP","1998",2408.575,,,"T30:105","R1:3513_T2:85"
"USA","BA:453","EAR_EMTA_SEX_CUR_NB","SEX_T","CUR_TYPE_USD","1998",2408.575,,,"T30:105","R1:3513_T2:85"
"USA","BA:453","EAR_EMTA_SEX_CUR_NB","SEX_T","CUR_TYPE_LCU","1997",2265.625,,,"T30:105","R1:3513_T2:85"
"USA","BA:453","EAR_EMTA_SEX_CUR_NB","SEX_T","CUR_TYPE_PPP","1997",2265.625,,,"T30:105","R1:3513_T2:85"
"USA","BA:453","EAR_EMTA_SEX_CUR_NB","SEX_T","CUR_TYPE_USD","1997",2265.625,,,"T30:105","R1:3513_T2:85"
"USA","BA:453","EAR_EMTA_SEX_CUR_NB","SEX_T","CUR_TYPE_LCU","1996",2184.764,,,"T30:105","R1:3513_T2:85"
"USA","BA:453","EAR_EMTA_SEX_CUR_NB","SEX_T","CUR_TYPE_PPP","1996",2184.764,,,"T30:105","R1:3513_T2:85"
"USA","BA:453","EAR_EMTA_SEX_CUR_NB","SEX_T","CUR_TYPE_USD","1996",2184.764,,,"T30:105","R1:3513_T2:85"
"USA","BA:453","EAR_EMTA_SEX_CUR_NB","SEX_T","CUR_TYPE_LCU","1995",2123.614,,,"T30:105","R1:3513_T2:85"
"USA","BA:453","EAR_EMTA_SEX_CUR_NB","SEX_T","CUR_TYPE_PPP","1995",2123.614,,,"T30:105","R1:3513_T2:85"
"USA","BA:453","EAR_EMTA_SEX_CUR_NB","SEX_T","CUR_TYPE_USD","1995",2123.614,,,"T30:105","R1:3513_T2:85"
"USA","BA:453","EAR_EMTA_SEX_CUR_NB","SEX_T","CUR_TYPE_LCU","1994",2070.286,"B",,"T30:105_I11:264","R1:3513_T2:85"
"USA","BA:453","EAR_EMTA_SEX_CUR_NB","SEX_T","CUR_TYPE_PPP","1994",2070.286,"B",,"T30:105_I11:264","R1:3513_T2:85"
"USA","BA:453","EAR_EMTA_SEX_CUR_NB","SEX_T","CUR_TYPE_USD","1994",2070.286,"B",,"T30:105_I11:264","R1:3513_T2:85"
"USA","DA:1765","EAR_EMTA_SEX_CUR_NB","SEX_T","CUR_TYPE_LCU","1993",1617.861,,"C5:2067","T8:127_T9:133_T10:138_T33:396_T30:105","S7:57_S9:67"
"USA","DA:1765","EAR_EMTA_SEX_CUR_NB","SEX_T","CUR_TYPE_PPP","1993",1617.861,,"C5:2067","T8:127_T9:133_T10:138_T33:396_T30:105","S7:57_S9:67"
"USA","DA:1765","EAR_EMTA_SEX_CUR_NB","SEX_T","CUR_TYPE_USD","1993",1617.861,,"C5:2067","T8:127_T9:133_T10:138_T33:396_T30:105","S7:57_S9:67"
"USA","DA:1765","EAR_EMTA_SEX_CUR_NB","SEX_T","CUR_TYPE_LCU","1992",1574.431,,"C5:2067","T8:127_T9:133_T10:138_T33:396_T30:105","S7:57_S9:67"
"USA","DA:1765","EAR_EMTA_SEX_CUR_NB","SEX_T","CUR_TYPE_PPP","1992",1574.431,,"C5:2067","T8:127_T9:133_T10:138_T33:396_T30:105","S7:57_S9:67"
"USA","DA:1765","EAR_EMTA_SEX_CUR_NB","SEX_T","CUR_TYPE_USD","1992",1574.431,,"C5:2067","T8:127_T9:133_T10:138_T33:396_T30:105","S7:57_S9:67"
"USA","DA:1765","EAR_EMTA_SEX_CUR_NB","SEX_T","CUR_TYPE_LCU","1991",1532.733,,"C5:2067","T8:127_T9:133_T10:138_T33:396_T30:105","S7:57_S9:67"
"USA","DA:1765","EAR_EMTA_SEX_CUR_NB","SEX_T","CUR_TYPE_PPP","1991",1532.733,,"C5:2067","T8:127_T9:133_T10:138_T33:396_T30:105","S7:57_S9:67"
"USA","DA:1765","EAR_EMTA_SEX_CUR_NB","SEX_T","CUR_TYPE_USD","1991",1532.733,,"C5:2067","T8:127_T9:133_T10:138_T33:396_T30:105","S7:57_S9:67"
"USA","DA:1765","EAR_EMTA_SEX_CUR_NB","SEX_T","CUR_TYPE_LCU","1990",1495.366,,"C5:2067","T8:127_T9:133_T10:138_T33:396_T30:105","S7:57_S9:67"
"USA","DA:1765","EAR_EMTA_SEX_CUR_NB","SEX_T","CUR_TYPE_PPP","1990",1495.366,,"C5:2067","T8:127_T9:133_T10:138_T33:396_T30:105","S7:57_S9:67"
"USA","DA:1765","EAR_EMTA_SEX_CUR_NB","SEX_T","CUR_TYPE_USD","1990",1495.366,,"C5:2067","T8:127_T9:133_T10:138_T33:396_T30:105","S7:57_S9:67"
"USA","DA:1765","EAR_EMTA_SEX_CUR_NB","SEX_T","CUR_TYPE_LCU","1989",1447.259,,"C5:2067","T8:127_T9:133_T10:138_T33:396_T30:105","S7:57_S9:67"
"USA","DA:1765","EAR_EMTA_SEX_CUR_NB","SEX_T","CUR_TYPE_USD","1989",1447.259,,"C5:2067","T8:127_T9:133_T10:138_T33:396_T30:105","S7:57_S9:67"
"UZB","EA:1769","EAR_EMTA_SEX_CUR_NB","SEX_T","CUR_TYPE_LCU","2022",3882157.089,,,"T8:127_T9:133_T10:138_T12:146_T30:155",
"UZB","EA:1769","EAR_EMTA_SEX_CUR_NB","SEX_T","CUR_TYPE_PPP","2022",1294.37,,,"T8:127_T9:133_T10:138_T12:146_T30:155",
"UZB","EA:1769","EAR_EMTA_SEX_CUR_NB","SEX_T","CUR_TYPE_USD","2022",351.322,,,"T8:127_T9:133_T10:138_T12:146_T30:155",
"UZB","EA:1769","EAR_EMTA_SEX_CUR_NB","SEX_T","CUR_TYPE_LCU","2021",3214812.9,,,"T8:127_T9:133_T10:138_T12:146_T30:155",
"UZB","EA:1769","EAR_EMTA_SEX_CUR_NB","SEX_T","CUR_TYPE_PPP","2021",1106.046,,,"T8:127_T9:133_T10:138_T12:146_T30:155",
"UZB","EA:1769","EAR_EMTA_SEX_CUR_NB","SEX_T","CUR_TYPE_USD","2021",303.014,,,"T8:127_T9:133_T10:138_T12:146_T30:155",
"UZB","EA:1769","EAR_EMTA_SEX_CUR_NB","SEX_T","CUR_TYPE_LCU","2020",2673284.531,,,"T8:127_T9:133_T10:138_T12:146_T30:155",
"UZB","EA:1769","EAR_EMTA_SEX_CUR_NB","SEX_T","CUR_TYPE_PPP","2020",1030.181,,,"T8:127_T9:133_T10:138_T12:146_T30:155",
"UZB","EA:1769","EAR_EMTA_SEX_CUR_NB","SEX_T","CUR_TYPE_USD","2020",265.886,,,"T8:127_T9:133_T10:138_T12:146_T30:155",
"UZB","EA:1769","EAR_EMTA_SEX_CUR_NB","SEX_T","CUR_TYPE_LCU","2019",2324614.663,,,"T8:127_T9:133_T10:138_T12:146_T30:155",
"UZB","EA:1769","EAR_EMTA_SEX_CUR_NB","SEX_T","CUR_TYPE_PPP","2019",1057.391,,,"T8:127_T9:133_T10:138_T12:146_T30:155",
"UZB","EA:1769","EAR_EMTA_SEX_CUR_NB","SEX_T","CUR_TYPE_USD","2019",263.061,,,"T8:127_T9:133_T10:138_T12:146_T30:155",
"UZB","EA:1769","EAR_EMTA_SEX_CUR_NB","SEX_T","CUR_TYPE_LCU","2018",1822687.4,,,"T8:127_T9:133_T10:138_T12:146_T30:155",
"UZB","EA:1769","EAR_EMTA_SEX_CUR_NB","SEX_T","CUR_TYPE_PPP","2018",986.842,,,"T8:127_T9:133_T10:138_T12:146_T30:155",
"UZB","EA:1769","EAR_EMTA_SEX_CUR_NB","SEX_T","CUR_TYPE_USD","2018",225.871,,,"T8:127_T9:133_T10:138_T12:146_T30:155",
"UZB","EA:1769","EAR_EMTA_SEX_CUR_NB","SEX_T","CUR_TYPE_LCU","2017",1457777.986,,,"T8:127_T9:133_T10:138_T12:146_T30:155",
"UZB","EA:1769","EAR_EMTA_SEX_CUR_NB","SEX_T","CUR_TYPE_PPP","2017",958.134,,,"T8:127_T9:133_T10:138_T12:146_T30:155",
"UZB","EA:1769","EAR_EMTA_SEX_CUR_NB","SEX_T","CUR_TYPE_USD","2017",285.063,,,"T8:127_T9:133_T10:138_T12:146_T30:155",
"UZB","EA:1769","EAR_EMTA_SEX_CUR_NB","SEX_T","CUR_TYPE_LCU","2016",1293764.273,,,"T8:127_T9:133_T10:138_T12:146_T30:155",
"UZB","EA:1769","EAR_EMTA_SEX_CUR_NB","SEX_T","CUR_TYPE_PPP","2016",1006.815,,,"T8:127_T9:133_T10:138_T12:146_T30:155",
"UZB","EA:1769","EAR_EMTA_SEX_CUR_NB","SEX_T","CUR_TYPE_USD","2016",436.308,,,"T8:127_T9:133_T10:138_T12:146_T30:155",
"UZB","EA:1769","EAR_EMTA_SEX_CUR_NB","SEX_T","CUR_TYPE_LCU","2015",1171669.259,,,"T8:127_T9:133_T10:138_T12:146_T30:155",
"UZB","EA:1769","EAR_EMTA_SEX_CUR_NB","SEX_T","CUR_TYPE_PPP","2015",1040.544,,,"T8:127_T9:133_T10:138_T12:146_T30:155",
"UZB","EA:1769","EAR_EMTA_SEX_CUR_NB","SEX_T","CUR_TYPE_USD","2015",456.26,,,"T8:127_T9:133_T10:138_T12:146_T30:155",
"UZB","EA:1769","EAR_EMTA_SEX_CUR_NB","SEX_T","CUR_TYPE_LCU","2014",1007928.853,,,"T8:127_T9:133_T10:138_T12:146_T30:155",
"UZB","EA:1769","EAR_EMTA_SEX_CUR_NB","SEX_T","CUR_TYPE_PPP","2014",1029.763,,,"T8:127_T9:133_T10:138_T12:146_T30:155",
"UZB","EA:1769","EAR_EMTA_SEX_CUR_NB","SEX_T","CUR_TYPE_USD","2014",436.154,,,"T8:127_T9:133_T10:138_T12:146_T30:155",
"UZB","EA:1769","EAR_EMTA_SEX_CUR_NB","SEX_T","CUR_TYPE_LCU","2013",865950.919,,,"T8:127_T9:133_T10:138_T12:146_T30:155",
"UZB","EA:1769","EAR_EMTA_SEX_CUR_NB","SEX_T","CUR_TYPE_PPP","2013",1008.403,,,"T8:127_T9:133_T10:138_T12:146_T30:155",
"UZB","EA:1769","EAR_EMTA_SEX_CUR_NB","SEX_T","CUR_TYPE_USD","2013",413.344,,,"T8:127_T9:133_T10:138_T12:146_T30:155",
"UZB","EA:1769","EAR_EMTA_SEX_CUR_NB","SEX_T","CUR_TYPE_LCU","2012",739670.88,,,"T8:127_T9:133_T10:138_T12:146_T30:155",
"UZB","EA:1769","EAR_EMTA_SEX_CUR_NB","SEX_T","CUR_TYPE_PPP","2012",1006.927,,,"T8:127_T9:133_T10:138_T12:146_T30:155",
"UZB","EA:1769","EAR_EMTA_SEX_CUR_NB","SEX_T","CUR_TYPE_LCU","2011",628019.995,,,"T8:127_T9:133_T10:138_T12:146_T30:155",
"UZB","EA:1769","EAR_EMTA_SEX_CUR_NB","SEX_T","CUR_TYPE_PPP","2011",995.288,,,"T8:127_T9:133_T10:138_T12:146_T30:155",
"UZB","EA:1769","EAR_EMTA_SEX_CUR_NB","SEX_T","CUR_TYPE_LCU","2010",504796.769,,,"T8:127_T9:133_T10:138_T12:146_T30:155",
"UZB","EA:1769","EAR_EMTA_SEX_CUR_NB","SEX_T","CUR_TYPE_PPP","2010",882.386,,,"T8:127_T9:133_T10:138_T12:146_T30:155",
"UZB","DA:1768","EAR_EMTA_SEX_CUR_NB","SEX_T","CUR_TYPE_LCU","1999",8823,,,"T8:127_T9:133_T10:138_T33:396_T30:155","S9:66"
"UZB","DA:1768","EAR_EMTA_SEX_CUR_NB","SEX_T","CUR_TYPE_USD","1999",70.796,,,"T8:127_T9:133_T10:138_T33:396_T30:155","S9:66"
"UZB","DA:1768","EAR_EMTA_SEX_CUR_NB","SEX_T","CUR_TYPE_LCU","1998",5424,,,"T8:127_T9:133_T10:138_T33:396_T30:155","S9:66"
"UZB","DA:1768","EAR_EMTA_SEX_CUR_NB","SEX_T","CUR_TYPE_USD","1998",57.402,,,"T8:127_T9:133_T10:138_T33:396_T30:155","S9:66"
"UZB","DA:1768","EAR_EMTA_SEX_CUR_NB","SEX_T","CUR_TYPE_LCU","1997",3681,,,"T8:127_T9:133_T10:138_T33:396_T30:155","S9:66"
"UZB","DA:1768","EAR_EMTA_SEX_CUR_NB","SEX_T","CUR_TYPE_USD","1997",58.506,,,"T8:127_T9:133_T10:138_T33:396_T30:155","S9:66"
"UZB","DA:1768","EAR_EMTA_SEX_CUR_NB","SEX_T","CUR_TYPE_LCU","1996",2182,,,"T8:127_T9:133_T10:138_T33:396_T30:155","S9:66"
"UZB","DA:1768","EAR_EMTA_SEX_CUR_NB","SEX_T","CUR_TYPE_USD","1996",54.459,,,"T8:127_T9:133_T10:138_T33:396_T30:155","S9:66"
"UZB","DA:1768","EAR_EMTA_SEX_CUR_NB","SEX_T","CUR_TYPE_LCU","1995",1067,,,"T8:127_T9:133_T10:138_T33:396_T30:155_I11:268","S9:66"
"UZB","DA:1768","EAR_EMTA_SEX_CUR_NB","SEX_T","CUR_TYPE_USD","1995",35.835,,,"T8:127_T9:133_T10:138_T33:396_T30:155_I11:268","S9:66"
"UZB","DA:1768","EAR_EMTA_SEX_CUR_NB","SEX_T","CUR_TYPE_LCU","1994",274,,,"T8:127_T9:133_T10:138_T33:396_T30:357","S9:66"
"VEN","BA:382","EAR_EMTA_SEX_CUR_NB","SEX_T","CUR_TYPE_LCU","2020",2942239,,,"I20:4077_T8:127_T9:133_T10:138_T11:142_T12:145_T30:382","S3:7_S4:34_S5:42"
"VEN","BA:382","EAR_EMTA_SEX_CUR_NB","SEX_T","CUR_TYPE_LCU","2017",271673.027,,,"T30:107","R1:3513"
"VEN","BA:382","EAR_EMTA_SEX_CUR_NB","SEX_T","CUR_TYPE_LCU","2016",22498.639,,,"T30:107","R1:3513"
"VEN","BA:382","EAR_EMTA_SEX_CUR_NB","SEX_T","CUR_TYPE_LCU","2012",2796.853,,,"T30:107","R1:3513"
"VEN","BA:382","EAR_EMTA_SEX_CUR_NB","SEX_T","CUR_TYPE_LCU","2011",2189.308,,,"T30:107","R1:3513"
"VEN","BA:382","EAR_EMTA_SEX_CUR_NB","SEX_T","CUR_TYPE_LCU","2010",1775.419,,,"T30:107","R1:3513"
"VEN","BA:382","EAR_EMTA_SEX_CUR_NB","SEX_T","CUR_TYPE_LCU","2009",1406.835,,,"T30:107","R1:3513"
"VEN","BA:382","EAR_EMTA_SEX_CUR_NB","SEX_T","CUR_TYPE_LCU","2008",1108.846,,,"T30:107","R1:3513"
"VEN","BA:382","EAR_EMTA_SEX_CUR_NB","SEX_T","CUR_TYPE_LCU","2007",837002.257,,,"T30:358","R1:3513"
"VEN","BA:382","EAR_EMTA_SEX_CUR_NB","SEX_T","CUR_TYPE_LCU","2006",648131.893,,,"T30:358","R1:3513"
"VEN","BA:382","EAR_EMTA_SEX_CUR_NB","SEX_T","CUR_TYPE_LCU","2005",497686.743,"B",,"T30:358_I11:264","R1:3513"
"VEN","EA:1778","EAR_EMTA_SEX_CUR_NB","SEX_T","CUR_TYPE_LCU","1997",174424,,,"T8:127_T9:133_T10:138_T33:396_T30:358","S3:20_S9:66"
"VNM","BA:1788","EAR_EMTA_SEX_CUR_NB","SEX_T","CUR_TYPE_LCU","2024",8579562.366,,,"T30:156","R1:3513"
"VNM","BA:1788","EAR_EMTA_SEX_CUR_NB","SEX_T","CUR_TYPE_PPP","2024",1198.144,,,"T30:156","R1:3513"
"VNM","BA:1788","EAR_EMTA_SEX_CUR_NB","SEX_T","CUR_TYPE_USD","2024",355.043,,,"T30:156","R1:3513"
"VNM","BA:1788","EAR_EMTA_SEX_CUR_NB","SEX_T","CUR_TYPE_LCU","2023",7853534.469,,,"T30:156","R1:3513"
"VNM","BA:1788","EAR_EMTA_SEX_CUR_NB","SEX_T","CUR_TYPE_PPP","2023",1103.908,,,"T30:156","R1:3513"
"VNM","BA:1788","EAR_EMTA_SEX_CUR_NB","SEX_T","CUR_TYPE_USD","2023",330.156,,,"T30:156","R1:3513"
"VNM","BA:1788","EAR_EMTA_SEX_CUR_NB","SEX_T","CUR_TYPE_LCU","2022",7460916.469,,,"T30:156","R1:3513"
"VNM","BA:1788","EAR_EMTA_SEX_CUR_NB","SEX_T","CUR_TYPE_PPP","2022",1040.023,,,"T30:156","R1:3513"
"VNM","BA:1788","EAR_EMTA_SEX_CUR_NB","SEX_T","CUR_TYPE_USD","2022",320.607,,,"T30:156","R1:3513"
"VNM","BA:1788","EAR_EMTA_SEX_CUR_NB","SEX_T","CUR_TYPE_LCU","2021",6746802.381,,,"T30:156","R1:3513"
"VNM","BA:1788","EAR_EMTA_SEX_CUR_NB","SEX_T","CUR_TYPE_PPP","2021",898.278,,,"T30:156","R1:3513"
"VNM","BA:1788","EAR_EMTA_SEX_CUR_NB","SEX_T","CUR_TYPE_USD","2021",291.315,,,"T30:156","R1:3513"
"VNM","BA:1788","EAR_EMTA_SEX_CUR_NB","SEX_T","CUR_TYPE_LCU","2020",6873959.591,,,"T30:156","R1:3513"
"VNM","BA:1788","EAR_EMTA_SEX_CUR_NB","SEX_T","CUR_TYPE_PPP","2020",901.283,,,"T30:156","R1:3513"
"VNM","BA:1788","EAR_EMTA_SEX_CUR_NB","SEX_T","CUR_TYPE_USD","2020",296.184,,,"T30:156","R1:3513"
"VNM","BA:1788","EAR_EMTA_SEX_CUR_NB","SEX_T","CUR_TYPE_LCU","2019",6645391.302,,,"I20:4077_T30:156","R1:3513"
"VNM","BA:1788","EAR_EMTA_SEX_CUR_NB","SEX_T","CUR_TYPE_PPP","2019",877.16,,,"I20:4077_T30:156","R1:3513"
"VNM","BA:1788","EAR_EMTA_SEX_CUR_NB","SEX_T","CUR_TYPE_USD","2019",288.3,,,"I20:4077_T30:156","R1:3513"
"VNM","BA:1788","EAR_EMTA_SEX_CUR_NB","SEX_T","CUR_TYPE_LCU","2018",5761241.246,,,"T30:156","R1:3513"
"VNM","BA:1788","EAR_EMTA_SEX_CUR_NB","SEX_T","CUR_TYPE_PPP","2018",759.85,,,"T30:156","R1:3513"
"VNM","BA:1788","EAR_EMTA_SEX_CUR_NB","SEX_T","CUR_TYPE_USD","2018",254.899,,,"T30:156","R1:3513"
"VNM","BA:1788","EAR_EMTA_SEX_CUR_NB","SEX_T","CUR_TYPE_LCU","2017",5360535.587,,,"T30:156","R1:3513"
"VNM","BA:1788","EAR_EMTA_SEX_CUR_NB","SEX_T","CUR_TYPE_PPP","2017",716.202,,,"T30:156","R1:3513"
"VNM","BA:1788","EAR_EMTA_SEX_CUR_NB","SEX_T","CUR_TYPE_USD","2017",239.63,,,"T30:156","R1:3513"
"VNM","BA:1788","EAR_EMTA_SEX_CUR_NB","SEX_T","CUR_TYPE_LCU","2016",5456969.19,,,"T30:156","R1:3513"
"VNM","BA:1788","EAR_EMTA_SEX_CUR_NB","SEX_T","CUR_TYPE_PPP","2016",732.529,,,"T30:156","R1:3513"
"VNM","BA:1788","EAR_EMTA_SEX_CUR_NB","SEX_T","CUR_TYPE_USD","2016",248.779,,,"T30:156","R1:3513"
"VNM","BA:1788","EAR_EMTA_SEX_CUR_NB","SEX_T","CUR_TYPE_LCU","2015",5101539.736,,,"T30:156","R1:3513"
"VNM","BA:1788","EAR_EMTA_SEX_CUR_NB","SEX_T","CUR_TYPE_PPP","2015",673.657,,,"T30:156","R1:3513"
"VNM","BA:1788","EAR_EMTA_SEX_CUR_NB","SEX_T","CUR_TYPE_USD","2015",235.12,,,"T30:156","R1:3513"
"VNM","BA:1788","EAR_EMTA_SEX_CUR_NB","SEX_T","CUR_TYPE_LCU","2014",4461659.196,,,"T30:156","R1:3513"
"VNM","BA:1788","EAR_EMTA_SEX_CUR_NB","SEX_T","CUR_TYPE_PPP","2014",568.67,,,"T30:156","R1:3513"
"VNM","BA:1788","EAR_EMTA_SEX_CUR_NB","SEX_T","CUR_TYPE_USD","2014",210.973,,,"T30:156","R1:3513"
"VNM","BA:1788","EAR_EMTA_SEX_CUR_NB","SEX_T","CUR_TYPE_LCU","2013",4092625.834,,,"T30:156","R1:3513"
"VNM","BA:1788","EAR_EMTA_SEX_CUR_NB","SEX_T","CUR_TYPE_PPP","2013",521.902,,,"T30:156","R1:3513"
"VNM","BA:1788","EAR_EMTA_SEX_CUR_NB","SEX_T","CUR_TYPE_USD","2013",195.507,,,"T30:156","R1:3513"
"VNM","BA:1788","EAR_EMTA_SEX_CUR_NB","SEX_T","CUR_TYPE_LCU","2012",3739062.14,,,"T30:156","R1:3513"
"VNM","BA:1788","EAR_EMTA_SEX_CUR_NB","SEX_T","CUR_TYPE_PPP","2012",497.521,,,"T30:156","R1:3513"
"VNM","BA:1788","EAR_EMTA_SEX_CUR_NB","SEX_T","CUR_TYPE_USD","2012",179.521,,,"T30:156","R1:3513"
"VNM","BA:1788","EAR_EMTA_SEX_CUR_NB","SEX_T","CUR_TYPE_LCU","2011",3112675.586,,,"T30:156","R1:3513"
"VNM","BA:1788","EAR_EMTA_SEX_CUR_NB","SEX_T","CUR_TYPE_PPP","2011",413.459,,,"T30:156","R1:3513"
"VNM","BA:1788","EAR_EMTA_SEX_CUR_NB","SEX_T","CUR_TYPE_USD","2011",151.766,,,"T30:156","R1:3513"
"VNM","BA:1788","EAR_EMTA_SEX_CUR_NB","SEX_T","CUR_TYPE_LCU","2010",2506385.597,,,"T30:156","R1:3513"
"VNM","BA:1788","EAR_EMTA_SEX_CUR_NB","SEX_T","CUR_TYPE_PPP","2010",383.016,,,"T30:156","R1:3513"
"VNM","BA:1788","EAR_EMTA_SEX_CUR_NB","SEX_T","CUR_TYPE_USD","2010",134.658,,,"T30:156","R1:3513"
"VNM","BA:1788","EAR_EMTA_SEX_CUR_NB","SEX_T","CUR_TYPE_LCU","2009",2267609.523,,,"T30:156","R1:3513"
"VNM","BA:1788","EAR_EMTA_SEX_CUR_NB","SEX_T","CUR_TYPE_PPP","2009",372.328,,,"T30:156","R1:3513"
"VNM","BA:1788","EAR_EMTA_SEX_CUR_NB","SEX_T","CUR_TYPE_USD","2009",132.88,,,"T30:156","R1:3513"
"VNM","BA:1788","EAR_EMTA_SEX_CUR_NB","SEX_T","CUR_TYPE_LCU","2007",1433693.091,"B",,"T30:156_I11:264","R1:3513"
"VNM","BA:1788","EAR_EMTA_SEX_CUR_NB","SEX_T","CUR_TYPE_PPP","2007",298.913,"B",,"T30:156_I11:264","R1:3513"
"VNM","BA:1788","EAR_EMTA_SEX_CUR_NB","SEX_T","CUR_TYPE_USD","2007",89.021,"B",,"T30:156_I11:264","R1:3513"
"VUT","BB:15632","EAR_EMTA_SEX_CUR_NB","SEX_T","CUR_TYPE_LCU","2010",40547.152,,,"T30:233","R1:3513"
"VUT","BB:15632","EAR_EMTA_SEX_CUR_NB","SEX_T","CUR_TYPE_PPP","2010",342.319,,,"T30:233","R1:3513"
"VUT","BB:15632","EAR_EMTA_SEX_CUR_NB","SEX_T","CUR_TYPE_USD","2010",418.418,,,"T30:233","R1:3513"
"WLF","BB:16123","EAR_EMTA_SEX_CUR_NB","SEX_T","CUR_TYPE_LCU","2019",234174.38,,,"T30:216","R1:3513"
"WSM","BA:1794","EAR_EMTA_SEX_CUR_NB","SEX_T","CUR_TYPE_LCU","2022",1648.438,"B",,"T30:228_I11:264","R1:3513"
"WSM","BA:1794","EAR_EMTA_SEX_CUR_NB","SEX_T","CUR_TYPE_PPP","2022",896.934,"B",,"T30:228_I11:264","R1:3513"
"WSM","BA:1794","EAR_EMTA_SEX_CUR_NB","SEX_T","CUR_TYPE_USD","2022",613.03,"B",,"T30:228_I11:264","R1:3513"
"WSM","BB:7015","EAR_EMTA_SEX_CUR_NB","SEX_T","CUR_TYPE_LCU","2018",321.734,,,"T30:228","R1:3513"
"WSM","BB:7015","EAR_EMTA_SEX_CUR_NB","SEX_T","CUR_TYPE_PPP","2018",170.859,,,"T30:228","R1:3513"
"WSM","BB:7015","EAR_EMTA_SEX_CUR_NB","SEX_T","CUR_TYPE_USD","2018",124.352,,,"T30:228","R1:3513"
"WSM","BA:1794","EAR_EMTA_SEX_CUR_NB","SEX_T","CUR_TYPE_LCU","2017",1278.16,"B",,"T30:228_I11:264","R1:3513"
"WSM","BA:1794","EAR_EMTA_SEX_CUR_NB","SEX_T","CUR_TYPE_PPP","2017",690.402,"B",,"T30:228_I11:264","R1:3513"
"WSM","BA:1794","EAR_EMTA_SEX_CUR_NB","SEX_T","CUR_TYPE_USD","2017",500.38,"B",,"T30:228_I11:264","R1:3513"
"WSM","BA:1794","EAR_EMTA_SEX_CUR_NB","SEX_T","CUR_TYPE_LCU","2012",1332.253,"B",,"T30:228_I11:264","R1:3513"
"WSM","BA:1794","EAR_EMTA_SEX_CUR_NB","SEX_T","CUR_TYPE_PPP","2012",701.223,"B",,"T30:228_I11:264","R1:3513"
"WSM","BA:1794","EAR_EMTA_SEX_CUR_NB","SEX_T","CUR_TYPE_USD","2012",581.183,"B",,"T30:228_I11:264","R1:3513"
"YEM","BA:13360","EAR_EMTA_SEX_CUR_NB","SEX_T","CUR_TYPE_LCU","2014",61426.083,"B",,"T30:158_I11:264","R1:3513"
"YEM","BA:13360","EAR_EMTA_SEX_CUR_NB","SEX_T","CUR_TYPE_USD","2014",285.849,"B",,"T30:158_I11:264","R1:3513"
"YEM","BA:13360","EAR_EMTA_SEX_CUR_NB","SEX_T","CUR_TYPE_LCU","2010",35890,,,"T8:127_T9:131_T10:139_T12:145_T33:396_T30:158",
"YEM","BA:13360","EAR_EMTA_SEX_CUR_NB","SEX_T","CUR_TYPE_PPP","2010",541.792,,,"T8:127_T9:131_T10:139_T12:145_T33:396_T30:158",
"YEM","BA:13360","EAR_EMTA_SEX_CUR_NB","SEX_T","CUR_TYPE_USD","2010",163.441,,,"T8:127_T9:131_T10:139_T12:145_T33:396_T30:158",
"ZAF","BB:16198","EAR_EMTA_SEX_CUR_NB","SEX_T","CUR_TYPE_LCU","2020",7980.252,,,"T30:46","R1:3513"
"ZAF","BB:16198","EAR_EMTA_SEX_CUR_NB","SEX_T","CUR_TYPE_PPP","2020",1076.012,,,"T30:46","R1:3513"
"ZAF","BB:16198","EAR_EMTA_SEX_CUR_NB","SEX_T","CUR_TYPE_USD","2020",484.853,,,"T30:46","R1:3513"
"ZAF","BA:595","EAR_EMTA_SEX_CUR_NB","SEX_T","CUR_TYPE_LCU","2019",3800,,,"I20:3359_T8:128_T9:131_T10:138_T11:142_T12:145_T30:46",
"ZAF","BA:595","EAR_EMTA_SEX_CUR_NB","SEX_T","CUR_TYPE_PPP","2019",524.749,,,"I20:3359_T8:128_T9:131_T10:138_T11:142_T12:145_T30:46",
"ZAF","BA:595","EAR_EMTA_SEX_CUR_NB","SEX_T","CUR_TYPE_USD","2019",263.004,,,"I20:3359_T8:128_T9:131_T10:138_T11:142_T12:145_T30:46",
"ZAF","BA:595","EAR_EMTA_SEX_CUR_NB","SEX_T","CUR_TYPE_LCU","2018",3500,,,"I20:3359_T8:128_T9:131_T10:138_T11:142_T12:145_T30:46",
"ZAF","BA:595","EAR_EMTA_SEX_CUR_NB","SEX_T","CUR_TYPE_PPP","2018",499.168,,,"I20:3359_T8:128_T9:131_T10:138_T11:142_T12:145_T30:46",
"ZAF","BA:595","EAR_EMTA_SEX_CUR_NB","SEX_T","CUR_TYPE_USD","2018",264.472,,,"I20:3359_T8:128_T9:131_T10:138_T11:142_T12:145_T30:46",
"ZAF","BA:595","EAR_EMTA_SEX_CUR_NB","SEX_T","CUR_TYPE_LCU","2017",3500,,,"T8:128_T9:133_T10:138_T11:142_T12:145_T30:46","S5:38"
"ZAF","BA:595","EAR_EMTA_SEX_CUR_NB","SEX_T","CUR_TYPE_PPP","2017",525.631,,,"T8:128_T9:133_T10:138_T11:142_T12:145_T30:46","S5:38"
"ZAF","BA:595","EAR_EMTA_SEX_CUR_NB","SEX_T","CUR_TYPE_USD","2017",262.688,,,"T8:128_T9:133_T10:138_T11:142_T12:145_T30:46","S5:38"
"ZAF","BA:595","EAR_EMTA_SEX_CUR_NB","SEX_T","CUR_TYPE_LCU","2016",3300,,,"T8:128_T9:133_T10:138_T11:142_T12:145_T30:46","S5:38"
"ZAF","BA:595","EAR_EMTA_SEX_CUR_NB","SEX_T","CUR_TYPE_PPP","2016",515.578,,,"T8:128_T9:133_T10:138_T11:142_T12:145_T30:46","S5:38"
"ZAF","BA:595","EAR_EMTA_SEX_CUR_NB","SEX_T","CUR_TYPE_USD","2016",224.343,,,"T8:128_T9:133_T10:138_T11:142_T12:145_T30:46","S5:38"
"ZAF","BA:595","EAR_EMTA_SEX_CUR_NB","SEX_T","CUR_TYPE_LCU","2015",8821.204,,,"T30:46","R1:3513"
"ZAF","BA:595","EAR_EMTA_SEX_CUR_NB","SEX_T","CUR_TYPE_PPP","2015",1454.767,,,"T30:46","R1:3513"
"ZAF","BA:595","EAR_EMTA_SEX_CUR_NB","SEX_T","CUR_TYPE_USD","2015",691.375,,,"T30:46","R1:3513"
"ZAF","BA:595","EAR_EMTA_SEX_CUR_NB","SEX_T","CUR_TYPE_LCU","2014",7857.528,,,"T30:46","R1:3513"
"ZAF","BA:595","EAR_EMTA_SEX_CUR_NB","SEX_T","CUR_TYPE_PPP","2014",1350.878,,,"T30:46","R1:3513"
"ZAF","BA:595","EAR_EMTA_SEX_CUR_NB","SEX_T","CUR_TYPE_USD","2014",724.019,,,"T30:46","R1:3513"
"ZAF","BA:595","EAR_EMTA_SEX_CUR_NB","SEX_T","CUR_TYPE_LCU","2013",8254.959,,,"T30:46","R1:3513"
"ZAF","BA:595","EAR_EMTA_SEX_CUR_NB","SEX_T","CUR_TYPE_PPP","2013",1505.032,,,"T30:46","R1:3513"
"ZAF","BA:595","EAR_EMTA_SEX_CUR_NB","SEX_T","CUR_TYPE_USD","2013",854.988,,,"T30:46","R1:3513"
"ZAF","BA:595","EAR_EMTA_SEX_CUR_NB","SEX_T","CUR_TYPE_LCU","2012",6839.895,,,"T30:46","R1:3513"
"ZAF","BA:595","EAR_EMTA_SEX_CUR_NB","SEX_T","CUR_TYPE_PPP","2012",1331.634,,,"T30:46","R1:3513"
"ZAF","BA:595","EAR_EMTA_SEX_CUR_NB","SEX_T","CUR_TYPE_USD","2012",833.121,,,"T30:46","R1:3513"
"ZAF","BA:595","EAR_EMTA_SEX_CUR_NB","SEX_T","CUR_TYPE_LCU","2011",6059.346,,,"T30:46","R1:3513"
"ZAF","BA:595","EAR_EMTA_SEX_CUR_NB","SEX_T","CUR_TYPE_PPP","2011",1204.361,,,"T30:46","R1:3513"
"ZAF","BA:595","EAR_EMTA_SEX_CUR_NB","SEX_T","CUR_TYPE_USD","2011",834.491,,,"T30:46","R1:3513"
"ZAF","BA:595","EAR_EMTA_SEX_CUR_NB","SEX_T","CUR_TYPE_LCU","2010",5669.383,,,"T30:46","R1:3513"
"ZAF","BA:595","EAR_EMTA_SEX_CUR_NB","SEX_T","CUR_TYPE_PPP","2010",1146.995,,,"T30:46","R1:3513"
"ZAF","BA:595","EAR_EMTA_SEX_CUR_NB","SEX_T","CUR_TYPE_USD","2010",774.377,,,"T30:46","R1:3513"
"ZAF","DA:1811","EAR_EMTA_SEX_CUR_NB","SEX_T","CUR_TYPE_LCU","2008",9235,,"C5:2067","T8:127_T9:133_T10:138_T33:396_T30:46","S9:66"
"ZAF","DA:1811","EAR_EMTA_SEX_CUR_NB","SEX_T","CUR_TYPE_PPP","2008",2058.775,,"C5:2067","T8:127_T9:133_T10:138_T33:396_T30:46","S9:66"
"ZAF","DA:1811","EAR_EMTA_SEX_CUR_NB","SEX_T","CUR_TYPE_USD","2008",1117.873,,"C5:2067","T8:127_T9:133_T10:138_T33:396_T30:46","S9:66"
"ZAF","BA:595","EAR_EMTA_SEX_CUR_NB","SEX_T","CUR_TYPE_LCU","2007",3720.19,,,"T30:46","R1:3513"
"ZAF","BA:595","EAR_EMTA_SEX_CUR_NB","SEX_T","CUR_TYPE_PPP","2007",877.836,,,"T30:46","R1:3513"
"ZAF","BA:595","EAR_EMTA_SEX_CUR_NB","SEX_T","CUR_TYPE_USD","2007",528.034,,,"T30:46","R1:3513"
"ZAF","BA:595","EAR_EMTA_SEX_CUR_NB","SEX_T","CUR_TYPE_LCU","2006",3254.761,,,"T30:46","R1:3513"
"ZAF","BA:595","EAR_EMTA_SEX_CUR_NB","SEX_T","CUR_TYPE_PPP","2006",792.84,,,"T30:46","R1:3513"
"ZAF","BA:595","EAR_EMTA_SEX_CUR_NB","SEX_T","CUR_TYPE_USD","2006",480.652,,,"T30:46","R1:3513"
"ZAF","BA:595","EAR_EMTA_SEX_CUR_NB","SEX_T","CUR_TYPE_LCU","2005",2907.479,,,"T30:46","R1:3513"
"ZAF","BA:595","EAR_EMTA_SEX_CUR_NB","SEX_T","CUR_TYPE_PPP","2005",708.367,,,"T30:46","R1:3513"
"ZAF","BA:595","EAR_EMTA_SEX_CUR_NB","SEX_T","CUR_TYPE_USD","2005",457.199,,,"T30:46","R1:3513"
"ZAF","BA:595","EAR_EMTA_SEX_CUR_NB","SEX_T","CUR_TYPE_LCU","2004",2648.971,,,"T30:46","R1:3513"
"ZAF","BA:595","EAR_EMTA_SEX_CUR_NB","SEX_T","CUR_TYPE_PPP","2004",637.084,,,"T30:46","R1:3513"
"ZAF","BA:595","EAR_EMTA_SEX_CUR_NB","SEX_T","CUR_TYPE_USD","2004",410.077,,,"T30:46","R1:3513"
"ZAF","BA:595","EAR_EMTA_SEX_CUR_NB","SEX_T","CUR_TYPE_LCU","2003",2556.123,,,"T30:46","R1:3513"
"ZAF","BA:595","EAR_EMTA_SEX_CUR_NB","SEX_T","CUR_TYPE_PPP","2003",594.581,,,"T30:46","R1:3513"
"ZAF","BA:595","EAR_EMTA_SEX_CUR_NB","SEX_T","CUR_TYPE_USD","2003",337.899,,,"T30:46","R1:3513"
"ZAF","BA:595","EAR_EMTA_SEX_CUR_NB","SEX_T","CUR_TYPE_LCU","2002",2426.503,,,"T30:46","R1:3513"
"ZAF","BA:595","EAR_EMTA_SEX_CUR_NB","SEX_T","CUR_TYPE_PPP","2002",583.246,,,"T30:46","R1:3513"
"ZAF","BA:595","EAR_EMTA_SEX_CUR_NB","SEX_T","CUR_TYPE_USD","2002",230.202,,,"T30:46","R1:3513"
"ZAF","BA:595","EAR_EMTA_SEX_CUR_NB","SEX_T","CUR_TYPE_LCU","2001",2384.23,,,"T30:46","R1:3513"
"ZAF","BA:595","EAR_EMTA_SEX_CUR_NB","SEX_T","CUR_TYPE_PPP","2001",617.701,,,"T30:46","R1:3513"
"ZAF","BA:595","EAR_EMTA_SEX_CUR_NB","SEX_T","CUR_TYPE_USD","2001",276.94,,,"T30:46","R1:3513"
"ZAF","BA:595","EAR_EMTA_SEX_CUR_NB","SEX_T","CUR_TYPE_LCU","2000",2434.109,"B",,"T30:46_I11:264","R1:3513"
"ZAF","BA:595","EAR_EMTA_SEX_CUR_NB","SEX_T","CUR_TYPE_PPP","2000",648.26,"B",,"T30:46_I11:264","R1:3513"
"ZAF","BA:595","EAR_EMTA_SEX_CUR_NB","SEX_T","CUR_TYPE_USD","2000",350.745,"B",,"T30:46_I11:264","R1:3513"
"ZAF","DA:1811","EAR_EMTA_SEX_CUR_NB","SEX_T","CUR_TYPE_LCU","1999",4574,,"C5:2067","T8:127_T9:133_T10:138_T33:396_T30:46","S9:66"
"ZAF","DA:1811","EAR_EMTA_SEX_CUR_NB","SEX_T","CUR_TYPE_PPP","1999",1241.285,,"C5:2067","T8:127_T9:133_T10:138_T33:396_T30:46","S9:66"
"ZAF","DA:1811","EAR_EMTA_SEX_CUR_NB","SEX_T","CUR_TYPE_USD","1999",748.672,,"C5:2067","T8:127_T9:133_T10:138_T33:396_T30:46","S9:66"
"ZAF","DA:1811","EAR_EMTA_SEX_CUR_NB","SEX_T","CUR_TYPE_LCU","1998",4237,,"C5:2067","T8:127_T9:133_T10:138_T33:396_T30:46","S9:66"
"ZAF","DA:1811","EAR_EMTA_SEX_CUR_NB","SEX_T","CUR_TYPE_PPP","1998",1183.513,,"C5:2067","T8:127_T9:133_T10:138_T33:396_T30:46","S9:66"
"ZAF","DA:1811","EAR_EMTA_SEX_CUR_NB","SEX_T","CUR_TYPE_USD","1998",766.422,,"C5:2067","T8:127_T9:133_T10:138_T33:396_T30:46","S9:66"
"ZAF","DA:1811","EAR_EMTA_SEX_CUR_NB","SEX_T","CUR_TYPE_LCU","1997",3878,,"C5:2067","T8:127_T9:133_T10:138_T33:396_T30:46","S9:66"
"ZAF","DA:1811","EAR_EMTA_SEX_CUR_NB","SEX_T","CUR_TYPE_PPP","1997",1140.07,,"C5:2067","T8:127_T9:133_T10:138_T33:396_T30:46","S9:66"
"ZAF","DA:1811","EAR_EMTA_SEX_CUR_NB","SEX_T","CUR_TYPE_USD","1997",841.587,,"C5:2067","T8:127_T9:133_T10:138_T33:396_T30:46","S9:66"
"ZAF","DA:1811","EAR_EMTA_SEX_CUR_NB","SEX_T","CUR_TYPE_LCU","1996",3501,,"C5:2067","T8:127_T9:133_T10:138_T33:396_T30:46","S9:66"
"ZAF","DA:1811","EAR_EMTA_SEX_CUR_NB","SEX_T","CUR_TYPE_PPP","1996",1092.197,,"C5:2067","T8:127_T9:133_T10:138_T33:396_T30:46","S9:66"
"ZAF","DA:1811","EAR_EMTA_SEX_CUR_NB","SEX_T","CUR_TYPE_USD","1996",814.309,,"C5:2067","T8:127_T9:133_T10:138_T33:396_T30:46","S9:66"
"ZAF","DA:1811","EAR_EMTA_SEX_CUR_NB","SEX_T","CUR_TYPE_LCU","1995",3174,,"C5:2067","T8:127_T9:133_T10:138_T33:396_T30:363","S9:66"
"ZAF","DA:1811","EAR_EMTA_SEX_CUR_NB","SEX_T","CUR_TYPE_LCU","1994",2856,,"C5:2067","T8:127_T9:133_T10:138_T33:396_T30:363","S9:66"
"ZMB","BA:2212","EAR_EMTA_SEX_CUR_NB","SEX_T","CUR_TYPE_LCU","2024",4458.154,,,"T30:379","R1:3513"
"ZMB","BA:2212","EAR_EMTA_SEX_CUR_NB","SEX_T","CUR_TYPE_PPP","2024",589.198,,,"T30:379","R1:3513"
"ZMB","BA:2212","EAR_EMTA_SEX_CUR_NB","SEX_T","CUR_TYPE_USD","2024",170.377,,,"T30:379","R1:3513"
"ZMB","BA:2212","EAR_EMTA_SEX_CUR_NB","SEX_T","CUR_TYPE_LCU","2023",3239.976,,,"T30:379","R1:3513"
"ZMB","BA:2212","EAR_EMTA_SEX_CUR_NB","SEX_T","CUR_TYPE_PPP","2023",478.263,,,"T30:379","R1:3513"
"ZMB","BA:2212","EAR_EMTA_SEX_CUR_NB","SEX_T","CUR_TYPE_USD","2023",160.299,,,"T30:379","R1:3513"
"ZMB","BA:2212","EAR_EMTA_SEX_CUR_NB","SEX_T","CUR_TYPE_LCU","2022",3445.361,,,"T30:379","R1:3513"
"ZMB","BA:2212","EAR_EMTA_SEX_CUR_NB","SEX_T","CUR_TYPE_PPP","2022",541.641,,,"T30:379","R1:3513"
"ZMB","BA:2212","EAR_EMTA_SEX_CUR_NB","SEX_T","CUR_TYPE_USD","2022",203.415,,,"T30:379","R1:3513"
"ZMB","BA:2212","EAR_EMTA_SEX_CUR_NB","SEX_T","CUR_TYPE_LCU","2021",3205.514,,,"T30:379","R1:3513"
"ZMB","BA:2212","EAR_EMTA_SEX_CUR_NB","SEX_T","CUR_TYPE_PPP","2021",517.888,,,"T30:379","R1:3513"
"ZMB","BA:2212","EAR_EMTA_SEX_CUR_NB","SEX_T","CUR_TYPE_USD","2021",160.128,,,"T30:379","R1:3513"
"ZMB","BA:2212","EAR_EMTA_SEX_CUR_NB","SEX_T","CUR_TYPE_LCU","2020",2994.624,,,"T30:379","R1:3513"
"ZMB","BA:2212","EAR_EMTA_SEX_CUR_NB","SEX_T","CUR_TYPE_PPP","2020",559.062,,,"T30:379","R1:3513"
"ZMB","BA:2212","EAR_EMTA_SEX_CUR_NB","SEX_T","CUR_TYPE_USD","2020",163.247,,,"T30:379","R1:3513"
"ZMB","BA:2212","EAR_EMTA_SEX_CUR_NB","SEX_T","CUR_TYPE_LCU","2019",2947.291,,,"T30:379","R1:3513"
"ZMB","BA:2212","EAR_EMTA_SEX_CUR_NB","SEX_T","CUR_TYPE_PPP","2019",620.612,,,"T30:379","R1:3513"
"ZMB","BA:2212","EAR_EMTA_SEX_CUR_NB","SEX_T","CUR_TYPE_USD","2019",228.649,,,"T30:379","R1:3513"
"ZMB","BA:2212","EAR_EMTA_SEX_CUR_NB","SEX_T","CUR_TYPE_LCU","2018",2834.383,"B",,"T30:379_I11:264","R1:3513"
"ZMB","BA:2212","EAR_EMTA_SEX_CUR_NB","SEX_T","CUR_TYPE_PPP","2018",637.934,"B",,"T30:379_I11:264","R1:3513"
"ZMB","BA:2212","EAR_EMTA_SEX_CUR_NB","SEX_T","CUR_TYPE_USD","2018",271.017,"B",,"T30:379_I11:264","R1:3513"
"ZMB","BA:2212","EAR_EMTA_SEX_CUR_NB","SEX_T","CUR_TYPE_LCU","2017",3928.305,"B",,"T30:379_I11:264","R1:3513"
"ZMB","BA:2212","EAR_EMTA_SEX_CUR_NB","SEX_T","CUR_TYPE_PPP","2017",929.088,"B",,"T30:379_I11:264","R1:3513"
"ZMB","BA:2212","EAR_EMTA_SEX_CUR_NB","SEX_T","CUR_TYPE_USD","2017",412.746,"B",,"T30:379_I11:264","R1:3513"
"ZWE","DA:649","EAR_EMTA_SEX_CUR_NB","SEX_T","CUR_TYPE_LCU","2015",763.58,,,"T8:127_T9:131_T10:138_T11:142_T12:145_T33:396_T30:58","S5:38"
"ZWE","BA:1823","EAR_EMTA_SEX_CUR_NB","SEX_T","CUR_TYPE_LCU","2014",316.93,,,"T30:58","R1:3513"
"ZWE","BA:1823","EAR_EMTA_SEX_CUR_NB","SEX_T","CUR_TYPE_LCU","2011",230.593,"B",,"T30:58_I11:264","R1:3513"
"ZWE","DA:1824","EAR_EMTA_SEX_CUR_NB","SEX_T","CUR_TYPE_LCU","2001",12770.84,,"C5:2067","T8:127_T9:133_T10:138_T33:396_T30:367","S9:66"
"ZWE","DA:1824","EAR_EMTA_SEX_CUR_NB","SEX_T","CUR_TYPE_LCU","2000",9743.22,,"C5:2067","T8:127_T9:133_T10:138_T33:396_T30:367","S9:66"
"ZWE","DA:1824","EAR_EMTA_SEX_CUR_NB","SEX_T","CUR_TYPE_LCU","1999",5309.11,,"C5:2067","T8:127_T9:133_T10:138_T33:396_T30:367","S9:66"
"ZWE","DA:1824","EAR_EMTA_SEX_CUR_NB","SEX_T","CUR_TYPE_LCU","1998",3686.59,,"C5:2067","T8:127_T9:133_T10:138_T33:396_T30:367","S9:66"
"ZWE","DA:1824","EAR_EMTA_SEX_CUR_NB","SEX_T","CUR_TYPE_LCU","1997",2786.72,,"C5:2067","T8:127_T9:133_T10:138_T33:396_T30:367","S9:66"
"ZWE","DA:1824","EAR_EMTA_SEX_CUR_NB","SEX_T","CUR_TYPE_LCU","1996",1943.76,,"C5:2067","T8:127_T9:133_T10:138_T33:396_T30:367","S9:66"
"ZWE","DA:1824","EAR_EMTA_SEX_CUR_NB","SEX_T","CUR_TYPE_LCU","1995",1458.47,,"C5:2067","T8:127_T9:133_T10:138_T33:396_T30:367","S9:66"
"ZWE","DA:1824","EAR_EMTA_SEX_CUR_NB","SEX_T","CUR_TYPE_LCU","1994",1184.73,,"C5:2067","T8:127_T9:133_T10:138_T33:396_T30:367","S9:66"
"ZWE","DA:1824","EAR_EMTA_SEX_CUR_NB","SEX_T","CUR_TYPE_LCU","1993",1011.18,,"C5:2067","T8:127_T9:133_T10:138_T33:396_T30:367","S9:66"
"ZWE","DA:1824","EAR_EMTA_SEX_CUR_NB","SEX_T","CUR_TYPE_LCU","1992",886.8,,"C5:2067","T8:127_T9:133_T10:138_T33:396_T30:367","S9:66"
"ZWE","DA:1824","EAR_EMTA_SEX_CUR_NB","SEX_T","CUR_TYPE_LCU","1991",768.97,,"C5:2067","T8:127_T9:133_T10:138_T33:396_T30:367","S9:66"
"ZWE","DA:1824","EAR_EMTA_SEX_CUR_NB","SEX_T","CUR_TYPE_LCU","1989",588,,"C5:2067","T8:127_T9:133_T10:138_T34:397_T33:396_T30:367","S9:66"
