iso2,country,year,wage_mean_eur,source,gdp_pc_eur,is_forecast,wage_median_eur,net_avg_eur,net_ratio,wage_median_net_eur,wage_mean_net_eur
DE,Germany,1991,1832.0,national_office,18980.0,0,1596.0,,0.5679918604651162,907.0,1041.0
DE,Germany,1992,2003.0,national_office,20560.0,0,1745.0,,0.5679918604651162,991.0,1138.0
DE,Germany,1993,2103.0,national_office,21930.0,0,1832.0,,0.5679918604651162,1041.0,1194.0
DE,Germany,1994,2185.0,national_office,23020.0,0,1904.0,,0.5679918604651162,1081.0,1241.0
DE,Germany,1995,2281.0,national_office,24390.0,0,1987.0,,0.5679918604651162,1129.0,1296.0
DE,Germany,1996,2344.0,national_office,24250.0,0,2042.0,,0.5679918604651162,1160.0,1331.0
DE,Germany,1997,2389.0,national_office,24030.0,0,2081.0,,0.5679918604651162,1182.0,1357.0
DE,Germany,1998,2447.0,national_office,24660.0,0,2132.0,,0.5679918604651162,1211.0,1390.0
DE,Germany,1999,2518.0,national_office,25510.0,0,2194.0,,0.5679918604651162,1246.0,1430.0
DE,Germany,2000,2551.0,national_office,26140.0,0,2222.0,1628.243333333333,0.5679918604651162,1262.0,1449.0
DE,Germany,2001,2617.0,national_office,26930.0,0,2280.0,1700.5441666666666,0.5797309659090909,1322.0,1517.0
DE,Germany,2002,2701.0,national_office,27250.0,0,2353.0,1739.3108333333332,0.5733991758241758,1349.0,1549.0
DE,Germany,2003,2783.0,national_office,27480.0,0,2425.0,1755.6008333333332,0.5663228494623656,1373.0,1576.0
DE,Germany,2004,2846.0,national_office,28150.0,0,2479.0,1832.7133333333334,0.5772325459317585,1431.0,1643.0
DE,Germany,2005,2901.0,national_office,28590.0,0,2527.0,1863.5916666666665,0.5778578811369509,1460.0,1676.0
DE,Germany,2006,2950.0,national_office,29890.0,0,2570.0,1875.4041666666665,0.5748512094817236,1477.0,1696.0
DE,Germany,2007,3023.0,national_office,31390.0,0,2594.0,1932.89,0.5784209476309227,1500.0,1749.0
DE,Germany,2008,3103.0,national_office,32060.0,0,2619.0,1986.7916666666667,0.5815,1523.0,1804.0
DE,Germany,2009,3141.0,national_office,30990.0,0,2644.0,1989.2208333333335,0.5879470443349754,1555.0,1847.0
DE,Germany,2010,3227.0,national_office,32580.0,0,2668.0,2114.505,0.6079657849338701,1622.0,1962.0
DE,Germany,2011,3311.0,national_office,34220.0,0,2680.0,2174.0033333333336,0.6024951501154735,1615.0,1995.0
DE,Germany,2012,3391.0,national_office,34820.0,0,2692.0,2227.4683333333332,0.6020184684684684,1621.0,2041.0
DE,Germany,2013,3449.0,national_office,35600.0,0,2704.0,2264.2516666666666,0.6051452115812918,1636.0,2087.0
DE,Germany,2014,3527.0,national_office,36960.0,0,2716.0,2315.9516666666664,0.6045555797259081,1642.0,2132.0
DE,Germany,2015,3612.0,national_office,37950.0,0,2784.0,2367.5591666666664,0.603199787685775,1679.0,2179.0
DE,Germany,2016,3703.0,national_office,39030.0,0,2851.0,2415.5266666666666,0.6026261954261954,1718.0,2232.0
DE,Germany,2017,3771.0,national_office,40630.0,0,2918.0,2455.7191666666668,0.6026304703476483,1758.0,2273.0
DE,Germany,2018,3880.0,national_office,41800.0,0,2986.0,2534.9891666666667,0.6032097957564941,1801.0,2340.0
DE,Germany,2019,3994.0,national_office,43030.0,0,3080.0,2623.855,0.6078428571428571,1872.0,2428.0
DE,Germany,2020,3975.0,national_office,42020.0,0,3174.0,2607.7458333333334,0.6135872549019608,1948.0,2439.0
DE,Germany,2021,4100.0,national_office,44910.0,0,3267.0,2737.5166666666664,0.6221628787878787,2033.0,2551.0
DE,Germany,2022,4284.0,national_office,48340.0,0,3361.0,2966.394166666667,0.6204331230173947,2085.0,2658.0
DE,Germany,2023,4468.0,national_office,50660.0,0,3505.0,3159.034166666667,0.6273318660223738,2199.0,2803.0
DE,Germany,2024,4691.0,national_office,51830.0,0,3680.0,2512.1058333333335,0.6562912831713139,2415.0,3079.0
DE,Germany,2025,4851.0,national_office,53520.0,0,3806.0,2583.3733333333334,0.6524427921761955,2483.0,3165.0
PL,Poland,2002,581.0,national_office,5520.0,0,469.0,395.87916666666666,0.7240985635547751,340.0,421.0
PL,Poland,2003,526.0,national_office,5060.0,0,424.0,361.50416666666666,0.7215760049634808,306.0,380.0
PL,Poland,2004,532.0,national_office,5420.0,0,429.0,357.435,0.7191537592257883,309.0,383.0
PL,Poland,2005,623.0,national_office,6470.0,0,502.0,413.76,0.7162205242347877,360.0,446.0
PL,Poland,2006,677.0,national_office,7230.0,0,546.0,446.34916666666663,0.7128963648366625,389.0,483.0
PL,Poland,2007,757.0,national_office,8250.0,0,584.0,513.6,0.7221428069270968,422.0,547.0
PL,Poland,2008,899.0,national_office,9640.0,0,622.0,599.5866666666667,0.7495981155447761,466.0,674.0
PL,Poland,2009,766.0,national_office,8330.0,0,659.0,507.8283333333333,0.756125433188203,498.0,579.0
PL,Poland,2010,860.0,national_office,9490.0,0,697.0,574.6858333333333,0.7551223090905108,526.0,649.0
PL,Poland,2011,880.0,national_office,9970.0,0,709.0,590.4791666666666,0.7538545177544003,534.0,663.0
PL,Poland,2012,895.0,national_office,10190.0,0,720.0,602.9583333333334,0.7531001434278207,542.0,674.0
PL,Poland,2013,924.0,national_office,10260.0,0,732.0,622.1858333333333,0.7524128166239211,551.0,695.0
PL,Poland,2014,957.0,national_office,10750.0,0,744.0,665.9308333333333,0.7511839520215076,559.0,719.0
PL,Poland,2015,992.0,national_office,11390.0,0,774.0,689.6658333333334,0.7505538923920624,581.0,745.0
PL,Poland,2016,983.0,national_office,11270.0,0,804.0,683.3691666666667,0.7499860528200283,603.0,737.0
PL,Poland,2017,1064.0,national_office,12360.0,0,833.0,747.9641666666666,0.7489021666303712,624.0,797.0
PL,Poland,2018,1135.0,national_office,13280.0,0,863.0,801.5491666666667,0.7478219021096023,645.0,849.0
PL,Poland,2019,1206.0,national_office,14190.0,0,946.0,852.1483333333334,0.7501162683223471,710.0,905.0
PL,Poland,2020,1243.0,national_office,14310.0,0,1030.0,948.0291666666667,0.7574346286647163,780.0,941.0
PL,Poland,2021,1315.0,national_office,15770.0,0,1113.0,927.8808333333333,0.7573460644030883,843.0,996.0
PL,Poland,2022,1431.0,national_office,17520.0,0,1196.0,1041.9766666666667,0.7702498501539733,921.0,1102.0
PL,Poland,2023,1672.0,national_office,19980.0,0,1397.0,1207.265,0.7641832645575183,1068.0,1278.0
PL,Poland,2024,2004.0,national_office,22710.0,0,1675.0,1253.6383333333333,0.7260797084031967,1216.0,1455.0
PL,Poland,2025,2212.0,national_office,24680.0,0,1849.0,1346.9266666666667,0.7234999897046488,1338.0,1600.0
RU,Russia,2000,85.0,national_office,1918.0,0,55.0,,0.87,48.0,74.0
RU,Russia,2001,124.0,national_office,2345.0,0,81.0,,0.87,70.0,108.0
RU,Russia,2002,147.0,national_office,2514.0,0,96.0,,0.87,84.0,128.0
RU,Russia,2003,159.0,national_office,2630.0,0,103.0,,0.87,90.0,138.0
RU,Russia,2004,188.0,national_office,3298.0,0,122.0,,0.87,106.0,164.0
RU,Russia,2005,243.0,national_office,4279.0,0,158.0,,0.87,137.0,211.0
RU,Russia,2006,312.0,national_office,5511.0,0,203.0,,0.87,177.0,271.0
RU,Russia,2007,388.0,national_office,6641.0,0,252.0,,0.87,219.0,338.0
RU,Russia,2008,475.0,national_office,7911.0,0,309.0,,0.87,269.0,413.0
RU,Russia,2009,422.0,national_office,6139.0,0,274.0,,0.87,238.0,367.0
RU,Russia,2010,520.0,national_office,8052.0,0,338.0,,0.87,294.0,452.0
RU,Russia,2011,572.0,national_office,10277.0,0,372.0,,0.87,324.0,498.0
RU,Russia,2012,667.0,national_office,11988.0,0,434.0,,0.87,378.0,580.0
RU,Russia,2013,704.0,national_office,12003.0,0,458.0,,0.87,398.0,612.0
RU,Russia,2014,638.0,national_office,10580.0,0,415.0,,0.87,361.0,555.0
RU,Russia,2015,500.0,national_office,8362.0,0,325.0,,0.87,283.0,435.0
RU,Russia,2016,495.0,national_office,7826.0,0,322.0,,0.87,280.0,431.0
RU,Russia,2017,594.0,national_office,9435.0,0,386.0,,0.87,336.0,517.0
RU,Russia,2018,591.0,national_office,9494.0,0,384.0,,0.87,334.0,514.0
RU,Russia,2019,661.0,national_office,10226.0,0,430.0,,0.87,374.0,575.0
RU,Russia,2020,621.0,national_office,8850.0,0,404.0,,0.87,351.0,540.0
RU,Russia,2021,657.0,national_office,10505.0,0,427.0,,0.87,371.0,572.0
RU,Russia,2022,884.0,national_office,14838.0,0,575.0,,0.87,500.0,769.0
RU,Russia,2023,810.0,national_office,12936.0,0,526.0,,0.87,458.0,705.0
RU,Russia,2024,904.0,national_office,13823.0,0,588.0,,0.87,512.0,786.0
RU,Russia,2025,1094.0,national_office,15528.0,0,711.0,,0.87,619.0,952.0
BY,Belarus,2000,53.0,national_office,1382.0,0,36.0,,0.86,31.0,46.0
BY,Belarus,2001,86.0,national_office,1389.0,0,58.0,,0.86,50.0,74.0
BY,Belarus,2002,98.0,national_office,1565.0,0,67.0,,0.86,58.0,84.0
BY,Belarus,2003,101.0,national_office,1609.0,0,69.0,,0.86,59.0,87.0
BY,Belarus,2004,131.0,national_office,1912.0,0,89.0,,0.86,77.0,113.0
BY,Belarus,2005,165.0,national_office,2513.0,0,112.0,,0.86,96.0,142.0
BY,Belarus,2006,200.0,national_office,3065.0,0,136.0,,0.86,117.0,172.0
BY,Belarus,2007,228.0,national_office,3455.0,0,155.0,,0.86,133.0,196.0
BY,Belarus,2008,283.0,national_office,4335.0,0,192.0,,0.86,165.0,243.0
BY,Belarus,2009,258.0,national_office,3838.0,0,175.0,,0.86,150.0,222.0
BY,Belarus,2010,314.0,national_office,4552.0,0,214.0,,0.86,184.0,270.0
BY,Belarus,2011,271.0,national_office,4690.0,0,184.0,,0.86,158.0,233.0
BY,Belarus,2012,347.0,national_office,5412.0,0,236.0,,0.86,203.0,298.0
BY,Belarus,2013,433.0,national_office,6022.0,0,294.0,,0.86,253.0,372.0
BY,Belarus,2014,442.0,national_office,6279.0,0,301.0,,0.86,259.0,380.0
BY,Belarus,2015,357.0,national_office,5378.0,0,243.0,,0.86,209.0,307.0
BY,Belarus,2017,364.0,national_office,5121.0,0,248.0,,0.86,213.0,313.0
BY,Belarus,2018,406.0,national_office,5386.0,0,276.0,,0.86,237.0,349.0
BY,Belarus,2019,468.0,national_office,6108.0,0,318.0,,0.86,273.0,402.0
BY,Belarus,2020,448.0,national_office,5728.0,0,305.0,,0.86,262.0,385.0
BY,Belarus,2021,480.0,national_office,6333.0,0,326.0,,0.86,280.0,413.0
BY,Belarus,2022,556.0,national_office,7592.0,0,378.0,,0.86,325.0,478.0
BY,Belarus,2023,587.0,national_office,7303.0,0,399.0,,0.86,343.0,505.0
BY,Belarus,2024,643.0,national_office,7951.0,0,437.0,,0.86,376.0,553.0
BY,Belarus,2025,744.0,national_office,9097.0,0,506.0,,0.86,435.0,640.0
UA,Ukraine,1999,40.0,national_office,593.0,0,29.0,,0.8049999999999999,23.0,32.0
UA,Ukraine,2000,48.0,national_office,707.0,0,35.0,,0.8049999999999999,28.0,39.0
UA,Ukraine,2002,75.0,national_office,955.0,0,54.0,,0.8049999999999999,43.0,60.0
UA,Ukraine,2003,77.0,national_office,952.0,0,55.0,,0.8049999999999999,44.0,62.0
UA,Ukraine,2004,89.0,national_office,1126.0,0,64.0,,0.8049999999999999,52.0,72.0
UA,Ukraine,2005,126.0,national_office,1507.0,0,91.0,,0.8049999999999999,73.0,101.0
UA,Ukraine,2006,164.0,national_office,1885.0,0,118.0,,0.8049999999999999,95.0,132.0
UA,Ukraine,2007,195.0,national_office,2306.0,0,140.0,,0.8049999999999999,113.0,157.0
UA,Ukraine,2008,234.0,national_office,2732.0,0,168.0,,0.8049999999999999,135.0,188.0
UA,Ukraine,2009,175.0,national_office,1869.0,0,126.0,,0.8049999999999999,101.0,141.0
UA,Ukraine,2010,213.0,national_office,2293.0,0,153.0,,0.8049999999999999,123.0,171.0
UA,Ukraine,2011,237.0,national_office,2627.0,0,171.0,,0.8049999999999999,138.0,191.0
UA,Ukraine,2012,295.0,national_office,3075.0,0,212.0,,0.8049999999999999,171.0,237.0
UA,Ukraine,2013,308.0,national_office,3110.0,0,222.0,,0.8049999999999999,179.0,248.0
UA,Ukraine,2014,221.0,national_office,2300.0,0,159.0,,0.8049999999999999,128.0,178.0
UA,Ukraine,2015,173.0,national_office,1888.0,0,125.0,,0.8049999999999999,101.0,139.0
UA,Ukraine,2016,183.0,national_office,1950.0,0,132.0,,0.8049999999999999,106.0,147.0
UA,Ukraine,2017,237.0,national_office,2305.0,0,171.0,,0.8049999999999999,138.0,191.0
UA,Ukraine,2018,276.0,national_office,2590.0,0,199.0,,0.8049999999999999,160.0,222.0
UA,Ukraine,2019,363.0,national_office,3234.0,0,261.0,,0.8049999999999999,210.0,292.0
UA,Ukraine,2020,376.0,national_office,3248.0,0,271.0,,0.8049999999999999,218.0,303.0
UA,Ukraine,2021,434.0,national_office,4038.0,0,312.0,,0.8049999999999999,251.0,349.0
UA,Ukraine,2022,386.0,national_office,3988.0,0,278.0,,0.8049999999999999,224.0,311.0
MK,N. Macedonia,2011,498.0,national_office,3890.0,0,419.0,,,,
MK,N. Macedonia,2012,499.0,national_office,3930.0,0,406.0,,,,
MK,N. Macedonia,2013,504.0,national_office,4240.0,0,394.0,,,,
MK,N. Macedonia,2014,509.0,national_office,4470.0,0,381.0,,,,
MK,N. Macedonia,2015,523.0,national_office,4740.0,0,398.0,,,,
MK,N. Macedonia,2016,534.0,national_office,5070.0,0,415.0,,,,
MK,N. Macedonia,2017,548.0,national_office,5290.0,0,432.0,,,,
MK,N. Macedonia,2018,579.0,national_office,5690.0,0,449.0,,,,
MK,N. Macedonia,2019,609.0,national_office,6000.0,0,505.0,,,,
MK,N. Macedonia,2020,660.0,national_office,5840.0,0,562.0,,,,
MK,N. Macedonia,2021,697.0,national_office,6440.0,0,618.0,,,,
MK,N. Macedonia,2022,775.0,national_office,7230.0,0,674.0,,,,
MK,N. Macedonia,2023,893.0,national_office,8020.0,0,777.0,,,,
MK,N. Macedonia,2024,1008.0,national_office,8590.0,0,877.0,,,,
MK,N. Macedonia,2025,1105.0,national_office,9310.0,0,961.0,,,,
GE,Georgia,2006,175.0,national_office,1590.0,0,131.0,,0.78,102.0,136.0
GE,Georgia,2007,217.0,national_office,1923.0,0,163.0,,0.78,127.0,169.0
GE,Georgia,2008,260.0,national_office,2261.0,0,195.0,,0.78,152.0,203.0
GE,Georgia,2009,250.0,national_office,2024.0,0,188.0,,0.78,147.0,195.0
GE,Georgia,2010,287.0,national_office,2475.0,0,215.0,,0.78,168.0,224.0
GE,Georgia,2011,306.0,national_office,2960.0,0,230.0,,0.78,179.0,239.0
GE,Georgia,2012,403.0,national_office,3526.0,0,302.0,,0.78,236.0,314.0
GE,Georgia,2013,425.0,national_office,3548.0,0,319.0,,0.78,249.0,332.0
GE,Georgia,2014,400.0,national_office,3636.0,0,300.0,,0.78,234.0,312.0
GE,Georgia,2015,394.0,national_office,3683.0,0,296.0,,0.78,231.0,307.0
GE,Georgia,2016,393.0,national_office,3743.0,0,295.0,,0.78,230.0,307.0
GE,Georgia,2017,395.0,national_office,3912.0,0,296.0,,0.78,231.0,308.0
GE,Georgia,2018,404.0,national_office,4068.0,0,303.0,,0.78,236.0,315.0
GE,Georgia,2019,373.0,national_office,4235.0,0,280.0,,0.78,218.0,291.0
GE,Georgia,2020,350.0,national_office,3765.0,0,262.0,,0.78,204.0,273.0
GE,Georgia,2021,370.0,national_office,4298.0,0,278.0,,0.78,217.0,289.0
GE,Georgia,2022,507.0,national_office,6391.0,0,380.0,,0.78,296.0,395.0
GE,Georgia,2023,614.0,national_office,7661.0,0,460.0,,0.78,359.0,479.0
GE,Georgia,2024,646.0,national_office,8285.0,0,484.0,,0.78,378.0,504.0
AM,Armenia,1996,,national_office,436.0,0,,,0.8,,
AM,Armenia,1997,,national_office,448.0,0,,,0.8,,
AM,Armenia,1998,,national_office,519.0,0,,,0.8,,
AM,Armenia,1999,35.0,national_office,547.0,0,26.0,,0.8,21.0,28.0
AM,Armenia,2000,46.0,national_office,643.0,0,34.0,,0.8,27.0,37.0
AM,Armenia,2001,49.0,national_office,736.0,0,37.0,,0.8,30.0,39.0
AM,Armenia,2002,50.0,national_office,785.0,0,38.0,,0.8,30.0,40.0
AM,Armenia,2003,53.0,national_office,780.0,0,40.0,,0.8,32.0,42.0
AM,Armenia,2004,65.0,national_office,909.0,0,49.0,,0.8,39.0,52.0
AM,Armenia,2005,91.0,national_office,1252.0,0,68.0,,0.8,54.0,73.0
AM,Armenia,2006,119.0,national_office,1626.0,0,89.0,,0.8,71.0,95.0
AM,Armenia,2007,158.0,national_office,2162.0,0,118.0,,0.8,94.0,126.0
AM,Armenia,2008,194.0,national_office,2569.0,0,146.0,,0.8,117.0,155.0
AM,Armenia,2009,189.0,national_office,2022.0,0,142.0,,0.8,114.0,151.0
AM,Armenia,2010,207.0,national_office,2294.0,0,155.0,,0.8,124.0,166.0
AM,Armenia,2011,208.0,national_office,2406.0,0,156.0,,0.8,125.0,166.0
AM,Armenia,2013,269.0,national_office,2771.0,0,202.0,,0.8,162.0,215.0
AM,Armenia,2014,287.0,national_office,2900.0,0,215.0,,0.8,172.0,230.0
AM,Armenia,2016,328.0,national_office,3184.0,0,246.0,,0.8,197.0,262.0
AM,Armenia,2017,326.0,national_office,3425.0,0,244.0,,0.8,195.0,261.0
AM,Armenia,2018,303.0,national_office,3553.0,0,227.0,,0.8,182.0,242.0
AM,Armenia,2019,340.0,national_office,4107.0,0,255.0,,0.8,204.0,272.0
AM,Armenia,2020,340.0,national_office,3737.0,0,255.0,,0.8,204.0,272.0
AM,Armenia,2021,342.0,national_office,3961.0,0,256.0,,0.8,205.0,274.0
AM,Armenia,2022,513.0,national_office,6241.0,0,385.0,,0.8,308.0,410.0
AM,Armenia,2023,636.0,national_office,7546.0,0,477.0,,0.8,382.0,509.0
AM,Armenia,2024,676.0,national_office,7905.0,0,507.0,,0.8,406.0,541.0
AM,Armenia,2025,693.0,national_office,8384.0,0,520.0,,0.8,416.0,554.0
KZ,KZ,2015,512.0,national_office,9474.0,0,369.0,,0.8,295.0,410.0
KZ,KZ,2016,377.0,national_office,6970.0,0,271.0,,0.8,217.0,302.0
KZ,KZ,2017,410.0,national_office,8187.0,0,295.0,,0.8,236.0,328.0
KZ,KZ,2018,400.0,national_office,8310.0,0,288.0,,0.8,230.0,320.0
KZ,KZ,2019,436.0,national_office,8766.0,0,314.0,,0.8,251.0,349.0
KZ,KZ,2020,452.0,national_office,7986.0,0,325.0,,0.8,260.0,362.0
KZ,KZ,2021,497.0,national_office,8771.0,0,358.0,,0.8,286.0,398.0
KZ,KZ,2022,639.0,national_office,10906.0,0,460.0,,0.8,368.0,511.0
KZ,KZ,2023,739.0,national_office,12169.0,0,532.0,,0.8,426.0,591.0
KZ,KZ,2024,799.0,national_office,13359.0,0,575.0,,0.8,460.0,639.0
KZ,KZ,2025,753.0,national_office,13146.0,0,542.0,,0.8,434.0,602.0
AL,Albania,2023,648.0,national_office,7948.0,0,,,,,
AL,Albania,2024,768.0,national_office,9191.0,0,,,,,
AL,Albania,2025,799.0,national_office,9942.0,0,,,,,
GB,United Kingdom,2000,2225.0,national_office,30731.0,0,2268.0,,,,
GB,United Kingdom,2001,2293.0,national_office,31278.0,0,2337.0,,,,
GB,United Kingdom,2002,2336.0,national_office,31895.0,0,2381.0,,,,
GB,United Kingdom,2003,2192.0,national_office,30550.0,0,2234.0,,,,
GB,United Kingdom,2004,2331.0,national_office,32562.0,0,2376.0,,,,
GB,United Kingdom,2005,2420.0,national_office,33953.0,0,2467.0,,,,
GB,United Kingdom,2006,2542.0,national_office,35597.0,0,2591.0,,,,
GB,United Kingdom,2007,2660.0,national_office,36943.0,0,2506.0,,,,
GB,United Kingdom,2008,2362.0,national_office,32400.0,0,2422.0,,,,
GB,United Kingdom,2009,2111.0,national_office,27968.0,0,2337.0,,,,
GB,United Kingdom,2010,2243.0,national_office,30005.0,0,2252.0,,,,
GB,United Kingdom,2011,2272.0,national_office,30386.0,0,2331.0,,,,
GB,United Kingdom,2012,2464.0,national_office,33226.0,0,2410.0,,,,
GB,United Kingdom,2013,2377.0,national_office,32834.0,0,2488.0,,,,
GB,United Kingdom,2014,2532.0,national_office,35940.0,0,2567.0,,,,
GB,United Kingdom,2015,2878.0,national_office,40789.0,0,2584.0,,,,
GB,United Kingdom,2016,2613.0,national_office,37274.0,0,2601.0,,,,
GB,United Kingdom,2017,2496.0,national_office,36221.0,0,2618.0,,,,
GB,United Kingdom,2018,2547.0,national_office,37008.0,0,2635.0,,,,
GB,United Kingdom,2019,2656.0,national_office,38554.0,0,2748.0,,,,
GB,United Kingdom,2020,2664.0,national_office,35734.0,0,2756.0,,,,
GB,United Kingdom,2021,2923.0,national_office,40326.0,0,3024.0,,,,
GB,United Kingdom,2022,3130.0,national_office,44665.0,0,3238.0,,,,
GB,United Kingdom,2023,3284.0,national_office,46168.0,0,3397.0,,,,
GB,United Kingdom,2024,3552.0,national_office,49281.0,0,3675.0,,,,
GB,United Kingdom,2025,3682.0,national_office,50976.0,0,3809.0,,,,
PL,Poland,1995,290.0,eurostat_d11emp,2850.0,0,234.0,,0.7219568746458652,169.0,209.0
PL,Poland,1996,343.0,eurostat_d11emp,3310.0,0,277.0,,0.7219568746458652,200.0,248.0
PL,Poland,1997,380.0,eurostat_d11emp,3690.0,0,306.0,,0.7219568746458652,221.0,274.0
PL,Poland,1998,410.0,eurostat_d11emp,4060.0,0,331.0,,0.7219568746458652,239.0,296.0
PL,Poland,1999,435.0,eurostat_d11emp,4190.0,0,351.0,,0.7219568746458652,253.0,314.0
PL,Poland,2000,508.0,eurostat_d11emp,4900.0,0,410.0,346.1458333333333,0.7219568746458652,296.0,367.0
PL,Poland,2001,609.0,eurostat_d11emp,5590.0,0,491.0,406.85249999999996,0.7233715646284709,355.0,441.0
AT,Austria,1990,1713.0,oecd,19211.0,0,1398.0,,0.6903625723126597,965.0,1183.0
AT,Austria,1991,1823.0,oecd,19910.0,0,1488.0,,0.6903625723126597,1027.0,1259.0
AT,Austria,1992,1922.0,oecd,22063.0,0,1569.0,,0.6903625723126597,1083.0,1327.0
AT,Austria,1993,1997.0,oecd,21257.0,0,1630.0,,0.6903625723126597,1125.0,1379.0
AT,Austria,1994,2063.0,oecd,22642.0,0,1684.0,,0.6903625723126597,1163.0,1424.0
AT,Austria,1995,2095.0,eurostat_d11emp,23100.0,0,1710.0,,0.6903625723126597,1181.0,1446.0
AT,Austria,1996,2072.0,eurostat_d11emp,23360.0,0,1691.0,,0.6903625723126597,1167.0,1430.0
AT,Austria,1997,2027.0,eurostat_d11emp,23460.0,0,1654.0,,0.6903625723126597,1142.0,1399.0
AT,Austria,1998,2082.0,eurostat_d11emp,24310.0,0,1699.0,,0.6903625723126597,1173.0,1437.0
AT,Austria,1999,2137.0,eurostat_d11emp,25410.0,0,1744.0,,0.6903625723126597,1204.0,1475.0
AT,Austria,2000,2190.0,eurostat_d11emp,26510.0,0,1787.0,1710.4883333333335,0.6903625723126597,1234.0,1512.0
AT,Austria,2001,2221.0,eurostat_d11emp,27280.0,0,1813.0,1731.1658333333335,0.6860630779392338,1244.0,1524.0
AT,Austria,2002,2269.0,eurostat_d11emp,27850.0,0,1852.0,1764.9591666666665,0.6839601498417619,1267.0,1552.0
AT,Austria,2003,2306.0,eurostat_d11emp,28400.0,0,1882.0,1829.735,0.6800303518334985,1280.0,1568.0
AT,Austria,2004,2345.0,eurostat_d11emp,29440.0,0,1914.0,1833.705,0.6677731245447924,1278.0,1566.0
AT,Austria,2005,2399.0,eurostat_d11emp,30680.0,0,1958.0,1898.6466666666665,0.6696182218956649,1311.0,1606.0
AT,Austria,2006,2474.0,eurostat_d11emp,32160.0,0,2019.0,1949.2883333333332,0.6656079446831517,1344.0,1647.0
AT,Austria,2007,2553.0,eurostat_d11emp,34020.0,0,2076.0,1997.5191666666667,0.6616492768024732,1374.0,1689.0
AT,Austria,2008,2642.0,eurostat_d11emp,35070.0,0,2132.0,2041.0075,0.6573645928391219,1402.0,1737.0
AT,Austria,2009,2681.0,eurostat_d11emp,34320.0,0,2189.0,2118.9900000000002,0.6721305062201706,1471.0,1802.0
AT,Austria,2010,2710.0,eurostat_d11emp,35170.0,0,2246.0,2147.5133333333333,0.6692892669990498,1503.0,1814.0
AT,Austria,2011,2763.0,eurostat_d11emp,36740.0,0,2292.0,2197.9725,0.6644985877716723,1523.0,1836.0
AT,Austria,2012,2838.0,eurostat_d11emp,37570.0,0,2338.0,2241.0883333333336,0.6606267993829283,1545.0,1875.0
AT,Austria,2013,2895.0,eurostat_d11emp,37890.0,0,2384.0,2293.3783333333336,0.6561830447726462,1564.0,1900.0
AT,Austria,2014,2942.0,eurostat_d11emp,38640.0,0,2430.0,2330.445,0.6531874764239909,1587.0,1922.0
AT,Austria,2015,3001.0,eurostat_d11emp,39640.0,0,2484.0,2377.0116666666668,0.6495934026193124,1614.0,1949.0
AT,Austria,2016,3072.0,eurostat_d11emp,40690.0,0,2538.0,2550.1275,0.678938193755279,1723.0,2086.0
AT,Austria,2017,3122.0,eurostat_d11emp,41760.0,0,2593.0,2590.2616666666668,0.6756948758894772,1752.0,2110.0
AT,Austria,2018,3206.0,eurostat_d11emp,43360.0,0,2647.0,2636.744166666667,0.6720985959202436,1779.0,2155.0
AT,Austria,2019,3301.0,eurostat_d11emp,44570.0,0,2750.0,2693.7599999999998,0.667905705494865,1837.0,2205.0
AT,Austria,2020,3359.0,eurostat_d11emp,42650.0,0,2853.0,2752.6975,0.6729362934158428,1920.0,2260.0
AT,Austria,2021,3462.0,eurostat_d11emp,45380.0,0,2956.0,2809.35,0.6682688743407446,1975.0,2314.0
AT,Austria,2022,3633.0,eurostat_d11emp,49640.0,0,3059.0,3006.3008333333332,0.6790635312250062,2077.0,2467.0
AT,Austria,2023,3893.0,eurostat_d11emp,52330.0,0,3278.0,3197.9925000000003,0.6741177084370835,2210.0,2624.0
AT,Austria,2024,4174.0,eurostat_d11emp,53830.0,0,3515.0,2985.3008333333332,0.715263119223265,2514.0,2986.0
AT,Austria,2025,4331.0,eurostat_d11emp,55870.0,0,3647.0,3066.491666666667,0.7120976031903793,2597.0,3084.0
BE,Belgium,1990,1804.0,oecd,17806.0,0,1633.0,,0.5699244722538237,931.0,1028.0
BE,Belgium,1991,1936.0,oecd,18198.0,0,1752.0,,0.5699244722538237,999.0,1103.0
BE,Belgium,1992,2035.0,oecd,20198.0,0,1842.0,,0.5699244722538237,1050.0,1160.0
BE,Belgium,1993,2131.0,oecd,19225.0,0,1929.0,,0.5699244722538237,1099.0,1215.0
BE,Belgium,1994,2221.0,oecd,20907.0,0,2010.0,,0.5699244722538237,1146.0,1266.0
BE,Belgium,1995,2164.0,eurostat_d11emp,21730.0,0,1959.0,,0.5699244722538237,1116.0,1233.0
BE,Belgium,1996,2159.0,eurostat_d11emp,21660.0,0,1954.0,,0.5699244722538237,1114.0,1230.0
BE,Belgium,1997,2145.0,eurostat_d11emp,21910.0,0,1942.0,,0.5699244722538237,1107.0,1222.0
BE,Belgium,1998,2161.0,eurostat_d11emp,22640.0,0,1956.0,,0.5699244722538237,1115.0,1232.0
BE,Belgium,1999,2262.0,eurostat_d11emp,23690.0,0,2048.0,,0.5699244722538237,1167.0,1289.0
BE,Belgium,2000,2324.0,eurostat_d11emp,25010.0,0,2104.0,1502.8908333333331,0.5699244722538237,1199.0,1325.0
BE,Belgium,2001,2412.0,eurostat_d11emp,25700.0,0,2183.0,1573.6733333333334,0.5703609290525236,1245.0,1376.0
BE,Belgium,2002,2497.0,eurostat_d11emp,26450.0,0,2260.0,1640.5241666666668,0.5734427614331489,1296.0,1432.0
BE,Belgium,2003,2542.0,eurostat_d11emp,27100.0,0,2301.0,1674.8233333333335,0.5801425973501141,1335.0,1475.0
BE,Belgium,2004,2591.0,eurostat_d11emp,28480.0,0,2345.0,1728.2841666666666,0.5808707707819852,1362.0,1505.0
BE,Belgium,2005,2641.0,eurostat_d11emp,29590.0,0,2391.0,1772.7783333333334,0.5800865493950541,1387.0,1532.0
BE,Belgium,2006,2732.0,eurostat_d11emp,30830.0,0,2473.0,1823.3716666666667,0.5807840951319212,1436.0,1587.0
BE,Belgium,2007,2810.0,eurostat_d11emp,32340.0,0,2566.0,1866.4133333333332,0.5793465945834088,1487.0,1628.0
BE,Belgium,2008,2909.0,eurostat_d11emp,32840.0,0,2660.0,1950.4416666666666,0.5750970563664062,1530.0,1673.0
BE,Belgium,2009,2927.0,eurostat_d11emp,32210.0,0,2753.0,2026.9658333333334,0.5770858146100738,1589.0,1689.0
BE,Belgium,2010,2971.0,eurostat_d11emp,33340.0,0,2846.0,2072.7875,0.572817400916565,1630.0,1702.0
BE,Belgium,2011,3078.0,eurostat_d11emp,34310.0,0,2885.0,2126.655,0.5717326821399767,1649.0,1760.0
BE,Belgium,2012,3176.0,eurostat_d11emp,34930.0,0,2924.0,2190.625833333333,0.5728873730549623,1675.0,1819.0
BE,Belgium,2013,3250.0,eurostat_d11emp,35360.0,0,2963.0,2217.4474999999998,0.5759977920644197,1707.0,1872.0
BE,Belgium,2014,3294.0,eurostat_d11emp,36130.0,0,3002.0,2231.3283333333334,0.5764340918387117,1730.0,1899.0
BE,Belgium,2015,3301.0,eurostat_d11emp,36860.0,0,3030.0,2246.1325,0.5799089911572969,1757.0,1914.0
BE,Belgium,2016,3373.0,eurostat_d11emp,37810.0,0,3058.0,2297.8641666666667,0.5926403455983493,1812.0,1999.0
BE,Belgium,2017,3442.0,eurostat_d11emp,38980.0,0,3087.0,2353.2308333333335,0.5941626864729522,1834.0,2045.0
BE,Belgium,2018,3522.0,eurostat_d11emp,40210.0,0,3115.0,2436.7466666666664,0.6011092609723507,1872.0,2117.0
BE,Belgium,2019,3598.0,eurostat_d11emp,41730.0,0,3369.0,2515.7258333333334,0.6064060020488922,2043.0,2182.0
BE,Belgium,2020,3540.0,eurostat_d11emp,40190.0,0,3624.0,2544.9841666666666,0.6070084671648911,2200.0,2149.0
BE,Belgium,2021,3739.0,eurostat_d11emp,43680.0,0,3878.0,2588.6625,0.6052047615336659,2347.0,2263.0
BE,Belgium,2022,4039.0,eurostat_d11emp,48090.0,0,4132.0,2740.7675,0.5975727679058105,2469.0,2414.0
BE,Belgium,2023,4340.0,eurostat_d11emp,51090.0,0,4440.0,2953.2483333333334,0.6015477059392664,2671.0,2611.0
BE,Belgium,2024,4469.0,eurostat_d11emp,52310.0,0,4572.0,2790.0891666666666,0.624384959442383,2855.0,2790.0
BE,Belgium,2025,4615.0,eurostat_d11emp,53930.0,0,4721.0,2886.8583333333336,0.6235290263729507,2944.0,2878.0
EE,Estonia,1995,163.0,eurostat_d11emp,2060.0,0,130.0,,0.7805839865464804,101.0,127.0
EE,Estonia,1996,206.0,eurostat_d11emp,2650.0,0,164.0,,0.7805839865464804,128.0,161.0
EE,Estonia,1997,240.0,eurostat_d11emp,3240.0,0,191.0,,0.7805839865464804,149.0,187.0
EE,Estonia,1998,272.0,eurostat_d11emp,3640.0,0,216.0,,0.7805839865464804,169.0,212.0
EE,Estonia,1999,296.0,eurostat_d11emp,3920.0,0,235.0,,0.7805839865464804,183.0,231.0
EE,Estonia,2000,331.0,eurostat_d11emp,4400.0,0,263.0,255.6783333333333,0.7805839865464804,205.0,258.0
EE,Estonia,2001,365.0,eurostat_d11emp,5010.0,0,290.0,288.7858333333333,0.7851797306023495,228.0,287.0
EE,Estonia,2002,399.0,eurostat_d11emp,5660.0,0,317.0,317.0675,0.773116944603049,245.0,308.0
EE,Estonia,2003,444.0,eurostat_d11emp,6360.0,0,353.0,342.1408333333333,0.7699978244887548,272.0,342.0
EE,Estonia,2004,498.0,eurostat_d11emp,7160.0,0,396.0,372.5733333333333,0.781391511948393,309.0,389.0
EE,Estonia,2005,551.0,eurostat_d11emp,8350.0,0,438.0,421.35249999999996,0.8020351350279573,351.0,442.0
EE,Estonia,2006,634.0,eurostat_d11emp,10050.0,0,504.0,504.9266666666667,0.8126992643064562,410.0,515.0
EE,Estonia,2007,796.0,eurostat_d11emp,12210.0,0,555.0,605.695,0.8130689006744308,451.0,647.0
EE,Estonia,2008,873.0,eurostat_d11emp,12420.0,0,606.0,687.4983333333333,0.8213372996554357,498.0,717.0
EE,Estonia,2009,832.0,eurostat_d11emp,10580.0,0,658.0,644.1208333333333,0.814354091182541,536.0,678.0
EE,Estonia,2010,858.0,eurostat_d11emp,11060.0,0,709.0,651.6825,0.8051907802747467,571.0,691.0
EE,Estonia,2011,881.0,eurostat_d11emp,12590.0,0,744.0,693.6883333333334,0.8028800154320987,597.0,707.0
EE,Estonia,2012,930.0,eurostat_d11emp,13650.0,0,780.0,734.3874999999999,0.8008565952655526,625.0,745.0
EE,Estonia,2013,984.0,eurostat_d11emp,14520.0,0,816.0,787.1416666666668,0.8051316627272549,657.0,792.0
EE,Estonia,2014,1047.0,eurostat_d11emp,15480.0,0,851.0,826.2458333333334,0.8036120985769146,684.0,841.0
EE,Estonia,2015,1083.0,eurostat_d11emp,16000.0,0,921.0,886.535,0.8155339359266156,751.0,883.0
EE,Estonia,2016,1152.0,eurostat_d11emp,16860.0,0,990.0,954.5591666666666,0.8162747427297687,808.0,940.0
EE,Estonia,2017,1234.0,eurostat_d11emp,18480.0,0,1060.0,1019.4533333333334,0.8160158274561807,865.0,1007.0
EE,Estonia,2018,1350.0,eurostat_d11emp,20040.0,0,1130.0,1119.8075000000001,0.8540450497229914,965.0,1153.0
EE,Estonia,2019,1452.0,eurostat_d11emp,21490.0,0,1254.0,1180.8,0.8425894927253991,1057.0,1223.0
EE,Estonia,2020,1515.0,eurostat_d11emp,20960.0,0,1378.0,1203.7183333333335,0.8386576479809563,1156.0,1271.0
EE,Estonia,2021,1661.0,eurostat_d11emp,23650.0,0,1502.0,1275.0366666666666,0.8275276456596071,1243.0,1375.0
EE,Estonia,2022,1788.0,eurostat_d11emp,27260.0,0,1626.0,1372.6741666666667,0.81454955981828,1324.0,1456.0
EE,Estonia,2023,1943.0,eurostat_d11emp,28080.0,0,1767.0,1511.8316666666667,0.8042174696511966,1421.0,1563.0
EE,Estonia,2024,2079.0,eurostat_d11emp,28990.0,0,1891.0,1641.9133333333332,0.7884186298142333,1491.0,1639.0
EE,Estonia,2025,2169.0,eurostat_d11emp,30380.0,0,1972.0,1670.3925,0.7675201599007512,1514.0,1665.0
FI,Finland,1990,1861.0,eurostat_d11emp,22340.0,0,1770.0,,0.6611983157575297,1170.0,1230.0
FI,Finland,1991,1913.0,eurostat_d11emp,20610.0,0,1820.0,,0.6611983157575297,1203.0,1265.0
FI,Finland,1992,1679.0,eurostat_d11emp,17220.0,0,1597.0,,0.6611983157575297,1056.0,1110.0
FI,Finland,1993,1455.0,eurostat_d11emp,15000.0,0,1384.0,,0.6611983157575297,915.0,962.0
FI,Finland,1994,1607.0,eurostat_d11emp,17110.0,0,1529.0,,0.6611983157575297,1011.0,1063.0
FI,Finland,1995,1818.0,eurostat_d11emp,20080.0,0,1729.0,,0.6611983157575297,1143.0,1202.0
FI,Finland,1996,1839.0,eurostat_d11emp,20300.0,0,1749.0,,0.6611983157575297,1156.0,1216.0
FI,Finland,1997,1859.0,eurostat_d11emp,21790.0,0,1768.0,,0.6611983157575297,1169.0,1229.0
FI,Finland,1998,1906.0,eurostat_d11emp,23230.0,0,1813.0,,0.6611983157575297,1199.0,1260.0
FI,Finland,1999,1991.0,eurostat_d11emp,24560.0,0,1894.0,,0.6611983157575297,1252.0,1316.0
FI,Finland,2000,2087.0,eurostat_d11emp,26350.0,0,1985.0,1452.5424999999998,0.6611983157575297,1312.0,1380.0
FI,Finland,2001,2154.0,eurostat_d11emp,27870.0,0,2049.0,1542.5874999999999,0.6738396854865131,1381.0,1451.0
FI,Finland,2002,2200.0,eurostat_d11emp,28540.0,0,2093.0,1632.1008333333332,0.6792636909097215,1422.0,1494.0
FI,Finland,2003,2261.0,eurostat_d11emp,29100.0,0,2151.0,1690.8341666666665,0.6849179719146637,1473.0,1549.0
FI,Finland,2004,2342.0,eurostat_d11emp,30360.0,0,2228.0,1771.8866666666665,0.6916254106625899,1541.0,1620.0
FI,Finland,2005,2419.0,eurostat_d11emp,31390.0,0,2301.0,1843.7291666666667,0.6895452845477779,1587.0,1668.0
FI,Finland,2006,2500.0,eurostat_d11emp,32820.0,0,2378.0,1940.2391666666665,0.6941200846674418,1651.0,1735.0
FI,Finland,2007,2582.0,eurostat_d11emp,35370.0,0,2475.0,2062.03,0.695867712815321,1722.0,1797.0
FI,Finland,2008,2695.0,eurostat_d11emp,36560.0,0,2572.0,2168.8483333333334,0.696408541153805,1791.0,1877.0
FI,Finland,2009,2759.0,eurostat_d11emp,34040.0,0,2669.0,2265.9558333333334,0.7073007491416086,1888.0,1951.0
FI,Finland,2010,2867.0,eurostat_d11emp,35080.0,0,2766.0,2316.9616666666666,0.70576316791471,1952.0,2023.0
FI,Finland,2011,2960.0,eurostat_d11emp,36680.0,0,2822.0,2368.4933333333333,0.7062574857739233,1993.0,2091.0
FI,Finland,2012,3032.0,eurostat_d11emp,37010.0,0,2877.0,2437.2433333333333,0.706225581339193,2032.0,2141.0
FI,Finland,2013,3076.0,eurostat_d11emp,37410.0,0,2932.0,2471.179166666667,0.6986159210309327,2048.0,2149.0
FI,Finland,2014,3109.0,eurostat_d11emp,37690.0,0,2988.0,2470.1150000000002,0.694112495316598,2074.0,2158.0
FI,Finland,2015,3136.0,eurostat_d11emp,38350.0,0,2999.0,2493.1908333333336,0.6914645927706389,2074.0,2168.0
FI,Finland,2016,3162.0,eurostat_d11emp,39250.0,0,3010.0,2525.5316666666668,0.6921951442340635,2084.0,2189.0
FI,Finland,2017,3196.0,eurostat_d11emp,40790.0,0,3021.0,2567.1541666666667,0.6975172648024454,2107.0,2229.0
FI,Finland,2018,3258.0,eurostat_d11emp,42040.0,0,3032.0,2616.685,0.69652891462035,2112.0,2269.0
FI,Finland,2019,3329.0,eurostat_d11emp,43200.0,0,3112.0,2677.9283333333333,0.6968176594314461,2168.0,2320.0
FI,Finland,2020,3380.0,eurostat_d11emp,42740.0,0,3191.0,2765.9983333333334,0.6903059293305327,2203.0,2333.0
FI,Finland,2021,3482.0,eurostat_d11emp,44890.0,0,3270.0,2825.5116666666668,0.6873469966956557,2248.0,2393.0
FI,Finland,2022,3567.0,eurostat_d11emp,47890.0,0,3350.0,2916.763333333334,0.6885925634467834,2307.0,2456.0
FI,Finland,2023,3684.0,eurostat_d11emp,48950.0,0,3460.0,3022.1775,0.6854694085848753,2372.0,2525.0
FI,Finland,2024,3779.0,eurostat_d11emp,49130.0,0,3549.0,2746.4275,0.7254933167793745,2575.0,2742.0
FI,Finland,2025,3892.0,eurostat_d11emp,49850.0,0,3655.0,2803.42,0.7239302775984506,2646.0,2818.0
FR,France,1990,1457.0,eurostat_d11emp,17020.0,0,1430.0,,0.70842280622941,1013.0,1032.0
FR,France,1991,1501.0,eurostat_d11emp,17420.0,0,1473.0,,0.70842280622941,1044.0,1063.0
FR,France,1992,1578.0,eurostat_d11emp,18290.0,0,1548.0,,0.70842280622941,1097.0,1118.0
FR,France,1993,1667.0,eurostat_d11emp,19020.0,0,1636.0,,0.70842280622941,1159.0,1181.0
FR,France,1994,1698.0,eurostat_d11emp,19740.0,0,1666.0,,0.70842280622941,1180.0,1203.0
FR,France,1995,1755.0,eurostat_d11emp,20540.0,0,1722.0,,0.70842280622941,1220.0,1243.0
FR,France,1996,1795.0,eurostat_d11emp,21130.0,0,1761.0,,0.70842280622941,1248.0,1272.0
FR,France,1997,1792.0,eurostat_d11emp,21390.0,0,1758.0,,0.70842280622941,1245.0,1269.0
FR,France,1998,1825.0,eurostat_d11emp,22280.0,0,1791.0,,0.70842280622941,1269.0,1293.0
FR,France,1999,1872.0,eurostat_d11emp,23120.0,0,1837.0,,0.70842280622941,1301.0,1326.0
FR,France,2000,1934.0,eurostat_d11emp,24260.0,0,1898.0,1576.9491666666665,0.70842280622941,1345.0,1370.0
FR,France,2001,1990.0,eurostat_d11emp,25010.0,0,1953.0,1625.8433333333332,0.7115807133999562,1390.0,1416.0
FR,France,2002,2062.0,eurostat_d11emp,25610.0,0,2023.0,1680.83,0.7156274614156466,1448.0,1476.0
FR,France,2003,2116.0,eurostat_d11emp,26140.0,0,2076.0,1717.7366666666667,0.7145574929802059,1483.0,1512.0
FR,France,2004,2192.0,eurostat_d11emp,27140.0,0,2151.0,1760.9658333333334,0.7137121723858416,1535.0,1564.0
FR,France,2005,2263.0,eurostat_d11emp,27990.0,0,2220.0,1809.1291666666666,0.711301108420787,1579.0,1610.0
FR,France,2006,2337.0,eurostat_d11emp,29120.0,0,2293.0,1889.5974999999999,0.7228620340085308,1658.0,1689.0
FR,France,2007,2396.0,eurostat_d11emp,30390.0,0,2315.0,1951.2575,0.722389197060475,1672.0,1731.0
FR,France,2008,2457.0,eurostat_d11emp,31040.0,0,2338.0,2020.8108333333332,0.7221501553012367,1688.0,1774.0
FR,France,2009,2492.0,eurostat_d11emp,30040.0,0,2360.0,2052.3250000000003,0.7215486933083324,1703.0,1798.0
FR,France,2010,2564.0,eurostat_d11emp,30830.0,0,2382.0,2085.983333333333,0.721523073818926,1719.0,1850.0
FR,France,2011,2616.0,eurostat_d11emp,31700.0,0,2434.0,2131.3541666666665,0.7206810561018907,1754.0,1885.0
FR,France,2012,2665.0,eurostat_d11emp,31950.0,0,2486.0,2164.91,0.7187815067924632,1787.0,1916.0
FR,France,2013,2706.0,eurostat_d11emp,32280.0,0,2538.0,2189.095,0.7174224382783483,1821.0,1941.0
FR,France,2014,2727.0,eurostat_d11emp,32620.0,0,2590.0,2214.8716666666664,0.7138031422049147,1849.0,1947.0
FR,France,2015,2757.0,eurostat_d11emp,33200.0,0,2607.0,2246.5625,0.7099078341013825,1851.0,1957.0
FR,France,2016,2794.0,eurostat_d11emp,33530.0,0,2624.0,2240.0583333333334,0.7097214521452145,1862.0,1983.0
FR,France,2017,2853.0,eurostat_d11emp,34290.0,0,2642.0,2251.8733333333334,0.71014611584148,1876.0,2026.0
FR,France,2018,2900.0,eurostat_d11emp,35080.0,0,2659.0,2305.245,0.7158034466697717,1903.0,2076.0
FR,France,2019,2963.0,eurostat_d11emp,36090.0,0,2723.0,2346.148333333333,0.719919952581161,1960.0,2133.0
FR,France,2020,2855.0,eurostat_d11emp,34230.0,0,2786.0,2289.3608333333336,0.7293009710799747,2032.0,2082.0
FR,France,2021,3005.0,eurostat_d11emp,36910.0,0,2850.0,2387.4858333333336,0.7237111928094258,2063.0,2175.0
FR,France,2022,3173.0,eurostat_d11emp,38870.0,0,2914.0,2520.12,0.7223216375665799,2105.0,2292.0
FR,France,2023,3320.0,eurostat_d11emp,41340.0,0,3049.0,2631.125833333333,0.7241617446573492,2208.0,2404.0
FR,France,2024,3408.0,eurostat_d11emp,42680.0,0,3130.0,2510.3425,0.7393755043855774,2314.0,2520.0
FR,France,2025,3468.0,eurostat_d11emp,43350.0,0,3185.0,2569.2999999999997,0.7382282292636394,2351.0,2560.0
GR,Greece,1995,810.0,eurostat_d11emp,9770.0,0,694.0,,0.7840326023675529,544.0,635.0
GR,Greece,1996,878.0,eurostat_d11emp,10580.0,0,752.0,,0.7840326023675529,590.0,688.0
GR,Greece,1997,984.0,eurostat_d11emp,11490.0,0,843.0,,0.7840326023675529,661.0,771.0
GR,Greece,1998,973.0,eurostat_d11emp,11640.0,0,834.0,,0.7840326023675529,654.0,763.0
GR,Greece,1999,1051.0,eurostat_d11emp,12510.0,0,901.0,,0.7840326023675529,706.0,824.0
GR,Greece,2000,1055.0,eurostat_d11emp,12750.0,0,904.0,1010.0300000000001,0.7840326023675529,709.0,827.0
GR,Greece,2001,1101.0,eurostat_d11emp,13570.0,0,943.0,1036.82,0.791667090862815,747.0,872.0
GR,Greece,2002,1207.0,eurostat_d11emp,14580.0,0,1034.0,1126.4158333333332,0.778673310674578,805.0,940.0
GR,Greece,2003,1311.0,eurostat_d11emp,15930.0,0,1123.0,1238.0483333333334,0.7721715176715177,867.0,1012.0
GR,Greece,2004,1372.0,eurostat_d11emp,17240.0,0,1176.0,1347.3008333333335,0.7538753147440083,887.0,1034.0
GR,Greece,2005,1473.0,eurostat_d11emp,17730.0,0,1262.0,1381.0708333333332,0.7528664879843728,950.0,1109.0
GR,Greece,2006,1551.0,eurostat_d11emp,19450.0,0,1329.0,1469.1966666666667,0.7407714285714286,984.0,1149.0
GR,Greece,2007,1607.0,eurostat_d11emp,20750.0,0,1389.0,1482.5075,0.7432667641529142,1032.0,1194.0
GR,Greece,2008,1644.0,eurostat_d11emp,21550.0,0,1450.0,1491.4466666666667,0.7504134171907757,1088.0,1234.0
GR,Greece,2009,1718.0,eurostat_d11emp,21100.0,0,1510.0,1542.5716666666667,0.7534234197566039,1138.0,1294.0
GR,Greece,2010,1676.0,eurostat_d11emp,20100.0,0,1570.0,1547.2866666666666,0.7686471270077827,1207.0,1288.0
GR,Greece,2011,1615.0,eurostat_d11emp,18320.0,0,1524.0,1462.0900000000001,0.7346263032282377,1120.0,1186.0
GR,Greece,2012,1525.0,eurostat_d11emp,16830.0,0,1478.0,1426.42,0.7353628044851142,1087.0,1121.0
GR,Greece,2013,1396.0,eurostat_d11emp,16240.0,0,1433.0,1317.5674999999999,0.7511787343215507,1076.0,1049.0
GR,Greece,2014,1351.0,eurostat_d11emp,16160.0,0,1387.0,1339.1808333333333,0.7536896163586906,1045.0,1018.0
GR,Greece,2015,1344.0,eurostat_d11emp,16210.0,0,1344.0,1300.1616666666666,0.7627445612319727,1025.0,1025.0
GR,Greece,2016,1301.0,eurostat_d11emp,16190.0,0,1300.0,1248.3158333333333,0.7493266970136562,974.0,975.0
GR,Greece,2017,1307.0,eurostat_d11emp,16490.0,0,1256.0,1238.6391666666666,0.7484601440153079,940.0,978.0
GR,Greece,2018,1259.0,eurostat_d11emp,16830.0,0,1213.0,1237.5008333333333,0.7453327645051194,904.0,938.0
GR,Greece,2019,1262.0,eurostat_d11emp,17270.0,0,1256.0,1259.3741666666667,0.7444209644845081,935.0,939.0
GR,Greece,2020,1260.0,eurostat_d11emp,15660.0,0,1300.0,1187.2858333333334,0.7615281415361591,990.0,960.0
GR,Greece,2021,1282.0,eurostat_d11emp,17350.0,0,1344.0,1283.9966666666667,0.768208605474398,1032.0,985.0
GR,Greece,2022,1322.0,eurostat_d11emp,19570.0,0,1387.0,1401.6258333333333,0.7582503831935803,1052.0,1002.0
GR,Greece,2023,1377.0,eurostat_d11emp,21300.0,0,1445.0,1501.8675,0.7490922315973232,1082.0,1032.0
GR,Greece,2024,1455.0,eurostat_d11emp,22480.0,0,1527.0,1145.5216666666668,0.7872892927015894,1202.0,1146.0
GR,Greece,2025,1511.0,eurostat_d11emp,23570.0,0,1585.0,1254.1466666666668,0.830368236942872,1316.0,1255.0
IE,Ireland,1990,1184.0,oecd,12079.0,0,1210.0,,0.7245043484574255,877.0,858.0
IE,Ireland,1991,1266.0,oecd,12171.0,0,1294.0,,0.7245043484574255,938.0,917.0
IE,Ireland,1992,1358.0,oecd,13572.0,0,1388.0,,0.7245043484574255,1006.0,984.0
IE,Ireland,1993,1456.0,oecd,12626.0,0,1488.0,,0.7245043484574255,1078.0,1055.0
IE,Ireland,1994,1505.0,oecd,13682.0,0,1538.0,,0.7245043484574255,1114.0,1090.0
IE,Ireland,1995,1387.0,eurostat_d11emp,14680.0,0,1418.0,,0.7245043484574255,1027.0,1005.0
IE,Ireland,1996,1525.0,eurostat_d11emp,16460.0,0,1559.0,,0.7245043484574255,1130.0,1105.0
IE,Ireland,1997,1767.0,eurostat_d11emp,19950.0,0,1806.0,,0.7245043484574255,1308.0,1280.0
IE,Ireland,1998,1814.0,eurostat_d11emp,21690.0,0,1854.0,,0.7245043484574255,1343.0,1314.0
IE,Ireland,1999,1899.0,eurostat_d11emp,24710.0,0,1941.0,,0.7245043484574255,1406.0,1376.0
IE,Ireland,2000,2047.0,eurostat_d11emp,28520.0,0,2092.0,1746.3,0.7245043484574255,1516.0,1483.0
IE,Ireland,2001,2206.0,eurostat_d11emp,31600.0,0,2255.0,2018.8708333333334,0.7648498268969824,1725.0,1687.0
IE,Ireland,2002,2326.0,eurostat_d11emp,34590.0,0,2377.0,2145.9683333333332,0.7809226680462604,1856.0,1816.0
IE,Ireland,2003,2474.0,eurostat_d11emp,36420.0,0,2529.0,2240.4983333333334,0.7706342445508672,1949.0,1907.0
IE,Ireland,2004,2601.0,eurostat_d11emp,38390.0,0,2658.0,2341.1983333333333,0.764464188436486,2032.0,1988.0
IE,Ireland,2005,2746.0,eurostat_d11emp,40910.0,0,2807.0,2447.9825,0.7717337362966762,2166.0,2119.0
IE,Ireland,2006,2851.0,eurostat_d11emp,43280.0,0,2914.0,2573.2775,0.7849973282056575,2287.0,2238.0
IE,Ireland,2007,3015.0,eurostat_d11emp,44760.0,0,2976.0,2720.515,0.7965408757460667,2371.0,2402.0
IE,Ireland,2008,3166.0,eurostat_d11emp,41630.0,0,3038.0,2836.1008333333334,0.7954823761058978,2417.0,2518.0
IE,Ireland,2009,3155.0,eurostat_d11emp,37320.0,0,3101.0,2703.4216666666666,0.7772652084076072,2410.0,2452.0
IE,Ireland,2010,3110.0,eurostat_d11emp,36660.0,0,3163.0,2678.2241666666664,0.7655592442902889,2421.0,2381.0
IE,Ireland,2011,3238.0,eurostat_d11emp,37790.0,0,3246.0,2596.6025,0.7468555072127507,2424.0,2418.0
IE,Ireland,2012,3262.0,eurostat_d11emp,38400.0,0,3328.0,2628.4775,0.7418539309986678,2469.0,2420.0
IE,Ireland,2013,3230.0,eurostat_d11emp,39540.0,0,3411.0,2627.6066666666666,0.7325019746317892,2499.0,2366.0
IE,Ireland,2014,3264.0,eurostat_d11emp,43070.0,0,3494.0,2640.6158333333333,0.7306086847453218,2553.0,2385.0
IE,Ireland,2015,3307.0,eurostat_d11emp,57950.0,0,3399.0,2695.3766666666666,0.7395925583696847,2514.0,2446.0
IE,Ireland,2016,3386.0,eurostat_d11emp,58030.0,0,3304.0,2778.9125,0.7458017140023827,2464.0,2525.0
IE,Ireland,2017,3477.0,eurostat_d11emp,63930.0,0,3210.0,2831.3816666666667,0.7466723804500703,2397.0,2596.0
IE,Ireland,2018,3598.0,eurostat_d11emp,68490.0,0,3115.0,2927.2099999999996,0.7437873942120705,2317.0,2676.0
IE,Ireland,2019,3735.0,eurostat_d11emp,73190.0,0,3214.0,3187.683333333333,0.7238565616425394,2326.0,2704.0
IE,Ireland,2020,3852.0,eurostat_d11emp,75620.0,0,3312.0,3236.8925,0.7198159816166932,2384.0,2773.0
IE,Ireland,2021,3983.0,eurostat_d11emp,88080.0,0,3411.0,3327.5266666666666,0.7122274543378996,2429.0,2837.0
IE,Ireland,2022,4151.0,eurostat_d11emp,100630.0,0,3510.0,3421.909166666667,0.7146720155942705,2508.0,2967.0
IE,Ireland,2023,4310.0,eurostat_d11emp,98340.0,0,3644.0,3658.068333333333,0.7155510949458382,2607.0,3084.0
IE,Ireland,2024,4571.0,eurostat_d11emp,104350.0,0,3865.0,3530.5158333333334,0.7757073908474044,2998.0,3546.0
IE,Ireland,2025,4799.0,eurostat_d11emp,110150.0,0,4058.0,3688.6083333333336,0.7835316267566192,3180.0,3760.0
IT,Italy,1990,1204.0,oecd,18175.0,0,1132.0,,0.7095498839907193,803.0,854.0
IT,Italy,1991,1297.0,oecd,19181.0,0,1220.0,,0.7095498839907193,866.0,920.0
IT,Italy,1992,1363.0,oecd,20344.0,0,1282.0,,0.7095498839907193,910.0,967.0
IT,Italy,1993,1414.0,oecd,16345.0,0,1330.0,,0.7095498839907193,944.0,1003.0
IT,Italy,1994,1467.0,oecd,16853.0,0,1379.0,,0.7095498839907193,978.0,1041.0
IT,Italy,1995,1302.0,eurostat_d11emp,15840.0,0,1224.0,,0.7095498839907193,868.0,924.0
IT,Italy,1996,1488.0,eurostat_d11emp,18210.0,0,1399.0,,0.7095498839907193,993.0,1056.0
IT,Italy,1997,1572.0,eurostat_d11emp,19320.0,0,1478.0,,0.7095498839907193,1049.0,1115.0
IT,Italy,1998,1597.0,eurostat_d11emp,19980.0,0,1502.0,,0.7095498839907193,1066.0,1133.0
IT,Italy,1999,1643.0,eurostat_d11emp,20690.0,0,1545.0,,0.7095498839907193,1096.0,1166.0
IT,Italy,2000,1691.0,eurostat_d11emp,21860.0,0,1590.0,1274.2333333333333,0.7095498839907193,1128.0,1200.0
IT,Italy,2001,1749.0,eurostat_d11emp,22970.0,0,1645.0,1322.1791666666666,0.7152713912181048,1177.0,1251.0
IT,Italy,2002,1786.0,eurostat_d11emp,23740.0,0,1679.0,1342.0083333333334,0.7113118374558304,1194.0,1270.0
IT,Italy,2003,1827.0,eurostat_d11emp,24380.0,0,1718.0,1384.8208333333332,0.7189828235192315,1235.0,1314.0
IT,Italy,2004,1893.0,eurostat_d11emp,25200.0,0,1780.0,1413.2266666666667,0.7148640559794293,1272.0,1353.0
IT,Italy,2005,1951.0,eurostat_d11emp,25770.0,0,1835.0,1466.8016666666665,0.7199026584867075,1321.0,1405.0
IT,Italy,2006,2011.0,eurostat_d11emp,26710.0,0,1891.0,1498.7124999999999,0.7125133711025712,1347.0,1433.0
IT,Italy,2007,2052.0,eurostat_d11emp,27600.0,0,1932.0,1522.7158333333334,0.7081026932764968,1368.0,1453.0
IT,Italy,2008,2110.0,eurostat_d11emp,27760.0,0,1974.0,1576.4841666666669,0.7047051592475322,1391.0,1487.0
IT,Italy,2009,2114.0,eurostat_d11emp,26600.0,0,2016.0,1605.7966666666669,0.7027812830518984,1417.0,1486.0
IT,Italy,2010,2161.0,eurostat_d11emp,27050.0,0,2057.0,1642.0974999999999,0.6977010232624012,1435.0,1508.0
IT,Italy,2011,2184.0,eurostat_d11emp,27610.0,0,2084.0,1665.3016666666665,0.6921453311166528,1442.0,1512.0
IT,Italy,2012,2159.0,eurostat_d11emp,27130.0,0,2111.0,1693.9733333333334,0.6904782608695652,1458.0,1491.0
IT,Italy,2013,2178.0,eurostat_d11emp,26880.0,0,2138.0,1721.3833333333332,0.6889437347830437,1473.0,1501.0
IT,Italy,2014,2189.0,eurostat_d11emp,27120.0,0,2165.0,1744.2175,0.6897093617161499,1493.0,1510.0
IT,Italy,2015,2217.0,eurostat_d11emp,27620.0,0,2170.0,1754.3016666666665,0.6890873977086742,1495.0,1528.0
IT,Italy,2016,2234.0,eurostat_d11emp,28360.0,0,2176.0,1757.7291666666667,0.6888778209608413,1499.0,1539.0
IT,Italy,2017,2244.0,eurostat_d11emp,29070.0,0,2181.0,1761.5541666666668,0.6886451003388064,1502.0,1545.0
IT,Italy,2018,2272.0,eurostat_d11emp,29690.0,0,2186.0,1774.5683333333334,0.6877727536980816,1503.0,1563.0
IT,Italy,2019,2297.0,eurostat_d11emp,30200.0,0,2205.0,1791.6816666666666,0.685395772896809,1511.0,1574.0
IT,Italy,2020,2197.0,eurostat_d11emp,28100.0,0,2224.0,1875.6408333333331,0.6986494288552272,1554.0,1535.0
IT,Italy,2021,2351.0,eurostat_d11emp,31160.0,0,2243.0,1959.3033333333333,0.7100854700854701,1593.0,1669.0
IT,Italy,2022,2443.0,eurostat_d11emp,33860.0,0,2262.0,1986.6075,0.7155078336034576,1618.0,1748.0
IT,Italy,2023,2512.0,eurostat_d11emp,36330.0,0,2326.0,2049.375833333333,0.7174638970738395,1669.0,1802.0
IT,Italy,2024,2597.0,eurostat_d11emp,37350.0,0,2405.0,1996.6216666666667,0.7680170736992459,1847.0,1995.0
IT,Italy,2025,2669.0,eurostat_d11emp,38310.0,0,2471.0,2039.2725,0.7588781342800367,1875.0,2025.0
LV,Latvia,1996,170.0,eurostat_d11emp,1860.0,0,103.0,,0.7212046632124353,74.0,123.0
LV,Latvia,1997,202.0,eurostat_d11emp,2300.0,0,122.0,,0.7212046632124353,88.0,146.0
LV,Latvia,1998,219.0,eurostat_d11emp,2590.0,0,133.0,,0.7212046632124353,96.0,158.0
LV,Latvia,1999,248.0,eurostat_d11emp,2870.0,0,150.0,,0.7212046632124353,108.0,179.0
LV,Latvia,2000,303.0,eurostat_d11emp,3560.0,0,184.0,139.1925,0.7212046632124353,133.0,219.0
LV,Latvia,2001,323.0,eurostat_d11emp,3930.0,0,196.0,148.7475,0.7185869565217391,141.0,232.0
LV,Latvia,2002,324.0,eurostat_d11emp,4260.0,0,196.0,157.62,0.7164545454545455,140.0,232.0
LV,Latvia,2003,333.0,eurostat_d11emp,4380.0,0,202.0,174.6825,0.7129897959183674,144.0,237.0
LV,Latvia,2004,371.0,eurostat_d11emp,4960.0,0,225.0,194.475,0.7097627737226276,160.0,263.0
LV,Latvia,2005,455.0,eurostat_d11emp,5910.0,0,276.0,225.1875,0.7059169278996865,195.0,321.0
LV,Latvia,2006,558.0,eurostat_d11emp,7410.0,0,338.0,280.97083333333336,0.7113185654008439,240.0,397.0
LV,Latvia,2007,752.0,eurostat_d11emp,9810.0,0,377.0,369.2733333333333,0.7170355987055016,270.0,539.0
LV,Latvia,2008,880.0,eurostat_d11emp,10720.0,0,416.0,453.655,0.7281781701444623,303.0,641.0
LV,Latvia,2009,761.0,eurostat_d11emp,8590.0,0,455.0,452.08166666666665,0.7338988095238095,334.0,558.0
LV,Latvia,2010,713.0,eurostat_d11emp,8380.0,0,494.0,422.38416666666666,0.6947108004385965,343.0,495.0
LV,Latvia,2011,731.0,eurostat_d11emp,9240.0,0,516.0,440.53749999999997,0.6926690251572327,357.0,506.0
LV,Latvia,2012,796.0,eurostat_d11emp,10460.0,0,538.0,455.2225,0.6918275075987842,372.0,551.0
LV,Latvia,2013,834.0,eurostat_d11emp,10930.0,0,559.0,481.4066666666667,0.69870343492985,391.0,583.0
LV,Latvia,2014,907.0,eurostat_d11emp,11430.0,0,581.0,522.0283333333333,0.7044916779127306,409.0,639.0
LV,Latvia,2015,976.0,eurostat_d11emp,12010.0,0,649.0,567.8808333333333,0.7107394659991656,461.0,694.0
LV,Latvia,2016,1038.0,eurostat_d11emp,12500.0,0,717.0,601.0191666666666,0.7112652859960552,510.0,738.0
LV,Latvia,2017,1115.0,eurostat_d11emp,13400.0,0,785.0,647.7158333333333,0.7078861566484518,556.0,789.0
LV,Latvia,2018,1192.0,eurostat_d11emp,14620.0,0,853.0,706.235,0.712648839556004,608.0,849.0
LV,Latvia,2019,1246.0,eurostat_d11emp,15450.0,0,950.0,762.0041666666666,0.7141557325835676,678.0,890.0
LV,Latvia,2020,1281.0,eurostat_d11emp,15370.0,0,1046.0,815.57,0.7166695957820738,750.0,918.0
LV,Latvia,2021,1376.0,eurostat_d11emp,17130.0,0,1142.0,935.7908333333334,0.7351067033254779,839.0,1012.0
LV,Latvia,2022,1555.0,eurostat_d11emp,19130.0,0,1239.0,1012.2883333333333,0.736209696969697,912.0,1145.0
LV,Latvia,2023,1638.0,eurostat_d11emp,21030.0,0,1305.0,1118.1666666666667,0.7293976951511199,952.0,1195.0
LV,Latvia,2024,1804.0,eurostat_d11emp,21800.0,0,1437.0,1287.54,0.7137218816173129,1026.0,1288.0
LV,Latvia,2025,1958.0,eurostat_d11emp,23410.0,0,1560.0,1399.3891666666666,0.7350891246870129,1147.0,1439.0
LT,Lithuania,1995,108.0,eurostat_d11emp,1420.0,0,69.0,,0.7124611667241976,49.0,77.0
LT,Lithuania,1996,146.0,eurostat_d11emp,1840.0,0,94.0,,0.7124611667241976,67.0,104.0
LT,Lithuania,1997,197.0,eurostat_d11emp,2510.0,0,126.0,,0.7124611667241976,90.0,140.0
LT,Lithuania,1998,231.0,eurostat_d11emp,2840.0,0,148.0,,0.7124611667241976,105.0,165.0
LT,Lithuania,1999,250.0,eurostat_d11emp,2930.0,0,160.0,,0.7124611667241976,114.0,178.0
LT,Lithuania,2000,284.0,eurostat_d11emp,3570.0,0,182.0,189.20000000000002,0.7124611667241976,130.0,202.0
LT,Lithuania,2001,315.0,eurostat_d11emp,3940.0,0,202.0,195.25333333333333,0.7121485669128598,144.0,224.0
LT,Lithuania,2002,346.0,eurostat_d11emp,4410.0,0,222.0,209.19916666666666,0.719231143886912,160.0,249.0
LT,Lithuania,2003,380.0,eurostat_d11emp,4880.0,0,244.0,224.52833333333334,0.7301299109538185,178.0,277.0
LT,Lithuania,2004,423.0,eurostat_d11emp,5420.0,0,272.0,239.32000000000002,0.7238302634364698,197.0,306.0
LT,Lithuania,2005,480.0,eurostat_d11emp,6320.0,0,308.0,261.43333333333334,0.7158993925397861,220.0,344.0
LT,Lithuania,2006,578.0,eurostat_d11emp,7340.0,0,371.0,312.64416666666665,0.7289470309591628,270.0,421.0
LT,Lithuania,2007,653.0,eurostat_d11emp,8990.0,0,395.0,392.8433333333333,0.7476215171223807,295.0,488.0
LT,Lithuania,2008,739.0,eurostat_d11emp,10220.0,0,418.0,472.27666666666664,0.7660797370036038,320.0,566.0
LT,Lithuania,2009,669.0,eurostat_d11emp,8530.0,0,442.0,446.7891666666667,0.7776354759825834,344.0,520.0
LT,Lithuania,2010,677.0,eurostat_d11emp,8930.0,0,466.0,437.08500000000004,0.7787636635753802,363.0,527.0
LT,Lithuania,2011,718.0,eurostat_d11emp,10260.0,0,484.0,450.10833333333335,0.7772616467649234,376.0,558.0
LT,Lithuania,2012,750.0,eurostat_d11emp,11120.0,0,502.0,469.64416666666665,0.7751747871812188,389.0,581.0
LT,Lithuania,2013,788.0,eurostat_d11emp,11780.0,0,521.0,496.24083333333334,0.772611800484724,403.0,609.0
LT,Lithuania,2014,823.0,eurostat_d11emp,12400.0,0,539.0,523.7058333333333,0.7743118700869865,417.0,637.0
LT,Lithuania,2015,871.0,eurostat_d11emp,12860.0,0,595.0,554.3208333333333,0.7713899712403748,459.0,672.0
LT,Lithuania,2016,925.0,eurostat_d11emp,13490.0,0,652.0,601.4375,0.7702836834016393,502.0,713.0
LT,Lithuania,2017,1010.0,eurostat_d11emp,14870.0,0,708.0,658.1408333333333,0.7731009436548024,547.0,781.0
LT,Lithuania,2018,1087.0,eurostat_d11emp,16300.0,0,764.0,724.2216666666667,0.7785236943473977,595.0,846.0
LT,Lithuania,2019,1486.0,eurostat_d11emp,17520.0,0,955.0,816.2433333333333,0.6345915127955944,606.0,943.0
LT,Lithuania,2020,1582.0,eurostat_d11emp,17890.0,0,1146.0,898.9641666666666,0.6404247108831421,734.0,1013.0
LT,Lithuania,2021,1769.0,eurostat_d11emp,20190.0,0,1338.0,983.1841666666666,0.6356657184112411,851.0,1124.0
LT,Lithuania,2022,1973.0,eurostat_d11emp,23690.0,0,1529.0,1108.1366666666665,0.6273773802109872,959.0,1238.0
LT,Lithuania,2023,2212.0,eurostat_d11emp,25880.0,0,1714.0,1231.9508333333333,0.6209742594552817,1064.0,1374.0
LT,Lithuania,2024,2371.0,eurostat_d11emp,27350.0,0,1837.0,1452.0858333333333,0.612492864514351,1125.0,1452.0
LT,Lithuania,2025,2608.0,eurostat_d11emp,29170.0,0,2021.0,1554.1983333333335,0.6094321841604451,1232.0,1589.0
LU,Luxembourg,1990,2176.0,oecd,29263.0,0,1554.0,,0.7133388153310104,1109.0,1552.0
LU,Luxembourg,1991,2313.0,oecd,31281.0,0,1652.0,,0.7133388153310104,1178.0,1650.0
LU,Luxembourg,1992,2475.0,oecd,34568.0,0,1768.0,,0.7133388153310104,1261.0,1766.0
LU,Luxembourg,1993,2623.0,oecd,34941.0,0,1874.0,,0.7133388153310104,1337.0,1871.0
LU,Luxembourg,1994,2735.0,oecd,38325.0,0,1954.0,,0.7133388153310104,1394.0,1951.0
LU,Luxembourg,1995,2731.0,eurostat_d11emp,38940.0,0,1951.0,,0.7133388153310104,1392.0,1948.0
LU,Luxembourg,1996,2776.0,eurostat_d11emp,39720.0,0,1983.0,,0.7133388153310104,1415.0,1980.0
LU,Luxembourg,1997,2774.0,eurostat_d11emp,41130.0,0,1982.0,,0.7133388153310104,1414.0,1979.0
LU,Luxembourg,1998,2797.0,eurostat_d11emp,42350.0,0,1998.0,,0.7133388153310104,1425.0,1995.0
LU,Luxembourg,1999,2969.0,eurostat_d11emp,47640.0,0,2121.0,,0.7133388153310104,1513.0,2118.0
LU,Luxembourg,2000,3141.0,eurostat_d11emp,52600.0,0,2244.0,2132.585833333333,0.7133388153310104,1601.0,2241.0
LU,Luxembourg,2001,3227.0,eurostat_d11emp,54040.0,0,2305.0,2291.09,0.7283899854285336,1679.0,2351.0
LU,Luxembourg,2002,3360.0,eurostat_d11emp,56000.0,0,2400.0,2435.215,0.7601732480099891,1824.0,2554.0
LU,Luxembourg,2003,3394.0,eurostat_d11emp,57990.0,0,2425.0,2488.2833333333333,0.754272867355445,1829.0,2560.0
LU,Luxembourg,2004,3520.0,eurostat_d11emp,61480.0,0,2515.0,2534.9733333333334,0.7497148490449784,1886.0,2639.0
LU,Luxembourg,2005,3639.0,eurostat_d11emp,65020.0,0,2600.0,2598.0275,0.7411141412095609,1927.0,2697.0
LU,Luxembourg,2006,3809.0,eurostat_d11emp,72260.0,0,2721.0,2664.116666666667,0.7342727852773362,1998.0,2797.0
LU,Luxembourg,2007,3985.0,eurostat_d11emp,78310.0,0,2813.0,2727.2966666666666,0.7230278679205976,2034.0,2881.0
LU,Luxembourg,2008,4087.0,eurostat_d11emp,81780.0,0,2906.0,2846.3583333333336,0.7260721512451382,2110.0,2967.0
LU,Luxembourg,2009,4111.0,eurostat_d11emp,78380.0,0,2998.0,2961.6474999999996,0.7375934995053276,2211.0,3032.0
LU,Luxembourg,2010,4201.0,eurostat_d11emp,83550.0,0,3090.0,3013.924166666666,0.7323259750620613,2263.0,3077.0
LU,Luxembourg,2011,4359.0,eurostat_d11emp,85330.0,0,3114.0,3023.1875,0.7159106584071168,2229.0,3121.0
LU,Luxembourg,2012,4420.0,eurostat_d11emp,87540.0,0,3138.0,3112.861666666666,0.7187535356256373,2255.0,3177.0
LU,Luxembourg,2013,4550.0,eurostat_d11emp,90030.0,0,3162.0,3149.3349999999996,0.70468058922245,2228.0,3206.0
LU,Luxembourg,2014,4650.0,eurostat_d11emp,92760.0,0,3186.0,3203.6233333333334,0.6999905316824473,2230.0,3255.0
LU,Luxembourg,2015,4723.0,eurostat_d11emp,95090.0,0,3238.0,3219.2325,0.691589208349744,2239.0,3266.0
LU,Luxembourg,2016,4760.0,eurostat_d11emp,96230.0,0,3291.0,3244.644166666667,0.6897627905328799,2270.0,3283.0
LU,Luxembourg,2017,4910.0,eurostat_d11emp,97440.0,0,3344.0,3445.0325,0.7098525018029466,2374.0,3485.0
LU,Luxembourg,2018,5085.0,eurostat_d11emp,98870.0,0,3396.0,3505.2900000000004,0.7041916528552057,2391.0,3581.0
LU,Luxembourg,2019,5197.0,eurostat_d11emp,100420.0,0,3586.0,3554.230833333333,0.7003870533368365,2512.0,3640.0
LU,Luxembourg,2020,5260.0,eurostat_d11emp,102190.0,0,3777.0,3697.86,0.6887855457593444,2602.0,3623.0
LU,Luxembourg,2021,5554.0,eurostat_d11emp,113920.0,0,3968.0,3744.568333333333,0.6858497794465559,2721.0,3809.0
LU,Luxembourg,2022,5812.0,eurostat_d11emp,117100.0,0,4158.0,3907.0741666666668,0.6836724605558634,2843.0,3974.0
LU,Luxembourg,2023,6243.0,eurostat_d11emp,122970.0,0,4466.0,4066.4583333333335,0.6689812593394843,2988.0,4176.0
LU,Luxembourg,2024,6470.0,eurostat_d11emp,127030.0,0,4629.0,4335.748333333334,0.6701093679082029,3102.0,4336.0
LU,Luxembourg,2025,6701.0,eurostat_d11emp,130300.0,0,4794.0,4521.660833333333,0.6735758557130628,3229.0,4514.0
NL,Netherlands,1990,2036.0,oecd,19126.0,0,1776.0,,0.6638083445660011,1179.0,1352.0
NL,Netherlands,1991,2125.0,oecd,19548.0,0,1854.0,,0.6638083445660011,1231.0,1411.0
NL,Netherlands,1992,2202.0,oecd,21439.0,0,1921.0,,0.6638083445660011,1275.0,1462.0
NL,Netherlands,1993,2288.0,oecd,20699.0,0,1996.0,,0.6638083445660011,1325.0,1519.0
NL,Netherlands,1994,2364.0,oecd,22098.0,0,2062.0,,0.6638083445660011,1369.0,1569.0
NL,Netherlands,1995,2040.0,eurostat_d11emp,22410.0,0,1779.0,,0.6638083445660011,1181.0,1354.0
NL,Netherlands,1996,2028.0,eurostat_d11emp,22900.0,0,1769.0,,0.6638083445660011,1174.0,1346.0
NL,Netherlands,1997,2023.0,eurostat_d11emp,23600.0,0,1765.0,,0.6638083445660011,1172.0,1343.0
NL,Netherlands,1998,1967.0,eurostat_d11emp,24960.0,0,1716.0,,0.6638083445660011,1139.0,1306.0
NL,Netherlands,1999,2054.0,eurostat_d11emp,26570.0,0,1792.0,,0.6638083445660011,1190.0,1363.0
NL,Netherlands,2000,2145.0,eurostat_d11emp,28390.0,0,1871.0,1764.6791666666668,0.6638083445660011,1242.0,1424.0
NL,Netherlands,2001,2242.0,eurostat_d11emp,30100.0,0,1956.0,1959.7216666666666,0.693706784660767,1357.0,1555.0
NL,Netherlands,2002,2312.0,eurostat_d11emp,31140.0,0,2017.0,2034.3658333333333,0.6935338068181818,1399.0,1603.0
NL,Netherlands,2003,2372.0,eurostat_d11emp,31740.0,0,2069.0,2100.6066666666666,0.6887234972677595,1425.0,1634.0
NL,Netherlands,2004,2434.0,eurostat_d11emp,32650.0,0,2123.0,2130.2408333333333,0.6744825857519788,1432.0,1642.0
NL,Netherlands,2005,2469.0,eurostat_d11emp,33890.0,0,2154.0,2176.5116666666668,0.674887338501292,1454.0,1666.0
NL,Netherlands,2006,2536.0,eurostat_d11emp,35940.0,0,2212.0,2295.2533333333336,0.6750745098039216,1493.0,1712.0
NL,Netherlands,2007,2615.0,eurostat_d11emp,38020.0,0,2328.0,2363.4775,0.6752792857142857,1572.0,1766.0
NL,Netherlands,2008,2689.0,eurostat_d11emp,39600.0,0,2443.0,2414.7366666666667,0.6715996847911742,1641.0,1806.0
NL,Netherlands,2009,2753.0,eurostat_d11emp,38120.0,0,2558.0,2524.3075,0.6820609294785193,1745.0,1878.0
NL,Netherlands,2010,2788.0,eurostat_d11emp,38700.0,0,2674.0,2575.1175,0.6834327103837222,1827.0,1905.0
NL,Netherlands,2011,2831.0,eurostat_d11emp,39300.0,0,2682.0,2634.35,0.6829606585002269,1832.0,1933.0
NL,Netherlands,2012,2866.0,eurostat_d11emp,39290.0,0,2690.0,2644.3925,0.6799380758517248,1829.0,1949.0
NL,Netherlands,2013,2921.0,eurostat_d11emp,39610.0,0,2699.0,2749.3475,0.688053597497393,1857.0,2010.0
NL,Netherlands,2014,2934.0,eurostat_d11emp,40240.0,0,2707.0,2810.320833333333,0.6973500827129859,1888.0,2046.0
NL,Netherlands,2015,2972.0,eurostat_d11emp,41270.0,0,2748.0,2879.2916666666665,0.6974465078724263,1917.0,2073.0
NL,Netherlands,2016,3026.0,eurostat_d11emp,42290.0,0,2788.0,2914.6416666666664,0.6978391859537111,1946.0,2112.0
NL,Netherlands,2017,3049.0,eurostat_d11emp,43830.0,0,2829.0,2952.1983333333333,0.6966839724680433,1971.0,2124.0
NL,Netherlands,2018,3097.0,eurostat_d11emp,45690.0,0,2870.0,2986.515,0.6946729986431479,1994.0,2151.0
NL,Netherlands,2019,3175.0,eurostat_d11emp,47840.0,0,2974.0,3116.853333333333,0.7061023220690956,2100.0,2242.0
NL,Netherlands,2020,3298.0,eurostat_d11emp,46810.0,0,3078.0,3261.9058333333337,0.7154609760555658,2202.0,2360.0
NL,Netherlands,2021,3393.0,eurostat_d11emp,50850.0,0,3181.0,3388.3841666666667,0.7219568536931819,2297.0,2450.0
NL,Netherlands,2022,3486.0,eurostat_d11emp,56140.0,0,3285.0,3525.9583333333335,0.7184836135167261,2360.0,2505.0
NL,Netherlands,2023,3714.0,eurostat_d11emp,58740.0,0,3500.0,3763.0316666666663,0.7270388021252616,2545.0,2700.0
NL,Netherlands,2024,3945.0,eurostat_d11emp,61980.0,0,3718.0,2851.950833333334,0.7191381372521827,2674.0,2837.0
NL,Netherlands,2025,4137.0,eurostat_d11emp,64710.0,0,3898.0,2986.4108333333334,0.7167483477775298,2794.0,2965.0
PT,Portugal,1995,793.0,eurostat_d11emp,9080.0,0,527.0,,0.7716246020311972,407.0,612.0
PT,Portugal,1996,846.0,eurostat_d11emp,9600.0,0,563.0,,0.7716246020311972,434.0,653.0
PT,Portugal,1997,878.0,eurostat_d11emp,10220.0,0,584.0,,0.7716246020311972,451.0,677.0
PT,Portugal,1998,908.0,eurostat_d11emp,10890.0,0,604.0,,0.7716246020311972,466.0,701.0
PT,Portugal,1999,972.0,eurostat_d11emp,11710.0,0,646.0,,0.7716246020311972,498.0,750.0
PT,Portugal,2000,1023.0,eurostat_d11emp,12480.0,0,680.0,723.0508333333333,0.7716246020311972,525.0,789.0
PT,Portugal,2001,1070.0,eurostat_d11emp,13100.0,0,712.0,764.6616666666667,0.7848788373863433,559.0,840.0
PT,Portugal,2002,1105.0,eurostat_d11emp,13680.0,0,735.0,791.6041666666666,0.7848959228460756,577.0,867.0
PT,Portugal,2003,1141.0,eurostat_d11emp,13970.0,0,759.0,820.2624999999999,0.7827735192302646,594.0,893.0
PT,Portugal,2004,1170.0,eurostat_d11emp,14520.0,0,778.0,846.5491666666667,0.7813728996727162,608.0,914.0
PT,Portugal,2005,1208.0,eurostat_d11emp,15100.0,0,803.0,882.2133333333333,0.7878727890159106,633.0,952.0
PT,Portugal,2006,1227.0,eurostat_d11emp,15800.0,0,816.0,906.8975,0.7876864126831556,643.0,966.0
PT,Portugal,2007,1272.0,eurostat_d11emp,16640.0,0,831.0,946.9133333333333,0.7844541800654186,652.0,998.0
PT,Portugal,2008,1302.0,eurostat_d11emp,16960.0,0,846.0,976.2683333333333,0.7859578173660207,665.0,1023.0
PT,Portugal,2009,1336.0,eurostat_d11emp,16600.0,0,862.0,1000.5366666666667,0.7886915006266735,680.0,1054.0
PT,Portugal,2010,1358.0,eurostat_d11emp,17010.0,0,877.0,1015.8233333333333,0.78670119839199,690.0,1068.0
PT,Portugal,2011,1331.0,eurostat_d11emp,16670.0,0,880.0,1000.68,0.7743403234543063,681.0,1031.0
PT,Portugal,2012,1291.0,eurostat_d11emp,16000.0,0,882.0,1021.0841666666666,0.7835973567600165,691.0,1012.0
PT,Portugal,2013,1327.0,eurostat_d11emp,16300.0,0,884.0,977.4416666666666,0.7441268834258524,658.0,987.0
PT,Portugal,2014,1310.0,eurostat_d11emp,16620.0,0,887.0,971.9808333333334,0.7454069398856815,661.0,976.0
PT,Portugal,2015,1318.0,eurostat_d11emp,17280.0,0,898.0,961.3233333333333,0.7309998884731981,656.0,963.0
PT,Portugal,2016,1336.0,eurostat_d11emp,18000.0,0,909.0,975.3533333333334,0.7378740911518076,671.0,986.0
PT,Portugal,2017,1365.0,eurostat_d11emp,18910.0,0,920.0,994.8583333333332,0.738822480977563,680.0,1008.0
PT,Portugal,2018,1416.0,eurostat_d11emp,19840.0,0,931.0,1033.4791666666667,0.7472513766465078,696.0,1058.0
PT,Portugal,2019,1491.0,eurostat_d11emp,20710.0,0,969.0,1068.6166666666666,0.7415185998382045,719.0,1106.0
PT,Portugal,2020,1521.0,eurostat_d11emp,19360.0,0,1006.0,1077.8991666666668,0.7403289208593564,745.0,1126.0
PT,Portugal,2021,1605.0,eurostat_d11emp,20800.0,0,1044.0,1125.2116666666668,0.7334307073667675,766.0,1177.0
PT,Portugal,2022,1709.0,eurostat_d11emp,23300.0,0,1082.0,1184.4633333333334,0.7312882627533077,791.0,1250.0
PT,Portugal,2023,1870.0,eurostat_d11emp,25560.0,0,1184.0,1275.0908333333334,0.7286316605523111,863.0,1363.0
PT,Portugal,2024,2002.0,eurostat_d11emp,27100.0,0,1268.0,1569.5766666666666,0.7840865758479494,994.0,1570.0
PT,Portugal,2025,2092.0,eurostat_d11emp,28390.0,0,1324.0,1642.3858333333335,0.7824946440454015,1036.0,1637.0
SK,Slovakia,1994,219.0,oecd,2646.0,0,166.0,,0.7984247024913673,133.0,175.0
SK,Slovakia,1995,198.0,eurostat_d11emp,2890.0,0,150.0,,0.7984247024913673,120.0,158.0
SK,Slovakia,1996,223.0,eurostat_d11emp,3200.0,0,169.0,,0.7984247024913673,135.0,178.0
SK,Slovakia,1997,269.0,eurostat_d11emp,3610.0,0,204.0,,0.7984247024913673,163.0,215.0
SK,Slovakia,1998,285.0,eurostat_d11emp,3790.0,0,217.0,,0.7984247024913673,173.0,228.0
SK,Slovakia,1999,274.0,eurostat_d11emp,3620.0,0,208.0,,0.7984247024913673,166.0,219.0
SK,Slovakia,2000,320.0,eurostat_d11emp,4140.0,0,243.0,349.72,0.7984247024913673,194.0,255.0
SK,Slovakia,2001,331.0,eurostat_d11emp,4440.0,0,252.0,361.1658333333333,0.787819132015451,199.0,261.0
SK,Slovakia,2002,364.0,eurostat_d11emp,4890.0,0,277.0,379.1641666666667,0.7947254336522154,220.0,289.0
SK,Slovakia,2003,405.0,eurostat_d11emp,5560.0,0,308.0,400.39750000000004,0.7889022978597642,243.0,320.0
SK,Slovakia,2004,453.0,eurostat_d11emp,6430.0,0,344.0,437.30333333333334,0.7769366637697338,267.0,352.0
SK,Slovakia,2005,510.0,eurostat_d11emp,7280.0,0,388.0,470.37583333333333,0.777891091305744,302.0,397.0
SK,Slovakia,2006,575.0,eurostat_d11emp,8460.0,0,437.0,501.5825,0.7752304508038891,339.0,446.0
SK,Slovakia,2007,692.0,eurostat_d11emp,10440.0,0,498.0,534.0333333333333,0.7743242002290928,386.0,536.0
SK,Slovakia,2008,789.0,eurostat_d11emp,12220.0,0,559.0,585.2624999999999,0.7695245003347354,430.0,607.0
SK,Slovakia,2009,844.0,eurostat_d11emp,11820.0,0,620.0,605.3766666666667,0.7840084093560561,486.0,662.0
SK,Slovakia,2010,886.0,eurostat_d11emp,12660.0,0,681.0,624.4741666666666,0.7811973225110684,532.0,692.0
SK,Slovakia,2011,910.0,eurostat_d11emp,13270.0,0,702.0,636.8958333333334,0.7695541414100732,540.0,700.0
SK,Slovakia,2012,932.0,eurostat_d11emp,13640.0,0,722.0,649.7725,0.7698308247478662,556.0,717.0
SK,Slovakia,2013,949.0,eurostat_d11emp,13790.0,0,742.0,661.3816666666667,0.770358506957083,572.0,731.0
SK,Slovakia,2014,962.0,eurostat_d11emp,14130.0,0,763.0,687.5266666666666,0.7687975354704766,587.0,740.0
SK,Slovakia,2015,993.0,eurostat_d11emp,14820.0,0,817.0,702.2291666666666,0.7672560336593837,627.0,762.0
SK,Slovakia,2016,1021.0,eurostat_d11emp,15030.0,0,870.0,721.195,0.7653675503629029,666.0,781.0
SK,Slovakia,2017,1069.0,eurostat_d11emp,15620.0,0,924.0,746.7525,0.7629882542263925,705.0,816.0
SK,Slovakia,2018,1132.0,eurostat_d11emp,16580.0,0,978.0,788.7175000000001,0.7598849327034553,743.0,860.0
SK,Slovakia,2019,1201.0,eurostat_d11emp,17340.0,0,1068.0,831.2516666666667,0.7583329025352217,810.0,911.0
SK,Slovakia,2020,1247.0,eurostat_d11emp,17270.0,0,1158.0,854.2366666666667,0.7639658278139773,885.0,953.0
SK,Slovakia,2021,1330.0,eurostat_d11emp,18730.0,0,1248.0,915.2083333333334,0.7608428330440987,950.0,1012.0
SK,Slovakia,2022,1413.0,eurostat_d11emp,20150.0,0,1338.0,987.2375000000001,0.7570602658786887,1013.0,1070.0
SK,Slovakia,2023,1554.0,eurostat_d11emp,22640.0,0,1472.0,1085.6299999999999,0.7557181101768409,1112.0,1174.0
SK,Slovakia,2024,1652.0,eurostat_d11emp,23850.0,0,1564.0,1248.3758333333333,0.7555702495011792,1182.0,1248.0
SK,Slovakia,2025,1747.0,eurostat_d11emp,25060.0,0,1654.0,1307.16,0.7540104175679652,1247.0,1317.0
SI,Slovenia,1995,816.0,eurostat_d11emp,8220.0,0,550.0,,0.6444414212134125,354.0,526.0
SI,Slovenia,1996,858.0,eurostat_d11emp,8500.0,0,578.0,,0.6444414212134125,372.0,553.0
SI,Slovenia,1997,931.0,eurostat_d11emp,9210.0,0,627.0,,0.6444414212134125,404.0,600.0
SI,Slovenia,1998,984.0,eurostat_d11emp,9940.0,0,663.0,,0.6444414212134125,427.0,634.0
SI,Slovenia,1999,1019.0,eurostat_d11emp,10650.0,0,687.0,,0.6444414212134125,443.0,657.0
SI,Slovenia,2000,1055.0,eurostat_d11emp,10920.0,0,711.0,477.6433333333334,0.6444414212134125,458.0,680.0
SI,Slovenia,2001,1118.0,eurostat_d11emp,11560.0,0,753.0,531.0116666666667,0.6456134307338474,486.0,722.0
SI,Slovenia,2002,1160.0,eurostat_d11emp,12370.0,0,782.0,579.0233333333333,0.6467023511355461,506.0,750.0
SI,Slovenia,2003,1206.0,eurostat_d11emp,13030.0,0,813.0,626.4325,0.6455865138779987,525.0,779.0
SI,Slovenia,2004,1265.0,eurostat_d11emp,13760.0,0,852.0,667.5866666666667,0.6441290953372233,549.0,815.0
SI,Slovenia,2005,1339.0,eurostat_d11emp,14450.0,0,902.0,706.2266666666666,0.6528446478836349,589.0,874.0
SI,Slovenia,2006,1410.0,eurostat_d11emp,15590.0,0,950.0,742.9991666666666,0.6515521881757322,619.0,919.0
SI,Slovenia,2007,1498.0,eurostat_d11emp,17310.0,0,1024.0,818.4066666666666,0.6715062751493147,688.0,1006.0
SI,Slovenia,2008,1608.0,eurostat_d11emp,18670.0,0,1099.0,879.7441666666667,0.6694855384584164,736.0,1077.0
SI,Slovenia,2009,1636.0,eurostat_d11emp,17550.0,0,1174.0,898.5566666666667,0.6706047127191673,787.0,1097.0
SI,Slovenia,2010,1702.0,eurostat_d11emp,17600.0,0,1248.0,940.3441666666666,0.6671189354597651,833.0,1135.0
SI,Slovenia,2011,1726.0,eurostat_d11emp,17920.0,0,1253.0,963.9875000000001,0.665865982372282,834.0,1149.0
SI,Slovenia,2012,1703.0,eurostat_d11emp,17470.0,0,1258.0,975.6225,0.6675487512829285,840.0,1137.0
SI,Slovenia,2013,1713.0,eurostat_d11emp,17500.0,0,1264.0,985.3483333333334,0.6690533582300685,846.0,1146.0
SI,Slovenia,2014,1738.0,eurostat_d11emp,18080.0,0,1269.0,998.3808333333333,0.6675156006240249,847.0,1160.0
SI,Slovenia,2015,1761.0,eurostat_d11emp,18660.0,0,1300.0,1005.2041666666668,0.6667283882378953,867.0,1174.0
SI,Slovenia,2016,1824.0,eurostat_d11emp,19380.0,0,1332.0,1016.8625000000001,0.6654133493292617,886.0,1214.0
SI,Slovenia,2017,1880.0,eurostat_d11emp,20630.0,0,1363.0,1040.6041666666667,0.6628403843091459,903.0,1246.0
SI,Slovenia,2018,1954.0,eurostat_d11emp,21940.0,0,1394.0,1075.1983333333333,0.6593275077929378,919.0,1288.0
SI,Slovenia,2019,2057.0,eurostat_d11emp,23050.0,0,1499.0,1108.1808333333333,0.656213668887244,984.0,1350.0
SI,Slovenia,2020,2131.0,eurostat_d11emp,22230.0,0,1604.0,1158.0658333333333,0.6600546214496058,1059.0,1407.0
SI,Slovenia,2021,2301.0,eurostat_d11emp,24690.0,0,1710.0,1216.7683333333332,0.6554686658286946,1121.0,1508.0
SI,Slovenia,2022,2420.0,eurostat_d11emp,26970.0,0,1815.0,1305.7,0.66301624915369,1203.0,1604.0
SI,Slovenia,2023,2656.0,eurostat_d11emp,30200.0,0,1992.0,1426.1566666666668,0.6604105888708807,1316.0,1754.0
SI,Slovenia,2024,2812.0,eurostat_d11emp,31700.0,0,2109.0,1776.6274999999998,0.6317122386573744,1332.0,1776.0
SI,Slovenia,2025,3033.0,eurostat_d11emp,33060.0,0,2275.0,1875.265,0.6314151127632208,1436.0,1915.0
ES,Spain,1990,959.0,oecd,12100.0,0,776.0,,0.8015221380375147,622.0,769.0
ES,Spain,1991,1053.0,oecd,12987.0,0,852.0,,0.8015221380375147,683.0,844.0
ES,Spain,1992,1164.0,oecd,14150.0,0,942.0,,0.8015221380375147,755.0,933.0
ES,Spain,1993,1245.0,oecd,11850.0,0,1007.0,,0.8015221380375147,807.0,998.0
ES,Spain,1994,1319.0,oecd,11858.0,0,1067.0,,0.8015221380375147,855.0,1057.0
ES,Spain,1995,1330.0,eurostat_d11emp,11830.0,0,1076.0,,0.8015221380375147,862.0,1066.0
ES,Spain,1996,1404.0,eurostat_d11emp,12690.0,0,1136.0,,0.8015221380375147,911.0,1125.0
ES,Spain,1997,1393.0,eurostat_d11emp,13000.0,0,1127.0,,0.8015221380375147,903.0,1117.0
ES,Spain,1998,1414.0,eurostat_d11emp,13750.0,0,1144.0,,0.8015221380375147,917.0,1133.0
ES,Spain,1999,1446.0,eurostat_d11emp,14740.0,0,1170.0,,0.8015221380375147,938.0,1159.0
ES,Spain,2000,1475.0,eurostat_d11emp,15970.0,0,1193.0,1156.8008333333335,0.8015221380375147,956.0,1182.0
ES,Spain,2001,1519.0,eurostat_d11emp,17190.0,0,1229.0,1192.4016666666666,0.7985144508993097,981.0,1213.0
ES,Spain,2002,1566.0,eurostat_d11emp,18100.0,0,1267.0,1232.8208333333334,0.795334926814897,1008.0,1245.0
ES,Spain,2003,1607.0,eurostat_d11emp,19020.0,0,1300.0,1295.7391666666667,0.8021203309206071,1043.0,1289.0
ES,Spain,2004,1637.0,eurostat_d11emp,20070.0,0,1325.0,1334.9241666666667,0.7991416471733872,1059.0,1308.0
ES,Spain,2005,1678.0,eurostat_d11emp,21260.0,0,1358.0,1369.3866666666665,0.797070279342074,1082.0,1337.0
ES,Spain,2006,1729.0,eurostat_d11emp,22650.0,0,1399.0,1402.7108333333333,0.7951943090974884,1112.0,1375.0
ES,Spain,2007,1808.0,eurostat_d11emp,23820.0,0,1457.0,1455.1108333333334,0.7940837535380878,1157.0,1436.0
ES,Spain,2008,1937.0,eurostat_d11emp,24190.0,0,1515.0,1563.7808333333332,0.8070470830543237,1223.0,1563.0
ES,Spain,2009,2030.0,eurostat_d11emp,23140.0,0,1573.0,1615.0416666666667,0.80203491451803,1262.0,1628.0
ES,Spain,2010,2046.0,eurostat_d11emp,23130.0,0,1631.0,1616.6433333333334,0.7826924039009308,1277.0,1601.0
ES,Spain,2011,2050.0,eurostat_d11emp,22870.0,0,1649.0,1657.6308333333334,0.7795928957219052,1286.0,1598.0
ES,Spain,2012,2026.0,eurostat_d11emp,22160.0,0,1668.0,1664.5883333333334,0.771409692429549,1287.0,1563.0
ES,Spain,2013,2021.0,eurostat_d11emp,22020.0,0,1686.0,1671.8241666666665,0.7708201737601569,1300.0,1558.0
ES,Spain,2014,2020.0,eurostat_d11emp,22380.0,0,1704.0,1680.7891666666667,0.770098103225639,1312.0,1556.0
ES,Spain,2015,2061.0,eurostat_d11emp,23440.0,0,1714.0,1737.0733333333335,0.7873330991527953,1349.0,1623.0
ES,Spain,2016,2057.0,eurostat_d11emp,24190.0,0,1723.0,1735.6266666666668,0.7874652961702246,1357.0,1620.0
ES,Spain,2017,2069.0,eurostat_d11emp,25160.0,0,1732.0,1745.7208333333335,0.7890326062842682,1367.0,1633.0
ES,Spain,2018,2101.0,eurostat_d11emp,25950.0,0,1742.0,1766.5349999999999,0.7874084012337975,1372.0,1654.0
ES,Spain,2019,2158.0,eurostat_d11emp,26620.0,0,1784.0,1790.1533333333334,0.7870976866512998,1404.0,1699.0
ES,Spain,2020,2149.0,eurostat_d11emp,23850.0,0,1826.0,1719.4025000000001,0.7927148623447157,1447.0,1704.0
ES,Spain,2021,2267.0,eurostat_d11emp,26090.0,0,1868.0,1805.71,0.7859319097817666,1468.0,1782.0
ES,Spain,2022,2391.0,eurostat_d11emp,28790.0,0,1910.0,1881.4666666666665,0.7844927722050169,1498.0,1876.0
ES,Spain,2023,2500.0,eurostat_d11emp,30980.0,0,1997.0,1966.4233333333334,0.780069791827824,1558.0,1950.0
ES,Spain,2024,2615.0,eurostat_d11emp,32630.0,0,2089.0,2045.0983333333334,0.7820823167389437,1634.0,2045.0
ES,Spain,2025,2725.0,eurostat_d11emp,34210.0,0,2177.0,2105.2283333333335,0.7785982067678304,1695.0,2122.0
CZ,Czechia,1995,257.0,eurostat_d11emp,4490.0,0,210.0,,0.7750911974798746,163.0,199.0
CZ,Czechia,1996,304.0,eurostat_d11emp,5180.0,0,248.0,,0.7750911974798746,192.0,236.0
CZ,Czechia,1997,322.0,eurostat_d11emp,5350.0,0,263.0,,0.7750911974798746,204.0,250.0
CZ,Czechia,1998,347.0,eurostat_d11emp,5840.0,0,284.0,,0.7750911974798746,220.0,269.0
CZ,Czechia,1999,360.0,eurostat_d11emp,5980.0,0,294.0,,0.7750911974798746,228.0,279.0
CZ,Czechia,2000,401.0,eurostat_d11emp,6560.0,0,328.0,291.9775,0.7750911974798746,254.0,311.0
CZ,Czechia,2001,456.0,eurostat_d11emp,7440.0,0,373.0,330.06333333333333,0.775061885426349,289.0,353.0
CZ,Czechia,2002,542.0,eurostat_d11emp,8610.0,0,443.0,389.7175,0.7698338883557235,341.0,417.0
CZ,Czechia,2003,564.0,eurostat_d11emp,8720.0,0,461.0,393.4591666666667,0.7666282392673898,353.0,432.0
CZ,Czechia,2004,610.0,eurostat_d11emp,9490.0,0,499.0,416.5858333333333,0.7625028980732389,380.0,465.0
CZ,Czechia,2005,679.0,eurostat_d11emp,10790.0,0,555.0,465.6141666666667,0.7596582512022254,422.0,516.0
CZ,Czechia,2006,755.0,eurostat_d11emp,12130.0,0,617.0,532.8774999999999,0.7758958342433641,479.0,586.0
CZ,Czechia,2007,816.0,eurostat_d11emp,13460.0,0,662.0,580.195,0.7710753439601126,510.0,629.0
CZ,Czechia,2008,955.0,eurostat_d11emp,15520.0,0,706.0,695.4925,0.7636054717414436,539.0,729.0
CZ,Czechia,2009,904.0,eurostat_d11emp,14230.0,0,751.0,686.6741666666667,0.7776831900518041,584.0,703.0
CZ,Czechia,2010,977.0,eurostat_d11emp,15170.0,0,796.0,736.0799999999999,0.775223624899948,617.0,757.0
CZ,Czechia,2011,1032.0,eurostat_d11emp,15870.0,0,794.0,771.435,0.7688452728393195,610.0,793.0
CZ,Czechia,2012,1028.0,eurostat_d11emp,15590.0,0,793.0,775.9533333333334,0.7707584215719385,611.0,792.0
CZ,Czechia,2013,992.0,eurostat_d11emp,15280.0,0,792.0,747.8158333333334,0.7711641121007023,611.0,765.0
CZ,Czechia,2014,964.0,eurostat_d11emp,15140.0,0,790.0,724.5791666666668,0.7687577528272678,607.0,741.0
CZ,Czechia,2015,1003.0,eurostat_d11emp,16230.0,0,860.0,751.4375,0.7663930211468294,659.0,769.0
CZ,Czechia,2016,1060.0,eurostat_d11emp,17040.0,0,930.0,787.2291666666666,0.7632362006684856,710.0,809.0
CZ,Czechia,2017,1170.0,eurostat_d11emp,18700.0,0,999.0,855.275,0.7587561582909966,758.0,888.0
CZ,Czechia,2018,1298.0,eurostat_d11emp,20270.0,0,1069.0,938.0275,0.7538651534441639,806.0,979.0
CZ,Czechia,2019,1398.0,eurostat_d11emp,21740.0,0,1158.0,999.39,0.7497997750478133,868.0,1048.0
CZ,Czechia,2020,1393.0,eurostat_d11emp,20980.0,0,1248.0,997.8666666666667,0.7479493605102926,933.0,1042.0
CZ,Czechia,2021,1526.0,eurostat_d11emp,23430.0,0,1338.0,1164.145,0.802363829661364,1074.0,1224.0
CZ,Czechia,2022,1723.0,eurostat_d11emp,26670.0,0,1427.0,1308.5874999999999,0.8043008935225379,1148.0,1386.0
CZ,Czechia,2023,1894.0,eurostat_d11emp,29330.0,0,1569.0,1438.8,0.7994928617701031,1254.0,1514.0
CZ,Czechia,2024,1909.0,eurostat_d11emp,29510.0,0,1581.0,1511.6441666666667,0.7872839168608864,1245.0,1503.0
CZ,Czechia,2025,2055.0,eurostat_d11emp,31880.0,0,1702.0,1630.7224999999999,0.7840508333460211,1334.0,1611.0
DK,Denmark,1995,2329.0,eurostat_d11emp,27020.0,0,2576.0,,0.5854541076607184,1508.0,1364.0
DK,Denmark,1996,2405.0,eurostat_d11emp,28070.0,0,2660.0,,0.5854541076607184,1557.0,1408.0
DK,Denmark,1997,2432.0,eurostat_d11emp,28930.0,0,2690.0,,0.5854541076607184,1575.0,1424.0
DK,Denmark,1998,2516.0,eurostat_d11emp,29800.0,0,2783.0,,0.5854541076607184,1629.0,1473.0
DK,Denmark,1999,2643.0,eurostat_d11emp,31370.0,0,2923.0,,0.5854541076607184,1711.0,1547.0
DK,Denmark,2000,2711.0,eurostat_d11emp,33320.0,0,2998.0,1843.8291666666667,0.5854541076607184,1755.0,1587.0
DK,Denmark,2001,2809.0,eurostat_d11emp,34370.0,0,3107.0,1939.0291666666665,0.5936257876878333,1844.0,1667.0
DK,Denmark,2002,2912.0,eurostat_d11emp,35340.0,0,3221.0,2036.6525000000001,0.6003311669841108,1934.0,1748.0
DK,Denmark,2003,3006.0,eurostat_d11emp,35930.0,0,3325.0,2096.1666666666665,0.6004234042436382,1996.0,1805.0
DK,Denmark,2004,3087.0,eurostat_d11emp,37560.0,0,3414.0,2176.4675,0.613941316225401,2096.0,1895.0
DK,Denmark,2005,3180.0,eurostat_d11emp,39380.0,0,3517.0,2203.3616666666667,0.6151362518582971,2163.0,1956.0
DK,Denmark,2006,3283.0,eurostat_d11emp,41560.0,0,3631.0,2270.2908333333335,0.6141188208265107,2230.0,2016.0
DK,Denmark,2007,3414.0,eurostat_d11emp,42850.0,0,3794.0,2372.4641666666666,0.6123423146329869,2323.0,2091.0
DK,Denmark,2008,3532.0,eurostat_d11emp,44190.0,0,3957.0,2466.3241666666668,0.6141579327229361,2430.0,2169.0
DK,Denmark,2009,3639.0,eurostat_d11emp,42060.0,0,4120.0,2580.1725,0.62811375807836,2588.0,2286.0
DK,Denmark,2010,3757.0,eurostat_d11emp,43880.0,0,4283.0,2695.7633333333333,0.6406040647234835,2744.0,2407.0
DK,Denmark,2011,3819.0,eurostat_d11emp,44540.0,0,4318.0,2762.7858333333334,0.6391738525317245,2760.0,2441.0
DK,Denmark,2012,3902.0,eurostat_d11emp,45490.0,0,4353.0,2801.443333333333,0.6384401220007824,2779.0,2491.0
DK,Denmark,2013,3952.0,eurostat_d11emp,46240.0,0,4388.0,2822.786666666667,0.6420552172066213,2817.0,2537.0
DK,Denmark,2014,4037.0,eurostat_d11emp,47070.0,0,4423.0,2860.865,0.6436774066293726,2847.0,2599.0
DK,Denmark,2015,4092.0,eurostat_d11emp,47900.0,0,4498.0,2890.7883333333334,0.6410759599056094,2884.0,2623.0
DK,Denmark,2016,4141.0,eurostat_d11emp,49270.0,0,4572.0,2918.4708333333333,0.6412768755503561,2932.0,2656.0
DK,Denmark,2017,4220.0,eurostat_d11emp,51060.0,0,4647.0,2963.2433333333333,0.6419409591351369,2983.0,2709.0
DK,Denmark,2018,4291.0,eurostat_d11emp,51950.0,0,4722.0,3025.603333333333,0.6426148891967004,3034.0,2757.0
DK,Denmark,2019,4349.0,eurostat_d11emp,53040.0,0,4834.0,3094.465833333333,0.6413210177521496,3100.0,2789.0
DK,Denmark,2020,4449.0,eurostat_d11emp,53540.0,0,4946.0,3156.570833333333,0.6417193246563063,3174.0,2855.0
DK,Denmark,2021,4599.0,eurostat_d11emp,58640.0,0,5058.0,3276.3008333333332,0.6471673390913296,3273.0,2976.0
DK,Denmark,2022,4727.0,eurostat_d11emp,64430.0,0,5170.0,3392.5033333333336,0.6452203105834887,3336.0,3050.0
DK,Denmark,2023,4912.0,eurostat_d11emp,62760.0,0,5372.0,3529.8141666666666,0.6446150352959009,3463.0,3166.0
DK,Denmark,2024,5130.0,eurostat_d11emp,66970.0,0,5611.0,3348.7033333333334,0.6559566130521923,3681.0,3365.0
DK,Denmark,2025,5287.0,eurostat_d11emp,69550.0,0,5782.0,3498.4366666666665,0.6600851921855643,3817.0,3490.0
HU,Hungary,1995,279.0,eurostat_d11emp,3450.0,0,176.0,,0.6427367614670114,113.0,179.0
HU,Hungary,1996,291.0,eurostat_d11emp,3580.0,0,183.0,,0.6427367614670114,118.0,187.0
HU,Hungary,1997,322.0,eurostat_d11emp,4070.0,0,203.0,,0.6427367614670114,130.0,207.0
HU,Hungary,1998,329.0,eurostat_d11emp,4230.0,0,207.0,,0.6427367614670114,133.0,211.0
HU,Hungary,1999,344.0,eurostat_d11emp,4510.0,0,217.0,,0.6427367614670114,139.0,221.0
HU,Hungary,2000,390.0,eurostat_d11emp,5020.0,0,246.0,223.73666666666668,0.6427367614670114,158.0,251.0
HU,Hungary,2001,467.0,eurostat_d11emp,5900.0,0,294.0,252.02916666666667,0.6165624910808574,181.0,288.0
HU,Hungary,2002,549.0,eurostat_d11emp,7070.0,0,346.0,310.30916666666667,0.6351159125641306,220.0,349.0
HU,Hungary,2003,591.0,eurostat_d11emp,7440.0,0,372.0,342.7091666666667,0.670414457768475,249.0,396.0
HU,Hungary,2004,672.0,eurostat_d11emp,8290.0,0,423.0,368.22416666666663,0.6560095372277013,277.0,441.0
HU,Hungary,2005,737.0,eurostat_d11emp,9020.0,0,464.0,404.76916666666665,0.6635097827883576,308.0,489.0
HU,Hungary,2006,729.0,eurostat_d11emp,9140.0,0,459.0,405.445,0.6475808920419002,297.0,472.0
HU,Hungary,2007,810.0,eurostat_d11emp,10180.0,0,490.0,437.44,0.6119175931204034,300.0,496.0
HU,Hungary,2008,869.0,eurostat_d11emp,10790.0,0,520.0,477.8825,0.6173933265076079,321.0,537.0
HU,Hungary,2009,764.0,eurostat_d11emp,9420.0,0,551.0,450.7825,0.6223978019171095,343.0,476.0
HU,Hungary,2010,820.0,eurostat_d11emp,9960.0,0,582.0,521.3808333333333,0.6861252152170813,399.0,563.0
HU,Hungary,2011,842.0,eurostat_d11emp,10230.0,0,592.0,512.1933333333333,0.6490114336640521,384.0,546.0
HU,Hungary,2012,831.0,eurostat_d11emp,10090.0,0,602.0,530.7683333333333,0.648670724155912,390.0,539.0
HU,Hungary,2013,813.0,eurostat_d11emp,10350.0,0,612.0,539.59,0.6549998887272623,401.0,533.0
HU,Hungary,2014,780.0,eurostat_d11emp,10810.0,0,622.0,539.8683333333333,0.6549998382322015,407.0,511.0
HU,Hungary,2015,789.0,eurostat_d11emp,11520.0,0,656.0,558.6308333333333,0.6550005129733399,430.0,517.0
HU,Hungary,2016,808.0,eurostat_d11emp,11950.0,0,690.0,594.8933333333333,0.6649998323229237,459.0,537.0
HU,Hungary,2017,902.0,eurostat_d11emp,13080.0,0,723.0,668.6433333333333,0.6649996892029091,481.0,600.0
HU,Hungary,2018,949.0,eurostat_d11emp,14070.0,0,757.0,715.5783333333334,0.665000089059677,503.0,631.0
HU,Hungary,2019,1028.0,eurostat_d11emp,15200.0,0,816.0,782.5450000000001,0.6649996600836194,543.0,684.0
HU,Hungary,2020,1010.0,eurostat_d11emp,14370.0,0,875.0,795.7674999999999,0.6649997353708846,582.0,672.0
HU,Hungary,2021,1078.0,eurostat_d11emp,16090.0,0,934.0,839.5799999999999,0.6649998151854217,621.0,717.0
HU,Hungary,2022,1178.0,eurostat_d11emp,17550.0,0,993.0,888.9541666666668,0.6649999251930021,660.0,783.0
HU,Hungary,2023,1393.0,eurostat_d11emp,20540.0,0,1174.0,1059.9791666666667,0.665000125474188,781.0,926.0
HU,Hungary,2024,1514.0,eurostat_d11emp,21560.0,0,1276.0,1000.1475,0.6650001634550973,849.0,1007.0
HU,Hungary,2025,1642.0,eurostat_d11emp,23000.0,0,1384.0,1080.6016666666667,0.6649999641017909,920.0,1092.0
IS,Iceland,1995,1579.0,eurostat_d11emp,21060.0,0,1291.0,,0.7456127509556232,963.0,1177.0
IS,Iceland,1996,1748.0,eurostat_d11emp,22450.0,0,1429.0,,0.7456127509556232,1065.0,1303.0
IS,Iceland,1997,1876.0,eurostat_d11emp,25110.0,0,1534.0,,0.7456127509556232,1144.0,1399.0
IS,Iceland,1998,2127.0,eurostat_d11emp,28070.0,0,1739.0,,0.7456127509556232,1297.0,1586.0
IS,Iceland,1999,2392.0,eurostat_d11emp,30770.0,0,1956.0,,0.7456127509556232,1458.0,1784.0
IS,Iceland,2000,2707.0,eurostat_d11emp,35210.0,0,2213.0,2321.693333333333,0.7456127509556232,1650.0,2018.0
IS,Iceland,2001,2449.0,eurostat_d11emp,32550.0,0,2002.0,2109.4491666666668,0.7435809009607094,1489.0,1821.0
IS,Iceland,2002,2675.0,eurostat_d11emp,34840.0,0,2187.0,2211.7991666666667,0.7275300163533688,1591.0,1946.0
IS,Iceland,2003,2765.0,eurostat_d11emp,35360.0,0,2260.0,2339.7341666666666,0.7240641220279503,1636.0,2002.0
IS,Iceland,2004,2970.0,eurostat_d11emp,38510.0,0,2428.0,2477.7033333333334,0.7196902269827556,1747.0,2137.0
IS,Iceland,2005,3349.0,eurostat_d11emp,46530.0,0,2738.0,3168.254166666667,0.7184131704561925,1967.0,2406.0
IS,Iceland,2006,3343.0,eurostat_d11emp,46520.0,0,2733.0,3150.528333333333,0.7219069659977735,1973.0,2413.0
IS,Iceland,2007,3664.0,eurostat_d11emp,51520.0,0,2532.0,3531.9675,0.7316933840905979,1853.0,2681.0
IS,Iceland,2008,2297.0,eurostat_d11emp,35150.0,0,2330.0,2296.3975,0.727512899951291,1695.0,1671.0
IS,Iceland,2009,1903.0,eurostat_d11emp,29700.0,0,2128.0,1806.9750000000001,0.7376130723009602,1570.0,1404.0
IS,Iceland,2010,2114.0,eurostat_d11emp,33410.0,0,1927.0,1958.8441666666668,0.7240120505789199,1395.0,1531.0
IS,Iceland,2011,2298.0,eurostat_d11emp,35390.0,0,2064.0,2080.936666666667,0.7162148790339582,1478.0,1646.0
IS,Iceland,2012,2425.0,eurostat_d11emp,36980.0,0,2200.0,2263.2391666666667,0.7132752989525237,1569.0,1730.0
IS,Iceland,2013,2537.0,eurostat_d11emp,38460.0,0,2336.0,2424.891666666667,0.709466559713665,1657.0,1800.0
IS,Iceland,2014,2767.0,eurostat_d11emp,42350.0,0,2473.0,2745.09,0.7108772961134155,1758.0,1967.0
IS,Iceland,2015,3154.0,eurostat_d11emp,49180.0,0,2849.0,3085.6141666666667,0.7064559549805058,2013.0,2228.0
IS,Iceland,2016,3679.0,eurostat_d11emp,57900.0,0,3226.0,3670.2466666666664,0.7095633659204669,2289.0,2610.0
IS,Iceland,2017,4282.0,eurostat_d11emp,65850.0,0,3602.0,4204.6725,0.7168757977746988,2582.0,3070.0
IS,Iceland,2018,4297.0,eurostat_d11emp,65330.0,0,3978.0,4066.19,0.716287948627913,2849.0,3078.0
IS,Iceland,2019,4131.0,eurostat_d11emp,63430.0,0,3824.0,3937.8641666666667,0.7169628650615568,2742.0,2962.0
IS,Iceland,2020,3752.0,eurostat_d11emp,54190.0,0,3473.0,3682.1525,0.7178108455713031,2493.0,2693.0
IS,Iceland,2021,4188.0,eurostat_d11emp,61360.0,0,3877.0,3947.9016666666666,0.7220187522889415,2799.0,3024.0
IS,Iceland,2022,4783.0,eurostat_d11emp,74980.0,0,4428.0,4416.821666666667,0.7221249128711932,3198.0,3454.0
IS,Iceland,2023,4925.0,eurostat_d11emp,77270.0,0,4559.0,4544.944166666667,0.7249064514941378,3305.0,3570.0
IS,Iceland,2024,5151.0,eurostat_d11emp,79320.0,0,4769.0,,0.7249064514941378,3457.0,3734.0
IS,Iceland,2025,5643.0,eurostat_d11emp,87410.0,0,5224.0,,0.7249064514941378,3787.0,4091.0
NO,Norway,1990,1686.0,eurostat_d11emp,22160.0,0,1905.0,,0.6930246759842824,1320.0,1168.0
NO,Norway,1991,1754.0,eurostat_d11emp,22990.0,0,1982.0,,0.6930246759842824,1374.0,1216.0
NO,Norway,1992,1811.0,eurostat_d11emp,23440.0,0,2046.0,,0.6930246759842824,1418.0,1255.0
NO,Norway,1993,1809.0,eurostat_d11emp,23730.0,0,2044.0,,0.6930246759842824,1417.0,1254.0
NO,Norway,1994,1850.0,eurostat_d11emp,24550.0,0,2090.0,,0.6930246759842824,1448.0,1282.0
NO,Norway,1995,1932.0,eurostat_d11emp,26500.0,0,2183.0,,0.6930246759842824,1513.0,1339.0
NO,Norway,1996,2037.0,eurostat_d11emp,29170.0,0,2301.0,,0.6930246759842824,1595.0,1412.0
NO,Norway,1997,2184.0,eurostat_d11emp,32040.0,0,2467.0,,0.6930246759842824,1710.0,1514.0
NO,Norway,1998,2201.0,eurostat_d11emp,30760.0,0,2487.0,,0.6930246759842824,1724.0,1525.0
NO,Norway,1999,2359.0,eurostat_d11emp,33930.0,0,2665.0,,0.6930246759842824,1847.0,1635.0
NO,Norway,2000,2522.0,eurostat_d11emp,41220.0,0,2849.0,2124.0675,0.6930246759842824,1974.0,1748.0
NO,Norway,2001,2669.0,eurostat_d11emp,42960.0,0,3015.0,2320.0933333333332,0.6855615320895883,2067.0,1830.0
NO,Norway,2002,2999.0,eurostat_d11emp,45770.0,0,3388.0,2642.2425,0.6920831375223104,2345.0,2076.0
NO,Norway,2003,2923.0,eurostat_d11emp,44420.0,0,3302.0,2570.155,0.6983677205103483,2306.0,2041.0
NO,Norway,2004,2910.0,eurostat_d11emp,46590.0,0,3288.0,2548.7383333333332,0.6991080816669867,2299.0,2034.0
NO,Norway,2005,3162.0,eurostat_d11emp,54190.0,0,3572.0,2795.1575,0.7097626005387458,2535.0,2244.0
NO,Norway,2006,3305.0,eurostat_d11emp,59810.0,0,3734.0,2920.75,0.7090778104104495,2648.0,2344.0
NO,Norway,2007,3506.0,eurostat_d11emp,63320.0,0,3907.0,3082.914166666667,0.7045811428831533,2753.0,2470.0
NO,Norway,2008,3608.0,eurostat_d11emp,67900.0,0,4080.0,3164.7591666666667,0.7040198178678181,2872.0,2540.0
NO,Norway,2009,3522.0,eurostat_d11emp,59030.0,0,4252.0,3080.5983333333334,0.707216724416583,3007.0,2491.0
NO,Norway,2010,3977.0,eurostat_d11emp,67980.0,0,4425.0,3473.7058333333334,0.707351835184333,3130.0,2813.0
NO,Norway,2011,4271.0,eurostat_d11emp,74470.0,0,4532.0,3707.515,0.7060670257876092,3200.0,3016.0
NO,Norway,2012,4630.0,eurostat_d11emp,81420.0,0,4638.0,3981.9233333333336,0.7079455168958131,3283.0,3278.0
NO,Norway,2013,4618.0,eurostat_d11emp,80020.0,0,4745.0,3966.3325,0.7079002222785747,3359.0,3269.0
NO,Norway,2014,4436.0,eurostat_d11emp,75740.0,0,4852.0,3825.3308333333334,0.7129832179197726,3459.0,3163.0
NO,Norway,2015,4249.0,eurostat_d11emp,69560.0,0,4779.0,3704.2883333333334,0.7146476083081608,3415.0,3037.0
NO,Norway,2016,4142.0,eurostat_d11emp,66180.0,0,4706.0,3638.5074999999997,0.7209087374216445,3393.0,2986.0
NO,Norway,2017,4212.0,eurostat_d11emp,69860.0,0,4632.0,3703.6575,0.7245888676762852,3356.0,3052.0
NO,Norway,2018,4213.0,eurostat_d11emp,72510.0,0,4559.0,3724.4075,0.7259629066526324,3310.0,3058.0
NO,Norway,2019,4249.0,eurostat_d11emp,70860.0,0,4662.0,3768.2625000000003,0.727141525916361,3390.0,3090.0
NO,Norway,2020,3985.0,eurostat_d11emp,62400.0,0,4764.0,3544.5741666666668,0.7252570504511491,3455.0,2890.0
NO,Norway,2021,4400.0,eurostat_d11emp,81520.0,0,4866.0,3911.2825,0.7239264854019782,3523.0,3185.0
NO,Norway,2022,4597.0,eurostat_d11emp,107660.0,0,4969.0,4100.753333333333,0.7210817286839335,3583.0,3315.0
NO,Norway,2023,4272.0,eurostat_d11emp,84120.0,0,4618.0,3816.258333333333,0.7190507765401698,3321.0,3072.0
NO,Norway,2024,4421.0,eurostat_d11emp,83070.0,0,4779.0,,0.7190507765401698,3436.0,3179.0
NO,Norway,2025,4596.0,eurostat_d11emp,83860.0,0,4968.0,,0.7190507765401698,3572.0,3305.0
SE,Sweden,1993,1555.0,eurostat_d11emp,20820.0,0,1504.0,,0.6627412029509064,997.0,1031.0
SE,Sweden,1994,1628.0,eurostat_d11emp,21920.0,0,1575.0,,0.6627412029509064,1044.0,1079.0
SE,Sweden,1995,1651.0,eurostat_d11emp,23120.0,0,1597.0,,0.6627412029509064,1058.0,1094.0
SE,Sweden,1996,1933.0,eurostat_d11emp,26000.0,0,1870.0,,0.6627412029509064,1239.0,1281.0
SE,Sweden,1997,2007.0,eurostat_d11emp,26760.0,0,1941.0,,0.6627412029509064,1286.0,1330.0
SE,Sweden,1998,2020.0,eurostat_d11emp,27290.0,0,1954.0,,0.6627412029509064,1295.0,1339.0
SE,Sweden,1999,2118.0,eurostat_d11emp,29050.0,0,2048.0,,0.6627412029509064,1357.0,1404.0
SE,Sweden,2000,2311.0,eurostat_d11emp,32150.0,0,2235.0,1723.7208333333335,0.6627412029509064,1481.0,1532.0
SE,Sweden,2001,2178.0,eurostat_d11emp,30420.0,0,2107.0,1693.4716666666666,0.6760640318735491,1424.0,1472.0
SE,Sweden,2002,2265.0,eurostat_d11emp,31830.0,0,2191.0,1808.38,0.6937355062572049,1520.0,1571.0
SE,Sweden,2003,2333.0,eurostat_d11emp,33050.0,0,2256.0,1844.9475,0.6876125283213421,1551.0,1604.0
SE,Sweden,2004,2413.0,eurostat_d11emp,34440.0,0,2334.0,1912.1375,0.6847924864470439,1598.0,1652.0
SE,Sweden,2005,2458.0,eurostat_d11emp,34930.0,0,2377.0,1949.0349999999999,0.6881187492515946,1636.0,1691.0
SE,Sweden,2006,2559.0,eurostat_d11emp,37090.0,0,2475.0,2020.3183333333334,0.6911570637865391,1711.0,1769.0
SE,Sweden,2007,2676.0,eurostat_d11emp,39150.0,0,2547.0,2197.0033333333336,0.7240409575210176,1844.0,1938.0
SE,Sweden,2008,2700.0,eurostat_d11emp,38270.0,0,2619.0,2232.4808333333335,0.7308111992117319,1914.0,1973.0
SE,Sweden,2009,2501.0,eurostat_d11emp,33670.0,0,2691.0,2120.9975,0.7460219152256418,2008.0,1866.0
SE,Sweden,2010,2859.0,eurostat_d11emp,39710.0,0,2763.0,2420.33,0.7522948469389736,2079.0,2151.0
SE,Sweden,2011,3109.0,eurostat_d11emp,43420.0,0,2872.0,2609.9691666666668,0.7515366851177661,2158.0,2337.0
SE,Sweden,2012,3317.0,eurostat_d11emp,44960.0,0,2982.0,2789.4516666666664,0.7509949048844456,2239.0,2491.0
SE,Sweden,2013,3393.0,eurostat_d11emp,45820.0,0,3091.0,2872.786666666667,0.7489502815724257,2315.0,2541.0
SE,Sweden,2014,3297.0,eurostat_d11emp,44930.0,0,3200.0,2826.94,0.756149023632276,2420.0,2493.0
SE,Sweden,2015,3286.0,eurostat_d11emp,46160.0,0,3187.0,2782.4874999999997,0.7541854771548987,2404.0,2478.0
SE,Sweden,2016,3324.0,eurostat_d11emp,46790.0,0,3174.0,2809.3283333333334,0.7511594841963669,2384.0,2497.0
SE,Sweden,2017,3341.0,eurostat_d11emp,47210.0,0,3162.0,2826.9208333333336,0.7499683856613278,2371.0,2506.0
SE,Sweden,2018,3233.0,eurostat_d11emp,45770.0,0,3149.0,2724.03,0.7492185412127543,2359.0,2422.0
SE,Sweden,2019,3230.0,eurostat_d11emp,46110.0,0,3198.0,2702.2991666666667,0.7545597480983937,2413.0,2437.0
SE,Sweden,2020,3333.0,eurostat_d11emp,46180.0,0,3246.0,2780.556666666667,0.7536697906681111,2446.0,2512.0
SE,Sweden,2021,3607.0,eurostat_d11emp,51260.0,0,3295.0,2957.144166666667,0.7559817409186593,2491.0,2727.0
SE,Sweden,2022,3541.0,eurostat_d11emp,51980.0,0,3344.0,2932.3933333333334,0.7575227609533725,2533.0,2682.0
SE,Sweden,2023,3403.0,eurostat_d11emp,50490.0,0,3214.0,2850.588333333333,0.7602084141258463,2443.0,2587.0
SE,Sweden,2024,3530.0,eurostat_d11emp,53010.0,0,3334.0,2767.710833333333,0.7754832858840338,2585.0,2737.0
SE,Sweden,2025,3768.0,eurostat_d11emp,56330.0,0,3558.0,2885.3641666666667,0.7548357785370723,2686.0,2844.0
CH,Switzerland,1995,3097.0,eurostat_d11emp,38590.0,0,2902.0,,0.8218013264051548,2385.0,2545.0
CH,Switzerland,1996,3085.0,eurostat_d11emp,38170.0,0,2891.0,,0.8218013264051548,2376.0,2535.0
CH,Switzerland,1997,3014.0,eurostat_d11emp,36880.0,0,2824.0,,0.8218013264051548,2321.0,2477.0
CH,Switzerland,1998,3079.0,eurostat_d11emp,38220.0,0,2885.0,,0.8218013264051548,2371.0,2530.0
CH,Switzerland,1999,3147.0,eurostat_d11emp,39280.0,0,2949.0,,0.8218013264051548,2423.0,2586.0
CH,Switzerland,2000,3318.0,eurostat_d11emp,42200.0,0,3109.0,3205.0375,0.8218013264051548,2555.0,2727.0
CH,Switzerland,2001,3548.0,eurostat_d11emp,44480.0,0,3325.0,3393.463333333333,0.8215452892779737,2732.0,2915.0
CH,Switzerland,2002,3707.0,eurostat_d11emp,45440.0,0,3474.0,3570.366666666667,0.8216580945434964,2854.0,3046.0
CH,Switzerland,2003,3589.0,eurostat_d11emp,43890.0,0,3363.0,3501.054166666667,0.8246192093340771,2773.0,2960.0
CH,Switzerland,2004,3531.0,eurostat_d11emp,44260.0,0,3309.0,3509.195833333333,0.8250203412550432,2730.0,2913.0
CH,Switzerland,2005,3591.0,eurostat_d11emp,45600.0,0,3365.0,3534.9816666666666,0.824900134450474,2776.0,2962.0
CH,Switzerland,2006,3604.0,eurostat_d11emp,47440.0,0,3377.0,3532.838333333333,0.8260138061054481,2789.0,2977.0
CH,Switzerland,2007,3553.0,eurostat_d11emp,47970.0,0,3329.0,3481.638333333334,0.8230448929530592,2740.0,2924.0
CH,Switzerland,2008,3770.0,eurostat_d11emp,50980.0,0,3533.0,3614.691666666667,0.8287062501588107,2928.0,3124.0
CH,Switzerland,2009,4022.0,eurostat_d11emp,52210.0,0,3769.0,3827.771666666667,0.8275253631223723,3119.0,3328.0
CH,Switzerland,2010,4430.0,eurostat_d11emp,58790.0,0,4151.0,4243.020833333333,0.8261590768663614,3429.0,3660.0
CH,Switzerland,2011,5007.0,eurostat_d11emp,66240.0,0,4390.0,4788.55,0.8254424737446185,3624.0,4133.0
CH,Switzerland,2012,5148.0,eurostat_d11emp,67900.0,0,4628.0,5113.1883333333335,0.8275715938515191,3830.0,4260.0
CH,Switzerland,2013,5094.0,eurostat_d11emp,66900.0,0,4867.0,5058.935,0.8263317195238282,4022.0,4209.0
CH,Switzerland,2014,5140.0,eurostat_d11emp,68270.0,0,5106.0,4944.9025,0.8301421985799727,4239.0,4267.0
CH,Switzerland,2015,5819.0,eurostat_d11emp,76770.0,0,5192.0,5608.0325,0.8304970686693784,4312.0,4833.0
CH,Switzerland,2016,5680.0,eurostat_d11emp,75360.0,0,5278.0,5642.068333333334,0.827857715451445,4369.0,4702.0
CH,Switzerland,2017,5582.0,eurostat_d11emp,74010.0,0,5363.0,5552.424166666667,0.8276918956515085,4439.0,4620.0
CH,Switzerland,2018,5431.0,eurostat_d11emp,73630.0,0,5449.0,5400.7475,0.8262070514660851,4502.0,4487.0
CH,Switzerland,2019,5719.0,eurostat_d11emp,76680.0,0,5718.0,5693.674166666667,0.824992616323395,4717.0,4718.0
CH,Switzerland,2020,5799.0,eurostat_d11emp,76710.0,0,5986.0,6002.945833333334,0.8219690075772315,4920.0,4767.0
CH,Switzerland,2021,6010.0,eurostat_d11emp,81610.0,0,6255.0,6143.698333333334,0.8181241235400566,5117.0,4917.0
CH,Switzerland,2022,6750.0,eurostat_d11emp,92900.0,0,6524.0,6537.7475,0.819522747659121,5347.0,5532.0
CH,Switzerland,2023,7093.0,eurostat_d11emp,96280.0,0,6856.0,6838.339166666668,0.8190514641555499,5615.0,5810.0
CH,Switzerland,2024,7412.0,eurostat_d11emp,99430.0,0,7164.0,,0.8190514641555499,5868.0,6071.0
CH,Switzerland,2025,7588.0,eurostat_d11emp,101810.0,0,7334.0,,0.8190514641555499,6007.0,6215.0
BG,Bulgaria,1995,98.0,eurostat_d11emp,1730.0,0,59.0,,0.7829990534997971,46.0,77.0
BG,Bulgaria,1996,66.0,eurostat_d11emp,1180.0,0,40.0,,0.7829990534997971,31.0,52.0
BG,Bulgaria,1997,74.0,eurostat_d11emp,1210.0,0,44.0,,0.7829990534997971,34.0,58.0
BG,Bulgaria,1998,114.0,eurostat_d11emp,1630.0,0,68.0,,0.7829990534997971,53.0,89.0
BG,Bulgaria,1999,122.0,eurostat_d11emp,1560.0,0,73.0,,0.7829990534997971,57.0,96.0
BG,Bulgaria,2000,138.0,eurostat_d11emp,1770.0,0,83.0,,0.7829990534997971,65.0,108.0
BG,Bulgaria,2001,159.0,eurostat_d11emp,2010.0,0,95.0,,0.7829990534997971,74.0,124.0
BG,Bulgaria,2002,169.0,eurostat_d11emp,2220.0,0,101.0,,0.7829990534997971,79.0,132.0
BG,Bulgaria,2003,179.0,eurostat_d11emp,2400.0,0,107.0,,0.7829990534997971,84.0,140.0
BG,Bulgaria,2004,196.0,eurostat_d11emp,2710.0,0,117.0,,0.7829990534997971,92.0,153.0
BG,Bulgaria,2005,222.0,eurostat_d11emp,3110.0,0,133.0,,0.7829990534997971,104.0,174.0
BG,Bulgaria,2006,232.0,eurostat_d11emp,3560.0,0,139.0,,0.7829990534997971,109.0,182.0
BG,Bulgaria,2007,269.0,eurostat_d11emp,4240.0,0,170.0,,0.7829990534997971,133.0,211.0
BG,Bulgaria,2008,305.0,eurostat_d11emp,4890.0,0,201.0,217.155,0.7829990534997971,157.0,239.0
BG,Bulgaria,2009,337.0,eurostat_d11emp,4930.0,0,232.0,245.94333333333336,0.7830013477518015,182.0,264.0
BG,Bulgaria,2010,378.0,eurostat_d11emp,5080.0,0,263.0,266.8575,0.7910990884162158,208.0,299.0
BG,Bulgaria,2011,402.0,eurostat_d11emp,5640.0,0,270.0,283.03249999999997,0.7838986864973031,212.0,315.0
BG,Bulgaria,2012,435.0,eurostat_d11emp,5820.0,0,276.0,299.8666666666667,0.7839002435528213,216.0,341.0
BG,Bulgaria,2013,471.0,eurostat_d11emp,5870.0,0,282.0,316.5,0.7839009287925697,221.0,369.0
BG,Bulgaria,2014,497.0,eurostat_d11emp,6080.0,0,289.0,336.13916666666665,0.783900544927356,227.0,390.0
BG,Bulgaria,2015,526.0,eurostat_d11emp,6560.0,0,321.0,361.59,0.7838995528657242,252.0,412.0
BG,Bulgaria,2016,558.0,eurostat_d11emp,7070.0,0,352.0,390.7483333333333,0.7839006285943559,276.0,437.0
BG,Bulgaria,2017,614.0,eurostat_d11emp,7720.0,0,384.0,427.72166666666664,0.7799399468760827,299.0,479.0
BG,Bulgaria,2018,672.0,eurostat_d11emp,8340.0,0,416.0,453.9175,0.775979303457639,323.0,521.0
BG,Bulgaria,2019,718.0,eurostat_d11emp,9250.0,0,488.0,507.74333333333334,0.7759793477001138,379.0,557.0
BG,Bulgaria,2020,769.0,eurostat_d11emp,9440.0,0,559.0,551.0558333333333,0.7759801448067873,434.0,597.0
BG,Bulgaria,2021,858.0,eurostat_d11emp,10960.0,0,630.0,621.38,0.7759797361284267,489.0,666.0
BG,Bulgaria,2022,983.0,eurostat_d11emp,13310.0,0,702.0,714.0883333333333,0.7759805413080646,545.0,763.0
BG,Bulgaria,2023,1117.0,eurostat_d11emp,14660.0,0,798.0,824.1866666666666,0.775980190624441,619.0,867.0
BG,Bulgaria,2024,1276.0,eurostat_d11emp,16260.0,0,911.0,990.0558333333333,0.7759803220397987,707.0,990.0
RO,Romania,1995,106.0,eurostat_d11emp,1260.0,0,63.0,,0.7255556533280536,46.0,77.0
RO,Romania,1996,110.0,eurostat_d11emp,1280.0,0,65.0,,0.7255556533280536,47.0,80.0
RO,Romania,1997,99.0,eurostat_d11emp,1390.0,0,59.0,,0.7255556533280536,43.0,72.0
RO,Romania,1998,153.0,eurostat_d11emp,1650.0,0,91.0,,0.7255556533280536,66.0,111.0
RO,Romania,1999,124.0,eurostat_d11emp,1500.0,0,74.0,,0.7255556533280536,54.0,90.0
RO,Romania,2000,178.0,eurostat_d11emp,1810.0,0,106.0,,0.7255556533280536,77.0,129.0
RO,Romania,2001,221.0,eurostat_d11emp,2010.0,0,131.0,,0.7255556533280536,95.0,160.0
RO,Romania,2002,216.0,eurostat_d11emp,2250.0,0,128.0,,0.7255556533280536,93.0,157.0
RO,Romania,2003,228.0,eurostat_d11emp,2370.0,0,135.0,,0.7255556533280536,98.0,165.0
RO,Romania,2004,250.0,eurostat_d11emp,2820.0,0,148.0,,0.7255556533280536,107.0,181.0
RO,Romania,2005,351.0,eurostat_d11emp,3720.0,0,208.0,,0.7255556533280536,151.0,255.0
RO,Romania,2006,406.0,eurostat_d11emp,4590.0,0,241.0,,0.7255556533280536,175.0,295.0
RO,Romania,2007,449.0,eurostat_d11emp,6110.0,0,265.0,,0.7255556533280536,192.0,326.0
RO,Romania,2008,571.0,eurostat_d11emp,7140.0,0,288.0,329.81583333333333,0.7255556533280536,209.0,414.0
RO,Romania,2009,473.0,eurostat_d11emp,6150.0,0,312.0,297.92333333333335,0.7152692052986758,223.0,338.0
RO,Romania,2010,505.0,eurostat_d11emp,6340.0,0,336.0,322.7033333333333,0.7127902974346515,239.0,360.0
RO,Romania,2011,516.0,eurostat_d11emp,6880.0,0,340.0,340.11583333333334,0.7109395140780791,242.0,367.0
RO,Romania,2012,507.0,eurostat_d11emp,6940.0,0,344.0,333.39416666666665,0.7099824843787987,244.0,360.0
RO,Romania,2013,532.0,eurostat_d11emp,7150.0,0,348.0,361.72,0.7427693339676174,258.0,395.0
RO,Romania,2014,568.0,eurostat_d11emp,7560.0,0,352.0,384.1875,0.7409785529682538,261.0,421.0
RO,Romania,2015,586.0,eurostat_d11emp,8090.0,0,426.0,426.48499999999996,0.7470037789386568,318.0,438.0
RO,Romania,2016,666.0,eurostat_d11emp,8500.0,0,500.0,459.91083333333336,0.7469015170995115,373.0,497.0
RO,Romania,2017,747.0,eurostat_d11emp,9510.0,0,574.0,504.16333333333336,0.7442394867788978,427.0,556.0
RO,Romania,2018,942.0,eurostat_d11emp,10510.0,0,648.0,555.7991666666667,0.6308999153388104,409.0,594.0
RO,Romania,2019,1034.0,eurostat_d11emp,11520.0,0,726.0,602.5308333333334,0.6308893077151283,458.0,652.0
RO,Romania,2020,1054.0,eurostat_d11emp,11390.0,0,805.0,635.8025,0.630886840038037,508.0,665.0
RO,Romania,2021,1101.0,eurostat_d11emp,12590.0,0,884.0,672.485,0.6308874368512152,558.0,695.0
RO,Romania,2022,1252.0,eurostat_d11emp,14740.0,0,962.0,756.9983333333333,0.6308915286443719,607.0,790.0
RO,Romania,2023,1504.0,eurostat_d11emp,16870.0,0,1156.0,877.09,0.6309001453007438,729.0,949.0
RO,Romania,2024,1755.0,eurostat_d11emp,18550.0,0,1348.0,1026.4808333333333,0.5850001970933715,789.0,1027.0
HR,Croatia,1995,450.0,eurostat_d11emp,3790.0,0,314.0,,0.7031959869871217,221.0,316.0
HR,Croatia,1996,512.0,eurostat_d11emp,4210.0,0,357.0,,0.7031959869871217,251.0,360.0
HR,Croatia,1997,581.0,eurostat_d11emp,4690.0,0,406.0,,0.7031959869871217,285.0,409.0
HR,Croatia,1998,663.0,eurostat_d11emp,5060.0,0,463.0,,0.7031959869871217,326.0,466.0
HR,Croatia,1999,674.0,eurostat_d11emp,4920.0,0,471.0,,0.7031959869871217,331.0,474.0
HR,Croatia,2000,728.0,eurostat_d11emp,5290.0,0,508.0,,0.7031959869871217,357.0,512.0
HR,Croatia,2001,758.0,eurostat_d11emp,6030.0,0,529.0,,0.7031959869871217,372.0,533.0
HR,Croatia,2002,859.0,eurostat_d11emp,6680.0,0,600.0,,0.7031959869871217,422.0,604.0
HR,Croatia,2003,910.0,eurostat_d11emp,7200.0,0,635.0,,0.7031959869871217,447.0,640.0
HR,Croatia,2004,961.0,eurostat_d11emp,7850.0,0,671.0,,0.7031959869871217,472.0,676.0
HR,Croatia,2005,1027.0,eurostat_d11emp,8540.0,0,717.0,,0.7031959869871217,504.0,722.0
HR,Croatia,2006,1068.0,eurostat_d11emp,9420.0,0,746.0,,0.7031959869871217,525.0,751.0
HR,Croatia,2007,1122.0,eurostat_d11emp,10300.0,0,783.0,,0.7031959869871217,551.0,789.0
HR,Croatia,2008,1189.0,eurostat_d11emp,11260.0,0,830.0,,0.7031959869871217,584.0,836.0
HR,Croatia,2009,1172.0,eurostat_d11emp,10650.0,0,818.0,,0.7031959869871217,575.0,824.0
HR,Croatia,2010,1206.0,eurostat_d11emp,10700.0,0,842.0,,0.7031959869871217,592.0,848.0
HR,Croatia,2011,1225.0,eurostat_d11emp,10680.0,0,844.0,,0.7031959869871217,593.0,861.0
HR,Croatia,2012,1210.0,eurostat_d11emp,10540.0,0,846.0,,0.7031959869871217,595.0,851.0
HR,Croatia,2013,1202.0,eurostat_d11emp,10590.0,0,847.0,661.4308333333333,0.7031959869871217,596.0,845.0
HR,Croatia,2014,1123.0,eurostat_d11emp,10560.0,0,849.0,664.1999999999999,0.7024724555600504,596.0,789.0
HR,Croatia,2015,1136.0,eurostat_d11emp,10960.0,0,870.0,691.3891666666667,0.7157558827690683,623.0,813.0
HR,Croatia,2016,1173.0,eurostat_d11emp,11610.0,0,890.0,703.6658333333334,0.7124118764701316,634.0,836.0
HR,Croatia,2017,1208.0,eurostat_d11emp,12430.0,0,910.0,732.3866666666667,0.7123662080285315,648.0,861.0
HR,Croatia,2018,1289.0,eurostat_d11emp,13310.0,0,931.0,764.0291666666667,0.7052902441651153,657.0,909.0
HR,Croatia,2019,1312.0,eurostat_d11emp,14130.0,0,994.0,785.7075,0.7008440465173326,697.0,920.0
HR,Croatia,2020,1315.0,eurostat_d11emp,12980.0,0,1056.0,817.9983333333333,0.7025736751921418,742.0,924.0
HR,Croatia,2021,1393.0,eurostat_d11emp,15070.0,0,1119.0,865.2216666666667,0.7146930223081286,800.0,996.0
HR,Croatia,2022,1565.0,eurostat_d11emp,17540.0,0,1182.0,935.3766666666667,0.7057298281529396,834.0,1104.0
HR,Croatia,2023,1778.0,eurostat_d11emp,20530.0,0,1343.0,1050.0891666666666,0.6940061684198932,932.0,1234.0
HR,Croatia,2024,1929.0,eurostat_d11emp,22200.0,0,1457.0,1319.2591666666667,0.6837771742416783,996.0,1319.0
BA,Bosnia & Herz.,2010,527.0,eurostat_d11emp,3660.0,0,598.0,,,,
BA,Bosnia & Herz.,2011,545.0,eurostat_d11emp,3790.0,0,618.0,,,,
BA,Bosnia & Herz.,2012,556.0,eurostat_d11emp,3790.0,0,631.0,,,,
BA,Bosnia & Herz.,2013,557.0,eurostat_d11emp,3880.0,0,632.0,,,,
BA,Bosnia & Herz.,2014,552.0,eurostat_d11emp,3970.0,0,626.0,,,,
BA,Bosnia & Herz.,2015,561.0,eurostat_d11emp,4200.0,0,636.0,,,,
BA,Bosnia & Herz.,2016,552.0,eurostat_d11emp,4410.0,0,626.0,,,,
BA,Bosnia & Herz.,2017,549.0,eurostat_d11emp,4640.0,0,623.0,,,,
BA,Bosnia & Herz.,2018,565.0,eurostat_d11emp,4960.0,0,641.0,,,,
BA,Bosnia & Herz.,2019,589.0,eurostat_d11emp,5240.0,0,668.0,,,,
BA,Bosnia & Herz.,2020,605.0,eurostat_d11emp,5110.0,0,686.0,,,,
BA,Bosnia & Herz.,2021,634.0,eurostat_d11emp,5800.0,0,719.0,,,,
BA,Bosnia & Herz.,2022,738.0,eurostat_d11emp,6790.0,0,837.0,,,,
BA,Bosnia & Herz.,2023,822.0,eurostat_d11emp,7460.0,0,932.0,,,,
BA,Bosnia & Herz.,2024,908.0,eurostat_d11emp,8050.0,0,1030.0,,,,
CY,Cyprus,1995,953.0,eurostat_d11emp,11670.0,0,898.0,,0.9370002650229236,841.0,893.0
CY,Cyprus,1996,1004.0,eurostat_d11emp,11930.0,0,946.0,,0.9370002650229236,886.0,941.0
CY,Cyprus,1997,1076.0,eurostat_d11emp,12540.0,0,1014.0,,0.9370002650229236,950.0,1008.0
CY,Cyprus,1998,1104.0,eurostat_d11emp,13480.0,0,1040.0,,0.9370002650229236,974.0,1034.0
CY,Cyprus,1999,1148.0,eurostat_d11emp,14330.0,0,1081.0,,0.9370002650229236,1013.0,1076.0
CY,Cyprus,2000,1236.0,eurostat_d11emp,15570.0,0,1164.0,,0.9370002650229236,1091.0,1158.0
CY,Cyprus,2001,1287.0,eurostat_d11emp,16540.0,0,1212.0,,0.9370002650229236,1136.0,1206.0
CY,Cyprus,2002,1351.0,eurostat_d11emp,17030.0,0,1273.0,,0.9370002650229236,1193.0,1266.0
CY,Cyprus,2003,1424.0,eurostat_d11emp,17920.0,0,1341.0,,0.9370002650229236,1257.0,1334.0
CY,Cyprus,2004,1451.0,eurostat_d11emp,19150.0,0,1367.0,,0.9370002650229236,1281.0,1360.0
CY,Cyprus,2005,1551.0,eurostat_d11emp,20360.0,0,1461.0,1299.3125,0.9370002650229236,1369.0,1453.0
CY,Cyprus,2006,1621.0,eurostat_d11emp,21660.0,0,1527.0,1388.165,0.9369996625042186,1431.0,1519.0
CY,Cyprus,2007,1634.0,eurostat_d11emp,22930.0,0,1544.0,1464.3441666666668,0.9369998629597182,1447.0,1531.0
CY,Cyprus,2008,1680.0,eurostat_d11emp,24170.0,0,1560.0,,,,
CY,Cyprus,2009,1763.0,eurostat_d11emp,23110.0,0,1576.0,,,,
CY,Cyprus,2010,1802.0,eurostat_d11emp,23460.0,0,1593.0,,,,
CY,Cyprus,2011,1832.0,eurostat_d11emp,23340.0,0,1556.0,,,,
CY,Cyprus,2012,1845.0,eurostat_d11emp,22610.0,0,1520.0,,,,
CY,Cyprus,2013,1726.0,eurostat_d11emp,20940.0,0,1484.0,,,,
CY,Cyprus,2014,1666.0,eurostat_d11emp,20320.0,0,1447.0,1591.3716666666667,0.9219998068752414,1334.0,1536.0
CY,Cyprus,2015,1647.0,eurostat_d11emp,20810.0,0,1449.0,,,,
CY,Cyprus,2016,1647.0,eurostat_d11emp,21930.0,0,1450.0,,,,
CY,Cyprus,2017,1684.0,eurostat_d11emp,23230.0,0,1452.0,1627.6016666666667,0.9216317478293696,1338.0,1552.0
CY,Cyprus,2018,1720.0,eurostat_d11emp,24660.0,0,1454.0,1668.9075,0.9159755762897914,1332.0,1575.0
CY,Cyprus,2019,1798.0,eurostat_d11emp,26110.0,0,1494.0,1690.2299999999998,0.9082375067168188,1357.0,1633.0
CY,Cyprus,2020,1794.0,eurostat_d11emp,24630.0,0,1533.0,1671.3999999999999,0.8937967914438503,1370.0,1603.0
CY,Cyprus,2021,1778.0,eurostat_d11emp,27850.0,0,1572.0,1704.9191666666666,0.8801854241954913,1384.0,1565.0
CY,Cyprus,2022,1939.0,eurostat_d11emp,31560.0,0,1612.0,1833.8633333333335,0.8658467107333964,1396.0,1679.0
CY,Cyprus,2023,2153.0,eurostat_d11emp,33870.0,0,1790.0,1956.3958333333333,0.8543213245997089,1529.0,1839.0
CY,Cyprus,2024,2223.0,eurostat_d11emp,35670.0,0,1848.0,1903.6766666666665,0.8542374351771662,1579.0,1899.0
CY,Cyprus,2025,2318.0,eurostat_d11emp,36850.0,0,1927.0,1960.3341666666665,0.8491846040774127,1636.0,1968.0
MD,Moldova,2015,285.0,eurostat_d11emp,2480.0,0,214.0,,0.8200000000000001,175.0,234.0
MD,Moldova,2016,301.0,eurostat_d11emp,2570.0,0,226.0,,0.8200000000000001,185.0,247.0
MD,Moldova,2017,358.0,eurostat_d11emp,3070.0,0,268.0,,0.8200000000000001,220.0,294.0
MD,Moldova,2018,453.0,eurostat_d11emp,3520.0,0,340.0,,0.8200000000000001,279.0,371.0
MD,Moldova,2019,455.0,eurostat_d11emp,3940.0,0,341.0,,0.8200000000000001,280.0,373.0
MD,Moldova,2020,470.0,eurostat_d11emp,3840.0,0,352.0,,0.8200000000000001,289.0,385.0
MD,Moldova,2021,504.0,eurostat_d11emp,4460.0,0,378.0,,0.8200000000000001,310.0,413.0
MD,Moldova,2022,594.0,eurostat_d11emp,5450.0,0,446.0,,0.8200000000000001,366.0,487.0
MD,Moldova,2023,692.0,eurostat_d11emp,6360.0,0,519.0,,0.8200000000000001,426.0,567.0
MD,Moldova,2024,825.0,eurostat_d11emp,7000.0,0,619.0,,0.8200000000000001,508.0,676.0
ME,Montenegro,2006,402.0,eurostat_d11emp,3520.0,0,387.0,,,,
ME,Montenegro,2007,443.0,eurostat_d11emp,4360.0,0,426.0,,,,
ME,Montenegro,2008,524.0,eurostat_d11emp,5020.0,0,504.0,,,,
ME,Montenegro,2009,529.0,eurostat_d11emp,4820.0,0,509.0,,,,
ME,Montenegro,2010,629.0,eurostat_d11emp,5040.0,0,606.0,,,,
ME,Montenegro,2011,649.0,eurostat_d11emp,5220.0,0,625.0,,,,
ME,Montenegro,2012,627.0,eurostat_d11emp,5100.0,0,604.0,,,,
ME,Montenegro,2013,569.0,eurostat_d11emp,5350.0,0,548.0,,,,
ME,Montenegro,2014,616.0,eurostat_d11emp,5530.0,0,593.0,,,,
ME,Montenegro,2015,643.0,eurostat_d11emp,5790.0,0,619.0,,,,
ME,Montenegro,2016,692.0,eurostat_d11emp,6300.0,0,666.0,,,,
ME,Montenegro,2017,725.0,eurostat_d11emp,6790.0,0,698.0,,,,
ME,Montenegro,2018,751.0,eurostat_d11emp,7340.0,0,723.0,,,,
ME,Montenegro,2019,776.0,eurostat_d11emp,7820.0,0,747.0,,,,
ME,Montenegro,2020,853.0,eurostat_d11emp,6610.0,0,821.0,,,,
ME,Montenegro,2021,843.0,eurostat_d11emp,7880.0,0,812.0,,,,
ME,Montenegro,2022,859.0,eurostat_d11emp,9530.0,0,827.0,,,,
ME,Montenegro,2023,960.0,eurostat_d11emp,11340.0,0,924.0,,,,
ME,Montenegro,2024,1056.0,eurostat_d11emp,12260.0,0,1017.0,,,,
ME,Montenegro,2025,1163.0,eurostat_d11emp,13110.0,0,1120.0,,,,
MT,Malta,1995,809.0,eurostat_d11emp,7650.0,0,735.0,,0.7941436474656676,584.0,642.0
MT,Malta,1996,852.0,eurostat_d11emp,8070.0,0,774.0,,0.7941436474656676,615.0,677.0
MT,Malta,1997,904.0,eurostat_d11emp,8900.0,0,822.0,,0.7941436474656676,653.0,718.0
MT,Malta,1998,954.0,eurostat_d11emp,9480.0,0,867.0,,0.7941436474656676,689.0,758.0
MT,Malta,1999,1004.0,eurostat_d11emp,10150.0,0,913.0,,0.7941436474656676,725.0,797.0
MT,Malta,2000,1081.0,eurostat_d11emp,11330.0,0,983.0,,0.7941436474656676,781.0,858.0
MT,Malta,2001,1146.0,eurostat_d11emp,11560.0,0,1042.0,,0.7941436474656676,827.0,910.0
MT,Malta,2002,1163.0,eurostat_d11emp,11930.0,0,1057.0,,0.7941436474656676,839.0,924.0
MT,Malta,2003,1156.0,eurostat_d11emp,12030.0,0,1051.0,,0.7941436474656676,835.0,918.0
MT,Malta,2004,1179.0,eurostat_d11emp,12250.0,0,1072.0,,0.7941436474656676,851.0,936.0
MT,Malta,2005,1190.0,eurostat_d11emp,12710.0,0,1082.0,968.7083333333334,0.7941436474656676,859.0,945.0
MT,Malta,2006,1253.0,eurostat_d11emp,13270.0,0,1139.0,995.8458333333333,0.7872029416647124,897.0,986.0
MT,Malta,2007,1294.0,eurostat_d11emp,14200.0,0,1178.0,1042.8508333333332,0.8055706652058405,949.0,1042.0
MT,Malta,2008,1352.0,eurostat_d11emp,15230.0,0,1216.0,1128.5725,0.8073245901639344,982.0,1092.0
MT,Malta,2009,1377.0,eurostat_d11emp,15240.0,0,1254.0,1156.9866666666667,0.8109719626168225,1017.0,1117.0
MT,Malta,2010,1445.0,eurostat_d11emp,16550.0,0,1293.0,1206.1608333333334,0.8064818632640552,1043.0,1165.0
MT,Malta,2011,1503.0,eurostat_d11emp,16890.0,0,1337.0,1303.5808333333332,0.7938579040852575,1061.0,1193.0
MT,Malta,2012,1557.0,eurostat_d11emp,17820.0,0,1382.0,1333.3291666666667,0.7823553860446922,1081.0,1218.0
MT,Malta,2013,1598.0,eurostat_d11emp,19120.0,0,1426.0,1358.8333333333333,0.7747054351957431,1105.0,1238.0
MT,Malta,2014,1646.0,eurostat_d11emp,20620.0,0,1470.0,1334.1666666666667,0.7809756097560976,1148.0,1285.0
MT,Malta,2015,1740.0,eurostat_d11emp,23000.0,0,1534.0,1361.4958333333334,0.7801150742491525,1197.0,1357.0
MT,Malta,2016,1807.0,eurostat_d11emp,23900.0,0,1598.0,1410.5166666666667,0.7747253753203955,1238.0,1400.0
MT,Malta,2017,1883.0,eurostat_d11emp,26820.0,0,1662.0,1442.0958333333335,0.7714836610048594,1282.0,1453.0
MT,Malta,2018,2029.0,eurostat_d11emp,28240.0,0,1726.0,1490.8458333333335,0.7667973940251168,1323.0,1556.0
MT,Malta,2019,2113.0,eurostat_d11emp,28920.0,0,1741.0,1592.2658333333331,0.7621839722366268,1327.0,1610.0
MT,Malta,2020,2144.0,eurostat_d11emp,27870.0,0,1756.0,1637.7416666666668,0.7587406377885878,1332.0,1627.0
MT,Malta,2021,2256.0,eurostat_d11emp,32190.0,0,1770.0,1524.375,0.7637787056367432,1352.0,1723.0
MT,Malta,2022,2407.0,eurostat_d11emp,33810.0,0,1785.0,1648.7341666666669,0.7548285071153333,1347.0,1817.0
MT,Malta,2023,2469.0,eurostat_d11emp,37810.0,0,1831.0,1712.9208333333333,0.751528280501627,1376.0,1856.0
MT,Malta,2024,2662.0,eurostat_d11emp,40650.0,0,1974.0,1996.4833333333333,0.7502953228132019,1481.0,1997.0
MT,Malta,2025,2778.0,eurostat_d11emp,42160.0,0,2060.0,2128.6625,0.7687144291327208,1584.0,2135.0
RS,Serbia,1995,213.0,eurostat_d11emp,2900.0,0,195.0,,,,
RS,Serbia,1996,145.0,eurostat_d11emp,2030.0,0,133.0,,,,
RS,Serbia,1997,172.0,eurostat_d11emp,2530.0,0,158.0,,,,
RS,Serbia,1998,137.0,eurostat_d11emp,2060.0,0,126.0,,,,
RS,Serbia,1999,143.0,eurostat_d11emp,2750.0,0,131.0,,,,
RS,Serbia,2000,211.0,eurostat_d11emp,4040.0,0,194.0,,,,
RS,Serbia,2001,123.0,eurostat_d11emp,2040.0,0,113.0,,,,
RS,Serbia,2002,184.0,eurostat_d11emp,2540.0,0,169.0,,,,
RS,Serbia,2003,215.0,eurostat_d11emp,2790.0,0,197.0,,,,
RS,Serbia,2004,238.0,eurostat_d11emp,2890.0,0,218.0,,,,
RS,Serbia,2005,259.0,eurostat_d11emp,3060.0,0,238.0,,,,
RS,Serbia,2006,318.0,eurostat_d11emp,3590.0,0,292.0,,,,
RS,Serbia,2007,408.0,eurostat_d11emp,4450.0,0,374.0,,,,
RS,Serbia,2008,473.0,eurostat_d11emp,5050.0,0,434.0,,,,
RS,Serbia,2009,446.0,eurostat_d11emp,4610.0,0,409.0,,,,
RS,Serbia,2010,437.0,eurostat_d11emp,4500.0,0,401.0,,,,
RS,Serbia,2011,491.0,eurostat_d11emp,5090.0,0,450.0,,,,
RS,Serbia,2012,481.0,eurostat_d11emp,4870.0,0,441.0,,,,
RS,Serbia,2013,509.0,eurostat_d11emp,5300.0,0,467.0,,,,
RS,Serbia,2014,497.0,eurostat_d11emp,5190.0,0,456.0,,,,
RS,Serbia,2015,480.0,eurostat_d11emp,5250.0,0,464.0,,,,
RS,Serbia,2016,489.0,eurostat_d11emp,5410.0,0,472.0,,,,
RS,Serbia,2017,516.0,eurostat_d11emp,5820.0,0,479.0,,,,
RS,Serbia,2018,561.0,eurostat_d11emp,6400.0,0,487.0,,,,
RS,Serbia,2019,622.0,eurostat_d11emp,6930.0,0,557.0,,,,
RS,Serbia,2020,682.0,eurostat_d11emp,7110.0,0,628.0,,,,
RS,Serbia,2021,746.0,eurostat_d11emp,8180.0,0,698.0,,,,
RS,Serbia,2022,850.0,eurostat_d11emp,9530.0,0,768.0,,,,
RS,Serbia,2023,975.0,eurostat_d11emp,11350.0,0,881.0,,,,
RS,Serbia,2024,1119.0,eurostat_d11emp,12640.0,0,1011.0,,,,
RS,Serbia,2025,1255.0,eurostat_d11emp,13540.0,0,1134.0,,,,
TR,Turkey,2004,655.0,eurostat_earn,4870.0,0,273.0,455.25333333333333,0.6954918758028397,190.0,456.0
TR,Turkey,2005,782.0,eurostat_earn,5950.0,0,325.0,543.4350000000001,0.6949696593793762,226.0,543.0
TR,Turkey,2006,721.0,eurostat_earn,6380.0,0,300.0,501.8766666666667,0.6963722853422938,209.0,502.0
TR,Turkey,2007,624.0,eurostat_earn,7120.0,0,321.0,438.02666666666664,0.7020342528050945,225.0,438.0
TR,Turkey,2008,652.0,eurostat_earn,7450.0,0,342.0,480.35249999999996,0.736868815994682,252.0,480.0
TR,Turkey,2009,633.0,eurostat_earn,6500.0,0,364.0,466.23499999999996,0.736992552118049,268.0,467.0
TR,Turkey,2010,752.0,eurostat_earn,8050.0,0,385.0,552.4175,0.7342072036150984,283.0,552.0
TR,Turkey,2011,703.0,eurostat_earn,8150.0,0,393.0,515.3783333333333,0.7336215844320683,288.0,516.0
TR,Turkey,2012,791.0,eurostat_earn,9140.0,0,402.0,579.73,0.7324655470307117,294.0,579.0
TR,Turkey,2013,812.0,eurostat_earn,9480.0,0,410.0,592.29,0.7297881734451848,299.0,593.0
TR,Turkey,2014,788.0,eurostat_earn,9090.0,0,418.0,573.3249999999999,0.7274867083708713,304.0,573.0
TR,Turkey,2015,859.0,eurostat_earn,9700.0,0,424.0,623.9875000000001,0.7263149930597117,308.0,624.0
TR,Turkey,2016,931.0,eurostat_earn,9600.0,0,431.0,675.6991666666667,0.7256680648917233,313.0,676.0
TR,Turkey,2017,837.0,eurostat_earn,9170.0,0,438.0,601.2425,0.717954356838215,314.0,601.0
TR,Turkey,2018,715.0,eurostat_earn,7850.0,0,444.0,510.60249999999996,0.713882257540222,317.0,510.0
TR,Turkey,2019,810.0,eurostat_earn,8030.0,0,503.0,575.3366666666667,0.710002920620817,357.0,575.0
TR,Turkey,2020,755.0,eurostat_earn,7340.0,0,469.0,537.0958333333333,0.7112643104814412,334.0,537.0
TR,Turkey,2021,690.0,eurostat_earn,8050.0,0,428.0,487.1466666666667,0.706356015147524,302.0,487.0
TR,Turkey,2022,721.0,eurostat_earn,9930.0,0,448.0,523.8141666666667,0.7266408105936685,326.0,524.0
TR,Turkey,2023,1005.0,eurostat_earn,11860.0,0,624.0,730.6916666666666,0.7270443276230907,454.0,731.0
AD,Andorra,2025,2515.0,wikipedia (2024-09),48046.0,0,2138.0,,,,
AZ,Azerbaijan,2025,588.0,wikipedia (2026-06),6558.0,0,423.0,,0.83,351.0,488.0
XK,Kosovo,2025,713.0,wikipedia (2025),6991.0,0,570.0,,0.85,484.0,606.0
SM,San Marino,2025,2629.0,wikipedia (2024-10),58003.0,0,2314.0,,,,
DE,Germany,2026,5193.0,projected,57791.0,1,4074.0,,0.6524427921761955,2658.0,3388.0
DE,Germany,2027,5376.0,projected,59836.0,1,4218.0,,0.6524427921761955,2752.0,3508.0
DE,Germany,2028,5551.0,projected,61775.0,1,4355.0,,0.6524427921761955,2841.0,3622.0
DE,Germany,2029,5732.0,projected,63795.0,1,4497.0,,0.6524427921761955,2934.0,3740.0
DE,Germany,2030,5905.0,projected,65721.0,1,4633.0,,0.6524427921761955,3023.0,3853.0
DE,Germany,2031,6077.0,projected,67635.0,1,4768.0,,0.6524427921761955,3111.0,3965.0
PL,Poland,2026,2366.0,projected,27731.0,1,1977.0,,0.7234999897046488,1430.0,1712.0
PL,Poland,2027,2476.0,projected,29021.0,1,2069.0,,0.7234999897046488,1497.0,1791.0
PL,Poland,2028,2615.0,projected,30643.0,1,2186.0,,0.7234999897046488,1582.0,1892.0
PL,Poland,2029,2766.0,projected,32412.0,1,2312.0,,0.7234999897046488,1673.0,2001.0
PL,Poland,2030,2919.0,projected,34207.0,1,2440.0,,0.7234999897046488,1765.0,2112.0
PL,Poland,2031,3079.0,projected,36087.0,1,2573.0,,0.7234999897046488,1862.0,2228.0
RU,Russia,2026,1051.0,projected,16394.0,1,683.0,,0.87,594.0,914.0
RU,Russia,2027,1005.0,projected,15674.0,1,653.0,,0.87,568.0,874.0
RU,Russia,2028,1015.0,projected,15827.0,1,660.0,,0.87,574.0,883.0
RU,Russia,2029,1024.0,projected,15977.0,1,666.0,,0.87,579.0,891.0
RU,Russia,2030,1036.0,projected,16163.0,1,673.0,,0.87,586.0,901.0
RU,Russia,2031,1049.0,projected,16358.0,1,682.0,,0.87,593.0,913.0
BY,Belarus,2026,783.0,projected,9988.0,1,532.0,,0.86,458.0,673.0
BY,Belarus,2027,829.0,projected,10567.0,1,564.0,,0.86,485.0,713.0
BY,Belarus,2028,878.0,projected,11202.0,1,597.0,,0.86,513.0,755.0
BY,Belarus,2029,939.0,projected,11976.0,1,639.0,,0.86,550.0,808.0
BY,Belarus,2030,995.0,projected,12693.0,1,677.0,,0.86,582.0,856.0
BY,Belarus,2031,1050.0,projected,13397.0,1,714.0,,0.86,614.0,903.0
UA,Ukraine,2023,512.0,projected,4753.0,1,369.0,,0.8049999999999999,297.0,412.0
UA,Ukraine,2024,537.0,projected,4981.0,1,387.0,,0.8049999999999999,312.0,432.0
UA,Ukraine,2025,559.0,projected,5191.0,1,402.0,,0.8049999999999999,324.0,450.0
UA,Ukraine,2026,666.0,projected,6177.0,1,480.0,,0.8049999999999999,386.0,536.0
UA,Ukraine,2027,696.0,projected,6459.0,1,501.0,,0.8049999999999999,403.0,560.0
UA,Ukraine,2028,718.0,projected,6667.0,1,517.0,,0.8049999999999999,416.0,578.0
UA,Ukraine,2029,741.0,projected,6880.0,1,534.0,,0.8049999999999999,430.0,597.0
UA,Ukraine,2030,782.0,projected,7254.0,1,563.0,,0.8049999999999999,453.0,630.0
UA,Ukraine,2031,835.0,projected,7749.0,1,601.0,,0.8049999999999999,484.0,672.0
MK,N. Macedonia,2026,1192.0,projected,10590.0,1,1037.0,,,,
MK,N. Macedonia,2027,1283.0,projected,11394.0,1,1116.0,,,,
MK,N. Macedonia,2028,1371.0,projected,12184.0,1,1192.0,,,,
MK,N. Macedonia,2029,1456.0,projected,12939.0,1,1266.0,,,,
MK,N. Macedonia,2030,1542.0,projected,13699.0,1,1341.0,,,,
MK,N. Macedonia,2031,1629.0,projected,14473.0,1,1417.0,,,,
GE,Georgia,2025,714.0,projected,8577.0,1,536.0,,0.78,418.0,557.0
GE,Georgia,2026,853.0,projected,10243.0,1,640.0,,0.78,499.0,665.0
GE,Georgia,2027,934.0,projected,11207.0,1,700.0,,0.78,546.0,729.0
GE,Georgia,2028,1023.0,projected,12283.0,1,767.0,,0.78,598.0,798.0
GE,Georgia,2029,1123.0,projected,13477.0,1,842.0,,0.78,657.0,876.0
GE,Georgia,2030,1233.0,projected,14797.0,1,925.0,,0.78,722.0,962.0
GE,Georgia,2031,1353.0,projected,16242.0,1,1015.0,,0.78,792.0,1055.0
AM,Armenia,2026,776.0,projected,9212.0,1,582.0,,0.8,466.0,621.0
AM,Armenia,2027,819.0,projected,9730.0,1,614.0,,0.8,491.0,655.0
AM,Armenia,2028,867.0,projected,10302.0,1,650.0,,0.8,520.0,694.0
AM,Armenia,2029,932.0,projected,11069.0,1,699.0,,0.8,559.0,746.0
AM,Armenia,2030,1004.0,projected,11919.0,1,753.0,,0.8,602.0,803.0
AM,Armenia,2031,1081.0,projected,12833.0,1,811.0,,0.8,649.0,865.0
KZ,KZ,2026,908.0,projected,15489.0,1,654.0,,0.8,523.0,726.0
KZ,KZ,2027,962.0,projected,16413.0,1,693.0,,0.8,554.0,770.0
KZ,KZ,2028,1014.0,projected,17295.0,1,730.0,,0.8,584.0,811.0
KZ,KZ,2029,1073.0,projected,18306.0,1,773.0,,0.8,618.0,858.0
KZ,KZ,2030,1134.0,projected,19351.0,1,816.0,,0.8,653.0,907.0
KZ,KZ,2031,1202.0,projected,20502.0,1,865.0,,0.8,692.0,962.0
AL,Albania,2026,905.0,projected,11056.0,1,,,,,
AL,Albania,2027,957.0,projected,11696.0,1,,,,,
AL,Albania,2028,1024.0,projected,12520.0,1,,,,,
AL,Albania,2029,1096.0,projected,13396.0,1,,,,,
AL,Albania,2030,1173.0,projected,14340.0,1,,,,,
AL,Albania,2031,1256.0,projected,15357.0,1,,,,,
GB,United Kingdom,2026,3869.0,projected,54033.0,1,4003.0,,,,
GB,United Kingdom,2027,4037.0,projected,56376.0,1,4176.0,,,,
GB,United Kingdom,2028,4209.0,projected,58779.0,1,4354.0,,,,
GB,United Kingdom,2029,4390.0,projected,61318.0,1,4542.0,,,,
GB,United Kingdom,2030,4594.0,projected,64161.0,1,4753.0,,,,
GB,United Kingdom,2031,4800.0,projected,67046.0,1,4966.0,,,,
AT,Austria,2026,4545.0,projected,59967.0,1,3827.0,,0.7120976031903793,2725.0,3236.0
AT,Austria,2027,4686.0,projected,61829.0,1,3946.0,,0.7120976031903793,2810.0,3337.0
AT,Austria,2028,4816.0,projected,63546.0,1,4055.0,,0.7120976031903793,2888.0,3429.0
AT,Austria,2029,4958.0,projected,65425.0,1,4175.0,,0.7120976031903793,2973.0,3531.0
AT,Austria,2030,5093.0,projected,67198.0,1,4288.0,,0.7120976031903793,3053.0,3627.0
AT,Austria,2031,5226.0,projected,68955.0,1,4400.0,,0.7120976031903793,3133.0,3721.0
BE,Belgium,2026,4904.0,projected,57622.0,1,5017.0,,0.6235290263729507,3128.0,3058.0
BE,Belgium,2027,5015.0,projected,58930.0,1,5130.0,,0.6235290263729507,3199.0,3127.0
BE,Belgium,2028,5125.0,projected,60222.0,1,5243.0,,0.6235290263729507,3269.0,3196.0
BE,Belgium,2029,5260.0,projected,61806.0,1,5381.0,,0.6235290263729507,3355.0,3280.0
BE,Belgium,2030,5390.0,projected,63330.0,1,5514.0,,0.6235290263729507,3438.0,3361.0
BE,Belgium,2031,5525.0,projected,64918.0,1,5652.0,,0.6235290263729507,3524.0,3445.0
EE,Estonia,2026,2324.0,projected,33379.0,1,2113.0,,0.7675201599007512,1622.0,1784.0
EE,Estonia,2027,2443.0,projected,35084.0,1,2222.0,,0.7675201599007512,1705.0,1875.0
EE,Estonia,2028,2576.0,projected,36991.0,1,2343.0,,0.7675201599007512,1798.0,1977.0
EE,Estonia,2029,2703.0,projected,38829.0,1,2458.0,,0.7675201599007512,1887.0,2075.0
EE,Estonia,2030,2827.0,projected,40602.0,1,2571.0,,0.7675201599007512,1973.0,2170.0
EE,Estonia,2031,2950.0,projected,42369.0,1,2683.0,,0.7675201599007512,2059.0,2264.0
FI,Finland,2026,4069.0,projected,53213.0,1,3821.0,,0.7239302775984506,2766.0,2946.0
FI,Finland,2027,4221.0,projected,55204.0,1,3964.0,,0.7239302775984506,2870.0,3056.0
FI,Finland,2028,4361.0,projected,57035.0,1,4096.0,,0.7239302775984506,2965.0,3157.0
FI,Finland,2029,4522.0,projected,59147.0,1,4247.0,,0.7239302775984506,3075.0,3274.0
FI,Finland,2030,4693.0,projected,61381.0,1,4407.0,,0.7239302775984506,3190.0,3397.0
FI,Finland,2031,4865.0,projected,63624.0,1,4569.0,,0.7239302775984506,3308.0,3522.0
FR,France,2026,3717.0,projected,46092.0,1,3414.0,,0.7382282292636394,2520.0,2744.0
FR,France,2027,3785.0,projected,46934.0,1,3476.0,,0.7382282292636394,2566.0,2794.0
FR,France,2028,3881.0,projected,48124.0,1,3564.0,,0.7382282292636394,2631.0,2865.0
FR,France,2029,3986.0,projected,49425.0,1,3661.0,,0.7382282292636394,2703.0,2943.0
FR,France,2030,4093.0,projected,50750.0,1,3759.0,,0.7382282292636394,2775.0,3022.0
FR,France,2031,4196.0,projected,52034.0,1,3853.0,,0.7382282292636394,2844.0,3098.0
GR,Greece,2026,1760.0,projected,26280.0,1,1847.0,,0.830368236942872,1534.0,1461.0
GR,Greece,2027,1836.0,projected,27404.0,1,1926.0,,0.830368236942872,1599.0,1525.0
GR,Greece,2028,1908.0,projected,28478.0,1,2002.0,,0.830368236942872,1662.0,1584.0
GR,Greece,2029,1981.0,projected,29570.0,1,2078.0,,0.830368236942872,1726.0,1645.0
GR,Greece,2030,2057.0,projected,30712.0,1,2158.0,,0.830368236942872,1792.0,1708.0
GR,Greece,2031,2140.0,projected,31949.0,1,2245.0,,0.830368236942872,1864.0,1777.0
IE,Ireland,2026,5401.0,projected,124060.0,1,4567.0,,0.7835316267566192,3578.0,4232.0
IE,Ireland,2027,5552.0,projected,127528.0,1,4695.0,,0.7835316267566192,3679.0,4350.0
IE,Ireland,2028,5705.0,projected,131050.0,1,4824.0,,0.7835316267566192,3780.0,4470.0
IE,Ireland,2029,5836.0,projected,134063.0,1,4935.0,,0.7835316267566192,3867.0,4573.0
IE,Ireland,2030,5981.0,projected,137394.0,1,5057.0,,0.7835316267566192,3962.0,4686.0
IE,Ireland,2031,6134.0,projected,140899.0,1,5187.0,,0.7835316267566192,4064.0,4806.0
IT,Italy,2026,2930.0,projected,41156.0,1,2713.0,,0.7588781342800367,2059.0,2224.0
IT,Italy,2027,3006.0,projected,42226.0,1,2783.0,,0.7588781342800367,2112.0,2281.0
IT,Italy,2028,3098.0,projected,43519.0,1,2868.0,,0.7588781342800367,2176.0,2351.0
IT,Italy,2029,3187.0,projected,44773.0,1,2951.0,,0.7588781342800367,2239.0,2419.0
IT,Italy,2030,3280.0,projected,46079.0,1,3037.0,,0.7588781342800367,2305.0,2489.0
IT,Italy,2031,3376.0,projected,47425.0,1,3126.0,,0.7588781342800367,2372.0,2562.0
LV,Latvia,2026,2077.0,projected,25587.0,1,1655.0,,0.7350891246870129,1217.0,1527.0
LV,Latvia,2027,2200.0,projected,27097.0,1,1753.0,,0.7350891246870129,1289.0,1617.0
LV,Latvia,2028,2323.0,projected,28615.0,1,1851.0,,0.7350891246870129,1361.0,1708.0
LV,Latvia,2029,2444.0,projected,30104.0,1,1947.0,,0.7350891246870129,1431.0,1797.0
LV,Latvia,2030,2569.0,projected,31647.0,1,2047.0,,0.7350891246870129,1505.0,1888.0
LV,Latvia,2031,2702.0,projected,33280.0,1,2153.0,,0.7350891246870129,1583.0,1986.0
LT,Lithuania,2026,2797.0,projected,32341.0,1,2168.0,,0.6094321841604451,1321.0,1705.0
LT,Lithuania,2027,2915.0,projected,33707.0,1,2259.0,,0.6094321841604451,1377.0,1776.0
LT,Lithuania,2028,3081.0,projected,35625.0,1,2388.0,,0.6094321841604451,1455.0,1878.0
LT,Lithuania,2029,3238.0,projected,37433.0,1,2509.0,,0.6094321841604451,1529.0,1973.0
LT,Lithuania,2030,3421.0,projected,39549.0,1,2651.0,,0.6094321841604451,1616.0,2085.0
LT,Lithuania,2031,3594.0,projected,41554.0,1,2785.0,,0.6094321841604451,1697.0,2190.0
LU,Luxembourg,2026,7066.0,projected,140474.0,1,5055.0,,0.6735758557130628,3405.0,4759.0
LU,Luxembourg,2027,7182.0,projected,142781.0,1,5138.0,,0.6735758557130628,3461.0,4838.0
LU,Luxembourg,2028,7329.0,projected,145701.0,1,5243.0,,0.6735758557130628,3532.0,4937.0
LU,Luxembourg,2029,7485.0,projected,148799.0,1,5355.0,,0.6735758557130628,3607.0,5042.0
LU,Luxembourg,2030,7643.0,projected,151948.0,1,5468.0,,0.6735758557130628,3683.0,5148.0
LU,Luxembourg,2031,7803.0,projected,155118.0,1,5582.0,,0.6735758557130628,3760.0,5256.0
NL,Netherlands,2026,4521.0,projected,70725.0,1,4260.0,,0.7167483477775298,3053.0,3240.0
NL,Netherlands,2027,4658.0,projected,72858.0,1,4389.0,,0.7167483477775298,3146.0,3339.0
NL,Netherlands,2028,4795.0,projected,75001.0,1,4519.0,,0.7167483477775298,3239.0,3437.0
NL,Netherlands,2029,4936.0,projected,77207.0,1,4651.0,,0.7167483477775298,3334.0,3538.0
NL,Netherlands,2030,5074.0,projected,79367.0,1,4781.0,,0.7167483477775298,3427.0,3637.0
NL,Netherlands,2031,5215.0,projected,81573.0,1,4914.0,,0.7167483477775298,3522.0,3738.0
PT,Portugal,2026,2328.0,projected,31358.0,1,1474.0,,0.7824946440454015,1153.0,1822.0
PT,Portugal,2027,2430.0,projected,32735.0,1,1538.0,,0.7824946440454015,1203.0,1901.0
PT,Portugal,2028,2536.0,projected,34154.0,1,1606.0,,0.7824946440454015,1257.0,1984.0
PT,Portugal,2029,2642.0,projected,35584.0,1,1673.0,,0.7824946440454015,1309.0,2067.0
PT,Portugal,2030,2746.0,projected,36983.0,1,1739.0,,0.7824946440454015,1361.0,2149.0
PT,Portugal,2031,2852.0,projected,38415.0,1,1806.0,,0.7824946440454015,1413.0,2232.0
SK,Slovakia,2026,1928.0,projected,27648.0,1,1826.0,,0.7540104175679652,1377.0,1454.0
SK,Slovakia,2027,2026.0,projected,29047.0,1,1918.0,,0.7540104175679652,1446.0,1528.0
SK,Slovakia,2028,2139.0,projected,30666.0,1,2025.0,,0.7540104175679652,1527.0,1613.0
SK,Slovakia,2029,2248.0,projected,32234.0,1,2129.0,,0.7540104175679652,1605.0,1695.0
SK,Slovakia,2030,2351.0,projected,33701.0,1,2226.0,,0.7540104175679652,1678.0,1773.0
SK,Slovakia,2031,2447.0,projected,35088.0,1,2317.0,,0.7540104175679652,1747.0,1845.0
SI,Slovenia,2026,3246.0,projected,35956.0,1,2434.0,,0.6314151127632208,1537.0,2050.0
SI,Slovenia,2027,3370.0,projected,37339.0,1,2528.0,,0.6314151127632208,1596.0,2128.0
SI,Slovenia,2028,3514.0,projected,38929.0,1,2636.0,,0.6314151127632208,1664.0,2219.0
SI,Slovenia,2029,3667.0,projected,40621.0,1,2750.0,,0.6314151127632208,1736.0,2315.0
SI,Slovenia,2030,3825.0,projected,42374.0,1,2869.0,,0.6314151127632208,1812.0,2415.0
SI,Slovenia,2031,3988.0,projected,44176.0,1,2991.0,,0.6314151127632208,1889.0,2518.0
ES,Spain,2026,3019.0,projected,36782.0,1,2412.0,,0.7785982067678304,1878.0,2351.0
ES,Spain,2027,3124.0,projected,38061.0,1,2496.0,,0.7785982067678304,1943.0,2432.0
ES,Spain,2028,3236.0,projected,39419.0,1,2585.0,,0.7785982067678304,2013.0,2520.0
ES,Spain,2029,3339.0,projected,40681.0,1,2667.0,,0.7785982067678304,2077.0,2600.0
ES,Spain,2030,3453.0,projected,42070.0,1,2758.0,,0.7785982067678304,2147.0,2688.0
ES,Spain,2031,3574.0,projected,43545.0,1,2855.0,,0.7785982067678304,2223.0,2783.0
CZ,Czechia,2026,2278.0,projected,35218.0,1,1887.0,,0.7840508333460211,1480.0,1786.0
CZ,Czechia,2027,2383.0,projected,36837.0,1,1974.0,,0.7840508333460211,1548.0,1868.0
CZ,Czechia,2028,2489.0,projected,38470.0,1,2061.0,,0.7840508333460211,1616.0,1952.0
CZ,Czechia,2029,2594.0,projected,40094.0,1,2148.0,,0.7840508333460211,1684.0,2034.0
CZ,Czechia,2030,2702.0,projected,41767.0,1,2238.0,,0.7840508333460211,1755.0,2119.0
CZ,Czechia,2031,2814.0,projected,43504.0,1,2331.0,,0.7840508333460211,1828.0,2206.0
DK,Denmark,2026,5652.0,projected,73847.0,1,6182.0,,0.6600851921855643,4081.0,3731.0
DK,Denmark,2027,5847.0,projected,76395.0,1,6395.0,,0.6600851921855643,4221.0,3860.0
DK,Denmark,2028,6028.0,projected,78756.0,1,6593.0,,0.6600851921855643,4352.0,3979.0
DK,Denmark,2029,6224.0,projected,81321.0,1,6807.0,,0.6600851921855643,4493.0,4108.0
DK,Denmark,2030,6419.0,projected,83868.0,1,7021.0,,0.6600851921855643,4634.0,4237.0
DK,Denmark,2031,6620.0,projected,86497.0,1,7240.0,,0.6600851921855643,4779.0,4370.0
HU,Hungary,2026,1729.0,projected,25160.0,1,1457.0,,0.6649999641017909,969.0,1150.0
HU,Hungary,2027,1818.0,projected,26463.0,1,1532.0,,0.6649999641017909,1019.0,1209.0
HU,Hungary,2028,1911.0,projected,27816.0,1,1611.0,,0.6649999641017909,1071.0,1271.0
HU,Hungary,2029,2014.0,projected,29305.0,1,1698.0,,0.6649999641017909,1129.0,1339.0
HU,Hungary,2030,2122.0,projected,30890.0,1,1789.0,,0.6649999641017909,1190.0,1411.0
HU,Hungary,2031,2236.0,projected,32538.0,1,1885.0,,0.6649999641017909,1254.0,1487.0
IS,Iceland,2026,6336.0,projected,97389.0,1,5866.0,,0.7249064514941378,4252.0,4593.0
IS,Iceland,2027,6513.0,projected,100107.0,1,6029.0,,0.7249064514941378,4370.0,4721.0
IS,Iceland,2028,6672.0,projected,102562.0,1,6177.0,,0.7249064514941378,4478.0,4837.0
IS,Iceland,2029,6847.0,projected,105246.0,1,6339.0,,0.7249064514941378,4595.0,4963.0
IS,Iceland,2030,7028.0,projected,108032.0,1,6506.0,,0.7249064514941378,4716.0,5095.0
IS,Iceland,2031,7213.0,projected,110872.0,1,6678.0,,0.7249064514941378,4841.0,5229.0
NO,Norway,2026,4788.0,projected,93698.0,1,5175.0,,0.7190507765401698,3721.0,3443.0
NO,Norway,2027,4789.0,projected,93721.0,1,5177.0,,0.7190507765401698,3723.0,3444.0
NO,Norway,2028,4763.0,projected,93206.0,1,5148.0,,0.7190507765401698,3702.0,3425.0
NO,Norway,2029,4743.0,projected,92819.0,1,5127.0,,0.7190507765401698,3687.0,3410.0
NO,Norway,2030,4740.0,projected,92760.0,1,5124.0,,0.7190507765401698,3684.0,3408.0
NO,Norway,2031,4749.0,projected,92944.0,1,5133.0,,0.7190507765401698,3691.0,3415.0
SE,Sweden,2026,4245.0,projected,62546.0,1,4009.0,,0.7548357785370723,3026.0,3204.0
SE,Sweden,2027,4403.0,projected,64875.0,1,4158.0,,0.7548357785370723,3139.0,3324.0
SE,Sweden,2028,4592.0,projected,67654.0,1,4337.0,,0.7548357785370723,3274.0,3466.0
SE,Sweden,2029,4763.0,projected,70175.0,1,4498.0,,0.7548357785370723,3395.0,3595.0
SE,Sweden,2030,4947.0,projected,72878.0,1,4672.0,,0.7548357785370723,3527.0,3734.0
SE,Sweden,2031,5129.0,projected,75567.0,1,4844.0,,0.7548357785370723,3656.0,3872.0
CH,Switzerland,2026,8242.0,projected,111663.0,1,7966.0,,0.8190514641555499,6525.0,6751.0
CH,Switzerland,2027,8494.0,projected,115077.0,1,8210.0,,0.8190514641555499,6724.0,6957.0
CH,Switzerland,2028,8797.0,projected,119187.0,1,8502.0,,0.8190514641555499,6964.0,7205.0
CH,Switzerland,2029,9069.0,projected,122874.0,1,8765.0,,0.8190514641555499,7179.0,7428.0
CH,Switzerland,2030,9407.0,projected,127452.0,1,9092.0,,0.8190514641555499,7447.0,7705.0
CH,Switzerland,2031,9699.0,projected,131403.0,1,9374.0,,0.8190514641555499,7678.0,7944.0
BG,Bulgaria,2025,1402.0,projected,18060.0,1,1001.0,1084.7208333333333,0.7759802700057111,777.0,1088.0
BG,Bulgaria,2026,1639.0,projected,21105.0,1,1170.0,,0.7759802700057111,908.0,1272.0
BG,Bulgaria,2027,1767.0,projected,22757.0,1,1262.0,,0.7759802700057111,979.0,1371.0
BG,Bulgaria,2028,1915.0,projected,24660.0,1,1368.0,,0.7759802700057111,1062.0,1486.0
BG,Bulgaria,2029,2037.0,projected,26228.0,1,1455.0,,0.7759802700057111,1129.0,1581.0
BG,Bulgaria,2030,2174.0,projected,28000.0,1,1553.0,,0.7759802700057111,1205.0,1687.0
BG,Bulgaria,2031,2311.0,projected,29757.0,1,1650.0,,0.7759802700057111,1280.0,1793.0
RO,Romania,2025,1791.0,projected,19960.0,1,1376.0,1102.7283333333332,0.5850002166218834,805.0,1048.0
RO,Romania,2026,2040.0,projected,22737.0,1,1567.0,,0.5850002166218834,917.0,1193.0
RO,Romania,2027,2184.0,projected,24335.0,1,1678.0,,0.5850002166218834,982.0,1278.0
RO,Romania,2028,2352.0,projected,26213.0,1,1807.0,,0.5850002166218834,1057.0,1376.0
RO,Romania,2029,2508.0,projected,27948.0,1,1927.0,,0.5850002166218834,1127.0,1467.0
RO,Romania,2030,2676.0,projected,29815.0,1,2056.0,,0.5850002166218834,1203.0,1565.0
RO,Romania,2031,2845.0,projected,31707.0,1,2186.0,,0.5850002166218834,1279.0,1664.0
HR,Croatia,2025,2186.0,projected,23950.0,1,1651.0,1438.0058333333334,0.6848038141862074,1131.0,1497.0
HR,Croatia,2026,2426.0,projected,26576.0,1,1832.0,,0.6848038141862074,1255.0,1661.0
HR,Croatia,2027,2547.0,projected,27895.0,1,1924.0,,0.6848038141862074,1318.0,1744.0
HR,Croatia,2028,2657.0,projected,29106.0,1,2007.0,,0.6848038141862074,1374.0,1820.0
HR,Croatia,2029,2776.0,projected,30405.0,1,2097.0,,0.6848038141862074,1436.0,1901.0
HR,Croatia,2030,2902.0,projected,31791.0,1,2192.0,,0.6848038141862074,1501.0,1987.0
HR,Croatia,2031,3034.0,projected,33238.0,1,2291.0,,0.6848038141862074,1569.0,2078.0
BA,Bosnia & Herz.,2025,947.0,projected,8467.0,1,1074.0,,,,
BA,Bosnia & Herz.,2026,1059.0,projected,9470.0,1,1201.0,,,,
BA,Bosnia & Herz.,2027,1124.0,projected,10051.0,1,1275.0,,,,
BA,Bosnia & Herz.,2028,1184.0,projected,10585.0,1,1343.0,,,,
BA,Bosnia & Herz.,2029,1251.0,projected,11185.0,1,1419.0,,,,
BA,Bosnia & Herz.,2030,1321.0,projected,11808.0,1,1498.0,,,,
BA,Bosnia & Herz.,2031,1394.0,projected,12464.0,1,1581.0,,,,
CY,Cyprus,2026,2524.0,projected,40185.0,1,2098.0,,0.8491846040774127,1782.0,2143.0
CY,Cyprus,2027,2618.0,projected,41674.0,1,2176.0,,0.8491846040774127,1848.0,2223.0
CY,Cyprus,2028,2746.0,projected,43713.0,1,2283.0,,0.8491846040774127,1939.0,2332.0
CY,Cyprus,2029,2885.0,projected,45926.0,1,2398.0,,0.8491846040774127,2036.0,2450.0
CY,Cyprus,2030,3028.0,projected,48209.0,1,2517.0,,0.8491846040774127,2137.0,2571.0
CY,Cyprus,2031,3179.0,projected,50603.0,1,2643.0,,0.8491846040774127,2244.0,2700.0
MD,Moldova,2025,867.0,projected,7590.0,1,650.0,,0.8200000000000001,533.0,711.0
MD,Moldova,2026,945.0,projected,8278.0,1,709.0,,0.8200000000000001,581.0,775.0
MD,Moldova,2027,1043.0,projected,9130.0,1,782.0,,0.8200000000000001,641.0,855.0
MD,Moldova,2028,1151.0,projected,10074.0,1,863.0,,0.8200000000000001,708.0,944.0
MD,Moldova,2029,1269.0,projected,11110.0,1,952.0,,0.8200000000000001,781.0,1041.0
MD,Moldova,2030,1399.0,projected,12247.0,1,1049.0,,0.8200000000000001,860.0,1147.0
MD,Moldova,2031,1550.0,projected,13570.0,1,1162.0,,0.8200000000000001,953.0,1271.0
ME,Montenegro,2026,1324.0,projected,14493.0,1,1275.0,,,,
ME,Montenegro,2027,1398.0,projected,15309.0,1,1346.0,,,,
ME,Montenegro,2028,1472.0,projected,16114.0,1,1417.0,,,,
ME,Montenegro,2029,1550.0,projected,16972.0,1,1492.0,,,,
ME,Montenegro,2030,1630.0,projected,17849.0,1,1569.0,,,,
ME,Montenegro,2031,1715.0,projected,18774.0,1,1651.0,,,,
MT,Malta,2026,3204.0,projected,47399.0,1,2376.0,,0.7687144291327208,1826.0,2463.0
MT,Malta,2027,3325.0,projected,49188.0,1,2466.0,,0.7687144291327208,1896.0,2556.0
MT,Malta,2028,3456.0,projected,51133.0,1,2563.0,,0.7687144291327208,1970.0,2657.0
MT,Malta,2029,3603.0,projected,53313.0,1,2672.0,,0.7687144291327208,2054.0,2770.0
MT,Malta,2030,3763.0,projected,55666.0,1,2791.0,,0.7687144291327208,2145.0,2893.0
MT,Malta,2031,3933.0,projected,58183.0,1,2917.0,,0.7687144291327208,2242.0,3023.0
RS,Serbia,2026,1367.0,projected,15268.0,1,1235.0,,,,
RS,Serbia,2027,1501.0,projected,16774.0,1,1356.0,,,,
RS,Serbia,2028,1613.0,projected,18018.0,1,1457.0,,,,
RS,Serbia,2029,1733.0,projected,19362.0,1,1566.0,,,,
RS,Serbia,2030,1863.0,projected,20816.0,1,1683.0,,,,
RS,Serbia,2031,2003.0,projected,22382.0,1,1810.0,,,,
TR,Turkey,2024,1264.0,projected,14140.0,1,785.0,,0.7270443276230907,571.0,919.0
TR,Turkey,2025,1472.0,projected,16470.0,1,914.0,,0.7270443276230907,665.0,1070.0
TR,Turkey,2026,1504.0,projected,16830.0,1,934.0,,0.7270443276230907,679.0,1093.0
TR,Turkey,2027,1487.0,projected,16642.0,1,923.0,,0.7270443276230907,671.0,1081.0
TR,Turkey,2028,1582.0,projected,17706.0,1,982.0,,0.7270443276230907,714.0,1150.0
TR,Turkey,2029,1667.0,projected,18653.0,1,1035.0,,0.7270443276230907,752.0,1212.0
TR,Turkey,2030,1742.0,projected,19492.0,1,1082.0,,0.7270443276230907,787.0,1267.0
TR,Turkey,2031,1815.0,projected,20314.0,1,1127.0,,0.7270443276230907,819.0,1320.0
